City,geography,Ethnic group (20 categories) Code,Ethnic group (20 categories),Proxy_Flag,Proxy_Source,Observation,Source_Area_Count,Source_Areas
Bangor,Wales,-8,Does not apply,True,area_to_city,0,1,Gwynedd
Bangor,Wales,1,"Asian, Asian British or Asian Welsh: Bangladeshi",True,area_to_city,199,1,Gwynedd
Bangor,Wales,2,"Asian, Asian British or Asian Welsh: Chinese",True,area_to_city,580,1,Gwynedd
Bangor,Wales,3,"Asian, Asian British or Asian Welsh: Indian",True,area_to_city,484,1,Gwynedd
Bangor,Wales,4,"Asian, Asian British or Asian Welsh: Pakistani",True,area_to_city,209,1,Gwynedd
Bangor,Wales,5,"Asian, Asian British or Asian Welsh: Other Asian",True,area_to_city,496,1,Gwynedd
Bangor,Wales,6,"Black, Black British, Black Welsh, Caribbean or African: African",True,area_to_city,373,1,Gwynedd
Bangor,Wales,7,"Black, Black British, Black Welsh, Caribbean or African: Caribbean",True,area_to_city,82,1,Gwynedd
Bangor,Wales,8,"Black, Black British, Black Welsh, Caribbean or African: Other Black",True,area_to_city,58,1,Gwynedd
Bangor,Wales,9,Mixed or Multiple ethnic groups: White and Asian,True,area_to_city,438,1,Gwynedd
Bangor,Wales,10,Mixed or Multiple ethnic groups: White and Black African,True,area_to_city,179,1,Gwynedd
Bangor,Wales,11,Mixed or Multiple ethnic groups: White and Black Caribbean,True,area_to_city,371,1,Gwynedd
Bangor,Wales,12,Mixed or Multiple ethnic groups: Other Mixed or Multiple ethnic groups,True,area_to_city,345,1,Gwynedd
Bangor,Wales,13,"White: English, Welsh, Scottish, Northern Irish or British",True,area_to_city,109548,1,Gwynedd
Bangor,Wales,14,White: Irish,True,area_to_city,554,1,Gwynedd
Bangor,Wales,15,White: Gypsy or Irish Traveller,True,area_to_city,111,1,Gwynedd
Bangor,Wales,16,White: Roma,True,area_to_city,45,1,Gwynedd
Bangor,Wales,17,White: Other White,True,area_to_city,2729,1,Gwynedd
Bangor,Wales,18,Other ethnic group: Arab,True,area_to_city,314,1,Gwynedd
Bangor,Wales,19,Other ethnic group: Any other ethnic group,True,area_to_city,277,1,Gwynedd
Bath,South West,-8,Does not apply,True,area_to_city,0,1,Bath and North East Somerset
Bath,South West,1,"Asian, Asian British or Asian Welsh: Bangladeshi",True,area_to_city,359,1,Bath and North East Somerset
Bath,South West,2,"Asian, Asian British or Asian Welsh: Chinese",True,area_to_city,2089,1,Bath and North East Somerset
Bath,South West,3,"Asian, Asian British or Asian Welsh: Indian",True,area_to_city,1787,1,Bath and North East Somerset
Bath,South West,4,"Asian, Asian British or Asian Welsh: Pakistani",True,area_to_city,278,1,Bath and North East Somerset
Bath,South West,5,"Asian, Asian British or Asian Welsh: Other Asian",True,area_to_city,1876,1,Bath and North East Somerset
Bath,South West,6,"Black, Black British, Black Welsh, Caribbean or African: African",True,area_to_city,980,1,Bath and North East Somerset
Bath,South West,7,"Black, Black British, Black Welsh, Caribbean or African: Caribbean",True,area_to_city,616,1,Bath and North East Somerset
Bath,South West,8,"Black, Black British, Black Welsh, Caribbean or African: Other Black",True,area_to_city,250,1,Bath and North East Somerset
Bath,South West,9,Mixed or Multiple ethnic groups: White and Asian,True,area_to_city,1846,1,Bath and North East Somerset
Bath,South West,10,Mixed or Multiple ethnic groups: White and Black African,True,area_to_city,595,1,Bath and North East Somerset
Bath,South West,11,Mixed or Multiple ethnic groups: White and Black Caribbean,True,area_to_city,1505,1,Bath and North East Somerset
Bath,South West,12,Mixed or Multiple ethnic groups: Other Mixed or Multiple ethnic groups,True,area_to_city,1310,1,Bath and North East Somerset
Bath,South West,13,"White: English, Welsh, Scottish, Northern Irish or British",True,area_to_city,165478,1,Bath and North East Somerset
Bath,South West,14,White: Irish,True,area_to_city,1427,1,Bath and North East Somerset
Bath,South West,15,White: Gypsy or Irish Traveller,True,area_to_city,71,1,Bath and North East Somerset
Bath,South West,16,White: Roma,True,area_to_city,218,1,Bath and North East Somerset
Bath,South West,17,White: Other White,True,area_to_city,11114,1,Bath and North East Somerset
Bath,South West,18,Other ethnic group: Arab,True,area_to_city,552,1,Bath and North East Somerset
Bath,South West,19,Other ethnic group: Any other ethnic group,True,area_to_city,1058,1,Bath and North East Somerset
Birmingham,West Midlands,-8,Does not apply,False,direct_or_alias,0,1,Birmingham
Birmingham,West Midlands,1,"Asian, Asian British or Asian Welsh: Bangladeshi",False,direct_or_alias,48232,1,Birmingham
Birmingham,West Midlands,2,"Asian, Asian British or Asian Welsh: Chinese",False,direct_or_alias,12487,1,Birmingham
Birmingham,West Midlands,3,"Asian, Asian British or Asian Welsh: Indian",False,direct_or_alias,66519,1,Birmingham
Birmingham,West Midlands,4,"Asian, Asian British or Asian Welsh: Pakistani",False,direct_or_alias,195102,1,Birmingham
Birmingham,West Midlands,5,"Asian, Asian British or Asian Welsh: Other Asian",False,direct_or_alias,33044,1,Birmingham
Birmingham,West Midlands,6,"Black, Black British, Black Welsh, Caribbean or African: African",False,direct_or_alias,66822,1,Birmingham
Birmingham,West Midlands,7,"Black, Black British, Black Welsh, Caribbean or African: Caribbean",False,direct_or_alias,44718,1,Birmingham
Birmingham,West Midlands,8,"Black, Black British, Black Welsh, Caribbean or African: Other Black",False,direct_or_alias,14220,1,Birmingham
Birmingham,West Midlands,9,Mixed or Multiple ethnic groups: White and Asian,False,direct_or_alias,13130,1,Birmingham
Birmingham,West Midlands,10,Mixed or Multiple ethnic groups: White and Black African,False,direct_or_alias,4680,1,Birmingham
Birmingham,West Midlands,11,Mixed or Multiple ethnic groups: White and Black Caribbean,False,direct_or_alias,25119,1,Birmingham
Birmingham,West Midlands,12,Mixed or Multiple ethnic groups: Other Mixed or Multiple ethnic groups,False,direct_or_alias,12276,1,Birmingham
Birmingham,West Midlands,13,"White: English, Welsh, Scottish, Northern Irish or British",False,direct_or_alias,491211,1,Birmingham
Birmingham,West Midlands,14,White: Irish,False,direct_or_alias,16964,1,Birmingham
Birmingham,West Midlands,15,White: Gypsy or Irish Traveller,False,direct_or_alias,686,1,Birmingham
Birmingham,West Midlands,16,White: Roma,False,direct_or_alias,1833,1,Birmingham
Birmingham,West Midlands,17,White: Other White,False,direct_or_alias,45914,1,Birmingham
Birmingham,West Midlands,18,Other ethnic group: Arab,False,direct_or_alias,19196,1,Birmingham
Birmingham,West Midlands,19,Other ethnic group: Any other ethnic group,False,direct_or_alias,32769,1,Birmingham
Bradford,Yorkshire and The Humber,-8,Does not apply,False,direct_or_alias,0,1,Bradford
Bradford,Yorkshire and The Humber,1,"Asian, Asian British or Asian Welsh: Bangladeshi",False,direct_or_alias,12403,1,Bradford
Bradford,Yorkshire and The Humber,2,"Asian, Asian British or Asian Welsh: Chinese",False,direct_or_alias,1345,1,Bradford
Bradford,Yorkshire and The Humber,3,"Asian, Asian British or Asian Welsh: Indian",False,direct_or_alias,14429,1,Bradford
Bradford,Yorkshire and The Humber,4,"Asian, Asian British or Asian Welsh: Pakistani",False,direct_or_alias,139553,1,Bradford
Bradford,Yorkshire and The Humber,5,"Asian, Asian British or Asian Welsh: Other Asian",False,direct_or_alias,7934,1,Bradford
Bradford,Yorkshire and The Humber,6,"Black, Black British, Black Welsh, Caribbean or African: African",False,direct_or_alias,7061,1,Bradford
Bradford,Yorkshire and The Humber,7,"Black, Black British, Black Welsh, Caribbean or African: Caribbean",False,direct_or_alias,2614,1,Bradford
Bradford,Yorkshire and The Humber,8,"Black, Black British, Black Welsh, Caribbean or African: Other Black",False,direct_or_alias,1303,1,Bradford
Bradford,Yorkshire and The Humber,9,Mixed or Multiple ethnic groups: White and Asian,False,direct_or_alias,6458,1,Bradford
Bradford,Yorkshire and The Humber,10,Mixed or Multiple ethnic groups: White and Black African,False,direct_or_alias,1196,1,Bradford
Bradford,Yorkshire and The Humber,11,Mixed or Multiple ethnic groups: White and Black Caribbean,False,direct_or_alias,4426,1,Bradford
Bradford,Yorkshire and The Humber,12,Mixed or Multiple ethnic groups: Other Mixed or Multiple ethnic groups,False,direct_or_alias,2926,1,Bradford
Bradford,Yorkshire and The Humber,13,"White: English, Welsh, Scottish, Northern Irish or British",False,direct_or_alias,309912,1,Bradford
Bradford,Yorkshire and The Humber,14,White: Irish,False,direct_or_alias,2139,1,Bradford
Bradford,Yorkshire and The Humber,15,White: Gypsy or Irish Traveller,False,direct_or_alias,849,1,Bradford
Bradford,Yorkshire and The Humber,16,White: Roma,False,direct_or_alias,1583,1,Bradford
Bradford,Yorkshire and The Humber,17,White: Other White,False,direct_or_alias,19521,1,Bradford
Bradford,Yorkshire and The Humber,18,Other ethnic group: Arab,False,direct_or_alias,2734,1,Bradford
Bradford,Yorkshire and The Humber,19,Other ethnic group: Any other ethnic group,False,direct_or_alias,8026,1,Bradford
Brighton and Hove,South East,-8,Does not apply,False,direct_or_alias,0,1,Brighton and Hove
Brighton and Hove,South East,1,"Asian, Asian British or Asian Welsh: Bangladeshi",False,direct_or_alias,1729,1,Brighton and Hove
Brighton and Hove,South East,2,"Asian, Asian British or Asian Welsh: Chinese",False,direct_or_alias,3065,1,Brighton and Hove
Brighton and Hove,South East,3,"Asian, Asian British or Asian Welsh: Indian",False,direct_or_alias,3633,1,Brighton and Hove
Brighton and Hove,South East,4,"Asian, Asian British or Asian Welsh: Pakistani",False,direct_or_alias,929,1,Brighton and Hove
Brighton and Hove,South East,5,"Asian, Asian British or Asian Welsh: Other Asian",False,direct_or_alias,3861,1,Brighton and Hove
Brighton and Hove,South East,6,"Black, Black British, Black Welsh, Caribbean or African: African",False,direct_or_alias,3949,1,Brighton and Hove
Brighton and Hove,South East,7,"Black, Black British, Black Welsh, Caribbean or African: Caribbean",False,direct_or_alias,988,1,Brighton and Hove
Brighton and Hove,South East,8,"Black, Black British, Black Welsh, Caribbean or African: Other Black",False,direct_or_alias,521,1,Brighton and Hove
Brighton and Hove,South East,9,Mixed or Multiple ethnic groups: White and Asian,False,direct_or_alias,4198,1,Brighton and Hove
Brighton and Hove,South East,10,Mixed or Multiple ethnic groups: White and Black African,False,direct_or_alias,2334,1,Brighton and Hove
Brighton and Hove,South East,11,Mixed or Multiple ethnic groups: White and Black Caribbean,False,direct_or_alias,2410,1,Brighton and Hove
Brighton and Hove,South East,12,Mixed or Multiple ethnic groups: Other Mixed or Multiple ethnic groups,False,direct_or_alias,4286,1,Brighton and Hove
Brighton and Hove,South East,13,"White: English, Welsh, Scottish, Northern Irish or British",False,direct_or_alias,204831,1,Brighton and Hove
Brighton and Hove,South East,14,White: Irish,False,direct_or_alias,3944,1,Brighton and Hove
Brighton and Hove,South East,15,White: Gypsy or Irish Traveller,False,direct_or_alias,197,1,Brighton and Hove
Brighton and Hove,South East,16,White: Roma,False,direct_or_alias,787,1,Brighton and Hove
Brighton and Hove,South East,17,White: Other White,False,direct_or_alias,26812,1,Brighton and Hove
Brighton and Hove,South East,18,Other ethnic group: Arab,False,direct_or_alias,3049,1,Brighton and Hove
Brighton and Hove,South East,19,Other ethnic group: Any other ethnic group,False,direct_or_alias,5580,1,Brighton and Hove
Bristol,South West,-8,Does not apply,False,direct_or_alias,0,1,Bristol
Bristol,South West,1,"Asian, Asian British or Asian Welsh: Bangladeshi",False,direct_or_alias,2616,1,Bristol
Bristol,South West,2,"Asian, Asian British or Asian Welsh: Chinese",False,direct_or_alias,5466,1,Bristol
Bristol,South West,3,"Asian, Asian British or Asian Welsh: Indian",False,direct_or_alias,8302,1,Bristol
Bristol,South West,4,"Asian, Asian British or Asian Welsh: Pakistani",False,direct_or_alias,9064,1,Bristol
Bristol,South West,5,"Asian, Asian British or Asian Welsh: Other Asian",False,direct_or_alias,5821,1,Bristol
Bristol,South West,6,"Black, Black British, Black Welsh, Caribbean or African: African",False,direct_or_alias,18149,1,Bristol
Bristol,South West,7,"Black, Black British, Black Welsh, Caribbean or African: Caribbean",False,direct_or_alias,6803,1,Bristol
Bristol,South West,8,"Black, Black British, Black Welsh, Caribbean or African: Other Black",False,direct_or_alias,2938,1,Bristol
Bristol,South West,9,Mixed or Multiple ethnic groups: White and Asian,False,direct_or_alias,5556,1,Bristol
Bristol,South West,10,Mixed or Multiple ethnic groups: White and Black African,False,direct_or_alias,2621,1,Bristol
Bristol,South West,11,Mixed or Multiple ethnic groups: White and Black Caribbean,False,direct_or_alias,7714,1,Bristol
Bristol,South West,12,Mixed or Multiple ethnic groups: Other Mixed or Multiple ethnic groups,False,direct_or_alias,5225,1,Bristol
Bristol,South West,13,"White: English, Welsh, Scottish, Northern Irish or British",False,direct_or_alias,338452,1,Bristol
Bristol,South West,14,White: Irish,False,direct_or_alias,4288,1,Bristol
Bristol,South West,15,White: Gypsy or Irish Traveller,False,direct_or_alias,273,1,Bristol
Bristol,South West,16,White: Roma,False,direct_or_alias,966,1,Bristol
Bristol,South West,17,White: Other White,False,direct_or_alias,39163,1,Bristol
Bristol,South West,18,Other ethnic group: Arab,False,direct_or_alias,2540,1,Bristol
Bristol,South West,19,Other ethnic group: Any other ethnic group,False,direct_or_alias,6510,1,Bristol
Cambridge,East,-8,Does not apply,False,direct_or_alias,0,1,Cambridge
Cambridge,East,1,"Asian, Asian British or Asian Welsh: Bangladeshi",False,direct_or_alias,2874,1,Cambridge
Cambridge,East,2,"Asian, Asian British or Asian Welsh: Chinese",False,direct_or_alias,6362,1,Cambridge
Cambridge,East,3,"Asian, Asian British or Asian Welsh: Indian",False,direct_or_alias,5916,1,Cambridge
Cambridge,East,4,"Asian, Asian British or Asian Welsh: Pakistani",False,direct_or_alias,1500,1,Cambridge
Cambridge,East,5,"Asian, Asian British or Asian Welsh: Other Asian",False,direct_or_alias,4974,1,Cambridge
Cambridge,East,6,"Black, Black British, Black Welsh, Caribbean or African: African",False,direct_or_alias,2519,1,Cambridge
Cambridge,East,7,"Black, Black British, Black Welsh, Caribbean or African: Caribbean",False,direct_or_alias,639,1,Cambridge
Cambridge,East,8,"Black, Black British, Black Welsh, Caribbean or African: Other Black",False,direct_or_alias,403,1,Cambridge
Cambridge,East,9,Mixed or Multiple ethnic groups: White and Asian,False,direct_or_alias,2987,1,Cambridge
Cambridge,East,10,Mixed or Multiple ethnic groups: White and Black African,False,direct_or_alias,1010,1,Cambridge
Cambridge,East,11,Mixed or Multiple ethnic groups: White and Black Caribbean,False,direct_or_alias,1152,1,Cambridge
Cambridge,East,12,Mixed or Multiple ethnic groups: Other Mixed or Multiple ethnic groups,False,direct_or_alias,2261,1,Cambridge
Cambridge,East,13,"White: English, Welsh, Scottish, Northern Irish or British",False,direct_or_alias,77195,1,Cambridge
Cambridge,East,14,White: Irish,False,direct_or_alias,1885,1,Cambridge
Cambridge,East,15,White: Gypsy or Irish Traveller,False,direct_or_alias,110,1,Cambridge
Cambridge,East,16,White: Roma,False,direct_or_alias,885,1,Cambridge
Cambridge,East,17,White: Other White,False,direct_or_alias,28495,1,Cambridge
Cambridge,East,18,Other ethnic group: Arab,False,direct_or_alias,1141,1,Cambridge
Cambridge,East,19,Other ethnic group: Any other ethnic group,False,direct_or_alias,3366,1,Cambridge
Canterbury,South East,-8,Does not apply,False,direct_or_alias,0,1,Canterbury
Canterbury,South East,1,"Asian, Asian British or Asian Welsh: Bangladeshi",False,direct_or_alias,431,1,Canterbury
Canterbury,South East,2,"Asian, Asian British or Asian Welsh: Chinese",False,direct_or_alias,1357,1,Canterbury
Canterbury,South East,3,"Asian, Asian British or Asian Welsh: Indian",False,direct_or_alias,1994,1,Canterbury
Canterbury,South East,4,"Asian, Asian British or Asian Welsh: Pakistani",False,direct_or_alias,541,1,Canterbury
Canterbury,South East,5,"Asian, Asian British or Asian Welsh: Other Asian",False,direct_or_alias,2054,1,Canterbury
Canterbury,South East,6,"Black, Black British, Black Welsh, Caribbean or African: African",False,direct_or_alias,2928,1,Canterbury
Canterbury,South East,7,"Black, Black British, Black Welsh, Caribbean or African: Caribbean",False,direct_or_alias,647,1,Canterbury
Canterbury,South East,8,"Black, Black British, Black Welsh, Caribbean or African: Other Black",False,direct_or_alias,331,1,Canterbury
Canterbury,South East,9,Mixed or Multiple ethnic groups: White and Asian,False,direct_or_alias,1408,1,Canterbury
Canterbury,South East,10,Mixed or Multiple ethnic groups: White and Black African,False,direct_or_alias,661,1,Canterbury
Canterbury,South East,11,Mixed or Multiple ethnic groups: White and Black Caribbean,False,direct_or_alias,983,1,Canterbury
Canterbury,South East,12,Mixed or Multiple ethnic groups: Other Mixed or Multiple ethnic groups,False,direct_or_alias,1264,1,Canterbury
Canterbury,South East,13,"White: English, Welsh, Scottish, Northern Irish or British",False,direct_or_alias,129887,1,Canterbury
Canterbury,South East,14,White: Irish,False,direct_or_alias,1311,1,Canterbury
Canterbury,South East,15,White: Gypsy or Irish Traveller,False,direct_or_alias,391,1,Canterbury
Canterbury,South East,16,White: Roma,False,direct_or_alias,190,1,Canterbury
Canterbury,South East,17,White: Other White,False,direct_or_alias,8694,1,Canterbury
Canterbury,South East,18,Other ethnic group: Arab,False,direct_or_alias,675,1,Canterbury
Canterbury,South East,19,Other ethnic group: Any other ethnic group,False,direct_or_alias,1682,1,Canterbury
Cardiff,Wales,-8,Does not apply,False,direct_or_alias,0,1,Cardiff
Cardiff,Wales,1,"Asian, Asian British or Asian Welsh: Bangladeshi",False,direct_or_alias,6887,1,Cardiff
Cardiff,Wales,2,"Asian, Asian British or Asian Welsh: Chinese",False,direct_or_alias,5017,1,Cardiff
Cardiff,Wales,3,"Asian, Asian British or Asian Welsh: Indian",False,direct_or_alias,8837,1,Cardiff
Cardiff,Wales,4,"Asian, Asian British or Asian Welsh: Pakistani",False,direct_or_alias,8615,1,Cardiff
Cardiff,Wales,5,"Asian, Asian British or Asian Welsh: Other Asian",False,direct_or_alias,5627,1,Cardiff
Cardiff,Wales,6,"Black, Black British, Black Welsh, Caribbean or African: African",False,direct_or_alias,10587,1,Cardiff
Cardiff,Wales,7,"Black, Black British, Black Welsh, Caribbean or African: Caribbean",False,direct_or_alias,1350,1,Cardiff
Cardiff,Wales,8,"Black, Black British, Black Welsh, Caribbean or African: Other Black",False,direct_or_alias,1959,1,Cardiff
Cardiff,Wales,9,Mixed or Multiple ethnic groups: White and Asian,False,direct_or_alias,3572,1,Cardiff
Cardiff,Wales,10,Mixed or Multiple ethnic groups: White and Black African,False,direct_or_alias,2611,1,Cardiff
Cardiff,Wales,11,Mixed or Multiple ethnic groups: White and Black Caribbean,False,direct_or_alias,4299,1,Cardiff
Cardiff,Wales,12,Mixed or Multiple ethnic groups: Other Mixed or Multiple ethnic groups,False,direct_or_alias,4024,1,Cardiff
Cardiff,Wales,13,"White: English, Welsh, Scottish, Northern Irish or British",False,direct_or_alias,266533,1,Cardiff
Cardiff,Wales,14,White: Irish,False,direct_or_alias,2335,1,Cardiff
Cardiff,Wales,15,White: Gypsy or Irish Traveller,False,direct_or_alias,673,1,Cardiff
Cardiff,Wales,16,White: Roma,False,direct_or_alias,593,1,Cardiff
Cardiff,Wales,17,White: Other White,False,direct_or_alias,16797,1,Cardiff
Cardiff,Wales,18,Other ethnic group: Arab,False,direct_or_alias,6624,1,Cardiff
Cardiff,Wales,19,Other ethnic group: Any other ethnic group,False,direct_or_alias,5370,1,Cardiff
Carlisle,North West,-8,Does not apply,False,direct_or_alias,0,1,Carlisle
Carlisle,North West,1,"Asian, Asian British or Asian Welsh: Bangladeshi",False,direct_or_alias,179,1,Carlisle
Carlisle,North West,2,"Asian, Asian British or Asian Welsh: Chinese",False,direct_or_alias,365,1,Carlisle
Carlisle,North West,3,"Asian, Asian British or Asian Welsh: Indian",False,direct_or_alias,430,1,Carlisle
Carlisle,North West,4,"Asian, Asian British or Asian Welsh: Pakistani",False,direct_or_alias,133,1,Carlisle
Carlisle,North West,5,"Asian, Asian British or Asian Welsh: Other Asian",False,direct_or_alias,521,1,Carlisle
Carlisle,North West,6,"Black, Black British, Black Welsh, Caribbean or African: African",False,direct_or_alias,273,1,Carlisle
Carlisle,North West,7,"Black, Black British, Black Welsh, Caribbean or African: Caribbean",False,direct_or_alias,42,1,Carlisle
Carlisle,North West,8,"Black, Black British, Black Welsh, Caribbean or African: Other Black",False,direct_or_alias,22,1,Carlisle
Carlisle,North West,9,Mixed or Multiple ethnic groups: White and Asian,False,direct_or_alias,348,1,Carlisle
Carlisle,North West,10,Mixed or Multiple ethnic groups: White and Black African,False,direct_or_alias,186,1,Carlisle
Carlisle,North West,11,Mixed or Multiple ethnic groups: White and Black Caribbean,False,direct_or_alias,161,1,Carlisle
Carlisle,North West,12,Mixed or Multiple ethnic groups: Other Mixed or Multiple ethnic groups,False,direct_or_alias,278,1,Carlisle
Carlisle,North West,13,"White: English, Welsh, Scottish, Northern Irish or British",False,direct_or_alias,102004,1,Carlisle
Carlisle,North West,14,White: Irish,False,direct_or_alias,437,1,Carlisle
Carlisle,North West,15,White: Gypsy or Irish Traveller,False,direct_or_alias,188,1,Carlisle
Carlisle,North West,16,White: Roma,False,direct_or_alias,84,1,Carlisle
Carlisle,North West,17,White: Other White,False,direct_or_alias,3795,1,Carlisle
Carlisle,North West,18,Other ethnic group: Arab,False,direct_or_alias,197,1,Carlisle
Carlisle,North West,19,Other ethnic group: Any other ethnic group,False,direct_or_alias,382,1,Carlisle
Chelmsford,East,-8,Does not apply,False,direct_or_alias,0,1,Chelmsford
Chelmsford,East,1,"Asian, Asian British or Asian Welsh: Bangladeshi",False,direct_or_alias,841,1,Chelmsford
Chelmsford,East,2,"Asian, Asian British or Asian Welsh: Chinese",False,direct_or_alias,1133,1,Chelmsford
Chelmsford,East,3,"Asian, Asian British or Asian Welsh: Indian",False,direct_or_alias,4728,1,Chelmsford
Chelmsford,East,4,"Asian, Asian British or Asian Welsh: Pakistani",False,direct_or_alias,1124,1,Chelmsford
Chelmsford,East,5,"Asian, Asian British or Asian Welsh: Other Asian",False,direct_or_alias,1820,1,Chelmsford
Chelmsford,East,6,"Black, Black British, Black Welsh, Caribbean or African: African",False,direct_or_alias,3373,1,Chelmsford
Chelmsford,East,7,"Black, Black British, Black Welsh, Caribbean or African: Caribbean",False,direct_or_alias,796,1,Chelmsford
Chelmsford,East,8,"Black, Black British, Black Welsh, Caribbean or African: Other Black",False,direct_or_alias,587,1,Chelmsford
Chelmsford,East,9,Mixed or Multiple ethnic groups: White and Asian,False,direct_or_alias,1438,1,Chelmsford
Chelmsford,East,10,Mixed or Multiple ethnic groups: White and Black African,False,direct_or_alias,722,1,Chelmsford
Chelmsford,East,11,Mixed or Multiple ethnic groups: White and Black Caribbean,False,direct_or_alias,1354,1,Chelmsford
Chelmsford,East,12,Mixed or Multiple ethnic groups: Other Mixed or Multiple ethnic groups,False,direct_or_alias,1210,1,Chelmsford
Chelmsford,East,13,"White: English, Welsh, Scottish, Northern Irish or British",False,direct_or_alias,150758,1,Chelmsford
Chelmsford,East,14,White: Irish,False,direct_or_alias,1536,1,Chelmsford
Chelmsford,East,15,White: Gypsy or Irish Traveller,False,direct_or_alias,255,1,Chelmsford
Chelmsford,East,16,White: Roma,False,direct_or_alias,147,1,Chelmsford
Chelmsford,East,17,White: Other White,False,direct_or_alias,8005,1,Chelmsford
Chelmsford,East,18,Other ethnic group: Arab,False,direct_or_alias,384,1,Chelmsford
Chelmsford,East,19,Other ethnic group: Any other ethnic group,False,direct_or_alias,1312,1,Chelmsford
Chester,North West,-8,Does not apply,True,area_to_city,0,1,Cheshire West and Chester
Chester,North West,1,"Asian, Asian British or Asian Welsh: Bangladeshi",True,area_to_city,742,1,Cheshire West and Chester
Chester,North West,2,"Asian, Asian British or Asian Welsh: Chinese",True,area_to_city,1337,1,Cheshire West and Chester
Chester,North West,3,"Asian, Asian British or Asian Welsh: Indian",True,area_to_city,2338,1,Cheshire West and Chester
Chester,North West,4,"Asian, Asian British or Asian Welsh: Pakistani",True,area_to_city,656,1,Cheshire West and Chester
Chester,North West,5,"Asian, Asian British or Asian Welsh: Other Asian",True,area_to_city,2158,1,Cheshire West and Chester
Chester,North West,6,"Black, Black British, Black Welsh, Caribbean or African: African",True,area_to_city,1515,1,Cheshire West and Chester
Chester,North West,7,"Black, Black British, Black Welsh, Caribbean or African: Caribbean",True,area_to_city,373,1,Cheshire West and Chester
Chester,North West,8,"Black, Black British, Black Welsh, Caribbean or African: Other Black",True,area_to_city,219,1,Cheshire West and Chester
Chester,North West,9,Mixed or Multiple ethnic groups: White and Asian,True,area_to_city,1961,1,Cheshire West and Chester
Chester,North West,10,Mixed or Multiple ethnic groups: White and Black African,True,area_to_city,904,1,Cheshire West and Chester
Chester,North West,11,Mixed or Multiple ethnic groups: White and Black Caribbean,True,area_to_city,1181,1,Cheshire West and Chester
Chester,North West,12,Mixed or Multiple ethnic groups: Other Mixed or Multiple ethnic groups,True,area_to_city,1245,1,Cheshire West and Chester
Chester,North West,13,"White: English, Welsh, Scottish, Northern Irish or British",True,area_to_city,325620,1,Cheshire West and Chester
Chester,North West,14,White: Irish,True,area_to_city,2651,1,Cheshire West and Chester
Chester,North West,15,White: Gypsy or Irish Traveller,True,area_to_city,354,1,Cheshire West and Chester
Chester,North West,16,White: Roma,True,area_to_city,221,1,Cheshire West and Chester
Chester,North West,17,White: Other White,True,area_to_city,11515,1,Cheshire West and Chester
Chester,North West,18,Other ethnic group: Arab,True,area_to_city,595,1,Cheshire West and Chester
Chester,North West,19,Other ethnic group: Any other ethnic group,True,area_to_city,1564,1,Cheshire West and Chester
Chichester,South East,-8,Does not apply,False,direct_or_alias,0,1,Chichester
Chichester,South East,1,"Asian, Asian British or Asian Welsh: Bangladeshi",False,direct_or_alias,176,1,Chichester
Chichester,South East,2,"Asian, Asian British or Asian Welsh: Chinese",False,direct_or_alias,413,1,Chichester
Chichester,South East,3,"Asian, Asian British or Asian Welsh: Indian",False,direct_or_alias,624,1,Chichester
Chichester,South East,4,"Asian, Asian British or Asian Welsh: Pakistani",False,direct_or_alias,61,1,Chichester
Chichester,South East,5,"Asian, Asian British or Asian Welsh: Other Asian",False,direct_or_alias,894,1,Chichester
Chichester,South East,6,"Black, Black British, Black Welsh, Caribbean or African: African",False,direct_or_alias,453,1,Chichester
Chichester,South East,7,"Black, Black British, Black Welsh, Caribbean or African: Caribbean",False,direct_or_alias,218,1,Chichester
Chichester,South East,8,"Black, Black British, Black Welsh, Caribbean or African: Other Black",False,direct_or_alias,112,1,Chichester
Chichester,South East,9,Mixed or Multiple ethnic groups: White and Asian,False,direct_or_alias,720,1,Chichester
Chichester,South East,10,Mixed or Multiple ethnic groups: White and Black African,False,direct_or_alias,293,1,Chichester
Chichester,South East,11,Mixed or Multiple ethnic groups: White and Black Caribbean,False,direct_or_alias,450,1,Chichester
Chichester,South East,12,Mixed or Multiple ethnic groups: Other Mixed or Multiple ethnic groups,False,direct_or_alias,584,1,Chichester
Chichester,South East,13,"White: English, Welsh, Scottish, Northern Irish or British",False,direct_or_alias,111822,1,Chichester
Chichester,South East,14,White: Irish,False,direct_or_alias,862,1,Chichester
Chichester,South East,15,White: Gypsy or Irish Traveller,False,direct_or_alias,294,1,Chichester
Chichester,South East,16,White: Roma,False,direct_or_alias,93,1,Chichester
Chichester,South East,17,White: Other White,False,direct_or_alias,5333,1,Chichester
Chichester,South East,18,Other ethnic group: Arab,False,direct_or_alias,147,1,Chichester
Chichester,South East,19,Other ethnic group: Any other ethnic group,False,direct_or_alias,522,1,Chichester
Colchester,East,-8,Does not apply,False,direct_or_alias,0,1,Colchester
Colchester,East,1,"Asian, Asian British or Asian Welsh: Bangladeshi",False,direct_or_alias,767,1,Colchester
Colchester,East,2,"Asian, Asian British or Asian Welsh: Chinese",False,direct_or_alias,1834,1,Colchester
Colchester,East,3,"Asian, Asian British or Asian Welsh: Indian",False,direct_or_alias,3027,1,Colchester
Colchester,East,4,"Asian, Asian British or Asian Welsh: Pakistani",False,direct_or_alias,743,1,Colchester
Colchester,East,5,"Asian, Asian British or Asian Welsh: Other Asian",False,direct_or_alias,3536,1,Colchester
Colchester,East,6,"Black, Black British, Black Welsh, Caribbean or African: African",False,direct_or_alias,4904,1,Colchester
Colchester,East,7,"Black, Black British, Black Welsh, Caribbean or African: Caribbean",False,direct_or_alias,961,1,Colchester
Colchester,East,8,"Black, Black British, Black Welsh, Caribbean or African: Other Black",False,direct_or_alias,796,1,Colchester
Colchester,East,9,Mixed or Multiple ethnic groups: White and Asian,False,direct_or_alias,1659,1,Colchester
Colchester,East,10,Mixed or Multiple ethnic groups: White and Black African,False,direct_or_alias,982,1,Colchester
Colchester,East,11,Mixed or Multiple ethnic groups: White and Black Caribbean,False,direct_or_alias,1428,1,Colchester
Colchester,East,12,Mixed or Multiple ethnic groups: Other Mixed or Multiple ethnic groups,False,direct_or_alias,1533,1,Colchester
Colchester,East,13,"White: English, Welsh, Scottish, Northern Irish or British",False,direct_or_alias,155488,1,Colchester
Colchester,East,14,White: Irish,False,direct_or_alias,1192,1,Colchester
Colchester,East,15,White: Gypsy or Irish Traveller,False,direct_or_alias,175,1,Colchester
Colchester,East,16,White: Roma,False,direct_or_alias,244,1,Colchester
Colchester,East,17,White: Other White,False,direct_or_alias,10602,1,Colchester
Colchester,East,18,Other ethnic group: Arab,False,direct_or_alias,731,1,Colchester
Colchester,East,19,Other ethnic group: Any other ethnic group,False,direct_or_alias,2114,1,Colchester
Coventry,West Midlands,-8,Does not apply,False,direct_or_alias,0,1,Coventry
Coventry,West Midlands,1,"Asian, Asian British or Asian Welsh: Bangladeshi",False,direct_or_alias,4257,1,Coventry
Coventry,West Midlands,2,"Asian, Asian British or Asian Welsh: Chinese",False,direct_or_alias,4571,1,Coventry
Coventry,West Midlands,3,"Asian, Asian British or Asian Welsh: Indian",False,direct_or_alias,32096,1,Coventry
Coventry,West Midlands,4,"Asian, Asian British or Asian Welsh: Pakistani",False,direct_or_alias,12658,1,Coventry
Coventry,West Midlands,5,"Asian, Asian British or Asian Welsh: Other Asian",False,direct_or_alias,10333,1,Coventry
Coventry,West Midlands,6,"Black, Black British, Black Welsh, Caribbean or African: African",False,direct_or_alias,24109,1,Coventry
Coventry,West Midlands,7,"Black, Black British, Black Welsh, Caribbean or African: Caribbean",False,direct_or_alias,3459,1,Coventry
Coventry,West Midlands,8,"Black, Black British, Black Welsh, Caribbean or African: Other Black",False,direct_or_alias,3155,1,Coventry
Coventry,West Midlands,9,Mixed or Multiple ethnic groups: White and Asian,False,direct_or_alias,3182,1,Coventry
Coventry,West Midlands,10,Mixed or Multiple ethnic groups: White and Black African,False,direct_or_alias,1663,1,Coventry
Coventry,West Midlands,11,Mixed or Multiple ethnic groups: White and Black Caribbean,False,direct_or_alias,4597,1,Coventry
Coventry,West Midlands,12,Mixed or Multiple ethnic groups: Other Mixed or Multiple ethnic groups,False,direct_or_alias,2289,1,Coventry
Coventry,West Midlands,13,"White: English, Welsh, Scottish, Northern Irish or British",False,direct_or_alias,190889,1,Coventry
Coventry,West Midlands,14,White: Irish,False,direct_or_alias,5662,1,Coventry
Coventry,West Midlands,15,White: Gypsy or Irish Traveller,False,direct_or_alias,294,1,Coventry
Coventry,West Midlands,16,White: Roma,False,direct_or_alias,1116,1,Coventry
Coventry,West Midlands,17,White: Other White,False,direct_or_alias,28285,1,Coventry
Coventry,West Midlands,18,Other ethnic group: Arab,False,direct_or_alias,2482,1,Coventry
Coventry,West Midlands,19,Other ethnic group: Any other ethnic group,False,direct_or_alias,10224,1,Coventry
Derby,East Midlands,-8,Does not apply,False,direct_or_alias,0,1,Derby
Derby,East Midlands,1,"Asian, Asian British or Asian Welsh: Bangladeshi",False,direct_or_alias,827,1,Derby
Derby,East Midlands,2,"Asian, Asian British or Asian Welsh: Chinese",False,direct_or_alias,1416,1,Derby
Derby,East Midlands,3,"Asian, Asian British or Asian Welsh: Indian",False,direct_or_alias,12631,1,Derby
Derby,East Midlands,4,"Asian, Asian British or Asian Welsh: Pakistani",False,direct_or_alias,21034,1,Derby
Derby,East Midlands,5,"Asian, Asian British or Asian Welsh: Other Asian",False,direct_or_alias,4993,1,Derby
Derby,East Midlands,6,"Black, Black British, Black Welsh, Caribbean or African: African",False,direct_or_alias,6110,1,Derby
Derby,East Midlands,7,"Black, Black British, Black Welsh, Caribbean or African: Caribbean",False,direct_or_alias,3056,1,Derby
Derby,East Midlands,8,"Black, Black British, Black Welsh, Caribbean or African: Other Black",False,direct_or_alias,1316,1,Derby
Derby,East Midlands,9,Mixed or Multiple ethnic groups: White and Asian,False,direct_or_alias,2412,1,Derby
Derby,East Midlands,10,Mixed or Multiple ethnic groups: White and Black African,False,direct_or_alias,924,1,Derby
Derby,East Midlands,11,Mixed or Multiple ethnic groups: White and Black Caribbean,False,direct_or_alias,4178,1,Derby
Derby,East Midlands,12,Mixed or Multiple ethnic groups: Other Mixed or Multiple ethnic groups,False,direct_or_alias,2048,1,Derby
Derby,East Midlands,13,"White: English, Welsh, Scottish, Northern Irish or British",False,direct_or_alias,173077,1,Derby
Derby,East Midlands,14,White: Irish,False,direct_or_alias,1982,1,Derby
Derby,East Midlands,15,White: Gypsy or Irish Traveller,False,direct_or_alias,408,1,Derby
Derby,East Midlands,16,White: Roma,False,direct_or_alias,1163,1,Derby
Derby,East Midlands,17,White: Other White,False,direct_or_alias,16241,1,Derby
Derby,East Midlands,18,Other ethnic group: Arab,False,direct_or_alias,1032,1,Derby
Derby,East Midlands,19,Other ethnic group: Any other ethnic group,False,direct_or_alias,6516,1,Derby
Doncaster,Yorkshire and The Humber,-8,Does not apply,False,direct_or_alias,0,1,Doncaster
Doncaster,Yorkshire and The Humber,1,"Asian, Asian British or Asian Welsh: Bangladeshi",False,direct_or_alias,190,1,Doncaster
Doncaster,Yorkshire and The Humber,2,"Asian, Asian British or Asian Welsh: Chinese",False,direct_or_alias,1031,1,Doncaster
Doncaster,Yorkshire and The Humber,3,"Asian, Asian British or Asian Welsh: Indian",False,direct_or_alias,2279,1,Doncaster
Doncaster,Yorkshire and The Humber,4,"Asian, Asian British or Asian Welsh: Pakistani",False,direct_or_alias,3150,1,Doncaster
Doncaster,Yorkshire and The Humber,5,"Asian, Asian British or Asian Welsh: Other Asian",False,direct_or_alias,2436,1,Doncaster
Doncaster,Yorkshire and The Humber,6,"Black, Black British, Black Welsh, Caribbean or African: African",False,direct_or_alias,2527,1,Doncaster
Doncaster,Yorkshire and The Humber,7,"Black, Black British, Black Welsh, Caribbean or African: Caribbean",False,direct_or_alias,672,1,Doncaster
Doncaster,Yorkshire and The Humber,8,"Black, Black British, Black Welsh, Caribbean or African: Other Black",False,direct_or_alias,543,1,Doncaster
Doncaster,Yorkshire and The Humber,9,Mixed or Multiple ethnic groups: White and Asian,False,direct_or_alias,1197,1,Doncaster
Doncaster,Yorkshire and The Humber,10,Mixed or Multiple ethnic groups: White and Black African,False,direct_or_alias,716,1,Doncaster
Doncaster,Yorkshire and The Humber,11,Mixed or Multiple ethnic groups: White and Black Caribbean,False,direct_or_alias,1805,1,Doncaster
Doncaster,Yorkshire and The Humber,12,Mixed or Multiple ethnic groups: Other Mixed or Multiple ethnic groups,False,direct_or_alias,885,1,Doncaster
Doncaster,Yorkshire and The Humber,13,"White: English, Welsh, Scottish, Northern Irish or British",False,direct_or_alias,266879,1,Doncaster
Doncaster,Yorkshire and The Humber,14,White: Irish,False,direct_or_alias,999,1,Doncaster
Doncaster,Yorkshire and The Humber,15,White: Gypsy or Irish Traveller,False,direct_or_alias,856,1,Doncaster
Doncaster,Yorkshire and The Humber,16,White: Roma,False,direct_or_alias,687,1,Doncaster
Doncaster,Yorkshire and The Humber,17,White: Other White,False,direct_or_alias,17534,1,Doncaster
Doncaster,Yorkshire and The Humber,18,Other ethnic group: Arab,False,direct_or_alias,424,1,Doncaster
Doncaster,Yorkshire and The Humber,19,Other ethnic group: Any other ethnic group,False,direct_or_alias,3294,1,Doncaster
Durham,North East,-8,Does not apply,True,area_to_city,0,1,County Durham
Durham,North East,1,"Asian, Asian British or Asian Welsh: Bangladeshi",True,area_to_city,300,1,County Durham
Durham,North East,2,"Asian, Asian British or Asian Welsh: Chinese",True,area_to_city,2838,1,County Durham
Durham,North East,3,"Asian, Asian British or Asian Welsh: Indian",True,area_to_city,2148,1,County Durham
Durham,North East,4,"Asian, Asian British or Asian Welsh: Pakistani",True,area_to_city,730,1,County Durham
Durham,North East,5,"Asian, Asian British or Asian Welsh: Other Asian",True,area_to_city,1818,1,County Durham
Durham,North East,6,"Black, Black British, Black Welsh, Caribbean or African: African",True,area_to_city,1202,1,County Durham
Durham,North East,7,"Black, Black British, Black Welsh, Caribbean or African: Caribbean",True,area_to_city,284,1,County Durham
Durham,North East,8,"Black, Black British, Black Welsh, Caribbean or African: Other Black",True,area_to_city,254,1,County Durham
Durham,North East,9,Mixed or Multiple ethnic groups: White and Asian,True,area_to_city,1962,1,County Durham
Durham,North East,10,Mixed or Multiple ethnic groups: White and Black African,True,area_to_city,914,1,County Durham
Durham,North East,11,Mixed or Multiple ethnic groups: White and Black Caribbean,True,area_to_city,906,1,County Durham
Durham,North East,12,Mixed or Multiple ethnic groups: Other Mixed or Multiple ethnic groups,True,area_to_city,1167,1,County Durham
Durham,North East,13,"White: English, Welsh, Scottish, Northern Irish or British",True,area_to_city,494638,1,County Durham
Durham,North East,14,White: Irish,True,area_to_city,1384,1,County Durham
Durham,North East,15,White: Gypsy or Irish Traveller,True,area_to_city,798,1,County Durham
Durham,North East,16,White: Roma,True,area_to_city,157,1,County Durham
Durham,North East,17,White: Other White,True,area_to_city,8494,1,County Durham
Durham,North East,18,Other ethnic group: Arab,True,area_to_city,825,1,County Durham
Durham,North East,19,Other ethnic group: Any other ethnic group,True,area_to_city,1248,1,County Durham
Ely,East,-8,Does not apply,True,area_to_city,0,1,East Cambridgeshire
Ely,East,1,"Asian, Asian British or Asian Welsh: Bangladeshi",True,area_to_city,118,1,East Cambridgeshire
Ely,East,2,"Asian, Asian British or Asian Welsh: Chinese",True,area_to_city,344,1,East Cambridgeshire
Ely,East,3,"Asian, Asian British or Asian Welsh: Indian",True,area_to_city,537,1,East Cambridgeshire
Ely,East,4,"Asian, Asian British or Asian Welsh: Pakistani",True,area_to_city,147,1,East Cambridgeshire
Ely,East,5,"Asian, Asian British or Asian Welsh: Other Asian",True,area_to_city,542,1,East Cambridgeshire
Ely,East,6,"Black, Black British, Black Welsh, Caribbean or African: African",True,area_to_city,460,1,East Cambridgeshire
Ely,East,7,"Black, Black British, Black Welsh, Caribbean or African: Caribbean",True,area_to_city,119,1,East Cambridgeshire
Ely,East,8,"Black, Black British, Black Welsh, Caribbean or African: Other Black",True,area_to_city,126,1,East Cambridgeshire
Ely,East,9,Mixed or Multiple ethnic groups: White and Asian,True,area_to_city,618,1,East Cambridgeshire
Ely,East,10,Mixed or Multiple ethnic groups: White and Black African,True,area_to_city,312,1,East Cambridgeshire
Ely,East,11,Mixed or Multiple ethnic groups: White and Black Caribbean,True,area_to_city,327,1,East Cambridgeshire
Ely,East,12,Mixed or Multiple ethnic groups: Other Mixed or Multiple ethnic groups,True,area_to_city,626,1,East Cambridgeshire
Ely,East,13,"White: English, Welsh, Scottish, Northern Irish or British",True,area_to_city,75897,1,East Cambridgeshire
Ely,East,14,White: Irish,True,area_to_city,664,1,East Cambridgeshire
Ely,East,15,White: Gypsy or Irish Traveller,True,area_to_city,265,1,East Cambridgeshire
Ely,East,16,White: Roma,True,area_to_city,118,1,East Cambridgeshire
Ely,East,17,White: Other White,True,area_to_city,5968,1,East Cambridgeshire
Ely,East,18,Other ethnic group: Arab,True,area_to_city,87,1,East Cambridgeshire
Ely,East,19,Other ethnic group: Any other ethnic group,True,area_to_city,488,1,East Cambridgeshire
Exeter,South West,-8,Does not apply,False,direct_or_alias,0,1,Exeter
Exeter,South West,1,"Asian, Asian British or Asian Welsh: Bangladeshi",False,direct_or_alias,513,1,Exeter
Exeter,South West,2,"Asian, Asian British or Asian Welsh: Chinese",False,direct_or_alias,2020,1,Exeter
Exeter,South West,3,"Asian, Asian British or Asian Welsh: Indian",False,direct_or_alias,1588,1,Exeter
Exeter,South West,4,"Asian, Asian British or Asian Welsh: Pakistani",False,direct_or_alias,274,1,Exeter
Exeter,South West,5,"Asian, Asian British or Asian Welsh: Other Asian",False,direct_or_alias,1980,1,Exeter
Exeter,South West,6,"Black, Black British, Black Welsh, Caribbean or African: African",False,direct_or_alias,893,1,Exeter
Exeter,South West,7,"Black, Black British, Black Welsh, Caribbean or African: Caribbean",False,direct_or_alias,137,1,Exeter
Exeter,South West,8,"Black, Black British, Black Welsh, Caribbean or African: Other Black",False,direct_or_alias,107,1,Exeter
Exeter,South West,9,Mixed or Multiple ethnic groups: White and Asian,False,direct_or_alias,1305,1,Exeter
Exeter,South West,10,Mixed or Multiple ethnic groups: White and Black African,False,direct_or_alias,484,1,Exeter
Exeter,South West,11,Mixed or Multiple ethnic groups: White and Black Caribbean,False,direct_or_alias,503,1,Exeter
Exeter,South West,12,Mixed or Multiple ethnic groups: Other Mixed or Multiple ethnic groups,False,direct_or_alias,1016,1,Exeter
Exeter,South West,13,"White: English, Welsh, Scottish, Northern Irish or British",False,direct_or_alias,108095,1,Exeter
Exeter,South West,14,White: Irish,False,direct_or_alias,875,1,Exeter
Exeter,South West,15,White: Gypsy or Irish Traveller,False,direct_or_alias,100,1,Exeter
Exeter,South West,16,White: Roma,False,direct_or_alias,181,1,Exeter
Exeter,South West,17,White: Other White,False,direct_or_alias,8783,1,Exeter
Exeter,South West,18,Other ethnic group: Arab,False,direct_or_alias,802,1,Exeter
Exeter,South West,19,Other ethnic group: Any other ethnic group,False,direct_or_alias,1051,1,Exeter
Gloucester,South West,-8,Does not apply,False,direct_or_alias,0,1,Gloucester
Gloucester,South West,1,"Asian, Asian British or Asian Welsh: Bangladeshi",False,direct_or_alias,802,1,Gloucester
Gloucester,South West,2,"Asian, Asian British or Asian Welsh: Chinese",False,direct_or_alias,497,1,Gloucester
Gloucester,South West,3,"Asian, Asian British or Asian Welsh: Indian",False,direct_or_alias,4481,1,Gloucester
Gloucester,South West,4,"Asian, Asian British or Asian Welsh: Pakistani",False,direct_or_alias,1160,1,Gloucester
Gloucester,South West,5,"Asian, Asian British or Asian Welsh: Other Asian",False,direct_or_alias,1603,1,Gloucester
Gloucester,South West,6,"Black, Black British, Black Welsh, Caribbean or African: African",False,direct_or_alias,2149,1,Gloucester
Gloucester,South West,7,"Black, Black British, Black Welsh, Caribbean or African: Caribbean",False,direct_or_alias,1912,1,Gloucester
Gloucester,South West,8,"Black, Black British, Black Welsh, Caribbean or African: Other Black",False,direct_or_alias,765,1,Gloucester
Gloucester,South West,9,Mixed or Multiple ethnic groups: White and Asian,False,direct_or_alias,869,1,Gloucester
Gloucester,South West,10,Mixed or Multiple ethnic groups: White and Black African,False,direct_or_alias,569,1,Gloucester
Gloucester,South West,11,Mixed or Multiple ethnic groups: White and Black Caribbean,False,direct_or_alias,2694,1,Gloucester
Gloucester,South West,12,Mixed or Multiple ethnic groups: Other Mixed or Multiple ethnic groups,False,direct_or_alias,882,1,Gloucester
Gloucester,South West,13,"White: English, Welsh, Scottish, Northern Irish or British",False,direct_or_alias,103317,1,Gloucester
Gloucester,South West,14,White: Irish,False,direct_or_alias,800,1,Gloucester
Gloucester,South West,15,White: Gypsy or Irish Traveller,False,direct_or_alias,224,1,Gloucester
Gloucester,South West,16,White: Roma,False,direct_or_alias,296,1,Gloucester
Gloucester,South West,17,White: Other White,False,direct_or_alias,7824,1,Gloucester
Gloucester,South West,18,Other ethnic group: Arab,False,direct_or_alias,332,1,Gloucester
Gloucester,South West,19,Other ethnic group: Any other ethnic group,False,direct_or_alias,1238,1,Gloucester
Hereford,West Midlands,-8,Does not apply,True,area_to_city,0,1,Herefordshire
Hereford,West Midlands,1,"Asian, Asian British or Asian Welsh: Bangladeshi",True,area_to_city,55,1,Herefordshire
Hereford,West Midlands,2,"Asian, Asian British or Asian Welsh: Chinese",True,area_to_city,339,1,Herefordshire
Hereford,West Midlands,3,"Asian, Asian British or Asian Welsh: Indian",True,area_to_city,843,1,Herefordshire
Hereford,West Midlands,4,"Asian, Asian British or Asian Welsh: Pakistani",True,area_to_city,139,1,Herefordshire
Hereford,West Midlands,5,"Asian, Asian British or Asian Welsh: Other Asian",True,area_to_city,842,1,Herefordshire
Hereford,West Midlands,6,"Black, Black British, Black Welsh, Caribbean or African: African",True,area_to_city,340,1,Herefordshire
Hereford,West Midlands,7,"Black, Black British, Black Welsh, Caribbean or African: Caribbean",True,area_to_city,150,1,Herefordshire
Hereford,West Midlands,8,"Black, Black British, Black Welsh, Caribbean or African: Other Black",True,area_to_city,77,1,Herefordshire
Hereford,West Midlands,9,Mixed or Multiple ethnic groups: White and Asian,True,area_to_city,689,1,Herefordshire
Hereford,West Midlands,10,Mixed or Multiple ethnic groups: White and Black African,True,area_to_city,280,1,Herefordshire
Hereford,West Midlands,11,Mixed or Multiple ethnic groups: White and Black Caribbean,True,area_to_city,473,1,Herefordshire
Hereford,West Midlands,12,Mixed or Multiple ethnic groups: Other Mixed or Multiple ethnic groups,True,area_to_city,538,1,Herefordshire
Hereford,West Midlands,13,"White: English, Welsh, Scottish, Northern Irish or British",True,area_to_city,170419,1,Herefordshire
Hereford,West Midlands,14,White: Irish,True,area_to_city,727,1,Herefordshire
Hereford,West Midlands,15,White: Gypsy or Irish Traveller,True,area_to_city,431,1,Herefordshire
Hereford,West Midlands,16,White: Roma,True,area_to_city,161,1,Herefordshire
Hereford,West Midlands,17,White: Other White,True,area_to_city,9510,1,Herefordshire
Hereford,West Midlands,18,Other ethnic group: Arab,True,area_to_city,224,1,Herefordshire
Hereford,West Midlands,19,Other ethnic group: Any other ethnic group,True,area_to_city,795,1,Herefordshire
Kingston upon Hull,Yorkshire and The Humber,-8,Does not apply,False,direct_or_alias,0,1,Kingston upon Hull
Kingston upon Hull,Yorkshire and The Humber,1,"Asian, Asian British or Asian Welsh: Bangladeshi",False,direct_or_alias,1279,1,Kingston upon Hull
Kingston upon Hull,Yorkshire and The Humber,2,"Asian, Asian British or Asian Welsh: Chinese",False,direct_or_alias,1234,1,Kingston upon Hull
Kingston upon Hull,Yorkshire and The Humber,3,"Asian, Asian British or Asian Welsh: Indian",False,direct_or_alias,1259,1,Kingston upon Hull
Kingston upon Hull,Yorkshire and The Humber,4,"Asian, Asian British or Asian Welsh: Pakistani",False,direct_or_alias,1292,1,Kingston upon Hull
Kingston upon Hull,Yorkshire and The Humber,5,"Asian, Asian British or Asian Welsh: Other Asian",False,direct_or_alias,2451,1,Kingston upon Hull
Kingston upon Hull,Yorkshire and The Humber,6,"Black, Black British, Black Welsh, Caribbean or African: African",False,direct_or_alias,4292,1,Kingston upon Hull
Kingston upon Hull,Yorkshire and The Humber,7,"Black, Black British, Black Welsh, Caribbean or African: Caribbean",False,direct_or_alias,232,1,Kingston upon Hull
Kingston upon Hull,Yorkshire and The Humber,8,"Black, Black British, Black Welsh, Caribbean or African: Other Black",False,direct_or_alias,541,1,Kingston upon Hull
Kingston upon Hull,Yorkshire and The Humber,9,Mixed or Multiple ethnic groups: White and Asian,False,direct_or_alias,1172,1,Kingston upon Hull
Kingston upon Hull,Yorkshire and The Humber,10,Mixed or Multiple ethnic groups: White and Black African,False,direct_or_alias,1144,1,Kingston upon Hull
Kingston upon Hull,Yorkshire and The Humber,11,Mixed or Multiple ethnic groups: White and Black Caribbean,False,direct_or_alias,948,1,Kingston upon Hull
Kingston upon Hull,Yorkshire and The Humber,12,Mixed or Multiple ethnic groups: Other Mixed or Multiple ethnic groups,False,direct_or_alias,1249,1,Kingston upon Hull
Kingston upon Hull,Yorkshire and The Humber,13,"White: English, Welsh, Scottish, Northern Irish or British",False,direct_or_alias,223962,1,Kingston upon Hull
Kingston upon Hull,Yorkshire and The Humber,14,White: Irish,False,direct_or_alias,455,1,Kingston upon Hull
Kingston upon Hull,Yorkshire and The Humber,15,White: Gypsy or Irish Traveller,False,direct_or_alias,451,1,Kingston upon Hull
Kingston upon Hull,Yorkshire and The Humber,16,White: Roma,False,direct_or_alias,286,1,Kingston upon Hull
Kingston upon Hull,Yorkshire and The Humber,17,White: Other White,False,direct_or_alias,19835,1,Kingston upon Hull
Kingston upon Hull,Yorkshire and The Humber,18,Other ethnic group: Arab,False,direct_or_alias,1443,1,Kingston upon Hull
Kingston upon Hull,Yorkshire and The Humber,19,Other ethnic group: Any other ethnic group,False,direct_or_alias,3488,1,Kingston upon Hull
Lancaster,North West,-8,Does not apply,False,direct_or_alias,0,1,Lancaster
Lancaster,North West,1,"Asian, Asian British or Asian Welsh: Bangladeshi",False,direct_or_alias,355,1,Lancaster
Lancaster,North West,2,"Asian, Asian British or Asian Welsh: Chinese",False,direct_or_alias,1597,1,Lancaster
Lancaster,North West,3,"Asian, Asian British or Asian Welsh: Indian",False,direct_or_alias,1629,1,Lancaster
Lancaster,North West,4,"Asian, Asian British or Asian Welsh: Pakistani",False,direct_or_alias,613,1,Lancaster
Lancaster,North West,5,"Asian, Asian British or Asian Welsh: Other Asian",False,direct_or_alias,961,1,Lancaster
Lancaster,North West,6,"Black, Black British, Black Welsh, Caribbean or African: African",False,direct_or_alias,1019,1,Lancaster
Lancaster,North West,7,"Black, Black British, Black Welsh, Caribbean or African: Caribbean",False,direct_or_alias,125,1,Lancaster
Lancaster,North West,8,"Black, Black British, Black Welsh, Caribbean or African: Other Black",False,direct_or_alias,71,1,Lancaster
Lancaster,North West,9,Mixed or Multiple ethnic groups: White and Asian,False,direct_or_alias,823,1,Lancaster
Lancaster,North West,10,Mixed or Multiple ethnic groups: White and Black African,False,direct_or_alias,341,1,Lancaster
Lancaster,North West,11,Mixed or Multiple ethnic groups: White and Black Caribbean,False,direct_or_alias,424,1,Lancaster
Lancaster,North West,12,Mixed or Multiple ethnic groups: Other Mixed or Multiple ethnic groups,False,direct_or_alias,616,1,Lancaster
Lancaster,North West,13,"White: English, Welsh, Scottish, Northern Irish or British",False,direct_or_alias,125552,1,Lancaster
Lancaster,North West,14,White: Irish,False,direct_or_alias,802,1,Lancaster
Lancaster,North West,15,White: Gypsy or Irish Traveller,False,direct_or_alias,309,1,Lancaster
Lancaster,North West,16,White: Roma,False,direct_or_alias,90,1,Lancaster
Lancaster,North West,17,White: Other White,False,direct_or_alias,6310,1,Lancaster
Lancaster,North West,18,Other ethnic group: Arab,False,direct_or_alias,477,1,Lancaster
Lancaster,North West,19,Other ethnic group: Any other ethnic group,False,direct_or_alias,825,1,Lancaster
Leeds,Yorkshire and The Humber,-8,Does not apply,False,direct_or_alias,0,1,Leeds
Leeds,Yorkshire and The Humber,1,"Asian, Asian British or Asian Welsh: Bangladeshi",False,direct_or_alias,5876,1,Leeds
Leeds,Yorkshire and The Humber,2,"Asian, Asian British or Asian Welsh: Chinese",False,direct_or_alias,8117,1,Leeds
Leeds,Yorkshire and The Humber,3,"Asian, Asian British or Asian Welsh: Indian",False,direct_or_alias,21087,1,Leeds
Leeds,Yorkshire and The Humber,4,"Asian, Asian British or Asian Welsh: Pakistani",False,direct_or_alias,31405,1,Leeds
Leeds,Yorkshire and The Humber,5,"Asian, Asian British or Asian Welsh: Other Asian",False,direct_or_alias,12018,1,Leeds
Leeds,Yorkshire and The Humber,6,"Black, Black British, Black Welsh, Caribbean or African: African",False,direct_or_alias,32211,1,Leeds
Leeds,Yorkshire and The Humber,7,"Black, Black British, Black Welsh, Caribbean or African: Caribbean",False,direct_or_alias,7889,1,Leeds
Leeds,Yorkshire and The Humber,8,"Black, Black British, Black Welsh, Caribbean or African: Other Black",False,direct_or_alias,5276,1,Leeds
Leeds,Yorkshire and The Humber,9,Mixed or Multiple ethnic groups: White and Asian,False,direct_or_alias,7410,1,Leeds
Leeds,Yorkshire and The Humber,10,Mixed or Multiple ethnic groups: White and Black African,False,direct_or_alias,4294,1,Leeds
Leeds,Yorkshire and The Humber,11,Mixed or Multiple ethnic groups: White and Black Caribbean,False,direct_or_alias,10028,1,Leeds
Leeds,Yorkshire and The Humber,12,Mixed or Multiple ethnic groups: Other Mixed or Multiple ethnic groups,False,direct_or_alias,5656,1,Leeds
Leeds,Yorkshire and The Humber,13,"White: English, Welsh, Scottish, Northern Irish or British",False,direct_or_alias,595737,1,Leeds
Leeds,Yorkshire and The Humber,14,White: Irish,False,direct_or_alias,6892,1,Leeds
Leeds,Yorkshire and The Humber,15,White: Gypsy or Irish Traveller,False,direct_or_alias,878,1,Leeds
Leeds,Yorkshire and The Humber,16,White: Roma,False,direct_or_alias,1610,1,Leeds
Leeds,Yorkshire and The Humber,17,White: Other White,False,direct_or_alias,36684,1,Leeds
Leeds,Yorkshire and The Humber,18,Other ethnic group: Arab,False,direct_or_alias,5980,1,Leeds
Leeds,Yorkshire and The Humber,19,Other ethnic group: Any other ethnic group,False,direct_or_alias,12905,1,Leeds
Leicester,East Midlands,-8,Does not apply,False,direct_or_alias,0,1,Leicester
Leicester,East Midlands,1,"Asian, Asian British or Asian Welsh: Bangladeshi",False,direct_or_alias,7055,1,Leicester
Leicester,East Midlands,2,"Asian, Asian British or Asian Welsh: Chinese",False,direct_or_alias,2481,1,Leicester
Leicester,East Midlands,3,"Asian, Asian British or Asian Welsh: Indian",False,direct_or_alias,126421,1,Leicester
Leicester,East Midlands,4,"Asian, Asian British or Asian Welsh: Pakistani",False,direct_or_alias,12673,1,Leicester
Leicester,East Midlands,5,"Asian, Asian British or Asian Welsh: Other Asian",False,direct_or_alias,11347,1,Leicester
Leicester,East Midlands,6,"Black, Black British, Black Welsh, Caribbean or African: African",False,direct_or_alias,21536,1,Leicester
Leicester,East Midlands,7,"Black, Black British, Black Welsh, Caribbean or African: Caribbean",False,direct_or_alias,4466,1,Leicester
Leicester,East Midlands,8,"Black, Black British, Black Welsh, Caribbean or African: Other Black",False,direct_or_alias,2764,1,Leicester
Leicester,East Midlands,9,Mixed or Multiple ethnic groups: White and Asian,False,direct_or_alias,3659,1,Leicester
Leicester,East Midlands,10,Mixed or Multiple ethnic groups: White and Black African,False,direct_or_alias,1776,1,Leicester
Leicester,East Midlands,11,Mixed or Multiple ethnic groups: White and Black Caribbean,False,direct_or_alias,5025,1,Leicester
Leicester,East Midlands,12,Mixed or Multiple ethnic groups: Other Mixed or Multiple ethnic groups,False,direct_or_alias,3439,1,Leicester
Leicester,East Midlands,13,"White: English, Welsh, Scottish, Northern Irish or British",False,direct_or_alias,122395,1,Leicester
Leicester,East Midlands,14,White: Irish,False,direct_or_alias,1789,1,Leicester
Leicester,East Midlands,15,White: Gypsy or Irish Traveller,False,direct_or_alias,457,1,Leicester
Leicester,East Midlands,16,White: Roma,False,direct_or_alias,839,1,Leicester
Leicester,East Midlands,17,White: Other White,False,direct_or_alias,25177,1,Leicester
Leicester,East Midlands,18,Other ethnic group: Arab,False,direct_or_alias,3402,1,Leicester
Leicester,East Midlands,19,Other ethnic group: Any other ethnic group,False,direct_or_alias,11870,1,Leicester
Lichfield,West Midlands,-8,Does not apply,False,direct_or_alias,0,1,Lichfield
Lichfield,West Midlands,1,"Asian, Asian British or Asian Welsh: Bangladeshi",False,direct_or_alias,163,1,Lichfield
Lichfield,West Midlands,2,"Asian, Asian British or Asian Welsh: Chinese",False,direct_or_alias,315,1,Lichfield
Lichfield,West Midlands,3,"Asian, Asian British or Asian Welsh: Indian",False,direct_or_alias,1477,1,Lichfield
Lichfield,West Midlands,4,"Asian, Asian British or Asian Welsh: Pakistani",False,direct_or_alias,231,1,Lichfield
Lichfield,West Midlands,5,"Asian, Asian British or Asian Welsh: Other Asian",False,direct_or_alias,310,1,Lichfield
Lichfield,West Midlands,6,"Black, Black British, Black Welsh, Caribbean or African: African",False,direct_or_alias,201,1,Lichfield
Lichfield,West Midlands,7,"Black, Black British, Black Welsh, Caribbean or African: Caribbean",False,direct_or_alias,316,1,Lichfield
Lichfield,West Midlands,8,"Black, Black British, Black Welsh, Caribbean or African: Other Black",False,direct_or_alias,84,1,Lichfield
Lichfield,West Midlands,9,Mixed or Multiple ethnic groups: White and Asian,False,direct_or_alias,608,1,Lichfield
Lichfield,West Midlands,10,Mixed or Multiple ethnic groups: White and Black African,False,direct_or_alias,169,1,Lichfield
Lichfield,West Midlands,11,Mixed or Multiple ethnic groups: White and Black Caribbean,False,direct_or_alias,795,1,Lichfield
Lichfield,West Midlands,12,Mixed or Multiple ethnic groups: Other Mixed or Multiple ethnic groups,False,direct_or_alias,415,1,Lichfield
Lichfield,West Midlands,13,"White: English, Welsh, Scottish, Northern Irish or British",False,direct_or_alias,97952,1,Lichfield
Lichfield,West Midlands,14,White: Irish,False,direct_or_alias,663,1,Lichfield
Lichfield,West Midlands,15,White: Gypsy or Irish Traveller,False,direct_or_alias,29,1,Lichfield
Lichfield,West Midlands,16,White: Roma,False,direct_or_alias,42,1,Lichfield
Lichfield,West Midlands,17,White: Other White,False,direct_or_alias,2231,1,Lichfield
Lichfield,West Midlands,18,Other ethnic group: Arab,False,direct_or_alias,50,1,Lichfield
Lichfield,West Midlands,19,Other ethnic group: Any other ethnic group,False,direct_or_alias,385,1,Lichfield
Lincoln,East Midlands,-8,Does not apply,False,direct_or_alias,0,1,Lincoln
Lincoln,East Midlands,1,"Asian, Asian British or Asian Welsh: Bangladeshi",False,direct_or_alias,322,1,Lincoln
Lincoln,East Midlands,2,"Asian, Asian British or Asian Welsh: Chinese",False,direct_or_alias,788,1,Lincoln
Lincoln,East Midlands,3,"Asian, Asian British or Asian Welsh: Indian",False,direct_or_alias,788,1,Lincoln
Lincoln,East Midlands,4,"Asian, Asian British or Asian Welsh: Pakistani",False,direct_or_alias,302,1,Lincoln
Lincoln,East Midlands,5,"Asian, Asian British or Asian Welsh: Other Asian",False,direct_or_alias,1147,1,Lincoln
Lincoln,East Midlands,6,"Black, Black British, Black Welsh, Caribbean or African: African",False,direct_or_alias,1094,1,Lincoln
Lincoln,East Midlands,7,"Black, Black British, Black Welsh, Caribbean or African: Caribbean",False,direct_or_alias,236,1,Lincoln
Lincoln,East Midlands,8,"Black, Black British, Black Welsh, Caribbean or African: Other Black",False,direct_or_alias,136,1,Lincoln
Lincoln,East Midlands,9,Mixed or Multiple ethnic groups: White and Asian,False,direct_or_alias,657,1,Lincoln
Lincoln,East Midlands,10,Mixed or Multiple ethnic groups: White and Black African,False,direct_or_alias,373,1,Lincoln
Lincoln,East Midlands,11,Mixed or Multiple ethnic groups: White and Black Caribbean,False,direct_or_alias,470,1,Lincoln
Lincoln,East Midlands,12,Mixed or Multiple ethnic groups: Other Mixed or Multiple ethnic groups,False,direct_or_alias,568,1,Lincoln
Lincoln,East Midlands,13,"White: English, Welsh, Scottish, Northern Irish or British",False,direct_or_alias,85891,1,Lincoln
Lincoln,East Midlands,14,White: Irish,False,direct_or_alias,652,1,Lincoln
Lincoln,East Midlands,15,White: Gypsy or Irish Traveller,False,direct_or_alias,145,1,Lincoln
Lincoln,East Midlands,16,White: Roma,False,direct_or_alias,159,1,Lincoln
Lincoln,East Midlands,17,White: Other White,False,direct_or_alias,8818,1,Lincoln
Lincoln,East Midlands,18,Other ethnic group: Arab,False,direct_or_alias,320,1,Lincoln
Lincoln,East Midlands,19,Other ethnic group: Any other ethnic group,False,direct_or_alias,948,1,Lincoln
Liverpool,North West,-8,Does not apply,False,direct_or_alias,0,1,Liverpool
Liverpool,North West,1,"Asian, Asian British or Asian Welsh: Bangladeshi",False,direct_or_alias,1917,1,Liverpool
Liverpool,North West,2,"Asian, Asian British or Asian Welsh: Chinese",False,direct_or_alias,8841,1,Liverpool
Liverpool,North West,3,"Asian, Asian British or Asian Welsh: Indian",False,direct_or_alias,6251,1,Liverpool
Liverpool,North West,4,"Asian, Asian British or Asian Welsh: Pakistani",False,direct_or_alias,3673,1,Liverpool
Liverpool,North West,5,"Asian, Asian British or Asian Welsh: Other Asian",False,direct_or_alias,7085,1,Liverpool
Liverpool,North West,6,"Black, Black British, Black Welsh, Caribbean or African: African",False,direct_or_alias,12709,1,Liverpool
Liverpool,North West,7,"Black, Black British, Black Welsh, Caribbean or African: Caribbean",False,direct_or_alias,1493,1,Liverpool
Liverpool,North West,8,"Black, Black British, Black Welsh, Caribbean or African: Other Black",False,direct_or_alias,2762,1,Liverpool
Liverpool,North West,9,Mixed or Multiple ethnic groups: White and Asian,False,direct_or_alias,3662,1,Liverpool
Liverpool,North West,10,Mixed or Multiple ethnic groups: White and Black African,False,direct_or_alias,4157,1,Liverpool
Liverpool,North West,11,Mixed or Multiple ethnic groups: White and Black Caribbean,False,direct_or_alias,4127,1,Liverpool
Liverpool,North West,12,Mixed or Multiple ethnic groups: Other Mixed or Multiple ethnic groups,False,direct_or_alias,4934,1,Liverpool
Liverpool,North West,13,"White: English, Welsh, Scottish, Northern Irish or British",False,direct_or_alias,375785,1,Liverpool
Liverpool,North West,14,White: Irish,False,direct_or_alias,6826,1,Liverpool
Liverpool,North West,15,White: Gypsy or Irish Traveller,False,direct_or_alias,501,1,Liverpool
Liverpool,North West,16,White: Roma,False,direct_or_alias,1169,1,Liverpool
Liverpool,North West,17,White: Other White,False,direct_or_alias,24162,1,Liverpool
Liverpool,North West,18,Other ethnic group: Arab,False,direct_or_alias,8312,1,Liverpool
Liverpool,North West,19,Other ethnic group: Any other ethnic group,False,direct_or_alias,7722,1,Liverpool
London,London,-8,Does not apply,False,direct_or_alias,0,1,City of London
London,London,1,"Asian, Asian British or Asian Welsh: Bangladeshi",False,direct_or_alias,287,1,City of London
London,London,2,"Asian, Asian British or Asian Welsh: Chinese",False,direct_or_alias,545,1,City of London
London,London,3,"Asian, Asian British or Asian Welsh: Indian",False,direct_or_alias,321,1,City of London
London,London,4,"Asian, Asian British or Asian Welsh: Pakistani",False,direct_or_alias,33,1,City of London
London,London,5,"Asian, Asian British or Asian Welsh: Other Asian",False,direct_or_alias,259,1,City of London
London,London,6,"Black, Black British, Black Welsh, Caribbean or African: African",False,direct_or_alias,153,1,City of London
London,London,7,"Black, Black British, Black Welsh, Caribbean or African: Caribbean",False,direct_or_alias,54,1,City of London
London,London,8,"Black, Black British, Black Welsh, Caribbean or African: Other Black",False,direct_or_alias,25,1,City of London
London,London,9,Mixed or Multiple ethnic groups: White and Asian,False,direct_or_alias,179,1,City of London
London,London,10,Mixed or Multiple ethnic groups: White and Black African,False,direct_or_alias,49,1,City of London
London,London,11,Mixed or Multiple ethnic groups: White and Black Caribbean,False,direct_or_alias,53,1,City of London
London,London,12,Mixed or Multiple ethnic groups: Other Mixed or Multiple ethnic groups,False,direct_or_alias,189,1,City of London
London,London,13,"White: English, Welsh, Scottish, Northern Irish or British",False,direct_or_alias,3649,1,City of London
London,London,14,White: Irish,False,direct_or_alias,185,1,City of London
London,London,15,White: Gypsy or Irish Traveller,False,direct_or_alias,0,1,City of London
London,London,16,White: Roma,False,direct_or_alias,59,1,City of London
London,London,17,White: Other White,False,direct_or_alias,2062,1,City of London
London,London,18,Other ethnic group: Arab,False,direct_or_alias,114,1,City of London
London,London,19,Other ethnic group: Any other ethnic group,False,direct_or_alias,368,1,City of London
Manchester,North West,-8,Does not apply,False,direct_or_alias,0,1,Manchester
Manchester,North West,1,"Asian, Asian British or Asian Welsh: Bangladeshi",False,direct_or_alias,9673,1,Manchester
Manchester,North West,2,"Asian, Asian British or Asian Welsh: Chinese",False,direct_or_alias,12644,1,Manchester
Manchester,North West,3,"Asian, Asian British or Asian Welsh: Indian",False,direct_or_alias,14857,1,Manchester
Manchester,North West,4,"Asian, Asian British or Asian Welsh: Pakistani",False,direct_or_alias,65875,1,Manchester
Manchester,North West,5,"Asian, Asian British or Asian Welsh: Other Asian",False,direct_or_alias,12060,1,Manchester
Manchester,North West,6,"Black, Black British, Black Welsh, Caribbean or African: African",False,direct_or_alias,47858,1,Manchester
Manchester,North West,7,"Black, Black British, Black Welsh, Caribbean or African: Caribbean",False,direct_or_alias,10472,1,Manchester
Manchester,North West,8,"Black, Black British, Black Welsh, Caribbean or African: Other Black",False,direct_or_alias,7563,1,Manchester
Manchester,North West,9,Mixed or Multiple ethnic groups: White and Asian,False,direct_or_alias,6149,1,Manchester
Manchester,North West,10,Mixed or Multiple ethnic groups: White and Black African,False,direct_or_alias,5992,1,Manchester
Manchester,North West,11,Mixed or Multiple ethnic groups: White and Black Caribbean,False,direct_or_alias,9987,1,Manchester
Manchester,North West,12,Mixed or Multiple ethnic groups: Other Mixed or Multiple ethnic groups,False,direct_or_alias,6898,1,Manchester
Manchester,North West,13,"White: English, Welsh, Scottish, Northern Irish or British",False,direct_or_alias,268572,1,Manchester
Manchester,North West,14,White: Irish,False,direct_or_alias,9442,1,Manchester
Manchester,North West,15,White: Gypsy or Irish Traveller,False,direct_or_alias,597,1,Manchester
Manchester,North West,16,White: Roma,False,direct_or_alias,883,1,Manchester
Manchester,North West,17,White: Other White,False,direct_or_alias,34138,1,Manchester
Manchester,North West,18,Other ethnic group: Arab,False,direct_or_alias,15028,1,Manchester
Manchester,North West,19,Other ethnic group: Any other ethnic group,False,direct_or_alias,13250,1,Manchester
Milton Keynes,South East,-8,Does not apply,False,direct_or_alias,0,1,Milton Keynes
Milton Keynes,South East,1,"Asian, Asian British or Asian Welsh: Bangladeshi",False,direct_or_alias,3189,1,Milton Keynes
Milton Keynes,South East,2,"Asian, Asian British or Asian Welsh: Chinese",False,direct_or_alias,2913,1,Milton Keynes
Milton Keynes,South East,3,"Asian, Asian British or Asian Welsh: Indian",False,direct_or_alias,15348,1,Milton Keynes
Milton Keynes,South East,4,"Asian, Asian British or Asian Welsh: Pakistani",False,direct_or_alias,7163,1,Milton Keynes
Milton Keynes,South East,5,"Asian, Asian British or Asian Welsh: Other Asian",False,direct_or_alias,7032,1,Milton Keynes
Milton Keynes,South East,6,"Black, Black British, Black Welsh, Caribbean or African: African",False,direct_or_alias,21502,1,Milton Keynes
Milton Keynes,South East,7,"Black, Black British, Black Welsh, Caribbean or African: Caribbean",False,direct_or_alias,2975,1,Milton Keynes
Milton Keynes,South East,8,"Black, Black British, Black Welsh, Caribbean or African: Other Black",False,direct_or_alias,3374,1,Milton Keynes
Milton Keynes,South East,9,Mixed or Multiple ethnic groups: White and Asian,False,direct_or_alias,2973,1,Milton Keynes
Milton Keynes,South East,10,Mixed or Multiple ethnic groups: White and Black African,False,direct_or_alias,2551,1,Milton Keynes
Milton Keynes,South East,11,Mixed or Multiple ethnic groups: White and Black Caribbean,False,direct_or_alias,2997,1,Milton Keynes
Milton Keynes,South East,12,Mixed or Multiple ethnic groups: Other Mixed or Multiple ethnic groups,False,direct_or_alias,3204,1,Milton Keynes
Milton Keynes,South East,13,"White: English, Welsh, Scottish, Northern Irish or British",False,direct_or_alias,178568,1,Milton Keynes
Milton Keynes,South East,14,White: Irish,False,direct_or_alias,2382,1,Milton Keynes
Milton Keynes,South East,15,White: Gypsy or Irish Traveller,False,direct_or_alias,156,1,Milton Keynes
Milton Keynes,South East,16,White: Roma,False,direct_or_alias,578,1,Milton Keynes
Milton Keynes,South East,17,White: Other White,False,direct_or_alias,24430,1,Milton Keynes
Milton Keynes,South East,18,Other ethnic group: Arab,False,direct_or_alias,1349,1,Milton Keynes
Milton Keynes,South East,19,Other ethnic group: Any other ethnic group,False,direct_or_alias,4376,1,Milton Keynes
Newcastle upon Tyne,North East,-8,Does not apply,False,direct_or_alias,0,1,Newcastle upon Tyne
Newcastle upon Tyne,North East,1,"Asian, Asian British or Asian Welsh: Bangladeshi",False,direct_or_alias,7248,1,Newcastle upon Tyne
Newcastle upon Tyne,North East,2,"Asian, Asian British or Asian Welsh: Chinese",False,direct_or_alias,5382,1,Newcastle upon Tyne
Newcastle upon Tyne,North East,3,"Asian, Asian British or Asian Welsh: Indian",False,direct_or_alias,7304,1,Newcastle upon Tyne
Newcastle upon Tyne,North East,4,"Asian, Asian British or Asian Welsh: Pakistani",False,direct_or_alias,8753,1,Newcastle upon Tyne
Newcastle upon Tyne,North East,5,"Asian, Asian British or Asian Welsh: Other Asian",False,direct_or_alias,5441,1,Newcastle upon Tyne
Newcastle upon Tyne,North East,6,"Black, Black British, Black Welsh, Caribbean or African: African",False,direct_or_alias,8555,1,Newcastle upon Tyne
Newcastle upon Tyne,North East,7,"Black, Black British, Black Welsh, Caribbean or African: Caribbean",False,direct_or_alias,340,1,Newcastle upon Tyne
Newcastle upon Tyne,North East,8,"Black, Black British, Black Welsh, Caribbean or African: Other Black",False,direct_or_alias,1026,1,Newcastle upon Tyne
Newcastle upon Tyne,North East,9,Mixed or Multiple ethnic groups: White and Asian,False,direct_or_alias,2600,1,Newcastle upon Tyne
Newcastle upon Tyne,North East,10,Mixed or Multiple ethnic groups: White and Black African,False,direct_or_alias,1378,1,Newcastle upon Tyne
Newcastle upon Tyne,North East,11,Mixed or Multiple ethnic groups: White and Black Caribbean,False,direct_or_alias,915,1,Newcastle upon Tyne
Newcastle upon Tyne,North East,12,Mixed or Multiple ethnic groups: Other Mixed or Multiple ethnic groups,False,direct_or_alias,2027,1,Newcastle upon Tyne
Newcastle upon Tyne,North East,13,"White: English, Welsh, Scottish, Northern Irish or British",False,direct_or_alias,223567,1,Newcastle upon Tyne
Newcastle upon Tyne,North East,14,White: Irish,False,direct_or_alias,1895,1,Newcastle upon Tyne
Newcastle upon Tyne,North East,15,White: Gypsy or Irish Traveller,False,direct_or_alias,332,1,Newcastle upon Tyne
Newcastle upon Tyne,North East,16,White: Roma,False,direct_or_alias,1031,1,Newcastle upon Tyne
Newcastle upon Tyne,North East,17,White: Other White,False,direct_or_alias,13177,1,Newcastle upon Tyne
Newcastle upon Tyne,North East,18,Other ethnic group: Arab,False,direct_or_alias,4175,1,Newcastle upon Tyne
Newcastle upon Tyne,North East,19,Other ethnic group: Any other ethnic group,False,direct_or_alias,4981,1,Newcastle upon Tyne
Newport,Wales,-8,Does not apply,False,direct_or_alias,0,1,Newport
Newport,Wales,1,"Asian, Asian British or Asian Welsh: Bangladeshi",False,direct_or_alias,2858,1,Newport
Newport,Wales,2,"Asian, Asian British or Asian Welsh: Chinese",False,direct_or_alias,711,1,Newport
Newport,Wales,3,"Asian, Asian British or Asian Welsh: Indian",False,direct_or_alias,2023,1,Newport
Newport,Wales,4,"Asian, Asian British or Asian Welsh: Pakistani",False,direct_or_alias,4803,1,Newport
Newport,Wales,5,"Asian, Asian British or Asian Welsh: Other Asian",False,direct_or_alias,1799,1,Newport
Newport,Wales,6,"Black, Black British, Black Welsh, Caribbean or African: African",False,direct_or_alias,2687,1,Newport
Newport,Wales,7,"Black, Black British, Black Welsh, Caribbean or African: Caribbean",False,direct_or_alias,553,1,Newport
Newport,Wales,8,"Black, Black British, Black Welsh, Caribbean or African: Other Black",False,direct_or_alias,497,1,Newport
Newport,Wales,9,Mixed or Multiple ethnic groups: White and Asian,False,direct_or_alias,1188,1,Newport
Newport,Wales,10,Mixed or Multiple ethnic groups: White and Black African,False,direct_or_alias,640,1,Newport
Newport,Wales,11,Mixed or Multiple ethnic groups: White and Black Caribbean,False,direct_or_alias,1528,1,Newport
Newport,Wales,12,Mixed or Multiple ethnic groups: Other Mixed or Multiple ethnic groups,False,direct_or_alias,1095,1,Newport
Newport,Wales,13,"White: English, Welsh, Scottish, Northern Irish or British",False,direct_or_alias,128245,1,Newport
Newport,Wales,14,White: Irish,False,direct_or_alias,685,1,Newport
Newport,Wales,15,White: Gypsy or Irish Traveller,False,direct_or_alias,168,1,Newport
Newport,Wales,16,White: Roma,False,direct_or_alias,406,1,Newport
Newport,Wales,17,White: Other White,False,direct_or_alias,6969,1,Newport
Newport,Wales,18,Other ethnic group: Arab,False,direct_or_alias,999,1,Newport
Newport,Wales,19,Other ethnic group: Any other ethnic group,False,direct_or_alias,1738,1,Newport
Norwich,East,-8,Does not apply,False,direct_or_alias,0,1,Norwich
Norwich,East,1,"Asian, Asian British or Asian Welsh: Bangladeshi",False,direct_or_alias,839,1,Norwich
Norwich,East,2,"Asian, Asian British or Asian Welsh: Chinese",False,direct_or_alias,1627,1,Norwich
Norwich,East,3,"Asian, Asian British or Asian Welsh: Indian",False,direct_or_alias,2570,1,Norwich
Norwich,East,4,"Asian, Asian British or Asian Welsh: Pakistani",False,direct_or_alias,528,1,Norwich
Norwich,East,5,"Asian, Asian British or Asian Welsh: Other Asian",False,direct_or_alias,2303,1,Norwich
Norwich,East,6,"Black, Black British, Black Welsh, Caribbean or African: African",False,direct_or_alias,2807,1,Norwich
Norwich,East,7,"Black, Black British, Black Welsh, Caribbean or African: Caribbean",False,direct_or_alias,395,1,Norwich
Norwich,East,8,"Black, Black British, Black Welsh, Caribbean or African: Other Black",False,direct_or_alias,376,1,Norwich
Norwich,East,9,Mixed or Multiple ethnic groups: White and Asian,False,direct_or_alias,1287,1,Norwich
Norwich,East,10,Mixed or Multiple ethnic groups: White and Black African,False,direct_or_alias,966,1,Norwich
Norwich,East,11,Mixed or Multiple ethnic groups: White and Black Caribbean,False,direct_or_alias,939,1,Norwich
Norwich,East,12,Mixed or Multiple ethnic groups: Other Mixed or Multiple ethnic groups,False,direct_or_alias,1327,1,Norwich
Norwich,East,13,"White: English, Welsh, Scottish, Northern Irish or British",False,direct_or_alias,111623,1,Norwich
Norwich,East,14,White: Irish,False,direct_or_alias,885,1,Norwich
Norwich,East,15,White: Gypsy or Irish Traveller,False,direct_or_alias,214,1,Norwich
Norwich,East,16,White: Roma,False,direct_or_alias,214,1,Norwich
Norwich,East,17,White: Other White,False,direct_or_alias,12485,1,Norwich
Norwich,East,18,Other ethnic group: Arab,False,direct_or_alias,900,1,Norwich
Norwich,East,19,Other ethnic group: Any other ethnic group,False,direct_or_alias,1639,1,Norwich
Nottingham,East Midlands,-8,Does not apply,False,direct_or_alias,0,1,Nottingham
Nottingham,East Midlands,1,"Asian, Asian British or Asian Welsh: Bangladeshi",False,direct_or_alias,2223,1,Nottingham
Nottingham,East Midlands,2,"Asian, Asian British or Asian Welsh: Chinese",False,direct_or_alias,4263,1,Nottingham
Nottingham,East Midlands,3,"Asian, Asian British or Asian Welsh: Indian",False,direct_or_alias,11515,1,Nottingham
Nottingham,East Midlands,4,"Asian, Asian British or Asian Welsh: Pakistani",False,direct_or_alias,21684,1,Nottingham
Nottingham,East Midlands,5,"Asian, Asian British or Asian Welsh: Other Asian",False,direct_or_alias,8532,1,Nottingham
Nottingham,East Midlands,6,"Black, Black British, Black Welsh, Caribbean or African: African",False,direct_or_alias,18740,1,Nottingham
Nottingham,East Midlands,7,"Black, Black British, Black Welsh, Caribbean or African: Caribbean",False,direct_or_alias,9339,1,Nottingham
Nottingham,East Midlands,8,"Black, Black British, Black Welsh, Caribbean or African: Other Black",False,direct_or_alias,4136,1,Nottingham
Nottingham,East Midlands,9,Mixed or Multiple ethnic groups: White and Asian,False,direct_or_alias,3363,1,Nottingham
Nottingham,East Midlands,10,Mixed or Multiple ethnic groups: White and Black African,False,direct_or_alias,2129,1,Nottingham
Nottingham,East Midlands,11,Mixed or Multiple ethnic groups: White and Black Caribbean,False,direct_or_alias,10129,1,Nottingham
Nottingham,East Midlands,12,Mixed or Multiple ethnic groups: Other Mixed or Multiple ethnic groups,False,direct_or_alias,3442,1,Nottingham
Nottingham,East Midlands,13,"White: English, Welsh, Scottish, Northern Irish or British",False,direct_or_alias,185580,1,Nottingham
Nottingham,East Midlands,14,White: Irish,False,direct_or_alias,2360,1,Nottingham
Nottingham,East Midlands,15,White: Gypsy or Irish Traveller,False,direct_or_alias,269,1,Nottingham
Nottingham,East Midlands,16,White: Roma,False,direct_or_alias,1130,1,Nottingham
Nottingham,East Midlands,17,White: Other White,False,direct_or_alias,24091,1,Nottingham
Nottingham,East Midlands,18,Other ethnic group: Arab,False,direct_or_alias,3673,1,Nottingham
Nottingham,East Midlands,19,Other ethnic group: Any other ethnic group,False,direct_or_alias,7037,1,Nottingham
Oxford,South East,-8,Does not apply,False,direct_or_alias,0,1,Oxford
Oxford,South East,1,"Asian, Asian British or Asian Welsh: Bangladeshi",False,direct_or_alias,2025,1,Oxford
Oxford,South East,2,"Asian, Asian British or Asian Welsh: Chinese",False,direct_or_alias,4479,1,Oxford
Oxford,South East,3,"Asian, Asian British or Asian Welsh: Indian",False,direct_or_alias,6005,1,Oxford
Oxford,South East,4,"Asian, Asian British or Asian Welsh: Pakistani",False,direct_or_alias,6619,1,Oxford
Oxford,South East,5,"Asian, Asian British or Asian Welsh: Other Asian",False,direct_or_alias,5863,1,Oxford
Oxford,South East,6,"Black, Black British, Black Welsh, Caribbean or African: African",False,direct_or_alias,5060,1,Oxford
Oxford,South East,7,"Black, Black British, Black Welsh, Caribbean or African: Caribbean",False,direct_or_alias,1629,1,Oxford
Oxford,South East,8,"Black, Black British, Black Welsh, Caribbean or African: Other Black",False,direct_or_alias,846,1,Oxford
Oxford,South East,9,Mixed or Multiple ethnic groups: White and Asian,False,direct_or_alias,3197,1,Oxford
Oxford,South East,10,Mixed or Multiple ethnic groups: White and Black African,False,direct_or_alias,1072,1,Oxford
Oxford,South East,11,Mixed or Multiple ethnic groups: White and Black Caribbean,False,direct_or_alias,1916,1,Oxford
Oxford,South East,12,Mixed or Multiple ethnic groups: Other Mixed or Multiple ethnic groups,False,direct_or_alias,2820,1,Oxford
Oxford,South East,13,"White: English, Welsh, Scottish, Northern Irish or British",False,direct_or_alias,86672,1,Oxford
Oxford,South East,14,White: Irish,False,direct_or_alias,2351,1,Oxford
Oxford,South East,15,White: Gypsy or Irish Traveller,False,direct_or_alias,62,1,Oxford
Oxford,South East,16,White: Roma,False,direct_or_alias,501,1,Oxford
Oxford,South East,17,White: Other White,False,direct_or_alias,24975,1,Oxford
Oxford,South East,18,Other ethnic group: Arab,False,direct_or_alias,1449,1,Oxford
Oxford,South East,19,Other ethnic group: Any other ethnic group,False,direct_or_alias,4499,1,Oxford
Peterborough,East,-8,Does not apply,False,direct_or_alias,0,1,Peterborough
Peterborough,East,1,"Asian, Asian British or Asian Welsh: Bangladeshi",False,direct_or_alias,442,1,Peterborough
Peterborough,East,2,"Asian, Asian British or Asian Welsh: Chinese",False,direct_or_alias,990,1,Peterborough
Peterborough,East,3,"Asian, Asian British or Asian Welsh: Indian",False,direct_or_alias,7169,1,Peterborough
Peterborough,East,4,"Asian, Asian British or Asian Welsh: Pakistani",False,direct_or_alias,16972,1,Peterborough
Peterborough,East,5,"Asian, Asian British or Asian Welsh: Other Asian",False,direct_or_alias,5228,1,Peterborough
Peterborough,East,6,"Black, Black British, Black Welsh, Caribbean or African: African",False,direct_or_alias,6225,1,Peterborough
Peterborough,East,7,"Black, Black British, Black Welsh, Caribbean or African: Caribbean",False,direct_or_alias,1419,1,Peterborough
Peterborough,East,8,"Black, Black British, Black Welsh, Caribbean or African: Other Black",False,direct_or_alias,1107,1,Peterborough
Peterborough,East,9,Mixed or Multiple ethnic groups: White and Asian,False,direct_or_alias,2021,1,Peterborough
Peterborough,East,10,Mixed or Multiple ethnic groups: White and Black African,False,direct_or_alias,1627,1,Peterborough
Peterborough,East,11,Mixed or Multiple ethnic groups: White and Black Caribbean,False,direct_or_alias,1990,1,Peterborough
Peterborough,East,12,Mixed or Multiple ethnic groups: Other Mixed or Multiple ethnic groups,False,direct_or_alias,1979,1,Peterborough
Peterborough,East,13,"White: English, Welsh, Scottish, Northern Irish or British",False,direct_or_alias,128353,1,Peterborough
Peterborough,East,14,White: Irish,False,direct_or_alias,1177,1,Peterborough
Peterborough,East,15,White: Gypsy or Irish Traveller,False,direct_or_alias,551,1,Peterborough
Peterborough,East,16,White: Roma,False,direct_or_alias,938,1,Peterborough
Peterborough,East,17,White: Other White,False,direct_or_alias,31562,1,Peterborough
Peterborough,East,18,Other ethnic group: Arab,False,direct_or_alias,897,1,Peterborough
Peterborough,East,19,Other ethnic group: Any other ethnic group,False,direct_or_alias,5023,1,Peterborough
Plymouth,South West,-8,Does not apply,False,direct_or_alias,0,1,Plymouth
Plymouth,South West,1,"Asian, Asian British or Asian Welsh: Bangladeshi",False,direct_or_alias,537,1,Plymouth
Plymouth,South West,2,"Asian, Asian British or Asian Welsh: Chinese",False,direct_or_alias,1430,1,Plymouth
Plymouth,South West,3,"Asian, Asian British or Asian Welsh: Indian",False,direct_or_alias,1403,1,Plymouth
Plymouth,South West,4,"Asian, Asian British or Asian Welsh: Pakistani",False,direct_or_alias,389,1,Plymouth
Plymouth,South West,5,"Asian, Asian British or Asian Welsh: Other Asian",False,direct_or_alias,2188,1,Plymouth
Plymouth,South West,6,"Black, Black British, Black Welsh, Caribbean or African: African",False,direct_or_alias,2022,1,Plymouth
Plymouth,South West,7,"Black, Black British, Black Welsh, Caribbean or African: Caribbean",False,direct_or_alias,460,1,Plymouth
Plymouth,South West,8,"Black, Black British, Black Welsh, Caribbean or African: Other Black",False,direct_or_alias,304,1,Plymouth
Plymouth,South West,9,Mixed or Multiple ethnic groups: White and Asian,False,direct_or_alias,1349,1,Plymouth
Plymouth,South West,10,Mixed or Multiple ethnic groups: White and Black African,False,direct_or_alias,860,1,Plymouth
Plymouth,South West,11,Mixed or Multiple ethnic groups: White and Black Caribbean,False,direct_or_alias,1108,1,Plymouth
Plymouth,South West,12,Mixed or Multiple ethnic groups: Other Mixed or Multiple ethnic groups,False,direct_or_alias,1339,1,Plymouth
Plymouth,South West,13,"White: English, Welsh, Scottish, Northern Irish or British",False,direct_or_alias,236802,1,Plymouth
Plymouth,South West,14,White: Irish,False,direct_or_alias,1055,1,Plymouth
Plymouth,South West,15,White: Gypsy or Irish Traveller,False,direct_or_alias,165,1,Plymouth
Plymouth,South West,16,White: Roma,False,direct_or_alias,168,1,Plymouth
Plymouth,South West,17,White: Other White,False,direct_or_alias,10537,1,Plymouth
Plymouth,South West,18,Other ethnic group: Arab,False,direct_or_alias,677,1,Plymouth
Plymouth,South West,19,Other ethnic group: Any other ethnic group,False,direct_or_alias,1902,1,Plymouth
Portsmouth,South East,-8,Does not apply,False,direct_or_alias,0,1,Portsmouth
Portsmouth,South East,1,"Asian, Asian British or Asian Welsh: Bangladeshi",False,direct_or_alias,4742,1,Portsmouth
Portsmouth,South East,2,"Asian, Asian British or Asian Welsh: Chinese",False,direct_or_alias,2116,1,Portsmouth
Portsmouth,South East,3,"Asian, Asian British or Asian Welsh: Indian",False,direct_or_alias,3104,1,Portsmouth
Portsmouth,South East,4,"Asian, Asian British or Asian Welsh: Pakistani",False,direct_or_alias,603,1,Portsmouth
Portsmouth,South East,5,"Asian, Asian British or Asian Welsh: Other Asian",False,direct_or_alias,3805,1,Portsmouth
Portsmouth,South East,6,"Black, Black British, Black Welsh, Caribbean or African: African",False,direct_or_alias,5369,1,Portsmouth
Portsmouth,South East,7,"Black, Black British, Black Welsh, Caribbean or African: Caribbean",False,direct_or_alias,950,1,Portsmouth
Portsmouth,South East,8,"Black, Black British, Black Welsh, Caribbean or African: Other Black",False,direct_or_alias,751,1,Portsmouth
Portsmouth,South East,9,Mixed or Multiple ethnic groups: White and Asian,False,direct_or_alias,1540,1,Portsmouth
Portsmouth,South East,10,Mixed or Multiple ethnic groups: White and Black African,False,direct_or_alias,1244,1,Portsmouth
Portsmouth,South East,11,Mixed or Multiple ethnic groups: White and Black Caribbean,False,direct_or_alias,1176,1,Portsmouth
Portsmouth,South East,12,Mixed or Multiple ethnic groups: Other Mixed or Multiple ethnic groups,False,direct_or_alias,1527,1,Portsmouth
Portsmouth,South East,13,"White: English, Welsh, Scottish, Northern Irish or British",False,direct_or_alias,161664,1,Portsmouth
Portsmouth,South East,14,White: Irish,False,direct_or_alias,1066,1,Portsmouth
Portsmouth,South East,15,White: Gypsy or Irish Traveller,False,direct_or_alias,118,1,Portsmouth
Portsmouth,South East,16,White: Roma,False,direct_or_alias,324,1,Portsmouth
Portsmouth,South East,17,White: Other White,False,direct_or_alias,14105,1,Portsmouth
Portsmouth,South East,18,Other ethnic group: Arab,False,direct_or_alias,1007,1,Portsmouth
Portsmouth,South East,19,Other ethnic group: Any other ethnic group,False,direct_or_alias,2790,1,Portsmouth
Preston,North West,-8,Does not apply,False,direct_or_alias,0,1,Preston
Preston,North West,1,"Asian, Asian British or Asian Welsh: Bangladeshi",False,direct_or_alias,758,1,Preston
Preston,North West,2,"Asian, Asian British or Asian Welsh: Chinese",False,direct_or_alias,707,1,Preston
Preston,North West,3,"Asian, Asian British or Asian Welsh: Indian",False,direct_or_alias,19047,1,Preston
Preston,North West,4,"Asian, Asian British or Asian Welsh: Pakistani",False,direct_or_alias,7554,1,Preston
Preston,North West,5,"Asian, Asian British or Asian Welsh: Other Asian",False,direct_or_alias,1749,1,Preston
Preston,North West,6,"Black, Black British, Black Welsh, Caribbean or African: African",False,direct_or_alias,2355,1,Preston
Preston,North West,7,"Black, Black British, Black Welsh, Caribbean or African: Caribbean",False,direct_or_alias,827,1,Preston
Preston,North West,8,"Black, Black British, Black Welsh, Caribbean or African: Other Black",False,direct_or_alias,307,1,Preston
Preston,North West,9,Mixed or Multiple ethnic groups: White and Asian,False,direct_or_alias,1321,1,Preston
Preston,North West,10,Mixed or Multiple ethnic groups: White and Black African,False,direct_or_alias,506,1,Preston
Preston,North West,11,Mixed or Multiple ethnic groups: White and Black Caribbean,False,direct_or_alias,1759,1,Preston
Preston,North West,12,Mixed or Multiple ethnic groups: Other Mixed or Multiple ethnic groups,False,direct_or_alias,781,1,Preston
Preston,North West,13,"White: English, Welsh, Scottish, Northern Irish or British",False,direct_or_alias,97715,1,Preston
Preston,North West,14,White: Irish,False,direct_or_alias,923,1,Preston
Preston,North West,15,White: Gypsy or Irish Traveller,False,direct_or_alias,114,1,Preston
Preston,North West,16,White: Roma,False,direct_or_alias,248,1,Preston
Preston,North West,17,White: Other White,False,direct_or_alias,8321,1,Preston
Preston,North West,18,Other ethnic group: Arab,False,direct_or_alias,1157,1,Preston
Preston,North West,19,Other ethnic group: Any other ethnic group,False,direct_or_alias,1685,1,Preston
Ripon,Yorkshire and The Humber,-8,Does not apply,True,area_to_city,0,1,Harrogate
Ripon,Yorkshire and The Humber,1,"Asian, Asian British or Asian Welsh: Bangladeshi",True,area_to_city,70,1,Harrogate
Ripon,Yorkshire and The Humber,2,"Asian, Asian British or Asian Welsh: Chinese",True,area_to_city,757,1,Harrogate
Ripon,Yorkshire and The Humber,3,"Asian, Asian British or Asian Welsh: Indian",True,area_to_city,913,1,Harrogate
Ripon,Yorkshire and The Humber,4,"Asian, Asian British or Asian Welsh: Pakistani",True,area_to_city,225,1,Harrogate
Ripon,Yorkshire and The Humber,5,"Asian, Asian British or Asian Welsh: Other Asian",True,area_to_city,982,1,Harrogate
Ripon,Yorkshire and The Humber,6,"Black, Black British, Black Welsh, Caribbean or African: African",True,area_to_city,688,1,Harrogate
Ripon,Yorkshire and The Humber,7,"Black, Black British, Black Welsh, Caribbean or African: Caribbean",True,area_to_city,211,1,Harrogate
Ripon,Yorkshire and The Humber,8,"Black, Black British, Black Welsh, Caribbean or African: Other Black",True,area_to_city,137,1,Harrogate
Ripon,Yorkshire and The Humber,9,Mixed or Multiple ethnic groups: White and Asian,True,area_to_city,997,1,Harrogate
Ripon,Yorkshire and The Humber,10,Mixed or Multiple ethnic groups: White and Black African,True,area_to_city,337,1,Harrogate
Ripon,Yorkshire and The Humber,11,Mixed or Multiple ethnic groups: White and Black Caribbean,True,area_to_city,530,1,Harrogate
Ripon,Yorkshire and The Humber,12,Mixed or Multiple ethnic groups: Other Mixed or Multiple ethnic groups,True,area_to_city,709,1,Harrogate
Ripon,Yorkshire and The Humber,13,"White: English, Welsh, Scottish, Northern Irish or British",True,area_to_city,147479,1,Harrogate
Ripon,Yorkshire and The Humber,14,White: Irish,True,area_to_city,976,1,Harrogate
Ripon,Yorkshire and The Humber,15,White: Gypsy or Irish Traveller,True,area_to_city,83,1,Harrogate
Ripon,Yorkshire and The Humber,16,White: Roma,True,area_to_city,105,1,Harrogate
Ripon,Yorkshire and The Humber,17,White: Other White,True,area_to_city,6601,1,Harrogate
Ripon,Yorkshire and The Humber,18,Other ethnic group: Arab,True,area_to_city,170,1,Harrogate
Ripon,Yorkshire and The Humber,19,Other ethnic group: Any other ethnic group,True,area_to_city,698,1,Harrogate
Salford,North West,-8,Does not apply,False,direct_or_alias,0,1,Salford
Salford,North West,1,"Asian, Asian British or Asian Welsh: Bangladeshi",False,direct_or_alias,803,1,Salford
Salford,North West,2,"Asian, Asian British or Asian Welsh: Chinese",False,direct_or_alias,3319,1,Salford
Salford,North West,3,"Asian, Asian British or Asian Welsh: Indian",False,direct_or_alias,3744,1,Salford
Salford,North West,4,"Asian, Asian British or Asian Welsh: Pakistani",False,direct_or_alias,4074,1,Salford
Salford,North West,5,"Asian, Asian British or Asian Welsh: Other Asian",False,direct_or_alias,2998,1,Salford
Salford,North West,6,"Black, Black British, Black Welsh, Caribbean or African: African",False,direct_or_alias,13477,1,Salford
Salford,North West,7,"Black, Black British, Black Welsh, Caribbean or African: Caribbean",False,direct_or_alias,1338,1,Salford
Salford,North West,8,"Black, Black British, Black Welsh, Caribbean or African: Other Black",False,direct_or_alias,1658,1,Salford
Salford,North West,9,Mixed or Multiple ethnic groups: White and Asian,False,direct_or_alias,1844,1,Salford
Salford,North West,10,Mixed or Multiple ethnic groups: White and Black African,False,direct_or_alias,2098,1,Salford
Salford,North West,11,Mixed or Multiple ethnic groups: White and Black Caribbean,False,direct_or_alias,2596,1,Salford
Salford,North West,12,Mixed or Multiple ethnic groups: Other Mixed or Multiple ethnic groups,False,direct_or_alias,1963,1,Salford
Salford,North West,13,"White: English, Welsh, Scottish, Northern Irish or British",False,direct_or_alias,199614,1,Salford
Salford,North West,14,White: Irish,False,direct_or_alias,2882,1,Salford
Salford,North West,15,White: Gypsy or Irish Traveller,False,direct_or_alias,295,1,Salford
Salford,North West,16,White: Roma,False,direct_or_alias,515,1,Salford
Salford,North West,17,White: Other White,False,direct_or_alias,18942,1,Salford
Salford,North West,18,Other ethnic group: Arab,False,direct_or_alias,3214,1,Salford
Salford,North West,19,Other ethnic group: Any other ethnic group,False,direct_or_alias,4548,1,Salford
Salisbury,South West,-8,Does not apply,True,area_to_city,0,1,Wiltshire
Salisbury,South West,1,"Asian, Asian British or Asian Welsh: Bangladeshi",True,area_to_city,934,1,Wiltshire
Salisbury,South West,2,"Asian, Asian British or Asian Welsh: Chinese",True,area_to_city,1494,1,Wiltshire
Salisbury,South West,3,"Asian, Asian British or Asian Welsh: Indian",True,area_to_city,2810,1,Wiltshire
Salisbury,South West,4,"Asian, Asian British or Asian Welsh: Pakistani",True,area_to_city,396,1,Wiltshire
Salisbury,South West,5,"Asian, Asian British or Asian Welsh: Other Asian",True,area_to_city,5242,1,Wiltshire
Salisbury,South West,6,"Black, Black British, Black Welsh, Caribbean or African: African",True,area_to_city,2984,1,Wiltshire
Salisbury,South West,7,"Black, Black British, Black Welsh, Caribbean or African: Caribbean",True,area_to_city,1589,1,Wiltshire
Salisbury,South West,8,"Black, Black British, Black Welsh, Caribbean or African: Other Black",True,area_to_city,1213,1,Wiltshire
Salisbury,South West,9,Mixed or Multiple ethnic groups: White and Asian,True,area_to_city,2703,1,Wiltshire
Salisbury,South West,10,Mixed or Multiple ethnic groups: White and Black African,True,area_to_city,1161,1,Wiltshire
Salisbury,South West,11,Mixed or Multiple ethnic groups: White and Black Caribbean,True,area_to_city,2479,1,Wiltshire
Salisbury,South West,12,Mixed or Multiple ethnic groups: Other Mixed or Multiple ethnic groups,True,area_to_city,2366,1,Wiltshire
Salisbury,South West,13,"White: English, Welsh, Scottish, Northern Irish or British",True,area_to_city,459594,1,Wiltshire
Salisbury,South West,14,White: Irish,True,area_to_city,2591,1,Wiltshire
Salisbury,South West,15,White: Gypsy or Irish Traveller,True,area_to_city,711,1,Wiltshire
Salisbury,South West,16,White: Roma,True,area_to_city,260,1,Wiltshire
Salisbury,South West,17,White: Other White,True,area_to_city,18257,1,Wiltshire
Salisbury,South West,18,Other ethnic group: Arab,True,area_to_city,637,1,Wiltshire
Salisbury,South West,19,Other ethnic group: Any other ethnic group,True,area_to_city,2912,1,Wiltshire
Sheffield,Yorkshire and The Humber,-8,Does not apply,False,direct_or_alias,0,1,Sheffield
Sheffield,Yorkshire and The Humber,1,"Asian, Asian British or Asian Welsh: Bangladeshi",False,direct_or_alias,4258,1,Sheffield
Sheffield,Yorkshire and The Humber,2,"Asian, Asian British or Asian Welsh: Chinese",False,direct_or_alias,7393,1,Sheffield
Sheffield,Yorkshire and The Humber,3,"Asian, Asian British or Asian Welsh: Indian",False,direct_or_alias,6798,1,Sheffield
Sheffield,Yorkshire and The Humber,4,"Asian, Asian British or Asian Welsh: Pakistani",False,direct_or_alias,27671,1,Sheffield
Sheffield,Yorkshire and The Humber,5,"Asian, Asian British or Asian Welsh: Other Asian",False,direct_or_alias,7440,1,Sheffield
Sheffield,Yorkshire and The Humber,6,"Black, Black British, Black Welsh, Caribbean or African: African",False,direct_or_alias,18237,1,Sheffield
Sheffield,Yorkshire and The Humber,7,"Black, Black British, Black Welsh, Caribbean or African: Caribbean",False,direct_or_alias,4647,1,Sheffield
Sheffield,Yorkshire and The Humber,8,"Black, Black British, Black Welsh, Caribbean or African: Other Black",False,direct_or_alias,2628,1,Sheffield
Sheffield,Yorkshire and The Humber,9,Mixed or Multiple ethnic groups: White and Asian,False,direct_or_alias,5214,1,Sheffield
Sheffield,Yorkshire and The Humber,10,Mixed or Multiple ethnic groups: White and Black African,False,direct_or_alias,2431,1,Sheffield
Sheffield,Yorkshire and The Humber,11,Mixed or Multiple ethnic groups: White and Black Caribbean,False,direct_or_alias,7524,1,Sheffield
Sheffield,Yorkshire and The Humber,12,Mixed or Multiple ethnic groups: Other Mixed or Multiple ethnic groups,False,direct_or_alias,4535,1,Sheffield
Sheffield,Yorkshire and The Humber,13,"White: English, Welsh, Scottish, Northern Irish or British",False,direct_or_alias,414698,1,Sheffield
Sheffield,Yorkshire and The Humber,14,White: Irish,False,direct_or_alias,2750,1,Sheffield
Sheffield,Yorkshire and The Humber,15,White: Gypsy or Irish Traveller,False,direct_or_alias,341,1,Sheffield
Sheffield,Yorkshire and The Humber,16,White: Roma,False,direct_or_alias,2456,1,Sheffield
Sheffield,Yorkshire and The Humber,17,White: Other White,False,direct_or_alias,19971,1,Sheffield
Sheffield,Yorkshire and The Humber,18,Other ethnic group: Arab,False,direct_or_alias,8956,1,Sheffield
Sheffield,Yorkshire and The Humber,19,Other ethnic group: Any other ethnic group,False,direct_or_alias,8575,1,Sheffield
Southampton,South East,-8,Does not apply,False,direct_or_alias,0,1,Southampton
Southampton,South East,1,"Asian, Asian British or Asian Welsh: Bangladeshi",False,direct_or_alias,2064,1,Southampton
Southampton,South East,2,"Asian, Asian British or Asian Welsh: Chinese",False,direct_or_alias,4149,1,Southampton
Southampton,South East,3,"Asian, Asian British or Asian Welsh: Indian",False,direct_or_alias,9169,1,Southampton
Southampton,South East,4,"Asian, Asian British or Asian Welsh: Pakistani",False,direct_or_alias,4248,1,Southampton
Southampton,South East,5,"Asian, Asian British or Asian Welsh: Other Asian",False,direct_or_alias,6784,1,Southampton
Southampton,South East,6,"Black, Black British, Black Welsh, Caribbean or African: African",False,direct_or_alias,5627,1,Southampton
Southampton,South East,7,"Black, Black British, Black Welsh, Caribbean or African: Caribbean",False,direct_or_alias,1103,1,Southampton
Southampton,South East,8,"Black, Black British, Black Welsh, Caribbean or African: Other Black",False,direct_or_alias,809,1,Southampton
Southampton,South East,9,Mixed or Multiple ethnic groups: White and Asian,False,direct_or_alias,2444,1,Southampton
Southampton,South East,10,Mixed or Multiple ethnic groups: White and Black African,False,direct_or_alias,1535,1,Southampton
Southampton,South East,11,Mixed or Multiple ethnic groups: White and Black Caribbean,False,direct_or_alias,2173,1,Southampton
Southampton,South East,12,Mixed or Multiple ethnic groups: Other Mixed or Multiple ethnic groups,False,direct_or_alias,2157,1,Southampton
Southampton,South East,13,"White: English, Welsh, Scottish, Northern Irish or British",False,direct_or_alias,169481,1,Southampton
Southampton,South East,14,White: Irish,False,direct_or_alias,1643,1,Southampton
Southampton,South East,15,White: Gypsy or Irish Traveller,False,direct_or_alias,340,1,Southampton
Southampton,South East,16,White: Roma,False,direct_or_alias,578,1,Southampton
Southampton,South East,17,White: Other White,False,direct_or_alias,28787,1,Southampton
Southampton,South East,18,Other ethnic group: Arab,False,direct_or_alias,1311,1,Southampton
Southampton,South East,19,Other ethnic group: Any other ethnic group,False,direct_or_alias,4518,1,Southampton
Southend-on-Sea,East,-8,Does not apply,False,direct_or_alias,0,1,Southend-on-Sea
Southend-on-Sea,East,1,"Asian, Asian British or Asian Welsh: Bangladeshi",False,direct_or_alias,1615,1,Southend-on-Sea
Southend-on-Sea,East,2,"Asian, Asian British or Asian Welsh: Chinese",False,direct_or_alias,1170,1,Southend-on-Sea
Southend-on-Sea,East,3,"Asian, Asian British or Asian Welsh: Indian",False,direct_or_alias,2828,1,Southend-on-Sea
Southend-on-Sea,East,4,"Asian, Asian British or Asian Welsh: Pakistani",False,direct_or_alias,1765,1,Southend-on-Sea
Southend-on-Sea,East,5,"Asian, Asian British or Asian Welsh: Other Asian",False,direct_or_alias,2486,1,Southend-on-Sea
Southend-on-Sea,East,6,"Black, Black British, Black Welsh, Caribbean or African: African",False,direct_or_alias,3590,1,Southend-on-Sea
Southend-on-Sea,East,7,"Black, Black British, Black Welsh, Caribbean or African: Caribbean",False,direct_or_alias,839,1,Southend-on-Sea
Southend-on-Sea,East,8,"Black, Black British, Black Welsh, Caribbean or African: Other Black",False,direct_or_alias,724,1,Southend-on-Sea
Southend-on-Sea,East,9,Mixed or Multiple ethnic groups: White and Asian,False,direct_or_alias,1527,1,Southend-on-Sea
Southend-on-Sea,East,10,Mixed or Multiple ethnic groups: White and Black African,False,direct_or_alias,1045,1,Southend-on-Sea
Southend-on-Sea,East,11,Mixed or Multiple ethnic groups: White and Black Caribbean,False,direct_or_alias,1580,1,Southend-on-Sea
Southend-on-Sea,East,12,Mixed or Multiple ethnic groups: Other Mixed or Multiple ethnic groups,False,direct_or_alias,1401,1,Southend-on-Sea
Southend-on-Sea,East,13,"White: English, Welsh, Scottish, Northern Irish or British",False,direct_or_alias,147442,1,Southend-on-Sea
Southend-on-Sea,East,14,White: Irish,False,direct_or_alias,1569,1,Southend-on-Sea
Southend-on-Sea,East,15,White: Gypsy or Irish Traveller,False,direct_or_alias,106,1,Southend-on-Sea
Southend-on-Sea,East,16,White: Roma,False,direct_or_alias,241,1,Southend-on-Sea
Southend-on-Sea,East,17,White: Other White,False,direct_or_alias,8721,1,Southend-on-Sea
Southend-on-Sea,East,18,Other ethnic group: Arab,False,direct_or_alias,402,1,Southend-on-Sea
Southend-on-Sea,East,19,Other ethnic group: Any other ethnic group,False,direct_or_alias,1634,1,Southend-on-Sea
St Albans,East,-8,Does not apply,False,direct_or_alias,0,1,St Albans
St Albans,East,1,"Asian, Asian British or Asian Welsh: Bangladeshi",False,direct_or_alias,3107,1,St Albans
St Albans,East,2,"Asian, Asian British or Asian Welsh: Chinese",False,direct_or_alias,1625,1,St Albans
St Albans,East,3,"Asian, Asian British or Asian Welsh: Indian",False,direct_or_alias,3856,1,St Albans
St Albans,East,4,"Asian, Asian British or Asian Welsh: Pakistani",False,direct_or_alias,1619,1,St Albans
St Albans,East,5,"Asian, Asian British or Asian Welsh: Other Asian",False,direct_or_alias,1969,1,St Albans
St Albans,East,6,"Black, Black British, Black Welsh, Caribbean or African: African",False,direct_or_alias,1821,1,St Albans
St Albans,East,7,"Black, Black British, Black Welsh, Caribbean or African: Caribbean",False,direct_or_alias,905,1,St Albans
St Albans,East,8,"Black, Black British, Black Welsh, Caribbean or African: Other Black",False,direct_or_alias,433,1,St Albans
St Albans,East,9,Mixed or Multiple ethnic groups: White and Asian,False,direct_or_alias,2556,1,St Albans
St Albans,East,10,Mixed or Multiple ethnic groups: White and Black African,False,direct_or_alias,650,1,St Albans
St Albans,East,11,Mixed or Multiple ethnic groups: White and Black Caribbean,False,direct_or_alias,1306,1,St Albans
St Albans,East,12,Mixed or Multiple ethnic groups: Other Mixed or Multiple ethnic groups,False,direct_or_alias,1842,1,St Albans
St Albans,East,13,"White: English, Welsh, Scottish, Northern Irish or British",False,direct_or_alias,108962,1,St Albans
St Albans,East,14,White: Irish,False,direct_or_alias,2976,1,St Albans
St Albans,East,15,White: Gypsy or Irish Traveller,False,direct_or_alias,142,1,St Albans
St Albans,East,16,White: Roma,False,direct_or_alias,149,1,St Albans
St Albans,East,17,White: Other White,False,direct_or_alias,11636,1,St Albans
St Albans,East,18,Other ethnic group: Arab,False,direct_or_alias,880,1,St Albans
St Albans,East,19,Other ethnic group: Any other ethnic group,False,direct_or_alias,1735,1,St Albans
St Asaph,Wales,-8,Does not apply,True,area_to_city,0,1,Denbighshire
St Asaph,Wales,1,"Asian, Asian British or Asian Welsh: Bangladeshi",True,area_to_city,115,1,Denbighshire
St Asaph,Wales,2,"Asian, Asian British or Asian Welsh: Chinese",True,area_to_city,337,1,Denbighshire
St Asaph,Wales,3,"Asian, Asian British or Asian Welsh: Indian",True,area_to_city,332,1,Denbighshire
St Asaph,Wales,4,"Asian, Asian British or Asian Welsh: Pakistani",True,area_to_city,166,1,Denbighshire
St Asaph,Wales,5,"Asian, Asian British or Asian Welsh: Other Asian",True,area_to_city,700,1,Denbighshire
St Asaph,Wales,6,"Black, Black British, Black Welsh, Caribbean or African: African",True,area_to_city,179,1,Denbighshire
St Asaph,Wales,7,"Black, Black British, Black Welsh, Caribbean or African: Caribbean",True,area_to_city,44,1,Denbighshire
St Asaph,Wales,8,"Black, Black British, Black Welsh, Caribbean or African: Other Black",True,area_to_city,45,1,Denbighshire
St Asaph,Wales,9,Mixed or Multiple ethnic groups: White and Asian,True,area_to_city,350,1,Denbighshire
St Asaph,Wales,10,Mixed or Multiple ethnic groups: White and Black African,True,area_to_city,162,1,Denbighshire
St Asaph,Wales,11,Mixed or Multiple ethnic groups: White and Black Caribbean,True,area_to_city,313,1,Denbighshire
St Asaph,Wales,12,Mixed or Multiple ethnic groups: Other Mixed or Multiple ethnic groups,True,area_to_city,227,1,Denbighshire
St Asaph,Wales,13,"White: English, Welsh, Scottish, Northern Irish or British",True,area_to_city,90470,1,Denbighshire
St Asaph,Wales,14,White: Irish,True,area_to_city,484,1,Denbighshire
St Asaph,Wales,15,White: Gypsy or Irish Traveller,True,area_to_city,62,1,Denbighshire
St Asaph,Wales,16,White: Roma,True,area_to_city,32,1,Denbighshire
St Asaph,Wales,17,White: Other White,True,area_to_city,1440,1,Denbighshire
St Asaph,Wales,18,Other ethnic group: Arab,True,area_to_city,119,1,Denbighshire
St Asaph,Wales,19,Other ethnic group: Any other ethnic group,True,area_to_city,243,1,Denbighshire
St Davids,Wales,-8,Does not apply,True,area_to_city,0,1,Pembrokeshire
St Davids,Wales,1,"Asian, Asian British or Asian Welsh: Bangladeshi",True,area_to_city,146,1,Pembrokeshire
St Davids,Wales,2,"Asian, Asian British or Asian Welsh: Chinese",True,area_to_city,221,1,Pembrokeshire
St Davids,Wales,3,"Asian, Asian British or Asian Welsh: Indian",True,area_to_city,243,1,Pembrokeshire
St Davids,Wales,4,"Asian, Asian British or Asian Welsh: Pakistani",True,area_to_city,77,1,Pembrokeshire
St Davids,Wales,5,"Asian, Asian British or Asian Welsh: Other Asian",True,area_to_city,472,1,Pembrokeshire
St Davids,Wales,6,"Black, Black British, Black Welsh, Caribbean or African: African",True,area_to_city,147,1,Pembrokeshire
St Davids,Wales,7,"Black, Black British, Black Welsh, Caribbean or African: Caribbean",True,area_to_city,55,1,Pembrokeshire
St Davids,Wales,8,"Black, Black British, Black Welsh, Caribbean or African: Other Black",True,area_to_city,42,1,Pembrokeshire
St Davids,Wales,9,Mixed or Multiple ethnic groups: White and Asian,True,area_to_city,400,1,Pembrokeshire
St Davids,Wales,10,Mixed or Multiple ethnic groups: White and Black African,True,area_to_city,163,1,Pembrokeshire
St Davids,Wales,11,Mixed or Multiple ethnic groups: White and Black Caribbean,True,area_to_city,282,1,Pembrokeshire
St Davids,Wales,12,Mixed or Multiple ethnic groups: Other Mixed or Multiple ethnic groups,True,area_to_city,317,1,Pembrokeshire
St Davids,Wales,13,"White: English, Welsh, Scottish, Northern Irish or British",True,area_to_city,116816,1,Pembrokeshire
St Davids,Wales,14,White: Irish,True,area_to_city,701,1,Pembrokeshire
St Davids,Wales,15,White: Gypsy or Irish Traveller,True,area_to_city,574,1,Pembrokeshire
St Davids,Wales,16,White: Roma,True,area_to_city,34,1,Pembrokeshire
St Davids,Wales,17,White: Other White,True,area_to_city,2250,1,Pembrokeshire
St Davids,Wales,18,Other ethnic group: Arab,True,area_to_city,93,1,Pembrokeshire
St Davids,Wales,19,Other ethnic group: Any other ethnic group,True,area_to_city,326,1,Pembrokeshire
Stoke on Trent,West Midlands,-8,Does not apply,False,direct_or_alias,0,1,Stoke-on-Trent
Stoke on Trent,West Midlands,1,"Asian, Asian British or Asian Welsh: Bangladeshi",False,direct_or_alias,1577,1,Stoke-on-Trent
Stoke on Trent,West Midlands,2,"Asian, Asian British or Asian Welsh: Chinese",False,direct_or_alias,1073,1,Stoke-on-Trent
Stoke on Trent,West Midlands,3,"Asian, Asian British or Asian Welsh: Indian",False,direct_or_alias,2772,1,Stoke-on-Trent
Stoke on Trent,West Midlands,4,"Asian, Asian British or Asian Welsh: Pakistani",False,direct_or_alias,15579,1,Stoke-on-Trent
Stoke on Trent,West Midlands,5,"Asian, Asian British or Asian Welsh: Other Asian",False,direct_or_alias,4596,1,Stoke-on-Trent
Stoke on Trent,West Midlands,6,"Black, Black British, Black Welsh, Caribbean or African: African",False,direct_or_alias,5048,1,Stoke-on-Trent
Stoke on Trent,West Midlands,7,"Black, Black British, Black Welsh, Caribbean or African: Caribbean",False,direct_or_alias,916,1,Stoke-on-Trent
Stoke on Trent,West Midlands,8,"Black, Black British, Black Welsh, Caribbean or African: Other Black",False,direct_or_alias,920,1,Stoke-on-Trent
Stoke on Trent,West Midlands,9,Mixed or Multiple ethnic groups: White and Asian,False,direct_or_alias,1783,1,Stoke-on-Trent
Stoke on Trent,West Midlands,10,Mixed or Multiple ethnic groups: White and Black African,False,direct_or_alias,1020,1,Stoke-on-Trent
Stoke on Trent,West Midlands,11,Mixed or Multiple ethnic groups: White and Black Caribbean,False,direct_or_alias,2040,1,Stoke-on-Trent
Stoke on Trent,West Midlands,12,Mixed or Multiple ethnic groups: Other Mixed or Multiple ethnic groups,False,direct_or_alias,1017,1,Stoke-on-Trent
Stoke on Trent,West Midlands,13,"White: English, Welsh, Scottish, Northern Irish or British",False,direct_or_alias,202906,1,Stoke-on-Trent
Stoke on Trent,West Midlands,14,White: Irish,False,direct_or_alias,572,1,Stoke-on-Trent
Stoke on Trent,West Midlands,15,White: Gypsy or Irish Traveller,False,direct_or_alias,295,1,Stoke-on-Trent
Stoke on Trent,West Midlands,16,White: Roma,False,direct_or_alias,428,1,Stoke-on-Trent
Stoke on Trent,West Midlands,17,White: Other White,False,direct_or_alias,11498,1,Stoke-on-Trent
Stoke on Trent,West Midlands,18,Other ethnic group: Arab,False,direct_or_alias,690,1,Stoke-on-Trent
Stoke on Trent,West Midlands,19,Other ethnic group: Any other ethnic group,False,direct_or_alias,3639,1,Stoke-on-Trent
Sunderland,North East,-8,Does not apply,False,direct_or_alias,0,1,Sunderland
Sunderland,North East,1,"Asian, Asian British or Asian Welsh: Bangladeshi",False,direct_or_alias,2908,1,Sunderland
Sunderland,North East,2,"Asian, Asian British or Asian Welsh: Chinese",False,direct_or_alias,937,1,Sunderland
Sunderland,North East,3,"Asian, Asian British or Asian Welsh: Indian",False,direct_or_alias,1906,1,Sunderland
Sunderland,North East,4,"Asian, Asian British or Asian Welsh: Pakistani",False,direct_or_alias,685,1,Sunderland
Sunderland,North East,5,"Asian, Asian British or Asian Welsh: Other Asian",False,direct_or_alias,1768,1,Sunderland
Sunderland,North East,6,"Black, Black British, Black Welsh, Caribbean or African: African",False,direct_or_alias,2304,1,Sunderland
Sunderland,North East,7,"Black, Black British, Black Welsh, Caribbean or African: Caribbean",False,direct_or_alias,133,1,Sunderland
Sunderland,North East,8,"Black, Black British, Black Welsh, Caribbean or African: Other Black",False,direct_or_alias,228,1,Sunderland
Sunderland,North East,9,Mixed or Multiple ethnic groups: White and Asian,False,direct_or_alias,897,1,Sunderland
Sunderland,North East,10,Mixed or Multiple ethnic groups: White and Black African,False,direct_or_alias,536,1,Sunderland
Sunderland,North East,11,Mixed or Multiple ethnic groups: White and Black Caribbean,False,direct_or_alias,438,1,Sunderland
Sunderland,North East,12,Mixed or Multiple ethnic groups: Other Mixed or Multiple ethnic groups,False,direct_or_alias,634,1,Sunderland
Sunderland,North East,13,"White: English, Welsh, Scottish, Northern Irish or British",False,direct_or_alias,254655,1,Sunderland
Sunderland,North East,14,White: Irish,False,direct_or_alias,511,1,Sunderland
Sunderland,North East,15,White: Gypsy or Irish Traveller,False,direct_or_alias,228,1,Sunderland
Sunderland,North East,16,White: Roma,False,direct_or_alias,110,1,Sunderland
Sunderland,North East,17,White: Other White,False,direct_or_alias,3871,1,Sunderland
Sunderland,North East,18,Other ethnic group: Arab,False,direct_or_alias,417,1,Sunderland
Sunderland,North East,19,Other ethnic group: Any other ethnic group,False,direct_or_alias,1007,1,Sunderland
Swansea,Wales,-8,Does not apply,False,direct_or_alias,0,1,Swansea
Swansea,Wales,1,"Asian, Asian British or Asian Welsh: Bangladeshi",False,direct_or_alias,2865,1,Swansea
Swansea,Wales,2,"Asian, Asian British or Asian Welsh: Chinese",False,direct_or_alias,1932,1,Swansea
Swansea,Wales,3,"Asian, Asian British or Asian Welsh: Indian",False,direct_or_alias,2172,1,Swansea
Swansea,Wales,4,"Asian, Asian British or Asian Welsh: Pakistani",False,direct_or_alias,954,1,Swansea
Swansea,Wales,5,"Asian, Asian British or Asian Welsh: Other Asian",False,direct_or_alias,2528,1,Swansea
Swansea,Wales,6,"Black, Black British, Black Welsh, Caribbean or African: African",False,direct_or_alias,2227,1,Swansea
Swansea,Wales,7,"Black, Black British, Black Welsh, Caribbean or African: Caribbean",False,direct_or_alias,235,1,Swansea
Swansea,Wales,8,"Black, Black British, Black Welsh, Caribbean or African: Other Black",False,direct_or_alias,335,1,Swansea
Swansea,Wales,9,Mixed or Multiple ethnic groups: White and Asian,False,direct_or_alias,1285,1,Swansea
Swansea,Wales,10,Mixed or Multiple ethnic groups: White and Black African,False,direct_or_alias,674,1,Swansea
Swansea,Wales,11,Mixed or Multiple ethnic groups: White and Black Caribbean,False,direct_or_alias,669,1,Swansea
Swansea,Wales,12,Mixed or Multiple ethnic groups: Other Mixed or Multiple ethnic groups,False,direct_or_alias,1180,1,Swansea
Swansea,Wales,13,"White: English, Welsh, Scottish, Northern Irish or British",False,direct_or_alias,208703,1,Swansea
Swansea,Wales,14,White: Irish,False,direct_or_alias,1111,1,Swansea
Swansea,Wales,15,White: Gypsy or Irish Traveller,False,direct_or_alias,93,1,Swansea
Swansea,Wales,16,White: Roma,False,direct_or_alias,117,1,Swansea
Swansea,Wales,17,White: Other White,False,direct_or_alias,8028,1,Swansea
Swansea,Wales,18,Other ethnic group: Arab,False,direct_or_alias,1578,1,Swansea
Swansea,Wales,19,Other ethnic group: Any other ethnic group,False,direct_or_alias,1805,1,Swansea
Truro,South West,-8,Does not apply,True,area_to_city,0,1,Cornwall
Truro,South West,1,"Asian, Asian British or Asian Welsh: Bangladeshi",True,area_to_city,319,1,Cornwall
Truro,South West,2,"Asian, Asian British or Asian Welsh: Chinese",True,area_to_city,1033,1,Cornwall
Truro,South West,3,"Asian, Asian British or Asian Welsh: Indian",True,area_to_city,784,1,Cornwall
Truro,South West,4,"Asian, Asian British or Asian Welsh: Pakistani",True,area_to_city,233,1,Cornwall
Truro,South West,5,"Asian, Asian British or Asian Welsh: Other Asian",True,area_to_city,1663,1,Cornwall
Truro,South West,6,"Black, Black British, Black Welsh, Caribbean or African: African",True,area_to_city,574,1,Cornwall
Truro,South West,7,"Black, Black British, Black Welsh, Caribbean or African: Caribbean",True,area_to_city,302,1,Cornwall
Truro,South West,8,"Black, Black British, Black Welsh, Caribbean or African: Other Black",True,area_to_city,182,1,Cornwall
Truro,South West,9,Mixed or Multiple ethnic groups: White and Asian,True,area_to_city,2446,1,Cornwall
Truro,South West,10,Mixed or Multiple ethnic groups: White and Black African,True,area_to_city,895,1,Cornwall
Truro,South West,11,Mixed or Multiple ethnic groups: White and Black Caribbean,True,area_to_city,1693,1,Cornwall
Truro,South West,12,Mixed or Multiple ethnic groups: Other Mixed or Multiple ethnic groups,True,area_to_city,1996,1,Cornwall
Truro,South West,13,"White: English, Welsh, Scottish, Northern Irish or British",True,area_to_city,533882,1,Cornwall
Truro,South West,14,White: Irish,True,area_to_city,2455,1,Cornwall
Truro,South West,15,White: Gypsy or Irish Traveller,True,area_to_city,717,1,Cornwall
Truro,South West,16,White: Roma,True,area_to_city,289,1,Cornwall
Truro,South West,17,White: Other White,True,area_to_city,14787,1,Cornwall
Truro,South West,18,Other ethnic group: Arab,True,area_to_city,298,1,Cornwall
Truro,South West,19,Other ethnic group: Any other ethnic group,True,area_to_city,5757,1,Cornwall
Wakefield,Yorkshire and The Humber,-8,Does not apply,False,direct_or_alias,0,1,Wakefield
Wakefield,Yorkshire and The Humber,1,"Asian, Asian British or Asian Welsh: Bangladeshi",False,direct_or_alias,74,1,Wakefield
Wakefield,Yorkshire and The Humber,2,"Asian, Asian British or Asian Welsh: Chinese",False,direct_or_alias,1113,1,Wakefield
Wakefield,Yorkshire and The Humber,3,"Asian, Asian British or Asian Welsh: Indian",False,direct_or_alias,2291,1,Wakefield
Wakefield,Yorkshire and The Humber,4,"Asian, Asian British or Asian Welsh: Pakistani",False,direct_or_alias,7107,1,Wakefield
Wakefield,Yorkshire and The Humber,5,"Asian, Asian British or Asian Welsh: Other Asian",False,direct_or_alias,2048,1,Wakefield
Wakefield,Yorkshire and The Humber,6,"Black, Black British, Black Welsh, Caribbean or African: African",False,direct_or_alias,3589,1,Wakefield
Wakefield,Yorkshire and The Humber,7,"Black, Black British, Black Welsh, Caribbean or African: Caribbean",False,direct_or_alias,361,1,Wakefield
Wakefield,Yorkshire and The Humber,8,"Black, Black British, Black Welsh, Caribbean or African: Other Black",False,direct_or_alias,566,1,Wakefield
Wakefield,Yorkshire and The Humber,9,Mixed or Multiple ethnic groups: White and Asian,False,direct_or_alias,1708,1,Wakefield
Wakefield,Yorkshire and The Humber,10,Mixed or Multiple ethnic groups: White and Black African,False,direct_or_alias,859,1,Wakefield
Wakefield,Yorkshire and The Humber,11,Mixed or Multiple ethnic groups: White and Black Caribbean,False,direct_or_alias,1338,1,Wakefield
Wakefield,Yorkshire and The Humber,12,Mixed or Multiple ethnic groups: Other Mixed or Multiple ethnic groups,False,direct_or_alias,1033,1,Wakefield
Wakefield,Yorkshire and The Humber,13,"White: English, Welsh, Scottish, Northern Irish or British",False,direct_or_alias,311634,1,Wakefield
Wakefield,Yorkshire and The Humber,14,White: Irish,False,direct_or_alias,963,1,Wakefield
Wakefield,Yorkshire and The Humber,15,White: Gypsy or Irish Traveller,False,direct_or_alias,280,1,Wakefield
Wakefield,Yorkshire and The Humber,16,White: Roma,False,direct_or_alias,228,1,Wakefield
Wakefield,Yorkshire and The Humber,17,White: Other White,False,direct_or_alias,15637,1,Wakefield
Wakefield,Yorkshire and The Humber,18,Other ethnic group: Arab,False,direct_or_alias,559,1,Wakefield
Wakefield,Yorkshire and The Humber,19,Other ethnic group: Any other ethnic group,False,direct_or_alias,1982,1,Wakefield
Wells,South West,-8,Does not apply,True,area_to_city,0,3,Mendip|Sedgemoor|South Somerset
Wells,South West,1,"Asian, Asian British or Asian Welsh: Bangladeshi",True,area_to_city,452,3,Mendip|Sedgemoor|South Somerset
Wells,South West,2,"Asian, Asian British or Asian Welsh: Chinese",True,area_to_city,983,3,Mendip|Sedgemoor|South Somerset
Wells,South West,3,"Asian, Asian British or Asian Welsh: Indian",True,area_to_city,1850,3,Mendip|Sedgemoor|South Somerset
Wells,South West,4,"Asian, Asian British or Asian Welsh: Pakistani",True,area_to_city,230,3,Mendip|Sedgemoor|South Somerset
Wells,South West,5,"Asian, Asian British or Asian Welsh: Other Asian",True,area_to_city,1919,3,Mendip|Sedgemoor|South Somerset
Wells,South West,6,"Black, Black British, Black Welsh, Caribbean or African: African",True,area_to_city,1034,3,Mendip|Sedgemoor|South Somerset
Wells,South West,7,"Black, Black British, Black Welsh, Caribbean or African: Caribbean",True,area_to_city,337,3,Mendip|Sedgemoor|South Somerset
Wells,South West,8,"Black, Black British, Black Welsh, Caribbean or African: Other Black",True,area_to_city,237,3,Mendip|Sedgemoor|South Somerset
Wells,South West,9,Mixed or Multiple ethnic groups: White and Asian,True,area_to_city,1738,3,Mendip|Sedgemoor|South Somerset
Wells,South West,10,Mixed or Multiple ethnic groups: White and Black African,True,area_to_city,881,3,Mendip|Sedgemoor|South Somerset
Wells,South West,11,Mixed or Multiple ethnic groups: White and Black Caribbean,True,area_to_city,1098,3,Mendip|Sedgemoor|South Somerset
Wells,South West,12,Mixed or Multiple ethnic groups: Other Mixed or Multiple ethnic groups,True,area_to_city,1403,3,Mendip|Sedgemoor|South Somerset
Wells,South West,13,"White: English, Welsh, Scottish, Northern Irish or British",True,area_to_city,379273,3,Mendip|Sedgemoor|South Somerset
Wells,South West,14,White: Irish,True,area_to_city,1903,3,Mendip|Sedgemoor|South Somerset
Wells,South West,15,White: Gypsy or Irish Traveller,True,area_to_city,622,3,Mendip|Sedgemoor|South Somerset
Wells,South West,16,White: Roma,True,area_to_city,356,3,Mendip|Sedgemoor|South Somerset
Wells,South West,17,White: Other White,True,area_to_city,18111,3,Mendip|Sedgemoor|South Somerset
Wells,South West,18,Other ethnic group: Arab,True,area_to_city,231,3,Mendip|Sedgemoor|South Somerset
Wells,South West,19,Other ethnic group: Any other ethnic group,True,area_to_city,1442,3,Mendip|Sedgemoor|South Somerset
Westminster,London,-8,Does not apply,False,direct_or_alias,0,1,Westminster
Westminster,London,1,"Asian, Asian British or Asian Welsh: Bangladeshi",False,direct_or_alias,7533,1,Westminster
Westminster,London,2,"Asian, Asian British or Asian Welsh: Chinese",False,direct_or_alias,6625,1,Westminster
Westminster,London,3,"Asian, Asian British or Asian Welsh: Indian",False,direct_or_alias,7965,1,Westminster
Westminster,London,4,"Asian, Asian British or Asian Welsh: Pakistani",False,direct_or_alias,2461,1,Westminster
Westminster,London,5,"Asian, Asian British or Asian Welsh: Other Asian",False,direct_or_alias,9658,1,Westminster
Westminster,London,6,"Black, Black British, Black Welsh, Caribbean or African: African",False,direct_or_alias,10451,1,Westminster
Westminster,London,7,"Black, Black British, Black Welsh, Caribbean or African: Caribbean",False,direct_or_alias,4307,1,Westminster
Westminster,London,8,"Black, Black British, Black Welsh, Caribbean or African: Other Black",False,direct_or_alias,1698,1,Westminster
Westminster,London,9,Mixed or Multiple ethnic groups: White and Asian,False,direct_or_alias,3718,1,Westminster
Westminster,London,10,Mixed or Multiple ethnic groups: White and Black African,False,direct_or_alias,2089,1,Westminster
Westminster,London,11,Mixed or Multiple ethnic groups: White and Black Caribbean,False,direct_or_alias,2061,1,Westminster
Westminster,London,12,Mixed or Multiple ethnic groups: Other Mixed or Multiple ethnic groups,False,direct_or_alias,5467,1,Westminster
Westminster,London,13,"White: English, Welsh, Scottish, Northern Irish or British",False,direct_or_alias,57162,1,Westminster
Westminster,London,14,White: Irish,False,direct_or_alias,3742,1,Westminster
Westminster,London,15,White: Gypsy or Irish Traveller,False,direct_or_alias,49,1,Westminster
Westminster,London,16,White: Roma,False,direct_or_alias,1503,1,Westminster
Westminster,London,17,White: Other White,False,direct_or_alias,50276,1,Westminster
Westminster,London,18,Other ethnic group: Arab,False,direct_or_alias,15439,1,Westminster
Westminster,London,19,Other ethnic group: Any other ethnic group,False,direct_or_alias,12032,1,Westminster
Winchester,South East,-8,Does not apply,False,direct_or_alias,0,1,Winchester
Winchester,South East,1,"Asian, Asian British or Asian Welsh: Bangladeshi",False,direct_or_alias,271,1,Winchester
Winchester,South East,2,"Asian, Asian British or Asian Welsh: Chinese",False,direct_or_alias,793,1,Winchester
Winchester,South East,3,"Asian, Asian British or Asian Welsh: Indian",False,direct_or_alias,1102,1,Winchester
Winchester,South East,4,"Asian, Asian British or Asian Welsh: Pakistani",False,direct_or_alias,206,1,Winchester
Winchester,South East,5,"Asian, Asian British or Asian Welsh: Other Asian",False,direct_or_alias,1545,1,Winchester
Winchester,South East,6,"Black, Black British, Black Welsh, Caribbean or African: African",False,direct_or_alias,499,1,Winchester
Winchester,South East,7,"Black, Black British, Black Welsh, Caribbean or African: Caribbean",False,direct_or_alias,199,1,Winchester
Winchester,South East,8,"Black, Black British, Black Welsh, Caribbean or African: Other Black",False,direct_or_alias,94,1,Winchester
Winchester,South East,9,Mixed or Multiple ethnic groups: White and Asian,False,direct_or_alias,1111,1,Winchester
Winchester,South East,10,Mixed or Multiple ethnic groups: White and Black African,False,direct_or_alias,316,1,Winchester
Winchester,South East,11,Mixed or Multiple ethnic groups: White and Black Caribbean,False,direct_or_alias,409,1,Winchester
Winchester,South East,12,Mixed or Multiple ethnic groups: Other Mixed or Multiple ethnic groups,False,direct_or_alias,754,1,Winchester
Winchester,South East,13,"White: English, Welsh, Scottish, Northern Irish or British",False,direct_or_alias,112304,1,Winchester
Winchester,South East,14,White: Irish,False,direct_or_alias,902,1,Winchester
Winchester,South East,15,White: Gypsy or Irish Traveller,False,direct_or_alias,374,1,Winchester
Winchester,South East,16,White: Roma,False,direct_or_alias,87,1,Winchester
Winchester,South East,17,White: Other White,False,direct_or_alias,5638,1,Winchester
Winchester,South East,18,Other ethnic group: Arab,False,direct_or_alias,186,1,Winchester
Winchester,South East,19,Other ethnic group: Any other ethnic group,False,direct_or_alias,654,1,Winchester
Wolverhampton,West Midlands,-8,Does not apply,False,direct_or_alias,0,1,Wolverhampton
Wolverhampton,West Midlands,1,"Asian, Asian British or Asian Welsh: Bangladeshi",False,direct_or_alias,531,1,Wolverhampton
Wolverhampton,West Midlands,2,"Asian, Asian British or Asian Welsh: Chinese",False,direct_or_alias,802,1,Wolverhampton
Wolverhampton,West Midlands,3,"Asian, Asian British or Asian Welsh: Indian",False,direct_or_alias,42052,1,Wolverhampton
Wolverhampton,West Midlands,4,"Asian, Asian British or Asian Welsh: Pakistani",False,direct_or_alias,6676,1,Wolverhampton
Wolverhampton,West Midlands,5,"Asian, Asian British or Asian Welsh: Other Asian",False,direct_or_alias,5840,1,Wolverhampton
Wolverhampton,West Midlands,6,"Black, Black British, Black Welsh, Caribbean or African: African",False,direct_or_alias,11158,1,Wolverhampton
Wolverhampton,West Midlands,7,"Black, Black British, Black Welsh, Caribbean or African: Caribbean",False,direct_or_alias,9905,1,Wolverhampton
Wolverhampton,West Midlands,8,"Black, Black British, Black Welsh, Caribbean or African: Other Black",False,direct_or_alias,3573,1,Wolverhampton
Wolverhampton,West Midlands,9,Mixed or Multiple ethnic groups: White and Asian,False,direct_or_alias,2573,1,Wolverhampton
Wolverhampton,West Midlands,10,Mixed or Multiple ethnic groups: White and Black African,False,direct_or_alias,939,1,Wolverhampton
Wolverhampton,West Midlands,11,Mixed or Multiple ethnic groups: White and Black Caribbean,False,direct_or_alias,8495,1,Wolverhampton
Wolverhampton,West Midlands,12,Mixed or Multiple ethnic groups: Other Mixed or Multiple ethnic groups,False,direct_or_alias,2058,1,Wolverhampton
Wolverhampton,West Midlands,13,"White: English, Welsh, Scottish, Northern Irish or British",False,direct_or_alias,144303,1,Wolverhampton
Wolverhampton,West Midlands,14,White: Irish,False,direct_or_alias,1170,1,Wolverhampton
Wolverhampton,West Midlands,15,White: Gypsy or Irish Traveller,False,direct_or_alias,255,1,Wolverhampton
Wolverhampton,West Midlands,16,White: Roma,False,direct_or_alias,451,1,Wolverhampton
Wolverhampton,West Midlands,17,White: Other White,False,direct_or_alias,13528,1,Wolverhampton
Wolverhampton,West Midlands,18,Other ethnic group: Arab,False,direct_or_alias,966,1,Wolverhampton
Wolverhampton,West Midlands,19,Other ethnic group: Any other ethnic group,False,direct_or_alias,8451,1,Wolverhampton
Worcester,West Midlands,-8,Does not apply,False,direct_or_alias,0,1,Worcester
Worcester,West Midlands,1,"Asian, Asian British or Asian Welsh: Bangladeshi",False,direct_or_alias,542,1,Worcester
Worcester,West Midlands,2,"Asian, Asian British or Asian Welsh: Chinese",False,direct_or_alias,388,1,Worcester
Worcester,West Midlands,3,"Asian, Asian British or Asian Welsh: Indian",False,direct_or_alias,1336,1,Worcester
Worcester,West Midlands,4,"Asian, Asian British or Asian Welsh: Pakistani",False,direct_or_alias,2578,1,Worcester
Worcester,West Midlands,5,"Asian, Asian British or Asian Welsh: Other Asian",False,direct_or_alias,1016,1,Worcester
Worcester,West Midlands,6,"Black, Black British, Black Welsh, Caribbean or African: African",False,direct_or_alias,836,1,Worcester
Worcester,West Midlands,7,"Black, Black British, Black Welsh, Caribbean or African: Caribbean",False,direct_or_alias,241,1,Worcester
Worcester,West Midlands,8,"Black, Black British, Black Welsh, Caribbean or African: Other Black",False,direct_or_alias,135,1,Worcester
Worcester,West Midlands,9,Mixed or Multiple ethnic groups: White and Asian,False,direct_or_alias,716,1,Worcester
Worcester,West Midlands,10,Mixed or Multiple ethnic groups: White and Black African,False,direct_or_alias,425,1,Worcester
Worcester,West Midlands,11,Mixed or Multiple ethnic groups: White and Black Caribbean,False,direct_or_alias,628,1,Worcester
Worcester,West Midlands,12,Mixed or Multiple ethnic groups: Other Mixed or Multiple ethnic groups,False,direct_or_alias,514,1,Worcester
Worcester,West Midlands,13,"White: English, Welsh, Scottish, Northern Irish or British",False,direct_or_alias,85868,1,Worcester
Worcester,West Midlands,14,White: Irish,False,direct_or_alias,566,1,Worcester
Worcester,West Midlands,15,White: Gypsy or Irish Traveller,False,direct_or_alias,95,1,Worcester
Worcester,West Midlands,16,White: Roma,False,direct_or_alias,132,1,Worcester
Worcester,West Midlands,17,White: Other White,False,direct_or_alias,6817,1,Worcester
Worcester,West Midlands,18,Other ethnic group: Arab,False,direct_or_alias,160,1,Worcester
Worcester,West Midlands,19,Other ethnic group: Any other ethnic group,False,direct_or_alias,876,1,Worcester
Wrexham,Wales,-8,Does not apply,False,direct_or_alias,0,1,Wrexham
Wrexham,Wales,1,"Asian, Asian British or Asian Welsh: Bangladeshi",False,direct_or_alias,276,1,Wrexham
Wrexham,Wales,2,"Asian, Asian British or Asian Welsh: Chinese",False,direct_or_alias,304,1,Wrexham
Wrexham,Wales,3,"Asian, Asian British or Asian Welsh: Indian",False,direct_or_alias,538,1,Wrexham
Wrexham,Wales,4,"Asian, Asian British or Asian Welsh: Pakistani",False,direct_or_alias,283,1,Wrexham
Wrexham,Wales,5,"Asian, Asian British or Asian Welsh: Other Asian",False,direct_or_alias,845,1,Wrexham
Wrexham,Wales,6,"Black, Black British, Black Welsh, Caribbean or African: African",False,direct_or_alias,654,1,Wrexham
Wrexham,Wales,7,"Black, Black British, Black Welsh, Caribbean or African: Caribbean",False,direct_or_alias,87,1,Wrexham
Wrexham,Wales,8,"Black, Black British, Black Welsh, Caribbean or African: Other Black",False,direct_or_alias,137,1,Wrexham
Wrexham,Wales,9,Mixed or Multiple ethnic groups: White and Asian,False,direct_or_alias,446,1,Wrexham
Wrexham,Wales,10,Mixed or Multiple ethnic groups: White and Black African,False,direct_or_alias,392,1,Wrexham
Wrexham,Wales,11,Mixed or Multiple ethnic groups: White and Black Caribbean,False,direct_or_alias,382,1,Wrexham
Wrexham,Wales,12,Mixed or Multiple ethnic groups: Other Mixed or Multiple ethnic groups,False,direct_or_alias,338,1,Wrexham
Wrexham,Wales,13,"White: English, Welsh, Scottish, Northern Irish or British",False,direct_or_alias,122547,1,Wrexham
Wrexham,Wales,14,White: Irish,False,direct_or_alias,427,1,Wrexham
Wrexham,Wales,15,White: Gypsy or Irish Traveller,False,direct_or_alias,119,1,Wrexham
Wrexham,Wales,16,White: Roma,False,direct_or_alias,64,1,Wrexham
Wrexham,Wales,17,White: Other White,False,direct_or_alias,6520,1,Wrexham
Wrexham,Wales,18,Other ethnic group: Arab,False,direct_or_alias,219,1,Wrexham
Wrexham,Wales,19,Other ethnic group: Any other ethnic group,False,direct_or_alias,544,1,Wrexham
York,Yorkshire and The Humber,-8,Does not apply,False,direct_or_alias,0,1,York
York,Yorkshire and The Humber,1,"Asian, Asian British or Asian Welsh: Bangladeshi",False,direct_or_alias,413,1,York
York,Yorkshire and The Humber,2,"Asian, Asian British or Asian Welsh: Chinese",False,direct_or_alias,2889,1,York
York,Yorkshire and The Humber,3,"Asian, Asian British or Asian Welsh: Indian",False,direct_or_alias,1853,1,York
York,Yorkshire and The Humber,4,"Asian, Asian British or Asian Welsh: Pakistani",False,direct_or_alias,545,1,York
York,Yorkshire and The Humber,5,"Asian, Asian British or Asian Welsh: Other Asian",False,direct_or_alias,1934,1,York
York,Yorkshire and The Humber,6,"Black, Black British, Black Welsh, Caribbean or African: African",False,direct_or_alias,978,1,York
York,Yorkshire and The Humber,7,"Black, Black British, Black Welsh, Caribbean or African: Caribbean",False,direct_or_alias,208,1,York
York,Yorkshire and The Humber,8,"Black, Black British, Black Welsh, Caribbean or African: Other Black",False,direct_or_alias,139,1,York
York,Yorkshire and The Humber,9,Mixed or Multiple ethnic groups: White and Asian,False,direct_or_alias,1579,1,York
York,Yorkshire and The Humber,10,Mixed or Multiple ethnic groups: White and Black African,False,direct_or_alias,494,1,York
York,Yorkshire and The Humber,11,Mixed or Multiple ethnic groups: White and Black Caribbean,False,direct_or_alias,631,1,York
York,Yorkshire and The Humber,12,Mixed or Multiple ethnic groups: Other Mixed or Multiple ethnic groups,False,direct_or_alias,1037,1,York
York,Yorkshire and The Humber,13,"White: English, Welsh, Scottish, Northern Irish or British",False,direct_or_alias,176963,1,York
York,Yorkshire and The Humber,14,White: Irish,False,direct_or_alias,1317,1,York
York,Yorkshire and The Humber,15,White: Gypsy or Irish Traveller,False,direct_or_alias,368,1,York
York,Yorkshire and The Humber,16,White: Roma,False,direct_or_alias,222,1,York
York,Yorkshire and The Humber,17,White: Other White,False,direct_or_alias,9297,1,York
York,Yorkshire and The Humber,18,Other ethnic group: Arab,False,direct_or_alias,623,1,York
York,Yorkshire and The Humber,19,Other ethnic group: Any other ethnic group,False,direct_or_alias,1331,1,York
