nomis_dataset,DATE,DATE_NAME,DATE_CODE,DATE_TYPE,DATE_TYPECODE,DATE_SORTORDER,GEOGRAPHY,GEOGRAPHY_NAME,GEOGRAPHY_CODE,GEOGRAPHY_TYPE,GEOGRAPHY_TYPECODE,GEOGRAPHY_SORTORDER,SEX,SEX_NAME,SEX_CODE,SEX_TYPE,SEX_TYPECODE,SEX_SORTORDER,PAY,PAY_NAME,PAY_CODE,PAY_TYPE,PAY_TYPECODE,PAY_SORTORDER,ITEM,ITEM_NAME,ITEM_CODE,ITEM_TYPE,ITEM_TYPECODE,ITEM_SORTORDER,MEASURES,MEASURES_NAME,OBS_VALUE,OBS_STATUS,OBS_STATUS_NAME,OBS_CONF,OBS_CONF_NAME,URN,RECORD_OFFSET,RECORD_COUNT,GEOGRAPHY_CODE_REGION,GEOGRAPHY_CODE_REGION_CODE
NM_30_1,2002,2002,2002,date,0,0,2021654666,Darlington,E06000005,pre-2009 local authorities: county / unitary,482,0,8,Full Time Workers,8,sex,0,0,1,Weekly pay - gross,1,item,0,0,2,Median,2,item,0,0,20100,Value,335.0,A,Normal Value,F,Free (free for publication),Nm-30d1d32032e0d2021654666d8d1d2d20100,0,2290,North East,E12000001
NM_30_1,2002,2002,2002,date,0,0,2021654666,Darlington,E06000005,pre-2009 local authorities: county / unitary,482,0,8,Full Time Workers,8,sex,0,0,1,Weekly pay - gross,1,item,0,0,2,Median,2,item,0,0,20701,Confidence,7.4,A,Normal Value,F,Free (free for publication),Nm-30d1d32032e0d2021654666d8d1d2d20701,1,2290,North East,E12000001
NM_30_1,2002,2002,2002,date,0,0,2021654668,Hartlepool,E06000001,pre-2009 local authorities: county / unitary,482,1,8,Full Time Workers,8,sex,0,0,1,Weekly pay - gross,1,item,0,0,2,Median,2,item,0,0,20100,Value,344.8,A,Normal Value,F,Free (free for publication),Nm-30d1d32032e0d2021654668d8d1d2d20100,2,2290,North East,E12000001
NM_30_1,2002,2002,2002,date,0,0,2021654668,Hartlepool,E06000001,pre-2009 local authorities: county / unitary,482,1,8,Full Time Workers,8,sex,0,0,1,Weekly pay - gross,1,item,0,0,2,Median,2,item,0,0,20701,Confidence,10.0,A,Normal Value,F,Free (free for publication),Nm-30d1d32032e0d2021654668d8d1d2d20701,3,2290,North East,E12000001
NM_30_1,2002,2002,2002,date,0,0,2021654669,Middlesbrough,E06000002,pre-2009 local authorities: county / unitary,482,2,8,Full Time Workers,8,sex,0,0,1,Weekly pay - gross,1,item,0,0,2,Median,2,item,0,0,20100,Value,313.4,A,Normal Value,F,Free (free for publication),Nm-30d1d32032e0d2021654669d8d1d2d20100,4,2290,North East,E12000001
NM_30_1,2002,2002,2002,date,0,0,2021654669,Middlesbrough,E06000002,pre-2009 local authorities: county / unitary,482,2,8,Full Time Workers,8,sex,0,0,1,Weekly pay - gross,1,item,0,0,2,Median,2,item,0,0,20701,Confidence,7.2,A,Normal Value,F,Free (free for publication),Nm-30d1d32032e0d2021654669d8d1d2d20701,5,2290,North East,E12000001
NM_30_1,2002,2002,2002,date,0,0,2021654671,Redcar and Cleveland,E06000003,pre-2009 local authorities: county / unitary,482,3,8,Full Time Workers,8,sex,0,0,1,Weekly pay - gross,1,item,0,0,2,Median,2,item,0,0,20100,Value,336.5,A,Normal Value,F,Free (free for publication),Nm-30d1d32032e0d2021654671d8d1d2d20100,6,2290,North East,E12000001
NM_30_1,2002,2002,2002,date,0,0,2021654671,Redcar and Cleveland,E06000003,pre-2009 local authorities: county / unitary,482,3,8,Full Time Workers,8,sex,0,0,1,Weekly pay - gross,1,item,0,0,2,Median,2,item,0,0,20701,Confidence,7.6,A,Normal Value,F,Free (free for publication),Nm-30d1d32032e0d2021654671d8d1d2d20701,7,2290,North East,E12000001
NM_30_1,2002,2002,2002,date,0,0,2021654672,Stockton on Tees,E06000004,pre-2009 local authorities: county / unitary,482,4,8,Full Time Workers,8,sex,0,0,1,Weekly pay - gross,1,item,0,0,2,Median,2,item,0,0,20100,Value,362.3,A,Normal Value,F,Free (free for publication),Nm-30d1d32032e0d2021654672d8d1d2d20100,8,2290,North East,E12000001
NM_30_1,2002,2002,2002,date,0,0,2021654672,Stockton on Tees,E06000004,pre-2009 local authorities: county / unitary,482,4,8,Full Time Workers,8,sex,0,0,1,Weekly pay - gross,1,item,0,0,2,Median,2,item,0,0,20701,Confidence,6.3,A,Normal Value,F,Free (free for publication),Nm-30d1d32032e0d2021654672d8d1d2d20701,9,2290,North East,E12000001
NM_30_1,2002,2002,2002,date,0,0,2021654667,Durham,E10000010,pre-2009 local authorities: county / unitary,482,5,8,Full Time Workers,8,sex,0,0,1,Weekly pay - gross,1,item,0,0,2,Median,2,item,0,0,20100,Value,339.5,A,Normal Value,F,Free (free for publication),Nm-30d1d32032e0d2021654667d8d1d2d20100,10,2290,,
NM_30_1,2002,2002,2002,date,0,0,2021654667,Durham,E10000010,pre-2009 local authorities: county / unitary,482,5,8,Full Time Workers,8,sex,0,0,1,Weekly pay - gross,1,item,0,0,2,Median,2,item,0,0,20701,Confidence,3.4,A,Normal Value,F,Free (free for publication),Nm-30d1d32032e0d2021654667d8d1d2d20701,11,2290,,
NM_30_1,2002,2002,2002,date,0,0,2021654670,Northumberland,E10000022,pre-2009 local authorities: county / unitary,482,6,8,Full Time Workers,8,sex,0,0,1,Weekly pay - gross,1,item,0,0,2,Median,2,item,0,0,20100,Value,358.6,A,Normal Value,F,Free (free for publication),Nm-30d1d32032e0d2021654670d8d1d2d20100,12,2290,,
NM_30_1,2002,2002,2002,date,0,0,2021654670,Northumberland,E10000022,pre-2009 local authorities: county / unitary,482,6,8,Full Time Workers,8,sex,0,0,1,Weekly pay - gross,1,item,0,0,2,Median,2,item,0,0,20701,Confidence,4.3,A,Normal Value,F,Free (free for publication),Nm-30d1d32032e0d2021654670d8d1d2d20701,13,2290,,
NM_30_1,2002,2002,2002,date,0,0,2021654673,Gateshead,E08000020,pre-2009 local authorities: county / unitary,482,7,8,Full Time Workers,8,sex,0,0,1,Weekly pay - gross,1,item,0,0,2,Median,2,item,0,0,20100,Value,337.9,A,Normal Value,F,Free (free for publication),Nm-30d1d32032e0d2021654673d8d1d2d20100,14,2290,,
NM_30_1,2002,2002,2002,date,0,0,2021654673,Gateshead,E08000020,pre-2009 local authorities: county / unitary,482,7,8,Full Time Workers,8,sex,0,0,1,Weekly pay - gross,1,item,0,0,2,Median,2,item,0,0,20701,Confidence,4.8,A,Normal Value,F,Free (free for publication),Nm-30d1d32032e0d2021654673d8d1d2d20701,15,2290,,
NM_30_1,2002,2002,2002,date,0,0,2021654674,Newcastle-upon-Tyne,E08000021,pre-2009 local authorities: county / unitary,482,8,8,Full Time Workers,8,sex,0,0,1,Weekly pay - gross,1,item,0,0,2,Median,2,item,0,0,20100,Value,367.8,A,Normal Value,F,Free (free for publication),Nm-30d1d32032e0d2021654674d8d1d2d20100,16,2290,North East,E12000001
NM_30_1,2002,2002,2002,date,0,0,2021654674,Newcastle-upon-Tyne,E08000021,pre-2009 local authorities: county / unitary,482,8,8,Full Time Workers,8,sex,0,0,1,Weekly pay - gross,1,item,0,0,2,Median,2,item,0,0,20701,Confidence,5.3,A,Normal Value,F,Free (free for publication),Nm-30d1d32032e0d2021654674d8d1d2d20701,17,2290,North East,E12000001
NM_30_1,2002,2002,2002,date,0,0,2021654675,North Tyneside,E08000022,pre-2009 local authorities: county / unitary,482,9,8,Full Time Workers,8,sex,0,0,1,Weekly pay - gross,1,item,0,0,2,Median,2,item,0,0,20100,Value,345.5,A,Normal Value,F,Free (free for publication),Nm-30d1d32032e0d2021654675d8d1d2d20100,18,2290,North East,E12000001
NM_30_1,2002,2002,2002,date,0,0,2021654675,North Tyneside,E08000022,pre-2009 local authorities: county / unitary,482,9,8,Full Time Workers,8,sex,0,0,1,Weekly pay - gross,1,item,0,0,2,Median,2,item,0,0,20701,Confidence,6.1,A,Normal Value,F,Free (free for publication),Nm-30d1d32032e0d2021654675d8d1d2d20701,19,2290,North East,E12000001
NM_30_1,2002,2002,2002,date,0,0,2021654676,South Tyneside,E08000023,pre-2009 local authorities: county / unitary,482,10,8,Full Time Workers,8,sex,0,0,1,Weekly pay - gross,1,item,0,0,2,Median,2,item,0,0,20100,Value,358.6,A,Normal Value,F,Free (free for publication),Nm-30d1d32032e0d2021654676d8d1d2d20100,20,2290,North East,E12000001
NM_30_1,2002,2002,2002,date,0,0,2021654676,South Tyneside,E08000023,pre-2009 local authorities: county / unitary,482,10,8,Full Time Workers,8,sex,0,0,1,Weekly pay - gross,1,item,0,0,2,Median,2,item,0,0,20701,Confidence,6.9,A,Normal Value,F,Free (free for publication),Nm-30d1d32032e0d2021654676d8d1d2d20701,21,2290,North East,E12000001
NM_30_1,2002,2002,2002,date,0,0,2021654677,Sunderland,E08000024,pre-2009 local authorities: county / unitary,482,11,8,Full Time Workers,8,sex,0,0,1,Weekly pay - gross,1,item,0,0,2,Median,2,item,0,0,20100,Value,315.1,A,Normal Value,F,Free (free for publication),Nm-30d1d32032e0d2021654677d8d1d2d20100,22,2290,North East,E12000001
NM_30_1,2002,2002,2002,date,0,0,2021654677,Sunderland,E08000024,pre-2009 local authorities: county / unitary,482,11,8,Full Time Workers,8,sex,0,0,1,Weekly pay - gross,1,item,0,0,2,Median,2,item,0,0,20701,Confidence,4.1,A,Normal Value,F,Free (free for publication),Nm-30d1d32032e0d2021654677d8d1d2d20701,23,2290,North East,E12000001
NM_30_1,2002,2002,2002,date,0,0,2021654650,Blackburn with Darwen,E06000008,pre-2009 local authorities: county / unitary,482,12,8,Full Time Workers,8,sex,0,0,1,Weekly pay - gross,1,item,0,0,2,Median,2,item,0,0,20100,Value,337.2,A,Normal Value,F,Free (free for publication),Nm-30d1d32032e0d2021654650d8d1d2d20100,24,2290,North West,E12000002
NM_30_1,2002,2002,2002,date,0,0,2021654650,Blackburn with Darwen,E06000008,pre-2009 local authorities: county / unitary,482,12,8,Full Time Workers,8,sex,0,0,1,Weekly pay - gross,1,item,0,0,2,Median,2,item,0,0,20701,Confidence,6.2,A,Normal Value,F,Free (free for publication),Nm-30d1d32032e0d2021654650d8d1d2d20701,25,2290,North West,E12000002
NM_30_1,2002,2002,2002,date,0,0,2021654651,Blackpool,E06000009,pre-2009 local authorities: county / unitary,482,13,8,Full Time Workers,8,sex,0,0,1,Weekly pay - gross,1,item,0,0,2,Median,2,item,0,0,20100,Value,324.4,A,Normal Value,F,Free (free for publication),Nm-30d1d32032e0d2021654651d8d1d2d20100,26,2290,North West,E12000002
NM_30_1,2002,2002,2002,date,0,0,2021654651,Blackpool,E06000009,pre-2009 local authorities: county / unitary,482,13,8,Full Time Workers,8,sex,0,0,1,Weekly pay - gross,1,item,0,0,2,Median,2,item,0,0,20701,Confidence,6.2,A,Normal Value,F,Free (free for publication),Nm-30d1d32032e0d2021654651d8d1d2d20701,27,2290,North West,E12000002
NM_30_1,2002,2002,2002,date,0,0,2021654663,Halton,E06000006,pre-2009 local authorities: county / unitary,482,14,8,Full Time Workers,8,sex,0,0,1,Weekly pay - gross,1,item,0,0,2,Median,2,item,0,0,20100,Value,355.3,A,Normal Value,F,Free (free for publication),Nm-30d1d32032e0d2021654663d8d1d2d20100,28,2290,North West,E12000002
NM_30_1,2002,2002,2002,date,0,0,2021654663,Halton,E06000006,pre-2009 local authorities: county / unitary,482,14,8,Full Time Workers,8,sex,0,0,1,Weekly pay - gross,1,item,0,0,2,Median,2,item,0,0,20701,Confidence,5.4,A,Normal Value,F,Free (free for publication),Nm-30d1d32032e0d2021654663d8d1d2d20701,29,2290,North West,E12000002
NM_30_1,2002,2002,2002,date,0,0,2021654665,Warrington,E06000007,pre-2009 local authorities: county / unitary,482,15,8,Full Time Workers,8,sex,0,0,1,Weekly pay - gross,1,item,0,0,2,Median,2,item,0,0,20100,Value,383.9,A,Normal Value,F,Free (free for publication),Nm-30d1d32032e0d2021654665d8d1d2d20100,30,2290,North West,E12000002
NM_30_1,2002,2002,2002,date,0,0,2021654665,Warrington,E06000007,pre-2009 local authorities: county / unitary,482,15,8,Full Time Workers,8,sex,0,0,1,Weekly pay - gross,1,item,0,0,2,Median,2,item,0,0,20701,Confidence,5.0,A,Normal Value,F,Free (free for publication),Nm-30d1d32032e0d2021654665d8d1d2d20701,31,2290,North West,E12000002
NM_30_1,2002,2002,2002,date,0,0,2021654652,Cheshire,E10000004,pre-2009 local authorities: county / unitary,482,16,8,Full Time Workers,8,sex,0,0,1,Weekly pay - gross,1,item,0,0,2,Median,2,item,0,0,20100,Value,422.3,A,Normal Value,F,Free (free for publication),Nm-30d1d32032e0d2021654652d8d1d2d20100,32,2290,,
NM_30_1,2002,2002,2002,date,0,0,2021654652,Cheshire,E10000004,pre-2009 local authorities: county / unitary,482,16,8,Full Time Workers,8,sex,0,0,1,Weekly pay - gross,1,item,0,0,2,Median,2,item,0,0,20701,Confidence,2.8,A,Normal Value,F,Free (free for publication),Nm-30d1d32032e0d2021654652d8d1d2d20701,33,2290,,
NM_30_1,2002,2002,2002,date,0,0,2021654649,Cumbria,E10000006,pre-2009 local authorities: county / unitary,482,17,8,Full Time Workers,8,sex,0,0,1,Weekly pay - gross,1,item,0,0,2,Median,2,item,0,0,20100,Value,367.1,A,Normal Value,F,Free (free for publication),Nm-30d1d32032e0d2021654649d8d1d2d20100,34,2290,,
NM_30_1,2002,2002,2002,date,0,0,2021654649,Cumbria,E10000006,pre-2009 local authorities: county / unitary,482,17,8,Full Time Workers,8,sex,0,0,1,Weekly pay - gross,1,item,0,0,2,Median,2,item,0,0,20701,Confidence,3.4,A,Normal Value,F,Free (free for publication),Nm-30d1d32032e0d2021654649d8d1d2d20701,35,2290,,
NM_30_1,2002,2002,2002,date,0,0,2021654653,Bolton,E08000001,pre-2009 local authorities: county / unitary,482,18,8,Full Time Workers,8,sex,0,0,1,Weekly pay - gross,1,item,0,0,2,Median,2,item,0,0,20100,Value,356.2,A,Normal Value,F,Free (free for publication),Nm-30d1d32032e0d2021654653d8d1d2d20100,36,2290,North West,E12000002
NM_30_1,2002,2002,2002,date,0,0,2021654653,Bolton,E08000001,pre-2009 local authorities: county / unitary,482,18,8,Full Time Workers,8,sex,0,0,1,Weekly pay - gross,1,item,0,0,2,Median,2,item,0,0,20701,Confidence,4.5,A,Normal Value,F,Free (free for publication),Nm-30d1d32032e0d2021654653d8d1d2d20701,37,2290,North West,E12000002
NM_30_1,2002,2002,2002,date,0,0,2021654654,Bury,E08000002,pre-2009 local authorities: county / unitary,482,19,8,Full Time Workers,8,sex,0,0,1,Weekly pay - gross,1,item,0,0,2,Median,2,item,0,0,20100,Value,407.2,A,Normal Value,F,Free (free for publication),Nm-30d1d32032e0d2021654654d8d1d2d20100,38,2290,North West,E12000002
NM_30_1,2002,2002,2002,date,0,0,2021654654,Bury,E08000002,pre-2009 local authorities: county / unitary,482,19,8,Full Time Workers,8,sex,0,0,1,Weekly pay - gross,1,item,0,0,2,Median,2,item,0,0,20701,Confidence,4.3,A,Normal Value,F,Free (free for publication),Nm-30d1d32032e0d2021654654d8d1d2d20701,39,2290,North West,E12000002
NM_30_1,2002,2002,2002,date,0,0,2021654655,Manchester,E08000003,pre-2009 local authorities: county / unitary,482,20,8,Full Time Workers,8,sex,0,0,1,Weekly pay - gross,1,item,0,0,2,Median,2,item,0,0,20100,Value,346.1,A,Normal Value,F,Free (free for publication),Nm-30d1d32032e0d2021654655d8d1d2d20100,40,2290,North West,E12000002
NM_30_1,2002,2002,2002,date,0,0,2021654655,Manchester,E08000003,pre-2009 local authorities: county / unitary,482,20,8,Full Time Workers,8,sex,0,0,1,Weekly pay - gross,1,item,0,0,2,Median,2,item,0,0,20701,Confidence,4.2,A,Normal Value,F,Free (free for publication),Nm-30d1d32032e0d2021654655d8d1d2d20701,41,2290,North West,E12000002
NM_30_1,2002,2002,2002,date,0,0,2021654656,Oldham,E08000004,pre-2009 local authorities: county / unitary,482,21,8,Full Time Workers,8,sex,0,0,1,Weekly pay - gross,1,item,0,0,2,Median,2,item,0,0,20100,Value,349.3,A,Normal Value,F,Free (free for publication),Nm-30d1d32032e0d2021654656d8d1d2d20100,42,2290,North West,E12000002
NM_30_1,2002,2002,2002,date,0,0,2021654656,Oldham,E08000004,pre-2009 local authorities: county / unitary,482,21,8,Full Time Workers,8,sex,0,0,1,Weekly pay - gross,1,item,0,0,2,Median,2,item,0,0,20701,Confidence,5.1,A,Normal Value,F,Free (free for publication),Nm-30d1d32032e0d2021654656d8d1d2d20701,43,2290,North West,E12000002
NM_30_1,2002,2002,2002,date,0,0,2021654657,Rochdale,E08000005,pre-2009 local authorities: county / unitary,482,22,8,Full Time Workers,8,sex,0,0,1,Weekly pay - gross,1,item,0,0,2,Median,2,item,0,0,20100,Value,353.2,A,Normal Value,F,Free (free for publication),Nm-30d1d32032e0d2021654657d8d1d2d20100,44,2290,North West,E12000002
NM_30_1,2002,2002,2002,date,0,0,2021654657,Rochdale,E08000005,pre-2009 local authorities: county / unitary,482,22,8,Full Time Workers,8,sex,0,0,1,Weekly pay - gross,1,item,0,0,2,Median,2,item,0,0,20701,Confidence,4.5,A,Normal Value,F,Free (free for publication),Nm-30d1d32032e0d2021654657d8d1d2d20701,45,2290,North West,E12000002
NM_30_1,2002,2002,2002,date,0,0,2021654658,Salford,E08000006,pre-2009 local authorities: county / unitary,482,23,8,Full Time Workers,8,sex,0,0,1,Weekly pay - gross,1,item,0,0,2,Median,2,item,0,0,20100,Value,346.4,A,Normal Value,F,Free (free for publication),Nm-30d1d32032e0d2021654658d8d1d2d20100,46,2290,North West,E12000002
NM_30_1,2002,2002,2002,date,0,0,2021654658,Salford,E08000006,pre-2009 local authorities: county / unitary,482,23,8,Full Time Workers,8,sex,0,0,1,Weekly pay - gross,1,item,0,0,2,Median,2,item,0,0,20701,Confidence,5.4,A,Normal Value,F,Free (free for publication),Nm-30d1d32032e0d2021654658d8d1d2d20701,47,2290,North West,E12000002
NM_30_1,2002,2002,2002,date,0,0,2021654659,Stockport,E08000007,pre-2009 local authorities: county / unitary,482,24,8,Full Time Workers,8,sex,0,0,1,Weekly pay - gross,1,item,0,0,2,Median,2,item,0,0,20100,Value,384.3,A,Normal Value,F,Free (free for publication),Nm-30d1d32032e0d2021654659d8d1d2d20100,48,2290,North West,E12000002
NM_30_1,2002,2002,2002,date,0,0,2021654659,Stockport,E08000007,pre-2009 local authorities: county / unitary,482,24,8,Full Time Workers,8,sex,0,0,1,Weekly pay - gross,1,item,0,0,2,Median,2,item,0,0,20701,Confidence,4.1,A,Normal Value,F,Free (free for publication),Nm-30d1d32032e0d2021654659d8d1d2d20701,49,2290,North West,E12000002
NM_30_1,2002,2002,2002,date,0,0,2021654660,Tameside,E08000008,pre-2009 local authorities: county / unitary,482,25,8,Full Time Workers,8,sex,0,0,1,Weekly pay - gross,1,item,0,0,2,Median,2,item,0,0,20100,Value,342.1,A,Normal Value,F,Free (free for publication),Nm-30d1d32032e0d2021654660d8d1d2d20100,50,2290,North West,E12000002
NM_30_1,2002,2002,2002,date,0,0,2021654660,Tameside,E08000008,pre-2009 local authorities: county / unitary,482,25,8,Full Time Workers,8,sex,0,0,1,Weekly pay - gross,1,item,0,0,2,Median,2,item,0,0,20701,Confidence,3.6,A,Normal Value,F,Free (free for publication),Nm-30d1d32032e0d2021654660d8d1d2d20701,51,2290,North West,E12000002
NM_30_1,2002,2002,2002,date,0,0,2021654661,Trafford,E08000009,pre-2009 local authorities: county / unitary,482,26,8,Full Time Workers,8,sex,0,0,1,Weekly pay - gross,1,item,0,0,2,Median,2,item,0,0,20100,Value,424.9,A,Normal Value,F,Free (free for publication),Nm-30d1d32032e0d2021654661d8d1d2d20100,52,2290,North West,E12000002
NM_30_1,2002,2002,2002,date,0,0,2021654661,Trafford,E08000009,pre-2009 local authorities: county / unitary,482,26,8,Full Time Workers,8,sex,0,0,1,Weekly pay - gross,1,item,0,0,2,Median,2,item,0,0,20701,Confidence,4.3,A,Normal Value,F,Free (free for publication),Nm-30d1d32032e0d2021654661d8d1d2d20701,53,2290,North West,E12000002
NM_30_1,2002,2002,2002,date,0,0,2021654662,Wigan,E08000010,pre-2009 local authorities: county / unitary,482,27,8,Full Time Workers,8,sex,0,0,1,Weekly pay - gross,1,item,0,0,2,Median,2,item,0,0,20100,Value,362.0,A,Normal Value,F,Free (free for publication),Nm-30d1d32032e0d2021654662d8d1d2d20100,54,2290,North West,E12000002
NM_30_1,2002,2002,2002,date,0,0,2021654662,Wigan,E08000010,pre-2009 local authorities: county / unitary,482,27,8,Full Time Workers,8,sex,0,0,1,Weekly pay - gross,1,item,0,0,2,Median,2,item,0,0,20701,Confidence,4.6,A,Normal Value,F,Free (free for publication),Nm-30d1d32032e0d2021654662d8d1d2d20701,55,2290,North West,E12000002
NM_30_1,2002,2002,2002,date,0,0,2021654664,Lancashire,E10000017,pre-2009 local authorities: county / unitary,482,28,8,Full Time Workers,8,sex,0,0,1,Weekly pay - gross,1,item,0,0,2,Median,2,item,0,0,20100,Value,364.9,A,Normal Value,F,Free (free for publication),Nm-30d1d32032e0d2021654664d8d1d2d20100,56,2290,,
NM_30_1,2002,2002,2002,date,0,0,2021654664,Lancashire,E10000017,pre-2009 local authorities: county / unitary,482,28,8,Full Time Workers,8,sex,0,0,1,Weekly pay - gross,1,item,0,0,2,Median,2,item,0,0,20701,Confidence,2.4,A,Normal Value,F,Free (free for publication),Nm-30d1d32032e0d2021654664d8d1d2d20701,57,2290,,
NM_30_1,2002,2002,2002,date,0,0,2021654644,Knowsley,E08000011,pre-2009 local authorities: county / unitary,482,29,8,Full Time Workers,8,sex,0,0,1,Weekly pay - gross,1,item,0,0,2,Median,2,item,0,0,20100,Value,324.3,A,Normal Value,F,Free (free for publication),Nm-30d1d32032e0d2021654644d8d1d2d20100,58,2290,North West,E12000002
NM_30_1,2002,2002,2002,date,0,0,2021654644,Knowsley,E08000011,pre-2009 local authorities: county / unitary,482,29,8,Full Time Workers,8,sex,0,0,1,Weekly pay - gross,1,item,0,0,2,Median,2,item,0,0,20701,Confidence,7.1,A,Normal Value,F,Free (free for publication),Nm-30d1d32032e0d2021654644d8d1d2d20701,59,2290,North West,E12000002
NM_30_1,2002,2002,2002,date,0,0,2021654645,Liverpool,E08000012,pre-2009 local authorities: county / unitary,482,30,8,Full Time Workers,8,sex,0,0,1,Weekly pay - gross,1,item,0,0,2,Median,2,item,0,0,20100,Value,340.5,A,Normal Value,F,Free (free for publication),Nm-30d1d32032e0d2021654645d8d1d2d20100,60,2290,North West,E12000002
NM_30_1,2002,2002,2002,date,0,0,2021654645,Liverpool,E08000012,pre-2009 local authorities: county / unitary,482,30,8,Full Time Workers,8,sex,0,0,1,Weekly pay - gross,1,item,0,0,2,Median,2,item,0,0,20701,Confidence,4.0,A,Normal Value,F,Free (free for publication),Nm-30d1d32032e0d2021654645d8d1d2d20701,61,2290,North West,E12000002
NM_30_1,2002,2002,2002,date,0,0,2021654647,Sefton,E08000014,pre-2009 local authorities: county / unitary,482,31,8,Full Time Workers,8,sex,0,0,1,Weekly pay - gross,1,item,0,0,2,Median,2,item,0,0,20100,Value,368.5,A,Normal Value,F,Free (free for publication),Nm-30d1d32032e0d2021654647d8d1d2d20100,62,2290,North West,E12000002
NM_30_1,2002,2002,2002,date,0,0,2021654647,Sefton,E08000014,pre-2009 local authorities: county / unitary,482,31,8,Full Time Workers,8,sex,0,0,1,Weekly pay - gross,1,item,0,0,2,Median,2,item,0,0,20701,Confidence,4.6,A,Normal Value,F,Free (free for publication),Nm-30d1d32032e0d2021654647d8d1d2d20701,63,2290,North West,E12000002
NM_30_1,2002,2002,2002,date,0,0,2021654646,St Helens,E08000013,pre-2009 local authorities: county / unitary,482,32,8,Full Time Workers,8,sex,0,0,1,Weekly pay - gross,1,item,0,0,2,Median,2,item,0,0,20100,Value,342.2,A,Normal Value,F,Free (free for publication),Nm-30d1d32032e0d2021654646d8d1d2d20100,64,2290,North West,E12000002
NM_30_1,2002,2002,2002,date,0,0,2021654646,St Helens,E08000013,pre-2009 local authorities: county / unitary,482,32,8,Full Time Workers,8,sex,0,0,1,Weekly pay - gross,1,item,0,0,2,Median,2,item,0,0,20701,Confidence,4.8,A,Normal Value,F,Free (free for publication),Nm-30d1d32032e0d2021654646d8d1d2d20701,65,2290,North West,E12000002
NM_30_1,2002,2002,2002,date,0,0,2021654648,Wirral,E08000015,pre-2009 local authorities: county / unitary,482,33,8,Full Time Workers,8,sex,0,0,1,Weekly pay - gross,1,item,0,0,2,Median,2,item,0,0,20100,Value,388.4,A,Normal Value,F,Free (free for publication),Nm-30d1d32032e0d2021654648d8d1d2d20100,66,2290,North West,E12000002
NM_30_1,2002,2002,2002,date,0,0,2021654648,Wirral,E08000015,pre-2009 local authorities: county / unitary,482,33,8,Full Time Workers,8,sex,0,0,1,Weekly pay - gross,1,item,0,0,2,Median,2,item,0,0,20701,Confidence,4.5,A,Normal Value,F,Free (free for publication),Nm-30d1d32032e0d2021654648d8d1d2d20701,67,2290,North West,E12000002
NM_30_1,2002,2002,2002,date,0,0,2021654629,East Riding of Yorkshire,E06000011,pre-2009 local authorities: county / unitary,482,34,8,Full Time Workers,8,sex,0,0,1,Weekly pay - gross,1,item,0,0,2,Median,2,item,0,0,20100,Value,398.0,A,Normal Value,F,Free (free for publication),Nm-30d1d32032e0d2021654629d8d1d2d20100,68,2290,Yorkshire and The Humber,E12000003
NM_30_1,2002,2002,2002,date,0,0,2021654629,East Riding of Yorkshire,E06000011,pre-2009 local authorities: county / unitary,482,34,8,Full Time Workers,8,sex,0,0,1,Weekly pay - gross,1,item,0,0,2,Median,2,item,0,0,20701,Confidence,3.7,A,Normal Value,F,Free (free for publication),Nm-30d1d32032e0d2021654629d8d1d2d20701,69,2290,Yorkshire and The Humber,E12000003
NM_30_1,2002,2002,2002,date,0,0,2021654630,Kingston upon Hull,E06000010,pre-2009 local authorities: county / unitary,482,35,8,Full Time Workers,8,sex,0,0,1,Weekly pay - gross,1,item,0,0,2,Median,2,item,0,0,20100,Value,324.2,A,Normal Value,F,Free (free for publication),Nm-30d1d32032e0d2021654630d8d1d2d20100,70,2290,Yorkshire and The Humber,E12000003
NM_30_1,2002,2002,2002,date,0,0,2021654630,Kingston upon Hull,E06000010,pre-2009 local authorities: county / unitary,482,35,8,Full Time Workers,8,sex,0,0,1,Weekly pay - gross,1,item,0,0,2,Median,2,item,0,0,20701,Confidence,4.4,A,Normal Value,F,Free (free for publication),Nm-30d1d32032e0d2021654630d8d1d2d20701,71,2290,Yorkshire and The Humber,E12000003
NM_30_1,2002,2002,2002,date,0,0,2021654631,North East Lincolnshire,E06000012,pre-2009 local authorities: county / unitary,482,36,8,Full Time Workers,8,sex,0,0,1,Weekly pay - gross,1,item,0,0,2,Median,2,item,0,0,20100,Value,342.3,A,Normal Value,F,Free (free for publication),Nm-30d1d32032e0d2021654631d8d1d2d20100,72,2290,Yorkshire and The Humber,E12000003
NM_30_1,2002,2002,2002,date,0,0,2021654631,North East Lincolnshire,E06000012,pre-2009 local authorities: county / unitary,482,36,8,Full Time Workers,8,sex,0,0,1,Weekly pay - gross,1,item,0,0,2,Median,2,item,0,0,20701,Confidence,5.8,A,Normal Value,F,Free (free for publication),Nm-30d1d32032e0d2021654631d8d1d2d20701,73,2290,Yorkshire and The Humber,E12000003
NM_30_1,2002,2002,2002,date,0,0,2021654632,North Lincolnshire,E06000013,pre-2009 local authorities: county / unitary,482,37,8,Full Time Workers,8,sex,0,0,1,Weekly pay - gross,1,item,0,0,2,Median,2,item,0,0,20100,Value,404.3,A,Normal Value,F,Free (free for publication),Nm-30d1d32032e0d2021654632d8d1d2d20100,74,2290,Yorkshire and The Humber,E12000003
NM_30_1,2002,2002,2002,date,0,0,2021654632,North Lincolnshire,E06000013,pre-2009 local authorities: county / unitary,482,37,8,Full Time Workers,8,sex,0,0,1,Weekly pay - gross,1,item,0,0,2,Median,2,item,0,0,20701,Confidence,5.5,A,Normal Value,F,Free (free for publication),Nm-30d1d32032e0d2021654632d8d1d2d20701,75,2290,Yorkshire and The Humber,E12000003
NM_30_1,2002,2002,2002,date,0,0,2021654643,York,E06000014,pre-2009 local authorities: county / unitary,482,38,8,Full Time Workers,8,sex,0,0,1,Weekly pay - gross,1,item,0,0,2,Median,2,item,0,0,20100,Value,378.9,A,Normal Value,F,Free (free for publication),Nm-30d1d32032e0d2021654643d8d1d2d20100,76,2290,Yorkshire and The Humber,E12000003
NM_30_1,2002,2002,2002,date,0,0,2021654643,York,E06000014,pre-2009 local authorities: county / unitary,482,38,8,Full Time Workers,8,sex,0,0,1,Weekly pay - gross,1,item,0,0,2,Median,2,item,0,0,20701,Confidence,5.7,A,Normal Value,F,Free (free for publication),Nm-30d1d32032e0d2021654643d8d1d2d20701,77,2290,Yorkshire and The Humber,E12000003
NM_30_1,2002,2002,2002,date,0,0,2021654633,North Yorkshire,E10000023,pre-2009 local authorities: county / unitary,482,39,8,Full Time Workers,8,sex,0,0,1,Weekly pay - gross,1,item,0,0,2,Median,2,item,0,0,20100,Value,366.1,A,Normal Value,F,Free (free for publication),Nm-30d1d32032e0d2021654633d8d1d2d20100,78,2290,,
NM_30_1,2002,2002,2002,date,0,0,2021654633,North Yorkshire,E10000023,pre-2009 local authorities: county / unitary,482,39,8,Full Time Workers,8,sex,0,0,1,Weekly pay - gross,1,item,0,0,2,Median,2,item,0,0,20701,Confidence,3.1,A,Normal Value,F,Free (free for publication),Nm-30d1d32032e0d2021654633d8d1d2d20701,79,2290,,
NM_30_1,2002,2002,2002,date,0,0,2021654634,Barnsley,E08000016,pre-2009 local authorities: county / unitary,482,40,8,Full Time Workers,8,sex,0,0,1,Weekly pay - gross,1,item,0,0,2,Median,2,item,0,0,20100,Value,345.8,A,Normal Value,F,Free (free for publication),Nm-30d1d32032e0d2021654634d8d1d2d20100,80,2290,Yorkshire and The Humber,E12000003
NM_30_1,2002,2002,2002,date,0,0,2021654634,Barnsley,E08000016,pre-2009 local authorities: county / unitary,482,40,8,Full Time Workers,8,sex,0,0,1,Weekly pay - gross,1,item,0,0,2,Median,2,item,0,0,20701,Confidence,4.9,A,Normal Value,F,Free (free for publication),Nm-30d1d32032e0d2021654634d8d1d2d20701,81,2290,Yorkshire and The Humber,E12000003
NM_30_1,2002,2002,2002,date,0,0,2021654635,Doncaster,E08000017,pre-2009 local authorities: county / unitary,482,41,8,Full Time Workers,8,sex,0,0,1,Weekly pay - gross,1,item,0,0,2,Median,2,item,0,0,20100,Value,345.8,A,Normal Value,F,Free (free for publication),Nm-30d1d32032e0d2021654635d8d1d2d20100,82,2290,Yorkshire and The Humber,E12000003
NM_30_1,2002,2002,2002,date,0,0,2021654635,Doncaster,E08000017,pre-2009 local authorities: county / unitary,482,41,8,Full Time Workers,8,sex,0,0,1,Weekly pay - gross,1,item,0,0,2,Median,2,item,0,0,20701,Confidence,4.0,A,Normal Value,F,Free (free for publication),Nm-30d1d32032e0d2021654635d8d1d2d20701,83,2290,Yorkshire and The Humber,E12000003
NM_30_1,2002,2002,2002,date,0,0,2021654636,Rotherham,E08000018,pre-2009 local authorities: county / unitary,482,42,8,Full Time Workers,8,sex,0,0,1,Weekly pay - gross,1,item,0,0,2,Median,2,item,0,0,20100,Value,364.3,A,Normal Value,F,Free (free for publication),Nm-30d1d32032e0d2021654636d8d1d2d20100,84,2290,Yorkshire and The Humber,E12000003
NM_30_1,2002,2002,2002,date,0,0,2021654636,Rotherham,E08000018,pre-2009 local authorities: county / unitary,482,42,8,Full Time Workers,8,sex,0,0,1,Weekly pay - gross,1,item,0,0,2,Median,2,item,0,0,20701,Confidence,4.1,A,Normal Value,F,Free (free for publication),Nm-30d1d32032e0d2021654636d8d1d2d20701,85,2290,Yorkshire and The Humber,E12000003
NM_30_1,2002,2002,2002,date,0,0,2021654637,Sheffield,E08000019,pre-2009 local authorities: county / unitary,482,43,8,Full Time Workers,8,sex,0,0,1,Weekly pay - gross,1,item,0,0,2,Median,2,item,0,0,20100,Value,353.5,A,Normal Value,F,Free (free for publication),Nm-30d1d32032e0d2021654637d8d1d2d20100,86,2290,Yorkshire and The Humber,E12000003
NM_30_1,2002,2002,2002,date,0,0,2021654637,Sheffield,E08000019,pre-2009 local authorities: county / unitary,482,43,8,Full Time Workers,8,sex,0,0,1,Weekly pay - gross,1,item,0,0,2,Median,2,item,0,0,20701,Confidence,3.5,A,Normal Value,F,Free (free for publication),Nm-30d1d32032e0d2021654637d8d1d2d20701,87,2290,Yorkshire and The Humber,E12000003
NM_30_1,2002,2002,2002,date,0,0,2021654638,Bradford,E08000032,pre-2009 local authorities: county / unitary,482,44,8,Full Time Workers,8,sex,0,0,1,Weekly pay - gross,1,item,0,0,2,Median,2,item,0,0,20100,Value,341.0,A,Normal Value,F,Free (free for publication),Nm-30d1d32032e0d2021654638d8d1d2d20100,88,2290,Yorkshire and The Humber,E12000003
NM_30_1,2002,2002,2002,date,0,0,2021654638,Bradford,E08000032,pre-2009 local authorities: county / unitary,482,44,8,Full Time Workers,8,sex,0,0,1,Weekly pay - gross,1,item,0,0,2,Median,2,item,0,0,20701,Confidence,2.9,A,Normal Value,F,Free (free for publication),Nm-30d1d32032e0d2021654638d8d1d2d20701,89,2290,Yorkshire and The Humber,E12000003
NM_30_1,2002,2002,2002,date,0,0,2021654639,Calderdale,E08000033,pre-2009 local authorities: county / unitary,482,45,8,Full Time Workers,8,sex,0,0,1,Weekly pay - gross,1,item,0,0,2,Median,2,item,0,0,20100,Value,361.5,A,Normal Value,F,Free (free for publication),Nm-30d1d32032e0d2021654639d8d1d2d20100,90,2290,Yorkshire and The Humber,E12000003
NM_30_1,2002,2002,2002,date,0,0,2021654639,Calderdale,E08000033,pre-2009 local authorities: county / unitary,482,45,8,Full Time Workers,8,sex,0,0,1,Weekly pay - gross,1,item,0,0,2,Median,2,item,0,0,20701,Confidence,5.3,A,Normal Value,F,Free (free for publication),Nm-30d1d32032e0d2021654639d8d1d2d20701,91,2290,Yorkshire and The Humber,E12000003
NM_30_1,2002,2002,2002,date,0,0,2021654640,Kirklees,E08000034,pre-2009 local authorities: county / unitary,482,46,8,Full Time Workers,8,sex,0,0,1,Weekly pay - gross,1,item,0,0,2,Median,2,item,0,0,20100,Value,365.6,A,Normal Value,F,Free (free for publication),Nm-30d1d32032e0d2021654640d8d1d2d20100,92,2290,Yorkshire and The Humber,E12000003
NM_30_1,2002,2002,2002,date,0,0,2021654640,Kirklees,E08000034,pre-2009 local authorities: county / unitary,482,46,8,Full Time Workers,8,sex,0,0,1,Weekly pay - gross,1,item,0,0,2,Median,2,item,0,0,20701,Confidence,3.5,A,Normal Value,F,Free (free for publication),Nm-30d1d32032e0d2021654640d8d1d2d20701,93,2290,Yorkshire and The Humber,E12000003
NM_30_1,2002,2002,2002,date,0,0,2021654641,Leeds,E08000035,pre-2009 local authorities: county / unitary,482,47,8,Full Time Workers,8,sex,0,0,1,Weekly pay - gross,1,item,0,0,2,Median,2,item,0,0,20100,Value,364.7,A,Normal Value,F,Free (free for publication),Nm-30d1d32032e0d2021654641d8d1d2d20100,94,2290,Yorkshire and The Humber,E12000003
NM_30_1,2002,2002,2002,date,0,0,2021654641,Leeds,E08000035,pre-2009 local authorities: county / unitary,482,47,8,Full Time Workers,8,sex,0,0,1,Weekly pay - gross,1,item,0,0,2,Median,2,item,0,0,20701,Confidence,2.6,A,Normal Value,F,Free (free for publication),Nm-30d1d32032e0d2021654641d8d1d2d20701,95,2290,Yorkshire and The Humber,E12000003
NM_30_1,2002,2002,2002,date,0,0,2021654642,Wakefield,E08000036,pre-2009 local authorities: county / unitary,482,48,8,Full Time Workers,8,sex,0,0,1,Weekly pay - gross,1,item,0,0,2,Median,2,item,0,0,20100,Value,349.8,A,Normal Value,F,Free (free for publication),Nm-30d1d32032e0d2021654642d8d1d2d20100,96,2290,Yorkshire and The Humber,E12000003
NM_30_1,2002,2002,2002,date,0,0,2021654642,Wakefield,E08000036,pre-2009 local authorities: county / unitary,482,48,8,Full Time Workers,8,sex,0,0,1,Weekly pay - gross,1,item,0,0,2,Median,2,item,0,0,20701,Confidence,3.9,A,Normal Value,F,Free (free for publication),Nm-30d1d32032e0d2021654642d8d1d2d20701,97,2290,Yorkshire and The Humber,E12000003
NM_30_1,2002,2002,2002,date,0,0,2021654620,Derby City,E06000015,pre-2009 local authorities: county / unitary,482,49,8,Full Time Workers,8,sex,0,0,1,Weekly pay - gross,1,item,0,0,2,Median,2,item,0,0,20100,Value,382.0,A,Normal Value,F,Free (free for publication),Nm-30d1d32032e0d2021654620d8d1d2d20100,98,2290,East Midlands,E12000004
NM_30_1,2002,2002,2002,date,0,0,2021654620,Derby City,E06000015,pre-2009 local authorities: county / unitary,482,49,8,Full Time Workers,8,sex,0,0,1,Weekly pay - gross,1,item,0,0,2,Median,2,item,0,0,20701,Confidence,3.9,A,Normal Value,F,Free (free for publication),Nm-30d1d32032e0d2021654620d8d1d2d20701,99,2290,East Midlands,E12000004
NM_30_1,2002,2002,2002,date,0,0,2021654622,Leicester City,E06000016,pre-2009 local authorities: county / unitary,482,50,8,Full Time Workers,8,sex,0,0,1,Weekly pay - gross,1,item,0,0,2,Median,2,item,0,0,20100,Value,322.1,A,Normal Value,F,Free (free for publication),Nm-30d1d32032e0d2021654622d8d1d2d20100,100,2290,East Midlands,E12000004
NM_30_1,2002,2002,2002,date,0,0,2021654622,Leicester City,E06000016,pre-2009 local authorities: county / unitary,482,50,8,Full Time Workers,8,sex,0,0,1,Weekly pay - gross,1,item,0,0,2,Median,2,item,0,0,20701,Confidence,3.9,A,Normal Value,F,Free (free for publication),Nm-30d1d32032e0d2021654622d8d1d2d20701,101,2290,East Midlands,E12000004
NM_30_1,2002,2002,2002,date,0,0,2021654626,Nottingham City,E06000018,pre-2009 local authorities: county / unitary,482,51,8,Full Time Workers,8,sex,0,0,1,Weekly pay - gross,1,item,0,0,2,Median,2,item,0,0,20100,Value,334.0,A,Normal Value,F,Free (free for publication),Nm-30d1d32032e0d2021654626d8d1d2d20100,102,2290,East Midlands,E12000004
NM_30_1,2002,2002,2002,date,0,0,2021654626,Nottingham City,E06000018,pre-2009 local authorities: county / unitary,482,51,8,Full Time Workers,8,sex,0,0,1,Weekly pay - gross,1,item,0,0,2,Median,2,item,0,0,20701,Confidence,4.9,A,Normal Value,F,Free (free for publication),Nm-30d1d32032e0d2021654626d8d1d2d20701,103,2290,East Midlands,E12000004
NM_30_1,2002,2002,2002,date,0,0,2021654628,Rutland,E06000017,pre-2009 local authorities: county / unitary,482,52,8,Full Time Workers,8,sex,0,0,1,Weekly pay - gross,1,item,0,0,2,Median,2,item,0,0,20100,Value,370.5,A,Normal Value,F,Free (free for publication),Nm-30d1d32032e0d2021654628d8d1d2d20100,104,2290,East Midlands,E12000004
NM_30_1,2002,2002,2002,date,0,0,2021654628,Rutland,E06000017,pre-2009 local authorities: county / unitary,482,52,8,Full Time Workers,8,sex,0,0,1,Weekly pay - gross,1,item,0,0,2,Median,2,item,0,0,20701,Confidence,16.0,A,Normal Value,F,Free (free for publication),Nm-30d1d32032e0d2021654628d8d1d2d20701,105,2290,East Midlands,E12000004
NM_30_1,2002,2002,2002,date,0,0,2021654621,Derbyshire,E10000007,pre-2009 local authorities: county / unitary,482,53,8,Full Time Workers,8,sex,0,0,1,Weekly pay - gross,1,item,0,0,2,Median,2,item,0,0,20100,Value,369.9,A,Normal Value,F,Free (free for publication),Nm-30d1d32032e0d2021654621d8d1d2d20100,106,2290,,
NM_30_1,2002,2002,2002,date,0,0,2021654621,Derbyshire,E10000007,pre-2009 local authorities: county / unitary,482,53,8,Full Time Workers,8,sex,0,0,1,Weekly pay - gross,1,item,0,0,2,Median,2,item,0,0,20701,Confidence,2.6,A,Normal Value,F,Free (free for publication),Nm-30d1d32032e0d2021654621d8d1d2d20701,107,2290,,
NM_30_1,2002,2002,2002,date,0,0,2021654623,Leicestershire,E10000018,pre-2009 local authorities: county / unitary,482,54,8,Full Time Workers,8,sex,0,0,1,Weekly pay - gross,1,item,0,0,2,Median,2,item,0,0,20100,Value,377.8,A,Normal Value,F,Free (free for publication),Nm-30d1d32032e0d2021654623d8d1d2d20100,108,2290,,
NM_30_1,2002,2002,2002,date,0,0,2021654623,Leicestershire,E10000018,pre-2009 local authorities: county / unitary,482,54,8,Full Time Workers,8,sex,0,0,1,Weekly pay - gross,1,item,0,0,2,Median,2,item,0,0,20701,Confidence,2.6,A,Normal Value,F,Free (free for publication),Nm-30d1d32032e0d2021654623d8d1d2d20701,109,2290,,
NM_30_1,2002,2002,2002,date,0,0,2021654624,Lincolnshire,E10000019,pre-2009 local authorities: county / unitary,482,55,8,Full Time Workers,8,sex,0,0,1,Weekly pay - gross,1,item,0,0,2,Median,2,item,0,0,20100,Value,353.5,A,Normal Value,F,Free (free for publication),Nm-30d1d32032e0d2021654624d8d1d2d20100,110,2290,,
NM_30_1,2002,2002,2002,date,0,0,2021654624,Lincolnshire,E10000019,pre-2009 local authorities: county / unitary,482,55,8,Full Time Workers,8,sex,0,0,1,Weekly pay - gross,1,item,0,0,2,Median,2,item,0,0,20701,Confidence,3.6,A,Normal Value,F,Free (free for publication),Nm-30d1d32032e0d2021654624d8d1d2d20701,111,2290,,
NM_30_1,2002,2002,2002,date,0,0,2021654625,Northamptonshire,E10000021,pre-2009 local authorities: county / unitary,482,56,8,Full Time Workers,8,sex,0,0,1,Weekly pay - gross,1,item,0,0,2,Median,2,item,0,0,20100,Value,394.9,A,Normal Value,F,Free (free for publication),Nm-30d1d32032e0d2021654625d8d1d2d20100,112,2290,,
NM_30_1,2002,2002,2002,date,0,0,2021654625,Northamptonshire,E10000021,pre-2009 local authorities: county / unitary,482,56,8,Full Time Workers,8,sex,0,0,1,Weekly pay - gross,1,item,0,0,2,Median,2,item,0,0,20701,Confidence,2.5,A,Normal Value,F,Free (free for publication),Nm-30d1d32032e0d2021654625d8d1d2d20701,113,2290,,
NM_30_1,2002,2002,2002,date,0,0,2021654627,Nottinghamshire,E10000024,pre-2009 local authorities: county / unitary,482,57,8,Full Time Workers,8,sex,0,0,1,Weekly pay - gross,1,item,0,0,2,Median,2,item,0,0,20100,Value,375.0,A,Normal Value,F,Free (free for publication),Nm-30d1d32032e0d2021654627d8d1d2d20100,114,2290,,
NM_30_1,2002,2002,2002,date,0,0,2021654627,Nottinghamshire,E10000024,pre-2009 local authorities: county / unitary,482,57,8,Full Time Workers,8,sex,0,0,1,Weekly pay - gross,1,item,0,0,2,Median,2,item,0,0,20701,Confidence,2.3,A,Normal Value,F,Free (free for publication),Nm-30d1d32032e0d2021654627d8d1d2d20701,115,2290,,
NM_30_1,2002,2002,2002,date,0,0,2021654606,"Herefordshire, County of",E06000019,pre-2009 local authorities: county / unitary,482,58,8,Full Time Workers,8,sex,0,0,1,Weekly pay - gross,1,item,0,0,2,Median,2,item,0,0,20100,Value,346.6,A,Normal Value,F,Free (free for publication),Nm-30d1d32032e0d2021654606d8d1d2d20100,116,2290,West Midlands,E12000005
NM_30_1,2002,2002,2002,date,0,0,2021654606,"Herefordshire, County of",E06000019,pre-2009 local authorities: county / unitary,482,58,8,Full Time Workers,8,sex,0,0,1,Weekly pay - gross,1,item,0,0,2,Median,2,item,0,0,20701,Confidence,6.1,A,Normal Value,F,Free (free for publication),Nm-30d1d32032e0d2021654606d8d1d2d20701,117,2290,West Midlands,E12000005
NM_30_1,2002,2002,2002,date,0,0,2021654609,Stoke on Trent,E06000021,pre-2009 local authorities: county / unitary,482,59,8,Full Time Workers,8,sex,0,0,1,Weekly pay - gross,1,item,0,0,2,Median,2,item,0,0,20100,Value,316.1,A,Normal Value,F,Free (free for publication),Nm-30d1d32032e0d2021654609d8d1d2d20100,118,2290,West Midlands,E12000005
NM_30_1,2002,2002,2002,date,0,0,2021654609,Stoke on Trent,E06000021,pre-2009 local authorities: county / unitary,482,59,8,Full Time Workers,8,sex,0,0,1,Weekly pay - gross,1,item,0,0,2,Median,2,item,0,0,20701,Confidence,3.3,A,Normal Value,F,Free (free for publication),Nm-30d1d32032e0d2021654609d8d1d2d20701,119,2290,West Midlands,E12000005
NM_30_1,2002,2002,2002,date,0,0,2021654610,Telford and Wrekin,E06000020,pre-2009 local authorities: county / unitary,482,60,8,Full Time Workers,8,sex,0,0,1,Weekly pay - gross,1,item,0,0,2,Median,2,item,0,0,20100,Value,363.0,A,Normal Value,F,Free (free for publication),Nm-30d1d32032e0d2021654610d8d1d2d20100,120,2290,West Midlands,E12000005
NM_30_1,2002,2002,2002,date,0,0,2021654610,Telford and Wrekin,E06000020,pre-2009 local authorities: county / unitary,482,60,8,Full Time Workers,8,sex,0,0,1,Weekly pay - gross,1,item,0,0,2,Median,2,item,0,0,20701,Confidence,5.4,A,Normal Value,F,Free (free for publication),Nm-30d1d32032e0d2021654610d8d1d2d20701,121,2290,West Midlands,E12000005
NM_30_1,2002,2002,2002,date,0,0,2021654607,Shropshire,E10000026,pre-2009 local authorities: county / unitary,482,61,8,Full Time Workers,8,sex,0,0,1,Weekly pay - gross,1,item,0,0,2,Median,2,item,0,0,20100,Value,367.5,A,Normal Value,F,Free (free for publication),Nm-30d1d32032e0d2021654607d8d1d2d20100,122,2290,,
NM_30_1,2002,2002,2002,date,0,0,2021654607,Shropshire,E10000026,pre-2009 local authorities: county / unitary,482,61,8,Full Time Workers,8,sex,0,0,1,Weekly pay - gross,1,item,0,0,2,Median,2,item,0,0,20701,Confidence,5.2,A,Normal Value,F,Free (free for publication),Nm-30d1d32032e0d2021654607d8d1d2d20701,123,2290,,
NM_30_1,2002,2002,2002,date,0,0,2021654608,Staffordshire,E10000028,pre-2009 local authorities: county / unitary,482,62,8,Full Time Workers,8,sex,0,0,1,Weekly pay - gross,1,item,0,0,2,Median,2,item,0,0,20100,Value,384.6,A,Normal Value,F,Free (free for publication),Nm-30d1d32032e0d2021654608d8d1d2d20100,124,2290,,
NM_30_1,2002,2002,2002,date,0,0,2021654608,Staffordshire,E10000028,pre-2009 local authorities: county / unitary,482,62,8,Full Time Workers,8,sex,0,0,1,Weekly pay - gross,1,item,0,0,2,Median,2,item,0,0,20701,Confidence,2.3,A,Normal Value,F,Free (free for publication),Nm-30d1d32032e0d2021654608d8d1d2d20701,125,2290,,
NM_30_1,2002,2002,2002,date,0,0,2021654611,Warwickshire,E10000031,pre-2009 local authorities: county / unitary,482,63,8,Full Time Workers,8,sex,0,0,1,Weekly pay - gross,1,item,0,0,2,Median,2,item,0,0,20100,Value,400.5,A,Normal Value,F,Free (free for publication),Nm-30d1d32032e0d2021654611d8d1d2d20100,126,2290,,
NM_30_1,2002,2002,2002,date,0,0,2021654611,Warwickshire,E10000031,pre-2009 local authorities: county / unitary,482,63,8,Full Time Workers,8,sex,0,0,1,Weekly pay - gross,1,item,0,0,2,Median,2,item,0,0,20701,Confidence,3.1,A,Normal Value,F,Free (free for publication),Nm-30d1d32032e0d2021654611d8d1d2d20701,127,2290,,
NM_30_1,2002,2002,2002,date,0,0,2021654612,Birmingham,E08000025,pre-2009 local authorities: county / unitary,482,64,8,Full Time Workers,8,sex,0,0,1,Weekly pay - gross,1,item,0,0,2,Median,2,item,0,0,20100,Value,372.6,A,Normal Value,F,Free (free for publication),Nm-30d1d32032e0d2021654612d8d1d2d20100,128,2290,West Midlands,E12000005
NM_30_1,2002,2002,2002,date,0,0,2021654612,Birmingham,E08000025,pre-2009 local authorities: county / unitary,482,64,8,Full Time Workers,8,sex,0,0,1,Weekly pay - gross,1,item,0,0,2,Median,2,item,0,0,20701,Confidence,2.1,A,Normal Value,F,Free (free for publication),Nm-30d1d32032e0d2021654612d8d1d2d20701,129,2290,West Midlands,E12000005
NM_30_1,2002,2002,2002,date,0,0,2021654613,Coventry,E08000026,pre-2009 local authorities: county / unitary,482,65,8,Full Time Workers,8,sex,0,0,1,Weekly pay - gross,1,item,0,0,2,Median,2,item,0,0,20100,Value,374.9,A,Normal Value,F,Free (free for publication),Nm-30d1d32032e0d2021654613d8d1d2d20100,130,2290,West Midlands,E12000005
NM_30_1,2002,2002,2002,date,0,0,2021654613,Coventry,E08000026,pre-2009 local authorities: county / unitary,482,65,8,Full Time Workers,8,sex,0,0,1,Weekly pay - gross,1,item,0,0,2,Median,2,item,0,0,20701,Confidence,3.5,A,Normal Value,F,Free (free for publication),Nm-30d1d32032e0d2021654613d8d1d2d20701,131,2290,West Midlands,E12000005
NM_30_1,2002,2002,2002,date,0,0,2021654614,Dudley,E08000027,pre-2009 local authorities: county / unitary,482,66,8,Full Time Workers,8,sex,0,0,1,Weekly pay - gross,1,item,0,0,2,Median,2,item,0,0,20100,Value,350.1,A,Normal Value,F,Free (free for publication),Nm-30d1d32032e0d2021654614d8d1d2d20100,132,2290,West Midlands,E12000005
NM_30_1,2002,2002,2002,date,0,0,2021654614,Dudley,E08000027,pre-2009 local authorities: county / unitary,482,66,8,Full Time Workers,8,sex,0,0,1,Weekly pay - gross,1,item,0,0,2,Median,2,item,0,0,20701,Confidence,3.4,A,Normal Value,F,Free (free for publication),Nm-30d1d32032e0d2021654614d8d1d2d20701,133,2290,West Midlands,E12000005
NM_30_1,2002,2002,2002,date,0,0,2021654615,Sandwell,E08000028,pre-2009 local authorities: county / unitary,482,67,8,Full Time Workers,8,sex,0,0,1,Weekly pay - gross,1,item,0,0,2,Median,2,item,0,0,20100,Value,327.1,A,Normal Value,F,Free (free for publication),Nm-30d1d32032e0d2021654615d8d1d2d20100,134,2290,West Midlands,E12000005
NM_30_1,2002,2002,2002,date,0,0,2021654615,Sandwell,E08000028,pre-2009 local authorities: county / unitary,482,67,8,Full Time Workers,8,sex,0,0,1,Weekly pay - gross,1,item,0,0,2,Median,2,item,0,0,20701,Confidence,3.6,A,Normal Value,F,Free (free for publication),Nm-30d1d32032e0d2021654615d8d1d2d20701,135,2290,West Midlands,E12000005
NM_30_1,2002,2002,2002,date,0,0,2021654616,Solihull,E08000029,pre-2009 local authorities: county / unitary,482,68,8,Full Time Workers,8,sex,0,0,1,Weekly pay - gross,1,item,0,0,2,Median,2,item,0,0,20100,Value,423.0,A,Normal Value,F,Free (free for publication),Nm-30d1d32032e0d2021654616d8d1d2d20100,136,2290,West Midlands,E12000005
NM_30_1,2002,2002,2002,date,0,0,2021654616,Solihull,E08000029,pre-2009 local authorities: county / unitary,482,68,8,Full Time Workers,8,sex,0,0,1,Weekly pay - gross,1,item,0,0,2,Median,2,item,0,0,20701,Confidence,5.8,A,Normal Value,F,Free (free for publication),Nm-30d1d32032e0d2021654616d8d1d2d20701,137,2290,West Midlands,E12000005
NM_30_1,2002,2002,2002,date,0,0,2021654617,Walsall,E08000030,pre-2009 local authorities: county / unitary,482,69,8,Full Time Workers,8,sex,0,0,1,Weekly pay - gross,1,item,0,0,2,Median,2,item,0,0,20100,Value,337.8,A,Normal Value,F,Free (free for publication),Nm-30d1d32032e0d2021654617d8d1d2d20100,138,2290,West Midlands,E12000005
NM_30_1,2002,2002,2002,date,0,0,2021654617,Walsall,E08000030,pre-2009 local authorities: county / unitary,482,69,8,Full Time Workers,8,sex,0,0,1,Weekly pay - gross,1,item,0,0,2,Median,2,item,0,0,20701,Confidence,4.4,A,Normal Value,F,Free (free for publication),Nm-30d1d32032e0d2021654617d8d1d2d20701,139,2290,West Midlands,E12000005
NM_30_1,2002,2002,2002,date,0,0,2021654618,Wolverhampton,E08000031,pre-2009 local authorities: county / unitary,482,70,8,Full Time Workers,8,sex,0,0,1,Weekly pay - gross,1,item,0,0,2,Median,2,item,0,0,20100,Value,346.9,A,Normal Value,F,Free (free for publication),Nm-30d1d32032e0d2021654618d8d1d2d20100,140,2290,West Midlands,E12000005
NM_30_1,2002,2002,2002,date,0,0,2021654618,Wolverhampton,E08000031,pre-2009 local authorities: county / unitary,482,70,8,Full Time Workers,8,sex,0,0,1,Weekly pay - gross,1,item,0,0,2,Median,2,item,0,0,20701,Confidence,3.9,A,Normal Value,F,Free (free for publication),Nm-30d1d32032e0d2021654618d8d1d2d20701,141,2290,West Midlands,E12000005
NM_30_1,2002,2002,2002,date,0,0,2021654619,Worcestershire,E10000034,pre-2009 local authorities: county / unitary,482,71,8,Full Time Workers,8,sex,0,0,1,Weekly pay - gross,1,item,0,0,2,Median,2,item,0,0,20100,Value,375.3,A,Normal Value,F,Free (free for publication),Nm-30d1d32032e0d2021654619d8d1d2d20100,142,2290,,
NM_30_1,2002,2002,2002,date,0,0,2021654619,Worcestershire,E10000034,pre-2009 local authorities: county / unitary,482,71,8,Full Time Workers,8,sex,0,0,1,Weekly pay - gross,1,item,0,0,2,Median,2,item,0,0,20701,Confidence,3.5,A,Normal Value,F,Free (free for publication),Nm-30d1d32032e0d2021654619d8d1d2d20701,143,2290,,
NM_30_1,2002,2002,2002,date,0,0,2021654552,Luton,E06000032,pre-2009 local authorities: county / unitary,482,72,8,Full Time Workers,8,sex,0,0,1,Weekly pay - gross,1,item,0,0,2,Median,2,item,0,0,20100,Value,380.2,A,Normal Value,F,Free (free for publication),Nm-30d1d32032e0d2021654552d8d1d2d20100,144,2290,East,E12000006
NM_30_1,2002,2002,2002,date,0,0,2021654552,Luton,E06000032,pre-2009 local authorities: county / unitary,482,72,8,Full Time Workers,8,sex,0,0,1,Weekly pay - gross,1,item,0,0,2,Median,2,item,0,0,20701,Confidence,5.9,A,Normal Value,F,Free (free for publication),Nm-30d1d32032e0d2021654552d8d1d2d20701,145,2290,East,E12000006
NM_30_1,2002,2002,2002,date,0,0,2021654554,Peterborough,E06000031,pre-2009 local authorities: county / unitary,482,73,8,Full Time Workers,8,sex,0,0,1,Weekly pay - gross,1,item,0,0,2,Median,2,item,0,0,20100,Value,371.2,A,Normal Value,F,Free (free for publication),Nm-30d1d32032e0d2021654554d8d1d2d20100,146,2290,East,E12000006
NM_30_1,2002,2002,2002,date,0,0,2021654554,Peterborough,E06000031,pre-2009 local authorities: county / unitary,482,73,8,Full Time Workers,8,sex,0,0,1,Weekly pay - gross,1,item,0,0,2,Median,2,item,0,0,20701,Confidence,6.2,A,Normal Value,F,Free (free for publication),Nm-30d1d32032e0d2021654554d8d1d2d20701,147,2290,East,E12000006
NM_30_1,2002,2002,2002,date,0,0,2021654555,Southend-on-sea,E06000033,pre-2009 local authorities: county / unitary,482,74,8,Full Time Workers,8,sex,0,0,1,Weekly pay - gross,1,item,0,0,2,Median,2,item,0,0,20100,Value,409.8,A,Normal Value,F,Free (free for publication),Nm-30d1d32032e0d2021654555d8d1d2d20100,148,2290,East,E12000006
NM_30_1,2002,2002,2002,date,0,0,2021654555,Southend-on-sea,E06000033,pre-2009 local authorities: county / unitary,482,74,8,Full Time Workers,8,sex,0,0,1,Weekly pay - gross,1,item,0,0,2,Median,2,item,0,0,20701,Confidence,6.8,A,Normal Value,F,Free (free for publication),Nm-30d1d32032e0d2021654555d8d1d2d20701,149,2290,East,E12000006
NM_30_1,2002,2002,2002,date,0,0,2021654557,Thurrock,E06000034,pre-2009 local authorities: county / unitary,482,75,8,Full Time Workers,8,sex,0,0,1,Weekly pay - gross,1,item,0,0,2,Median,2,item,0,0,20100,Value,435.8,A,Normal Value,F,Free (free for publication),Nm-30d1d32032e0d2021654557d8d1d2d20100,150,2290,East,E12000006
NM_30_1,2002,2002,2002,date,0,0,2021654557,Thurrock,E06000034,pre-2009 local authorities: county / unitary,482,75,8,Full Time Workers,8,sex,0,0,1,Weekly pay - gross,1,item,0,0,2,Median,2,item,0,0,20701,Confidence,4.7,A,Normal Value,F,Free (free for publication),Nm-30d1d32032e0d2021654557d8d1d2d20701,151,2290,East,E12000006
NM_30_1,2002,2002,2002,date,0,0,2021654548,Bedfordshire,E10000001,pre-2009 local authorities: county / unitary,482,76,8,Full Time Workers,8,sex,0,0,1,Weekly pay - gross,1,item,0,0,2,Median,2,item,0,0,20100,Value,433.1,A,Normal Value,F,Free (free for publication),Nm-30d1d32032e0d2021654548d8d1d2d20100,152,2290,,
NM_30_1,2002,2002,2002,date,0,0,2021654548,Bedfordshire,E10000001,pre-2009 local authorities: county / unitary,482,76,8,Full Time Workers,8,sex,0,0,1,Weekly pay - gross,1,item,0,0,2,Median,2,item,0,0,20701,Confidence,3.6,A,Normal Value,F,Free (free for publication),Nm-30d1d32032e0d2021654548d8d1d2d20701,153,2290,,
NM_30_1,2002,2002,2002,date,0,0,2021654549,Cambridgeshire,E10000003,pre-2009 local authorities: county / unitary,482,77,8,Full Time Workers,8,sex,0,0,1,Weekly pay - gross,1,item,0,0,2,Median,2,item,0,0,20100,Value,408.7,A,Normal Value,F,Free (free for publication),Nm-30d1d32032e0d2021654549d8d1d2d20100,154,2290,,
NM_30_1,2002,2002,2002,date,0,0,2021654549,Cambridgeshire,E10000003,pre-2009 local authorities: county / unitary,482,77,8,Full Time Workers,8,sex,0,0,1,Weekly pay - gross,1,item,0,0,2,Median,2,item,0,0,20701,Confidence,3.1,A,Normal Value,F,Free (free for publication),Nm-30d1d32032e0d2021654549d8d1d2d20701,155,2290,,
NM_30_1,2002,2002,2002,date,0,0,2021654550,Essex,E10000012,pre-2009 local authorities: county / unitary,482,78,8,Full Time Workers,8,sex,0,0,1,Weekly pay - gross,1,item,0,0,2,Median,2,item,0,0,20100,Value,438.3,A,Normal Value,F,Free (free for publication),Nm-30d1d32032e0d2021654550d8d1d2d20100,156,2290,,
NM_30_1,2002,2002,2002,date,0,0,2021654550,Essex,E10000012,pre-2009 local authorities: county / unitary,482,78,8,Full Time Workers,8,sex,0,0,1,Weekly pay - gross,1,item,0,0,2,Median,2,item,0,0,20701,Confidence,2.3,A,Normal Value,F,Free (free for publication),Nm-30d1d32032e0d2021654550d8d1d2d20701,157,2290,,
NM_30_1,2002,2002,2002,date,0,0,2021654551,Hertfordshire,E10000015,pre-2009 local authorities: county / unitary,482,79,8,Full Time Workers,8,sex,0,0,1,Weekly pay - gross,1,item,0,0,2,Median,2,item,0,0,20100,Value,480.4,A,Normal Value,F,Free (free for publication),Nm-30d1d32032e0d2021654551d8d1d2d20100,158,2290,,
NM_30_1,2002,2002,2002,date,0,0,2021654551,Hertfordshire,E10000015,pre-2009 local authorities: county / unitary,482,79,8,Full Time Workers,8,sex,0,0,1,Weekly pay - gross,1,item,0,0,2,Median,2,item,0,0,20701,Confidence,2.3,A,Normal Value,F,Free (free for publication),Nm-30d1d32032e0d2021654551d8d1d2d20701,159,2290,,
NM_30_1,2002,2002,2002,date,0,0,2021654553,Norfolk,E10000020,pre-2009 local authorities: county / unitary,482,80,8,Full Time Workers,8,sex,0,0,1,Weekly pay - gross,1,item,0,0,2,Median,2,item,0,0,20100,Value,349.6,A,Normal Value,F,Free (free for publication),Nm-30d1d32032e0d2021654553d8d1d2d20100,160,2290,,
NM_30_1,2002,2002,2002,date,0,0,2021654553,Norfolk,E10000020,pre-2009 local authorities: county / unitary,482,80,8,Full Time Workers,8,sex,0,0,1,Weekly pay - gross,1,item,0,0,2,Median,2,item,0,0,20701,Confidence,2.6,A,Normal Value,F,Free (free for publication),Nm-30d1d32032e0d2021654553d8d1d2d20701,161,2290,,
NM_30_1,2002,2002,2002,date,0,0,2021654556,Suffolk,E10000029,pre-2009 local authorities: county / unitary,482,81,8,Full Time Workers,8,sex,0,0,1,Weekly pay - gross,1,item,0,0,2,Median,2,item,0,0,20100,Value,371.3,A,Normal Value,F,Free (free for publication),Nm-30d1d32032e0d2021654556d8d1d2d20100,162,2290,,
NM_30_1,2002,2002,2002,date,0,0,2021654556,Suffolk,E10000029,pre-2009 local authorities: county / unitary,482,81,8,Full Time Workers,8,sex,0,0,1,Weekly pay - gross,1,item,0,0,2,Median,2,item,0,0,20701,Confidence,2.9,A,Normal Value,F,Free (free for publication),Nm-30d1d32032e0d2021654556d8d1d2d20701,163,2290,,
NM_30_1,2002,2002,2002,date,0,0,2021654558,Camden,E09000007,pre-2009 local authorities: county / unitary,482,82,8,Full Time Workers,8,sex,0,0,1,Weekly pay - gross,1,item,0,0,2,Median,2,item,0,0,20100,Value,542.7,A,Normal Value,F,Free (free for publication),Nm-30d1d32032e0d2021654558d8d1d2d20100,164,2290,London,E12000007
NM_30_1,2002,2002,2002,date,0,0,2021654558,Camden,E09000007,pre-2009 local authorities: county / unitary,482,82,8,Full Time Workers,8,sex,0,0,1,Weekly pay - gross,1,item,0,0,2,Median,2,item,0,0,20701,Confidence,6.0,A,Normal Value,F,Free (free for publication),Nm-30d1d32032e0d2021654558d8d1d2d20701,165,2290,London,E12000007
NM_30_1,2002,2002,2002,date,0,0,2021654559,City of London,E09000001,pre-2009 local authorities: county / unitary,482,83,8,Full Time Workers,8,sex,0,0,1,Weekly pay - gross,1,item,0,0,2,Median,2,item,0,0,20100,Value,,B,These figures are suppressed as statistically unreliable,F,Free (free for publication),Nm-30d1d32032e0d2021654559d8d1d2d20100,166,2290,London,E12000007
NM_30_1,2002,2002,2002,date,0,0,2021654559,City of London,E09000001,pre-2009 local authorities: county / unitary,482,83,8,Full Time Workers,8,sex,0,0,1,Weekly pay - gross,1,item,0,0,2,Median,2,item,0,0,20701,Confidence,,B,These figures are suppressed as statistically unreliable,F,Free (free for publication),Nm-30d1d32032e0d2021654559d8d1d2d20701,167,2290,London,E12000007
NM_30_1,2002,2002,2002,date,0,0,2021654560,Hackney,E09000012,pre-2009 local authorities: county / unitary,482,84,8,Full Time Workers,8,sex,0,0,1,Weekly pay - gross,1,item,0,0,2,Median,2,item,0,0,20100,Value,455.9,A,Normal Value,F,Free (free for publication),Nm-30d1d32032e0d2021654560d8d1d2d20100,168,2290,London,E12000007
NM_30_1,2002,2002,2002,date,0,0,2021654560,Hackney,E09000012,pre-2009 local authorities: county / unitary,482,84,8,Full Time Workers,8,sex,0,0,1,Weekly pay - gross,1,item,0,0,2,Median,2,item,0,0,20701,Confidence,6.3,A,Normal Value,F,Free (free for publication),Nm-30d1d32032e0d2021654560d8d1d2d20701,169,2290,London,E12000007
NM_30_1,2002,2002,2002,date,0,0,2021654561,Hammersmith and Fulham,E09000013,pre-2009 local authorities: county / unitary,482,85,8,Full Time Workers,8,sex,0,0,1,Weekly pay - gross,1,item,0,0,2,Median,2,item,0,0,20100,Value,550.5,A,Normal Value,F,Free (free for publication),Nm-30d1d32032e0d2021654561d8d1d2d20100,170,2290,London,E12000007
NM_30_1,2002,2002,2002,date,0,0,2021654561,Hammersmith and Fulham,E09000013,pre-2009 local authorities: county / unitary,482,85,8,Full Time Workers,8,sex,0,0,1,Weekly pay - gross,1,item,0,0,2,Median,2,item,0,0,20701,Confidence,5.9,A,Normal Value,F,Free (free for publication),Nm-30d1d32032e0d2021654561d8d1d2d20701,171,2290,London,E12000007
NM_30_1,2002,2002,2002,date,0,0,2021654562,Haringey,E09000014,pre-2009 local authorities: county / unitary,482,86,8,Full Time Workers,8,sex,0,0,1,Weekly pay - gross,1,item,0,0,2,Median,2,item,0,0,20100,Value,448.3,A,Normal Value,F,Free (free for publication),Nm-30d1d32032e0d2021654562d8d1d2d20100,172,2290,London,E12000007
NM_30_1,2002,2002,2002,date,0,0,2021654562,Haringey,E09000014,pre-2009 local authorities: county / unitary,482,86,8,Full Time Workers,8,sex,0,0,1,Weekly pay - gross,1,item,0,0,2,Median,2,item,0,0,20701,Confidence,4.7,A,Normal Value,F,Free (free for publication),Nm-30d1d32032e0d2021654562d8d1d2d20701,173,2290,London,E12000007
NM_30_1,2002,2002,2002,date,0,0,2021654563,Islington,E09000019,pre-2009 local authorities: county / unitary,482,87,8,Full Time Workers,8,sex,0,0,1,Weekly pay - gross,1,item,0,0,2,Median,2,item,0,0,20100,Value,516.8,A,Normal Value,F,Free (free for publication),Nm-30d1d32032e0d2021654563d8d1d2d20100,174,2290,London,E12000007
NM_30_1,2002,2002,2002,date,0,0,2021654563,Islington,E09000019,pre-2009 local authorities: county / unitary,482,87,8,Full Time Workers,8,sex,0,0,1,Weekly pay - gross,1,item,0,0,2,Median,2,item,0,0,20701,Confidence,5.6,A,Normal Value,F,Free (free for publication),Nm-30d1d32032e0d2021654563d8d1d2d20701,175,2290,London,E12000007
NM_30_1,2002,2002,2002,date,0,0,2021654564,Kensington and Chelsea,E09000020,pre-2009 local authorities: county / unitary,482,88,8,Full Time Workers,8,sex,0,0,1,Weekly pay - gross,1,item,0,0,2,Median,2,item,0,0,20100,Value,699.9,A,Normal Value,F,Free (free for publication),Nm-30d1d32032e0d2021654564d8d1d2d20100,176,2290,London,E12000007
NM_30_1,2002,2002,2002,date,0,0,2021654564,Kensington and Chelsea,E09000020,pre-2009 local authorities: county / unitary,482,88,8,Full Time Workers,8,sex,0,0,1,Weekly pay - gross,1,item,0,0,2,Median,2,item,0,0,20701,Confidence,14.0,A,Normal Value,F,Free (free for publication),Nm-30d1d32032e0d2021654564d8d1d2d20701,177,2290,London,E12000007
NM_30_1,2002,2002,2002,date,0,0,2021654565,Lambeth,E09000022,pre-2009 local authorities: county / unitary,482,89,8,Full Time Workers,8,sex,0,0,1,Weekly pay - gross,1,item,0,0,2,Median,2,item,0,0,20100,Value,463.7,A,Normal Value,F,Free (free for publication),Nm-30d1d32032e0d2021654565d8d1d2d20100,178,2290,London,E12000007
NM_30_1,2002,2002,2002,date,0,0,2021654565,Lambeth,E09000022,pre-2009 local authorities: county / unitary,482,89,8,Full Time Workers,8,sex,0,0,1,Weekly pay - gross,1,item,0,0,2,Median,2,item,0,0,20701,Confidence,3.9,A,Normal Value,F,Free (free for publication),Nm-30d1d32032e0d2021654565d8d1d2d20701,179,2290,London,E12000007
NM_30_1,2002,2002,2002,date,0,0,2021654566,Lewisham,E09000023,pre-2009 local authorities: county / unitary,482,90,8,Full Time Workers,8,sex,0,0,1,Weekly pay - gross,1,item,0,0,2,Median,2,item,0,0,20100,Value,454.8,A,Normal Value,F,Free (free for publication),Nm-30d1d32032e0d2021654566d8d1d2d20100,180,2290,London,E12000007
NM_30_1,2002,2002,2002,date,0,0,2021654566,Lewisham,E09000023,pre-2009 local authorities: county / unitary,482,90,8,Full Time Workers,8,sex,0,0,1,Weekly pay - gross,1,item,0,0,2,Median,2,item,0,0,20701,Confidence,4.5,A,Normal Value,F,Free (free for publication),Nm-30d1d32032e0d2021654566d8d1d2d20701,181,2290,London,E12000007
NM_30_1,2002,2002,2002,date,0,0,2021654567,Newham,E09000025,pre-2009 local authorities: county / unitary,482,91,8,Full Time Workers,8,sex,0,0,1,Weekly pay - gross,1,item,0,0,2,Median,2,item,0,0,20100,Value,384.0,A,Normal Value,F,Free (free for publication),Nm-30d1d32032e0d2021654567d8d1d2d20100,182,2290,London,E12000007
NM_30_1,2002,2002,2002,date,0,0,2021654567,Newham,E09000025,pre-2009 local authorities: county / unitary,482,91,8,Full Time Workers,8,sex,0,0,1,Weekly pay - gross,1,item,0,0,2,Median,2,item,0,0,20701,Confidence,4.7,A,Normal Value,F,Free (free for publication),Nm-30d1d32032e0d2021654567d8d1d2d20701,183,2290,London,E12000007
NM_30_1,2002,2002,2002,date,0,0,2021654568,Southwark,E09000028,pre-2009 local authorities: county / unitary,482,92,8,Full Time Workers,8,sex,0,0,1,Weekly pay - gross,1,item,0,0,2,Median,2,item,0,0,20100,Value,461.9,A,Normal Value,F,Free (free for publication),Nm-30d1d32032e0d2021654568d8d1d2d20100,184,2290,London,E12000007
NM_30_1,2002,2002,2002,date,0,0,2021654568,Southwark,E09000028,pre-2009 local authorities: county / unitary,482,92,8,Full Time Workers,8,sex,0,0,1,Weekly pay - gross,1,item,0,0,2,Median,2,item,0,0,20701,Confidence,5.8,A,Normal Value,F,Free (free for publication),Nm-30d1d32032e0d2021654568d8d1d2d20701,185,2290,London,E12000007
NM_30_1,2002,2002,2002,date,0,0,2021654569,Tower Hamlets,E09000030,pre-2009 local authorities: county / unitary,482,93,8,Full Time Workers,8,sex,0,0,1,Weekly pay - gross,1,item,0,0,2,Median,2,item,0,0,20100,Value,482.0,A,Normal Value,F,Free (free for publication),Nm-30d1d32032e0d2021654569d8d1d2d20100,186,2290,London,E12000007
NM_30_1,2002,2002,2002,date,0,0,2021654569,Tower Hamlets,E09000030,pre-2009 local authorities: county / unitary,482,93,8,Full Time Workers,8,sex,0,0,1,Weekly pay - gross,1,item,0,0,2,Median,2,item,0,0,20701,Confidence,4.8,A,Normal Value,F,Free (free for publication),Nm-30d1d32032e0d2021654569d8d1d2d20701,187,2290,London,E12000007
NM_30_1,2002,2002,2002,date,0,0,2021654570,Wandsworth,E09000032,pre-2009 local authorities: county / unitary,482,94,8,Full Time Workers,8,sex,0,0,1,Weekly pay - gross,1,item,0,0,2,Median,2,item,0,0,20100,Value,556.2,A,Normal Value,F,Free (free for publication),Nm-30d1d32032e0d2021654570d8d1d2d20100,188,2290,London,E12000007
NM_30_1,2002,2002,2002,date,0,0,2021654570,Wandsworth,E09000032,pre-2009 local authorities: county / unitary,482,94,8,Full Time Workers,8,sex,0,0,1,Weekly pay - gross,1,item,0,0,2,Median,2,item,0,0,20701,Confidence,4.1,A,Normal Value,F,Free (free for publication),Nm-30d1d32032e0d2021654570d8d1d2d20701,189,2290,London,E12000007
NM_30_1,2002,2002,2002,date,0,0,2021654571,"Westminster, City of",E09000033,pre-2009 local authorities: county / unitary,482,95,8,Full Time Workers,8,sex,0,0,1,Weekly pay - gross,1,item,0,0,2,Median,2,item,0,0,20100,Value,527.0,A,Normal Value,F,Free (free for publication),Nm-30d1d32032e0d2021654571d8d1d2d20100,190,2290,London,E12000007
NM_30_1,2002,2002,2002,date,0,0,2021654571,"Westminster, City of",E09000033,pre-2009 local authorities: county / unitary,482,95,8,Full Time Workers,8,sex,0,0,1,Weekly pay - gross,1,item,0,0,2,Median,2,item,0,0,20701,Confidence,6.3,A,Normal Value,F,Free (free for publication),Nm-30d1d32032e0d2021654571d8d1d2d20701,191,2290,London,E12000007
NM_30_1,2002,2002,2002,date,0,0,2021654572,Barking and Dagenham,E09000002,pre-2009 local authorities: county / unitary,482,96,8,Full Time Workers,8,sex,0,0,1,Weekly pay - gross,1,item,0,0,2,Median,2,item,0,0,20100,Value,439.5,A,Normal Value,F,Free (free for publication),Nm-30d1d32032e0d2021654572d8d1d2d20100,192,2290,London,E12000007
NM_30_1,2002,2002,2002,date,0,0,2021654572,Barking and Dagenham,E09000002,pre-2009 local authorities: county / unitary,482,96,8,Full Time Workers,8,sex,0,0,1,Weekly pay - gross,1,item,0,0,2,Median,2,item,0,0,20701,Confidence,5.4,A,Normal Value,F,Free (free for publication),Nm-30d1d32032e0d2021654572d8d1d2d20701,193,2290,London,E12000007
NM_30_1,2002,2002,2002,date,0,0,2021654573,Barnet,E09000003,pre-2009 local authorities: county / unitary,482,97,8,Full Time Workers,8,sex,0,0,1,Weekly pay - gross,1,item,0,0,2,Median,2,item,0,0,20100,Value,499.1,A,Normal Value,F,Free (free for publication),Nm-30d1d32032e0d2021654573d8d1d2d20100,194,2290,London,E12000007
NM_30_1,2002,2002,2002,date,0,0,2021654573,Barnet,E09000003,pre-2009 local authorities: county / unitary,482,97,8,Full Time Workers,8,sex,0,0,1,Weekly pay - gross,1,item,0,0,2,Median,2,item,0,0,20701,Confidence,4.2,A,Normal Value,F,Free (free for publication),Nm-30d1d32032e0d2021654573d8d1d2d20701,195,2290,London,E12000007
NM_30_1,2002,2002,2002,date,0,0,2021654574,Bexley,E09000004,pre-2009 local authorities: county / unitary,482,98,8,Full Time Workers,8,sex,0,0,1,Weekly pay - gross,1,item,0,0,2,Median,2,item,0,0,20100,Value,464.6,A,Normal Value,F,Free (free for publication),Nm-30d1d32032e0d2021654574d8d1d2d20100,196,2290,London,E12000007
NM_30_1,2002,2002,2002,date,0,0,2021654574,Bexley,E09000004,pre-2009 local authorities: county / unitary,482,98,8,Full Time Workers,8,sex,0,0,1,Weekly pay - gross,1,item,0,0,2,Median,2,item,0,0,20701,Confidence,3.6,A,Normal Value,F,Free (free for publication),Nm-30d1d32032e0d2021654574d8d1d2d20701,197,2290,London,E12000007
NM_30_1,2002,2002,2002,date,0,0,2021654575,Brent,E09000005,pre-2009 local authorities: county / unitary,482,99,8,Full Time Workers,8,sex,0,0,1,Weekly pay - gross,1,item,0,0,2,Median,2,item,0,0,20100,Value,428.4,A,Normal Value,F,Free (free for publication),Nm-30d1d32032e0d2021654575d8d1d2d20100,198,2290,London,E12000007
NM_30_1,2002,2002,2002,date,0,0,2021654575,Brent,E09000005,pre-2009 local authorities: county / unitary,482,99,8,Full Time Workers,8,sex,0,0,1,Weekly pay - gross,1,item,0,0,2,Median,2,item,0,0,20701,Confidence,3.9,A,Normal Value,F,Free (free for publication),Nm-30d1d32032e0d2021654575d8d1d2d20701,199,2290,London,E12000007
NM_30_1,2002,2002,2002,date,0,0,2021654576,Bromley,E09000006,pre-2009 local authorities: county / unitary,482,100,8,Full Time Workers,8,sex,0,0,1,Weekly pay - gross,1,item,0,0,2,Median,2,item,0,0,20100,Value,506.1,A,Normal Value,F,Free (free for publication),Nm-30d1d32032e0d2021654576d8d1d2d20100,200,2290,London,E12000007
NM_30_1,2002,2002,2002,date,0,0,2021654576,Bromley,E09000006,pre-2009 local authorities: county / unitary,482,100,8,Full Time Workers,8,sex,0,0,1,Weekly pay - gross,1,item,0,0,2,Median,2,item,0,0,20701,Confidence,4.2,A,Normal Value,F,Free (free for publication),Nm-30d1d32032e0d2021654576d8d1d2d20701,201,2290,London,E12000007
NM_30_1,2002,2002,2002,date,0,0,2021654577,Croydon,E09000008,pre-2009 local authorities: county / unitary,482,101,8,Full Time Workers,8,sex,0,0,1,Weekly pay - gross,1,item,0,0,2,Median,2,item,0,0,20100,Value,461.2,A,Normal Value,F,Free (free for publication),Nm-30d1d32032e0d2021654577d8d1d2d20100,202,2290,London,E12000007
NM_30_1,2002,2002,2002,date,0,0,2021654577,Croydon,E09000008,pre-2009 local authorities: county / unitary,482,101,8,Full Time Workers,8,sex,0,0,1,Weekly pay - gross,1,item,0,0,2,Median,2,item,0,0,20701,Confidence,3.7,A,Normal Value,F,Free (free for publication),Nm-30d1d32032e0d2021654577d8d1d2d20701,203,2290,London,E12000007
NM_30_1,2002,2002,2002,date,0,0,2021654578,Ealing,E09000009,pre-2009 local authorities: county / unitary,482,102,8,Full Time Workers,8,sex,0,0,1,Weekly pay - gross,1,item,0,0,2,Median,2,item,0,0,20100,Value,472.4,A,Normal Value,F,Free (free for publication),Nm-30d1d32032e0d2021654578d8d1d2d20100,204,2290,London,E12000007
NM_30_1,2002,2002,2002,date,0,0,2021654578,Ealing,E09000009,pre-2009 local authorities: county / unitary,482,102,8,Full Time Workers,8,sex,0,0,1,Weekly pay - gross,1,item,0,0,2,Median,2,item,0,0,20701,Confidence,4.0,A,Normal Value,F,Free (free for publication),Nm-30d1d32032e0d2021654578d8d1d2d20701,205,2290,London,E12000007
NM_30_1,2002,2002,2002,date,0,0,2021654579,Enfield,E09000010,pre-2009 local authorities: county / unitary,482,103,8,Full Time Workers,8,sex,0,0,1,Weekly pay - gross,1,item,0,0,2,Median,2,item,0,0,20100,Value,442.8,A,Normal Value,F,Free (free for publication),Nm-30d1d32032e0d2021654579d8d1d2d20100,206,2290,London,E12000007
NM_30_1,2002,2002,2002,date,0,0,2021654579,Enfield,E09000010,pre-2009 local authorities: county / unitary,482,103,8,Full Time Workers,8,sex,0,0,1,Weekly pay - gross,1,item,0,0,2,Median,2,item,0,0,20701,Confidence,4.7,A,Normal Value,F,Free (free for publication),Nm-30d1d32032e0d2021654579d8d1d2d20701,207,2290,London,E12000007
NM_30_1,2002,2002,2002,date,0,0,2021654580,Greenwich,E09000011,pre-2009 local authorities: county / unitary,482,104,8,Full Time Workers,8,sex,0,0,1,Weekly pay - gross,1,item,0,0,2,Median,2,item,0,0,20100,Value,472.5,A,Normal Value,F,Free (free for publication),Nm-30d1d32032e0d2021654580d8d1d2d20100,208,2290,London,E12000007
NM_30_1,2002,2002,2002,date,0,0,2021654580,Greenwich,E09000011,pre-2009 local authorities: county / unitary,482,104,8,Full Time Workers,8,sex,0,0,1,Weekly pay - gross,1,item,0,0,2,Median,2,item,0,0,20701,Confidence,5.8,A,Normal Value,F,Free (free for publication),Nm-30d1d32032e0d2021654580d8d1d2d20701,209,2290,London,E12000007
NM_30_1,2002,2002,2002,date,0,0,2021654581,Harrow,E09000015,pre-2009 local authorities: county / unitary,482,105,8,Full Time Workers,8,sex,0,0,1,Weekly pay - gross,1,item,0,0,2,Median,2,item,0,0,20100,Value,447.1,A,Normal Value,F,Free (free for publication),Nm-30d1d32032e0d2021654581d8d1d2d20100,210,2290,London,E12000007
NM_30_1,2002,2002,2002,date,0,0,2021654581,Harrow,E09000015,pre-2009 local authorities: county / unitary,482,105,8,Full Time Workers,8,sex,0,0,1,Weekly pay - gross,1,item,0,0,2,Median,2,item,0,0,20701,Confidence,5.1,A,Normal Value,F,Free (free for publication),Nm-30d1d32032e0d2021654581d8d1d2d20701,211,2290,London,E12000007
NM_30_1,2002,2002,2002,date,0,0,2021654582,Havering,E09000016,pre-2009 local authorities: county / unitary,482,106,8,Full Time Workers,8,sex,0,0,1,Weekly pay - gross,1,item,0,0,2,Median,2,item,0,0,20100,Value,477.1,A,Normal Value,F,Free (free for publication),Nm-30d1d32032e0d2021654582d8d1d2d20100,212,2290,London,E12000007
NM_30_1,2002,2002,2002,date,0,0,2021654582,Havering,E09000016,pre-2009 local authorities: county / unitary,482,106,8,Full Time Workers,8,sex,0,0,1,Weekly pay - gross,1,item,0,0,2,Median,2,item,0,0,20701,Confidence,4.3,A,Normal Value,F,Free (free for publication),Nm-30d1d32032e0d2021654582d8d1d2d20701,213,2290,London,E12000007
NM_30_1,2002,2002,2002,date,0,0,2021654583,Hillingdon,E09000017,pre-2009 local authorities: county / unitary,482,107,8,Full Time Workers,8,sex,0,0,1,Weekly pay - gross,1,item,0,0,2,Median,2,item,0,0,20100,Value,451.1,A,Normal Value,F,Free (free for publication),Nm-30d1d32032e0d2021654583d8d1d2d20100,214,2290,London,E12000007
NM_30_1,2002,2002,2002,date,0,0,2021654583,Hillingdon,E09000017,pre-2009 local authorities: county / unitary,482,107,8,Full Time Workers,8,sex,0,0,1,Weekly pay - gross,1,item,0,0,2,Median,2,item,0,0,20701,Confidence,4.9,A,Normal Value,F,Free (free for publication),Nm-30d1d32032e0d2021654583d8d1d2d20701,215,2290,London,E12000007
NM_30_1,2002,2002,2002,date,0,0,2021654584,Hounslow,E09000018,pre-2009 local authorities: county / unitary,482,108,8,Full Time Workers,8,sex,0,0,1,Weekly pay - gross,1,item,0,0,2,Median,2,item,0,0,20100,Value,460.6,A,Normal Value,F,Free (free for publication),Nm-30d1d32032e0d2021654584d8d1d2d20100,216,2290,London,E12000007
NM_30_1,2002,2002,2002,date,0,0,2021654584,Hounslow,E09000018,pre-2009 local authorities: county / unitary,482,108,8,Full Time Workers,8,sex,0,0,1,Weekly pay - gross,1,item,0,0,2,Median,2,item,0,0,20701,Confidence,4.2,A,Normal Value,F,Free (free for publication),Nm-30d1d32032e0d2021654584d8d1d2d20701,217,2290,London,E12000007
NM_30_1,2002,2002,2002,date,0,0,2021654585,Kingston-upon-Thames,E09000021,pre-2009 local authorities: county / unitary,482,109,8,Full Time Workers,8,sex,0,0,1,Weekly pay - gross,1,item,0,0,2,Median,2,item,0,0,20100,Value,519.5,A,Normal Value,F,Free (free for publication),Nm-30d1d32032e0d2021654585d8d1d2d20100,218,2290,London,E12000007
NM_30_1,2002,2002,2002,date,0,0,2021654585,Kingston-upon-Thames,E09000021,pre-2009 local authorities: county / unitary,482,109,8,Full Time Workers,8,sex,0,0,1,Weekly pay - gross,1,item,0,0,2,Median,2,item,0,0,20701,Confidence,4.8,A,Normal Value,F,Free (free for publication),Nm-30d1d32032e0d2021654585d8d1d2d20701,219,2290,London,E12000007
NM_30_1,2002,2002,2002,date,0,0,2021654586,Merton,E09000024,pre-2009 local authorities: county / unitary,482,110,8,Full Time Workers,8,sex,0,0,1,Weekly pay - gross,1,item,0,0,2,Median,2,item,0,0,20100,Value,506.0,A,Normal Value,F,Free (free for publication),Nm-30d1d32032e0d2021654586d8d1d2d20100,220,2290,London,E12000007
NM_30_1,2002,2002,2002,date,0,0,2021654586,Merton,E09000024,pre-2009 local authorities: county / unitary,482,110,8,Full Time Workers,8,sex,0,0,1,Weekly pay - gross,1,item,0,0,2,Median,2,item,0,0,20701,Confidence,5.5,A,Normal Value,F,Free (free for publication),Nm-30d1d32032e0d2021654586d8d1d2d20701,221,2290,London,E12000007
NM_30_1,2002,2002,2002,date,0,0,2021654587,Redbridge,E09000026,pre-2009 local authorities: county / unitary,482,111,8,Full Time Workers,8,sex,0,0,1,Weekly pay - gross,1,item,0,0,2,Median,2,item,0,0,20100,Value,484.6,A,Normal Value,F,Free (free for publication),Nm-30d1d32032e0d2021654587d8d1d2d20100,222,2290,London,E12000007
NM_30_1,2002,2002,2002,date,0,0,2021654587,Redbridge,E09000026,pre-2009 local authorities: county / unitary,482,111,8,Full Time Workers,8,sex,0,0,1,Weekly pay - gross,1,item,0,0,2,Median,2,item,0,0,20701,Confidence,4.6,A,Normal Value,F,Free (free for publication),Nm-30d1d32032e0d2021654587d8d1d2d20701,223,2290,London,E12000007
NM_30_1,2002,2002,2002,date,0,0,2021654588,Richmond-upon-Thames,E09000027,pre-2009 local authorities: county / unitary,482,112,8,Full Time Workers,8,sex,0,0,1,Weekly pay - gross,1,item,0,0,2,Median,2,item,0,0,20100,Value,619.2,A,Normal Value,F,Free (free for publication),Nm-30d1d32032e0d2021654588d8d1d2d20100,224,2290,London,E12000007
NM_30_1,2002,2002,2002,date,0,0,2021654588,Richmond-upon-Thames,E09000027,pre-2009 local authorities: county / unitary,482,112,8,Full Time Workers,8,sex,0,0,1,Weekly pay - gross,1,item,0,0,2,Median,2,item,0,0,20701,Confidence,5.2,A,Normal Value,F,Free (free for publication),Nm-30d1d32032e0d2021654588d8d1d2d20701,225,2290,London,E12000007
NM_30_1,2002,2002,2002,date,0,0,2021654589,Sutton,E09000029,pre-2009 local authorities: county / unitary,482,113,8,Full Time Workers,8,sex,0,0,1,Weekly pay - gross,1,item,0,0,2,Median,2,item,0,0,20100,Value,472.8,A,Normal Value,F,Free (free for publication),Nm-30d1d32032e0d2021654589d8d1d2d20100,226,2290,London,E12000007
NM_30_1,2002,2002,2002,date,0,0,2021654589,Sutton,E09000029,pre-2009 local authorities: county / unitary,482,113,8,Full Time Workers,8,sex,0,0,1,Weekly pay - gross,1,item,0,0,2,Median,2,item,0,0,20701,Confidence,4.4,A,Normal Value,F,Free (free for publication),Nm-30d1d32032e0d2021654589d8d1d2d20701,227,2290,London,E12000007
NM_30_1,2002,2002,2002,date,0,0,2021654590,Waltham Forest,E09000031,pre-2009 local authorities: county / unitary,482,114,8,Full Time Workers,8,sex,0,0,1,Weekly pay - gross,1,item,0,0,2,Median,2,item,0,0,20100,Value,455.0,A,Normal Value,F,Free (free for publication),Nm-30d1d32032e0d2021654590d8d1d2d20100,228,2290,London,E12000007
NM_30_1,2002,2002,2002,date,0,0,2021654590,Waltham Forest,E09000031,pre-2009 local authorities: county / unitary,482,114,8,Full Time Workers,8,sex,0,0,1,Weekly pay - gross,1,item,0,0,2,Median,2,item,0,0,20701,Confidence,3.4,A,Normal Value,F,Free (free for publication),Nm-30d1d32032e0d2021654590d8d1d2d20701,229,2290,London,E12000007
NM_30_1,2002,2002,2002,date,0,0,2021654529,Bracknell Forest,E06000036,pre-2009 local authorities: county / unitary,482,115,8,Full Time Workers,8,sex,0,0,1,Weekly pay - gross,1,item,0,0,2,Median,2,item,0,0,20100,Value,500.8,A,Normal Value,F,Free (free for publication),Nm-30d1d32032e0d2021654529d8d1d2d20100,230,2290,South East,E12000008
NM_30_1,2002,2002,2002,date,0,0,2021654529,Bracknell Forest,E06000036,pre-2009 local authorities: county / unitary,482,115,8,Full Time Workers,8,sex,0,0,1,Weekly pay - gross,1,item,0,0,2,Median,2,item,0,0,20701,Confidence,7.7,A,Normal Value,F,Free (free for publication),Nm-30d1d32032e0d2021654529d8d1d2d20701,231,2290,South East,E12000008
NM_30_1,2002,2002,2002,date,0,0,2021654530,Brighton and Hove,E06000043,pre-2009 local authorities: county / unitary,482,116,8,Full Time Workers,8,sex,0,0,1,Weekly pay - gross,1,item,0,0,2,Median,2,item,0,0,20100,Value,410.5,A,Normal Value,F,Free (free for publication),Nm-30d1d32032e0d2021654530d8d1d2d20100,232,2290,South East,E12000008
NM_30_1,2002,2002,2002,date,0,0,2021654530,Brighton and Hove,E06000043,pre-2009 local authorities: county / unitary,482,116,8,Full Time Workers,8,sex,0,0,1,Weekly pay - gross,1,item,0,0,2,Median,2,item,0,0,20701,Confidence,4.4,A,Normal Value,F,Free (free for publication),Nm-30d1d32032e0d2021654530d8d1d2d20701,233,2290,South East,E12000008
NM_30_1,2002,2002,2002,date,0,0,2021654534,Isle of Wight,E06000046,pre-2009 local authorities: county / unitary,482,117,8,Full Time Workers,8,sex,0,0,1,Weekly pay - gross,1,item,0,0,2,Median,2,item,0,0,20100,Value,343.1,A,Normal Value,F,Free (free for publication),Nm-30d1d32032e0d2021654534d8d1d2d20100,234,2290,South East,E12000008
NM_30_1,2002,2002,2002,date,0,0,2021654534,Isle of Wight,E06000046,pre-2009 local authorities: county / unitary,482,117,8,Full Time Workers,8,sex,0,0,1,Weekly pay - gross,1,item,0,0,2,Median,2,item,0,0,20701,Confidence,7.5,A,Normal Value,F,Free (free for publication),Nm-30d1d32032e0d2021654534d8d1d2d20701,235,2290,South East,E12000008
NM_30_1,2002,2002,2002,date,0,0,2021654536,Medway,E06000035,pre-2009 local authorities: county / unitary,482,118,8,Full Time Workers,8,sex,0,0,1,Weekly pay - gross,1,item,0,0,2,Median,2,item,0,0,20100,Value,404.4,A,Normal Value,F,Free (free for publication),Nm-30d1d32032e0d2021654536d8d1d2d20100,236,2290,South East,E12000008
NM_30_1,2002,2002,2002,date,0,0,2021654536,Medway,E06000035,pre-2009 local authorities: county / unitary,482,118,8,Full Time Workers,8,sex,0,0,1,Weekly pay - gross,1,item,0,0,2,Median,2,item,0,0,20701,Confidence,4.6,A,Normal Value,F,Free (free for publication),Nm-30d1d32032e0d2021654536d8d1d2d20701,237,2290,South East,E12000008
NM_30_1,2002,2002,2002,date,0,0,2021654537,Milton Keynes,E06000042,pre-2009 local authorities: county / unitary,482,119,8,Full Time Workers,8,sex,0,0,1,Weekly pay - gross,1,item,0,0,2,Median,2,item,0,0,20100,Value,411.3,A,Normal Value,F,Free (free for publication),Nm-30d1d32032e0d2021654537d8d1d2d20100,238,2290,South East,E12000008
NM_30_1,2002,2002,2002,date,0,0,2021654537,Milton Keynes,E06000042,pre-2009 local authorities: county / unitary,482,119,8,Full Time Workers,8,sex,0,0,1,Weekly pay - gross,1,item,0,0,2,Median,2,item,0,0,20701,Confidence,5.1,A,Normal Value,F,Free (free for publication),Nm-30d1d32032e0d2021654537d8d1d2d20701,239,2290,South East,E12000008
NM_30_1,2002,2002,2002,date,0,0,2021654539,Portsmouth,E06000044,pre-2009 local authorities: county / unitary,482,120,8,Full Time Workers,8,sex,0,0,1,Weekly pay - gross,1,item,0,0,2,Median,2,item,0,0,20100,Value,380.4,A,Normal Value,F,Free (free for publication),Nm-30d1d32032e0d2021654539d8d1d2d20100,240,2290,South East,E12000008
NM_30_1,2002,2002,2002,date,0,0,2021654539,Portsmouth,E06000044,pre-2009 local authorities: county / unitary,482,120,8,Full Time Workers,8,sex,0,0,1,Weekly pay - gross,1,item,0,0,2,Median,2,item,0,0,20701,Confidence,4.8,A,Normal Value,F,Free (free for publication),Nm-30d1d32032e0d2021654539d8d1d2d20701,241,2290,South East,E12000008
NM_30_1,2002,2002,2002,date,0,0,2021654540,Reading,E06000038,pre-2009 local authorities: county / unitary,482,121,8,Full Time Workers,8,sex,0,0,1,Weekly pay - gross,1,item,0,0,2,Median,2,item,0,0,20100,Value,452.7,A,Normal Value,F,Free (free for publication),Nm-30d1d32032e0d2021654540d8d1d2d20100,242,2290,South East,E12000008
NM_30_1,2002,2002,2002,date,0,0,2021654540,Reading,E06000038,pre-2009 local authorities: county / unitary,482,121,8,Full Time Workers,8,sex,0,0,1,Weekly pay - gross,1,item,0,0,2,Median,2,item,0,0,20701,Confidence,4.2,A,Normal Value,F,Free (free for publication),Nm-30d1d32032e0d2021654540d8d1d2d20701,243,2290,South East,E12000008
NM_30_1,2002,2002,2002,date,0,0,2021654541,Slough,E06000039,pre-2009 local authorities: county / unitary,482,122,8,Full Time Workers,8,sex,0,0,1,Weekly pay - gross,1,item,0,0,2,Median,2,item,0,0,20100,Value,380.4,A,Normal Value,F,Free (free for publication),Nm-30d1d32032e0d2021654541d8d1d2d20100,244,2290,South East,E12000008
NM_30_1,2002,2002,2002,date,0,0,2021654541,Slough,E06000039,pre-2009 local authorities: county / unitary,482,122,8,Full Time Workers,8,sex,0,0,1,Weekly pay - gross,1,item,0,0,2,Median,2,item,0,0,20701,Confidence,5.6,A,Normal Value,F,Free (free for publication),Nm-30d1d32032e0d2021654541d8d1d2d20701,245,2290,South East,E12000008
NM_30_1,2002,2002,2002,date,0,0,2021654542,Southampton,E06000045,pre-2009 local authorities: county / unitary,482,123,8,Full Time Workers,8,sex,0,0,1,Weekly pay - gross,1,item,0,0,2,Median,2,item,0,0,20100,Value,387.6,A,Normal Value,F,Free (free for publication),Nm-30d1d32032e0d2021654542d8d1d2d20100,246,2290,South East,E12000008
NM_30_1,2002,2002,2002,date,0,0,2021654542,Southampton,E06000045,pre-2009 local authorities: county / unitary,482,123,8,Full Time Workers,8,sex,0,0,1,Weekly pay - gross,1,item,0,0,2,Median,2,item,0,0,20701,Confidence,5.0,A,Normal Value,F,Free (free for publication),Nm-30d1d32032e0d2021654542d8d1d2d20701,247,2290,South East,E12000008
NM_30_1,2002,2002,2002,date,0,0,2021654544,West Berkshire,E06000037,pre-2009 local authorities: county / unitary,482,124,8,Full Time Workers,8,sex,0,0,1,Weekly pay - gross,1,item,0,0,2,Median,2,item,0,0,20100,Value,455.7,A,Normal Value,F,Free (free for publication),Nm-30d1d32032e0d2021654544d8d1d2d20100,248,2290,South East,E12000008
NM_30_1,2002,2002,2002,date,0,0,2021654544,West Berkshire,E06000037,pre-2009 local authorities: county / unitary,482,124,8,Full Time Workers,8,sex,0,0,1,Weekly pay - gross,1,item,0,0,2,Median,2,item,0,0,20701,Confidence,7.1,A,Normal Value,F,Free (free for publication),Nm-30d1d32032e0d2021654544d8d1d2d20701,249,2290,South East,E12000008
NM_30_1,2002,2002,2002,date,0,0,2021654546,Windsor and Maidenhead,E06000040,pre-2009 local authorities: county / unitary,482,125,8,Full Time Workers,8,sex,0,0,1,Weekly pay - gross,1,item,0,0,2,Median,2,item,0,0,20100,Value,524.4,A,Normal Value,F,Free (free for publication),Nm-30d1d32032e0d2021654546d8d1d2d20100,250,2290,South East,E12000008
NM_30_1,2002,2002,2002,date,0,0,2021654546,Windsor and Maidenhead,E06000040,pre-2009 local authorities: county / unitary,482,125,8,Full Time Workers,8,sex,0,0,1,Weekly pay - gross,1,item,0,0,2,Median,2,item,0,0,20701,Confidence,6.0,A,Normal Value,F,Free (free for publication),Nm-30d1d32032e0d2021654546d8d1d2d20701,251,2290,South East,E12000008
NM_30_1,2002,2002,2002,date,0,0,2021654547,Wokingham,E06000041,pre-2009 local authorities: county / unitary,482,126,8,Full Time Workers,8,sex,0,0,1,Weekly pay - gross,1,item,0,0,2,Median,2,item,0,0,20100,Value,540.3,A,Normal Value,F,Free (free for publication),Nm-30d1d32032e0d2021654547d8d1d2d20100,252,2290,South East,E12000008
NM_30_1,2002,2002,2002,date,0,0,2021654547,Wokingham,E06000041,pre-2009 local authorities: county / unitary,482,126,8,Full Time Workers,8,sex,0,0,1,Weekly pay - gross,1,item,0,0,2,Median,2,item,0,0,20701,Confidence,6.4,A,Normal Value,F,Free (free for publication),Nm-30d1d32032e0d2021654547d8d1d2d20701,253,2290,South East,E12000008
NM_30_1,2002,2002,2002,date,0,0,2021654531,Buckinghamshire,E10000002,pre-2009 local authorities: county / unitary,482,127,8,Full Time Workers,8,sex,0,0,1,Weekly pay - gross,1,item,0,0,2,Median,2,item,0,0,20100,Value,501.9,A,Normal Value,F,Free (free for publication),Nm-30d1d32032e0d2021654531d8d1d2d20100,254,2290,,
NM_30_1,2002,2002,2002,date,0,0,2021654531,Buckinghamshire,E10000002,pre-2009 local authorities: county / unitary,482,127,8,Full Time Workers,8,sex,0,0,1,Weekly pay - gross,1,item,0,0,2,Median,2,item,0,0,20701,Confidence,3.7,A,Normal Value,F,Free (free for publication),Nm-30d1d32032e0d2021654531d8d1d2d20701,255,2290,,
NM_30_1,2002,2002,2002,date,0,0,2021654532,East Sussex,E10000011,pre-2009 local authorities: county / unitary,482,128,8,Full Time Workers,8,sex,0,0,1,Weekly pay - gross,1,item,0,0,2,Median,2,item,0,0,20100,Value,385.7,A,Normal Value,F,Free (free for publication),Nm-30d1d32032e0d2021654532d8d1d2d20100,256,2290,,
NM_30_1,2002,2002,2002,date,0,0,2021654532,East Sussex,E10000011,pre-2009 local authorities: county / unitary,482,128,8,Full Time Workers,8,sex,0,0,1,Weekly pay - gross,1,item,0,0,2,Median,2,item,0,0,20701,Confidence,3.9,A,Normal Value,F,Free (free for publication),Nm-30d1d32032e0d2021654532d8d1d2d20701,257,2290,,
NM_30_1,2002,2002,2002,date,0,0,2021654533,Hampshire,E10000014,pre-2009 local authorities: county / unitary,482,129,8,Full Time Workers,8,sex,0,0,1,Weekly pay - gross,1,item,0,0,2,Median,2,item,0,0,20100,Value,427.4,A,Normal Value,F,Free (free for publication),Nm-30d1d32032e0d2021654533d8d1d2d20100,258,2290,,
NM_30_1,2002,2002,2002,date,0,0,2021654533,Hampshire,E10000014,pre-2009 local authorities: county / unitary,482,129,8,Full Time Workers,8,sex,0,0,1,Weekly pay - gross,1,item,0,0,2,Median,2,item,0,0,20701,Confidence,2.0,A,Normal Value,F,Free (free for publication),Nm-30d1d32032e0d2021654533d8d1d2d20701,259,2290,,
NM_30_1,2002,2002,2002,date,0,0,2021654535,Kent,E10000016,pre-2009 local authorities: county / unitary,482,130,8,Full Time Workers,8,sex,0,0,1,Weekly pay - gross,1,item,0,0,2,Median,2,item,0,0,20100,Value,411.8,A,Normal Value,F,Free (free for publication),Nm-30d1d32032e0d2021654535d8d1d2d20100,260,2290,,
NM_30_1,2002,2002,2002,date,0,0,2021654535,Kent,E10000016,pre-2009 local authorities: county / unitary,482,130,8,Full Time Workers,8,sex,0,0,1,Weekly pay - gross,1,item,0,0,2,Median,2,item,0,0,20701,Confidence,1.9,A,Normal Value,F,Free (free for publication),Nm-30d1d32032e0d2021654535d8d1d2d20701,261,2290,,
NM_30_1,2002,2002,2002,date,0,0,2021654538,Oxfordshire,E10000025,pre-2009 local authorities: county / unitary,482,131,8,Full Time Workers,8,sex,0,0,1,Weekly pay - gross,1,item,0,0,2,Median,2,item,0,0,20100,Value,441.2,A,Normal Value,F,Free (free for publication),Nm-30d1d32032e0d2021654538d8d1d2d20100,262,2290,,
NM_30_1,2002,2002,2002,date,0,0,2021654538,Oxfordshire,E10000025,pre-2009 local authorities: county / unitary,482,131,8,Full Time Workers,8,sex,0,0,1,Weekly pay - gross,1,item,0,0,2,Median,2,item,0,0,20701,Confidence,3.0,A,Normal Value,F,Free (free for publication),Nm-30d1d32032e0d2021654538d8d1d2d20701,263,2290,,
NM_30_1,2002,2002,2002,date,0,0,2021654543,Surrey,E10000030,pre-2009 local authorities: county / unitary,482,132,8,Full Time Workers,8,sex,0,0,1,Weekly pay - gross,1,item,0,0,2,Median,2,item,0,0,20100,Value,499.0,A,Normal Value,F,Free (free for publication),Nm-30d1d32032e0d2021654543d8d1d2d20100,264,2290,,
NM_30_1,2002,2002,2002,date,0,0,2021654543,Surrey,E10000030,pre-2009 local authorities: county / unitary,482,132,8,Full Time Workers,8,sex,0,0,1,Weekly pay - gross,1,item,0,0,2,Median,2,item,0,0,20701,Confidence,2.4,A,Normal Value,F,Free (free for publication),Nm-30d1d32032e0d2021654543d8d1d2d20701,265,2290,,
NM_30_1,2002,2002,2002,date,0,0,2021654545,West Sussex,E10000032,pre-2009 local authorities: county / unitary,482,133,8,Full Time Workers,8,sex,0,0,1,Weekly pay - gross,1,item,0,0,2,Median,2,item,0,0,20100,Value,407.9,A,Normal Value,F,Free (free for publication),Nm-30d1d32032e0d2021654545d8d1d2d20100,266,2290,,
NM_30_1,2002,2002,2002,date,0,0,2021654545,West Sussex,E10000032,pre-2009 local authorities: county / unitary,482,133,8,Full Time Workers,8,sex,0,0,1,Weekly pay - gross,1,item,0,0,2,Median,2,item,0,0,20701,Confidence,2.9,A,Normal Value,F,Free (free for publication),Nm-30d1d32032e0d2021654545d8d1d2d20701,267,2290,,
NM_30_1,2002,2002,2002,date,0,0,2021654591,Bath and North East Somerset,E06000022,pre-2009 local authorities: county / unitary,482,134,8,Full Time Workers,8,sex,0,0,1,Weekly pay - gross,1,item,0,0,2,Median,2,item,0,0,20100,Value,411.6,A,Normal Value,F,Free (free for publication),Nm-30d1d32032e0d2021654591d8d1d2d20100,268,2290,South West,E12000009
NM_30_1,2002,2002,2002,date,0,0,2021654591,Bath and North East Somerset,E06000022,pre-2009 local authorities: county / unitary,482,134,8,Full Time Workers,8,sex,0,0,1,Weekly pay - gross,1,item,0,0,2,Median,2,item,0,0,20701,Confidence,5.7,A,Normal Value,F,Free (free for publication),Nm-30d1d32032e0d2021654591d8d1d2d20701,269,2290,South West,E12000009
NM_30_1,2002,2002,2002,date,0,0,2021654592,Bournemouth,E06000028,pre-2009 local authorities: county / unitary,482,135,8,Full Time Workers,8,sex,0,0,1,Weekly pay - gross,1,item,0,0,2,Median,2,item,0,0,20100,Value,354.1,A,Normal Value,F,Free (free for publication),Nm-30d1d32032e0d2021654592d8d1d2d20100,270,2290,,
NM_30_1,2002,2002,2002,date,0,0,2021654592,Bournemouth,E06000028,pre-2009 local authorities: county / unitary,482,135,8,Full Time Workers,8,sex,0,0,1,Weekly pay - gross,1,item,0,0,2,Median,2,item,0,0,20701,Confidence,6.1,A,Normal Value,F,Free (free for publication),Nm-30d1d32032e0d2021654592d8d1d2d20701,271,2290,,
NM_30_1,2002,2002,2002,date,0,0,2021654593,Bristol,E06000023,pre-2009 local authorities: county / unitary,482,136,8,Full Time Workers,8,sex,0,0,1,Weekly pay - gross,1,item,0,0,2,Median,2,item,0,0,20100,Value,375.5,A,Normal Value,F,Free (free for publication),Nm-30d1d32032e0d2021654593d8d1d2d20100,272,2290,South West,E12000009
NM_30_1,2002,2002,2002,date,0,0,2021654593,Bristol,E06000023,pre-2009 local authorities: county / unitary,482,136,8,Full Time Workers,8,sex,0,0,1,Weekly pay - gross,1,item,0,0,2,Median,2,item,0,0,20701,Confidence,3.6,A,Normal Value,F,Free (free for publication),Nm-30d1d32032e0d2021654593d8d1d2d20701,273,2290,South West,E12000009
NM_30_1,2002,2002,2002,date,0,0,2021654598,North Somerset,E06000024,pre-2009 local authorities: county / unitary,482,137,8,Full Time Workers,8,sex,0,0,1,Weekly pay - gross,1,item,0,0,2,Median,2,item,0,0,20100,Value,402.2,A,Normal Value,F,Free (free for publication),Nm-30d1d32032e0d2021654598d8d1d2d20100,274,2290,South West,E12000009
NM_30_1,2002,2002,2002,date,0,0,2021654598,North Somerset,E06000024,pre-2009 local authorities: county / unitary,482,137,8,Full Time Workers,8,sex,0,0,1,Weekly pay - gross,1,item,0,0,2,Median,2,item,0,0,20701,Confidence,4.9,A,Normal Value,F,Free (free for publication),Nm-30d1d32032e0d2021654598d8d1d2d20701,275,2290,South West,E12000009
NM_30_1,2002,2002,2002,date,0,0,2021654599,Plymouth,E06000026,pre-2009 local authorities: county / unitary,482,138,8,Full Time Workers,8,sex,0,0,1,Weekly pay - gross,1,item,0,0,2,Median,2,item,0,0,20100,Value,344.1,A,Normal Value,F,Free (free for publication),Nm-30d1d32032e0d2021654599d8d1d2d20100,276,2290,South West,E12000009
NM_30_1,2002,2002,2002,date,0,0,2021654599,Plymouth,E06000026,pre-2009 local authorities: county / unitary,482,138,8,Full Time Workers,8,sex,0,0,1,Weekly pay - gross,1,item,0,0,2,Median,2,item,0,0,20701,Confidence,4.2,A,Normal Value,F,Free (free for publication),Nm-30d1d32032e0d2021654599d8d1d2d20701,277,2290,South West,E12000009
NM_30_1,2002,2002,2002,date,0,0,2021654600,Poole,E06000029,pre-2009 local authorities: county / unitary,482,139,8,Full Time Workers,8,sex,0,0,1,Weekly pay - gross,1,item,0,0,2,Median,2,item,0,0,20100,Value,389.7,A,Normal Value,F,Free (free for publication),Nm-30d1d32032e0d2021654600d8d1d2d20100,278,2290,,
NM_30_1,2002,2002,2002,date,0,0,2021654600,Poole,E06000029,pre-2009 local authorities: county / unitary,482,139,8,Full Time Workers,8,sex,0,0,1,Weekly pay - gross,1,item,0,0,2,Median,2,item,0,0,20701,Confidence,7.1,A,Normal Value,F,Free (free for publication),Nm-30d1d32032e0d2021654600d8d1d2d20701,279,2290,,
NM_30_1,2002,2002,2002,date,0,0,2021654602,South Gloucestershire,E06000025,pre-2009 local authorities: county / unitary,482,140,8,Full Time Workers,8,sex,0,0,1,Weekly pay - gross,1,item,0,0,2,Median,2,item,0,0,20100,Value,398.3,A,Normal Value,F,Free (free for publication),Nm-30d1d32032e0d2021654602d8d1d2d20100,280,2290,South West,E12000009
NM_30_1,2002,2002,2002,date,0,0,2021654602,South Gloucestershire,E06000025,pre-2009 local authorities: county / unitary,482,140,8,Full Time Workers,8,sex,0,0,1,Weekly pay - gross,1,item,0,0,2,Median,2,item,0,0,20701,Confidence,4.2,A,Normal Value,F,Free (free for publication),Nm-30d1d32032e0d2021654602d8d1d2d20701,281,2290,South West,E12000009
NM_30_1,2002,2002,2002,date,0,0,2021654603,Swindon,E06000030,pre-2009 local authorities: county / unitary,482,141,8,Full Time Workers,8,sex,0,0,1,Weekly pay - gross,1,item,0,0,2,Median,2,item,0,0,20100,Value,393.8,A,Normal Value,F,Free (free for publication),Nm-30d1d32032e0d2021654603d8d1d2d20100,282,2290,South West,E12000009
NM_30_1,2002,2002,2002,date,0,0,2021654603,Swindon,E06000030,pre-2009 local authorities: county / unitary,482,141,8,Full Time Workers,8,sex,0,0,1,Weekly pay - gross,1,item,0,0,2,Median,2,item,0,0,20701,Confidence,4.9,A,Normal Value,F,Free (free for publication),Nm-30d1d32032e0d2021654603d8d1d2d20701,283,2290,South West,E12000009
NM_30_1,2002,2002,2002,date,0,0,2021654604,Torbay,E06000027,pre-2009 local authorities: county / unitary,482,142,8,Full Time Workers,8,sex,0,0,1,Weekly pay - gross,1,item,0,0,2,Median,2,item,0,0,20100,Value,289.4,A,Normal Value,F,Free (free for publication),Nm-30d1d32032e0d2021654604d8d1d2d20100,284,2290,South West,E12000009
NM_30_1,2002,2002,2002,date,0,0,2021654604,Torbay,E06000027,pre-2009 local authorities: county / unitary,482,142,8,Full Time Workers,8,sex,0,0,1,Weekly pay - gross,1,item,0,0,2,Median,2,item,0,0,20701,Confidence,7.6,A,Normal Value,F,Free (free for publication),Nm-30d1d32032e0d2021654604d8d1d2d20701,285,2290,South West,E12000009
NM_30_1,2002,2002,2002,date,0,0,2021654594,Cornwall and Isles of Scilly,E10000005,pre-2009 local authorities: county / unitary,482,143,8,Full Time Workers,8,sex,0,0,1,Weekly pay - gross,1,item,0,0,2,Median,2,item,0,0,20100,Value,311.4,A,Normal Value,F,Free (free for publication),Nm-30d1d32032e0d2021654594d8d1d2d20100,286,2290,,
NM_30_1,2002,2002,2002,date,0,0,2021654594,Cornwall and Isles of Scilly,E10000005,pre-2009 local authorities: county / unitary,482,143,8,Full Time Workers,8,sex,0,0,1,Weekly pay - gross,1,item,0,0,2,Median,2,item,0,0,20701,Confidence,3.3,A,Normal Value,F,Free (free for publication),Nm-30d1d32032e0d2021654594d8d1d2d20701,287,2290,,
NM_30_1,2002,2002,2002,date,0,0,2021654595,Devon,E10000008,pre-2009 local authorities: county / unitary,482,144,8,Full Time Workers,8,sex,0,0,1,Weekly pay - gross,1,item,0,0,2,Median,2,item,0,0,20100,Value,345.7,A,Normal Value,F,Free (free for publication),Nm-30d1d32032e0d2021654595d8d1d2d20100,288,2290,,
NM_30_1,2002,2002,2002,date,0,0,2021654595,Devon,E10000008,pre-2009 local authorities: county / unitary,482,144,8,Full Time Workers,8,sex,0,0,1,Weekly pay - gross,1,item,0,0,2,Median,2,item,0,0,20701,Confidence,2.8,A,Normal Value,F,Free (free for publication),Nm-30d1d32032e0d2021654595d8d1d2d20701,289,2290,,
NM_30_1,2002,2002,2002,date,0,0,2021654596,Dorset,E10000009,pre-2009 local authorities: county / unitary,482,145,8,Full Time Workers,8,sex,0,0,1,Weekly pay - gross,1,item,0,0,2,Median,2,item,0,0,20100,Value,364.9,A,Normal Value,F,Free (free for publication),Nm-30d1d32032e0d2021654596d8d1d2d20100,290,2290,,
NM_30_1,2002,2002,2002,date,0,0,2021654596,Dorset,E10000009,pre-2009 local authorities: county / unitary,482,145,8,Full Time Workers,8,sex,0,0,1,Weekly pay - gross,1,item,0,0,2,Median,2,item,0,0,20701,Confidence,4.1,A,Normal Value,F,Free (free for publication),Nm-30d1d32032e0d2021654596d8d1d2d20701,291,2290,,
NM_30_1,2002,2002,2002,date,0,0,2021654597,Gloucestershire,E10000013,pre-2009 local authorities: county / unitary,482,146,8,Full Time Workers,8,sex,0,0,1,Weekly pay - gross,1,item,0,0,2,Median,2,item,0,0,20100,Value,385.4,A,Normal Value,F,Free (free for publication),Nm-30d1d32032e0d2021654597d8d1d2d20100,292,2290,,
NM_30_1,2002,2002,2002,date,0,0,2021654597,Gloucestershire,E10000013,pre-2009 local authorities: county / unitary,482,146,8,Full Time Workers,8,sex,0,0,1,Weekly pay - gross,1,item,0,0,2,Median,2,item,0,0,20701,Confidence,3.3,A,Normal Value,F,Free (free for publication),Nm-30d1d32032e0d2021654597d8d1d2d20701,293,2290,,
NM_30_1,2002,2002,2002,date,0,0,2021654601,Somerset,E10000027,pre-2009 local authorities: county / unitary,482,147,8,Full Time Workers,8,sex,0,0,1,Weekly pay - gross,1,item,0,0,2,Median,2,item,0,0,20100,Value,364.4,A,Normal Value,F,Free (free for publication),Nm-30d1d32032e0d2021654601d8d1d2d20100,294,2290,,
NM_30_1,2002,2002,2002,date,0,0,2021654601,Somerset,E10000027,pre-2009 local authorities: county / unitary,482,147,8,Full Time Workers,8,sex,0,0,1,Weekly pay - gross,1,item,0,0,2,Median,2,item,0,0,20701,Confidence,4.1,A,Normal Value,F,Free (free for publication),Nm-30d1d32032e0d2021654601d8d1d2d20701,295,2290,,
NM_30_1,2002,2002,2002,date,0,0,2021654605,Wiltshire,E10000033,pre-2009 local authorities: county / unitary,482,148,8,Full Time Workers,8,sex,0,0,1,Weekly pay - gross,1,item,0,0,2,Median,2,item,0,0,20100,Value,394.2,A,Normal Value,F,Free (free for publication),Nm-30d1d32032e0d2021654605d8d1d2d20100,296,2290,,
NM_30_1,2002,2002,2002,date,0,0,2021654605,Wiltshire,E10000033,pre-2009 local authorities: county / unitary,482,148,8,Full Time Workers,8,sex,0,0,1,Weekly pay - gross,1,item,0,0,2,Median,2,item,0,0,20701,Confidence,3.6,A,Normal Value,F,Free (free for publication),Nm-30d1d32032e0d2021654605d8d1d2d20701,297,2290,,
NM_30_1,2002,2002,2002,date,0,0,2021654678,Anglesey,W06000001,pre-2009 local authorities: county / unitary,482,149,8,Full Time Workers,8,sex,0,0,1,Weekly pay - gross,1,item,0,0,2,Median,2,item,0,0,20100,Value,315.4,A,Normal Value,F,Free (free for publication),Nm-30d1d32032e0d2021654678d8d1d2d20100,298,2290,Wales,W92000004
NM_30_1,2002,2002,2002,date,0,0,2021654678,Anglesey,W06000001,pre-2009 local authorities: county / unitary,482,149,8,Full Time Workers,8,sex,0,0,1,Weekly pay - gross,1,item,0,0,2,Median,2,item,0,0,20701,Confidence,12.0,A,Normal Value,F,Free (free for publication),Nm-30d1d32032e0d2021654678d8d1d2d20701,299,2290,Wales,W92000004
NM_30_1,2002,2002,2002,date,0,0,2021654688,Gwynedd,W06000002,pre-2009 local authorities: county / unitary,482,150,8,Full Time Workers,8,sex,0,0,1,Weekly pay - gross,1,item,0,0,2,Median,2,item,0,0,20100,Value,313.3,A,Normal Value,F,Free (free for publication),Nm-30d1d32032e0d2021654688d8d1d2d20100,300,2290,Wales,W92000004
NM_30_1,2002,2002,2002,date,0,0,2021654688,Gwynedd,W06000002,pre-2009 local authorities: county / unitary,482,150,8,Full Time Workers,8,sex,0,0,1,Weekly pay - gross,1,item,0,0,2,Median,2,item,0,0,20701,Confidence,9.4,A,Normal Value,F,Free (free for publication),Nm-30d1d32032e0d2021654688d8d1d2d20701,301,2290,Wales,W92000004
NM_30_1,2002,2002,2002,date,0,0,2021654685,Conwy,W06000003,pre-2009 local authorities: county / unitary,482,151,8,Full Time Workers,8,sex,0,0,1,Weekly pay - gross,1,item,0,0,2,Median,2,item,0,0,20100,Value,344.5,A,Normal Value,F,Free (free for publication),Nm-30d1d32032e0d2021654685d8d1d2d20100,302,2290,Wales,W92000004
NM_30_1,2002,2002,2002,date,0,0,2021654685,Conwy,W06000003,pre-2009 local authorities: county / unitary,482,151,8,Full Time Workers,8,sex,0,0,1,Weekly pay - gross,1,item,0,0,2,Median,2,item,0,0,20701,Confidence,7.4,A,Normal Value,F,Free (free for publication),Nm-30d1d32032e0d2021654685d8d1d2d20701,303,2290,Wales,W92000004
NM_30_1,2002,2002,2002,date,0,0,2021654686,Denbighshire,W06000004,pre-2009 local authorities: county / unitary,482,152,8,Full Time Workers,8,sex,0,0,1,Weekly pay - gross,1,item,0,0,2,Median,2,item,0,0,20100,Value,370.2,A,Normal Value,F,Free (free for publication),Nm-30d1d32032e0d2021654686d8d1d2d20100,304,2290,Wales,W92000004
NM_30_1,2002,2002,2002,date,0,0,2021654686,Denbighshire,W06000004,pre-2009 local authorities: county / unitary,482,152,8,Full Time Workers,8,sex,0,0,1,Weekly pay - gross,1,item,0,0,2,Median,2,item,0,0,20701,Confidence,8.8,A,Normal Value,F,Free (free for publication),Nm-30d1d32032e0d2021654686d8d1d2d20701,305,2290,Wales,W92000004
NM_30_1,2002,2002,2002,date,0,0,2021654687,Flintshire,W06000005,pre-2009 local authorities: county / unitary,482,153,8,Full Time Workers,8,sex,0,0,1,Weekly pay - gross,1,item,0,0,2,Median,2,item,0,0,20100,Value,404.1,A,Normal Value,F,Free (free for publication),Nm-30d1d32032e0d2021654687d8d1d2d20100,306,2290,Wales,W92000004
NM_30_1,2002,2002,2002,date,0,0,2021654687,Flintshire,W06000005,pre-2009 local authorities: county / unitary,482,153,8,Full Time Workers,8,sex,0,0,1,Weekly pay - gross,1,item,0,0,2,Median,2,item,0,0,20701,Confidence,5.1,A,Normal Value,F,Free (free for publication),Nm-30d1d32032e0d2021654687d8d1d2d20701,307,2290,Wales,W92000004
NM_30_1,2002,2002,2002,date,0,0,2021654699,Wrexham,W06000006,pre-2009 local authorities: county / unitary,482,154,8,Full Time Workers,8,sex,0,0,1,Weekly pay - gross,1,item,0,0,2,Median,2,item,0,0,20100,Value,363.6,A,Normal Value,F,Free (free for publication),Nm-30d1d32032e0d2021654699d8d1d2d20100,308,2290,Wales,W92000004
NM_30_1,2002,2002,2002,date,0,0,2021654699,Wrexham,W06000006,pre-2009 local authorities: county / unitary,482,154,8,Full Time Workers,8,sex,0,0,1,Weekly pay - gross,1,item,0,0,2,Median,2,item,0,0,20701,Confidence,7.6,A,Normal Value,F,Free (free for publication),Nm-30d1d32032e0d2021654699d8d1d2d20701,309,2290,Wales,W92000004
NM_30_1,2002,2002,2002,date,0,0,2021654694,Powys,W06000023,pre-2009 local authorities: county / unitary,482,155,8,Full Time Workers,8,sex,0,0,1,Weekly pay - gross,1,item,0,0,2,Median,2,item,0,0,20100,Value,342.5,A,Normal Value,F,Free (free for publication),Nm-30d1d32032e0d2021654694d8d1d2d20100,310,2290,Wales,W92000004
NM_30_1,2002,2002,2002,date,0,0,2021654694,Powys,W06000023,pre-2009 local authorities: county / unitary,482,155,8,Full Time Workers,8,sex,0,0,1,Weekly pay - gross,1,item,0,0,2,Median,2,item,0,0,20701,Confidence,8.3,A,Normal Value,F,Free (free for publication),Nm-30d1d32032e0d2021654694d8d1d2d20701,311,2290,Wales,W92000004
NM_30_1,2002,2002,2002,date,0,0,2021654684,Ceredigion,W06000008,pre-2009 local authorities: county / unitary,482,156,8,Full Time Workers,8,sex,0,0,1,Weekly pay - gross,1,item,0,0,2,Median,2,item,0,0,20100,Value,326.8,A,Normal Value,F,Free (free for publication),Nm-30d1d32032e0d2021654684d8d1d2d20100,312,2290,Wales,W92000004
NM_30_1,2002,2002,2002,date,0,0,2021654684,Ceredigion,W06000008,pre-2009 local authorities: county / unitary,482,156,8,Full Time Workers,8,sex,0,0,1,Weekly pay - gross,1,item,0,0,2,Median,2,item,0,0,20701,Confidence,9.2,A,Normal Value,F,Free (free for publication),Nm-30d1d32032e0d2021654684d8d1d2d20701,313,2290,Wales,W92000004
NM_30_1,2002,2002,2002,date,0,0,2021654693,Pembrokeshire,W06000009,pre-2009 local authorities: county / unitary,482,157,8,Full Time Workers,8,sex,0,0,1,Weekly pay - gross,1,item,0,0,2,Median,2,item,0,0,20100,Value,288.2,A,Normal Value,F,Free (free for publication),Nm-30d1d32032e0d2021654693d8d1d2d20100,314,2290,Wales,W92000004
NM_30_1,2002,2002,2002,date,0,0,2021654693,Pembrokeshire,W06000009,pre-2009 local authorities: county / unitary,482,157,8,Full Time Workers,8,sex,0,0,1,Weekly pay - gross,1,item,0,0,2,Median,2,item,0,0,20701,Confidence,8.3,A,Normal Value,F,Free (free for publication),Nm-30d1d32032e0d2021654693d8d1d2d20701,315,2290,Wales,W92000004
NM_30_1,2002,2002,2002,date,0,0,2021654683,Carmarthenshire,W06000010,pre-2009 local authorities: county / unitary,482,158,8,Full Time Workers,8,sex,0,0,1,Weekly pay - gross,1,item,0,0,2,Median,2,item,0,0,20100,Value,344.6,A,Normal Value,F,Free (free for publication),Nm-30d1d32032e0d2021654683d8d1d2d20100,316,2290,Wales,W92000004
NM_30_1,2002,2002,2002,date,0,0,2021654683,Carmarthenshire,W06000010,pre-2009 local authorities: county / unitary,482,158,8,Full Time Workers,8,sex,0,0,1,Weekly pay - gross,1,item,0,0,2,Median,2,item,0,0,20701,Confidence,7.1,A,Normal Value,F,Free (free for publication),Nm-30d1d32032e0d2021654683d8d1d2d20701,317,2290,Wales,W92000004
NM_30_1,2002,2002,2002,date,0,0,2021654696,Swansea,W06000011,pre-2009 local authorities: county / unitary,482,159,8,Full Time Workers,8,sex,0,0,1,Weekly pay - gross,1,item,0,0,2,Median,2,item,0,0,20100,Value,358.2,A,Normal Value,F,Free (free for publication),Nm-30d1d32032e0d2021654696d8d1d2d20100,318,2290,Wales,W92000004
NM_30_1,2002,2002,2002,date,0,0,2021654696,Swansea,W06000011,pre-2009 local authorities: county / unitary,482,159,8,Full Time Workers,8,sex,0,0,1,Weekly pay - gross,1,item,0,0,2,Median,2,item,0,0,20701,Confidence,5.8,A,Normal Value,F,Free (free for publication),Nm-30d1d32032e0d2021654696d8d1d2d20701,319,2290,Wales,W92000004
NM_30_1,2002,2002,2002,date,0,0,2021654691,Neath Port Talbot,W06000012,pre-2009 local authorities: county / unitary,482,160,8,Full Time Workers,8,sex,0,0,1,Weekly pay - gross,1,item,0,0,2,Median,2,item,0,0,20100,Value,353.9,A,Normal Value,F,Free (free for publication),Nm-30d1d32032e0d2021654691d8d1d2d20100,320,2290,Wales,W92000004
NM_30_1,2002,2002,2002,date,0,0,2021654691,Neath Port Talbot,W06000012,pre-2009 local authorities: county / unitary,482,160,8,Full Time Workers,8,sex,0,0,1,Weekly pay - gross,1,item,0,0,2,Median,2,item,0,0,20701,Confidence,6.3,A,Normal Value,F,Free (free for publication),Nm-30d1d32032e0d2021654691d8d1d2d20701,321,2290,Wales,W92000004
NM_30_1,2002,2002,2002,date,0,0,2021654680,Bridgend,W06000013,pre-2009 local authorities: county / unitary,482,161,8,Full Time Workers,8,sex,0,0,1,Weekly pay - gross,1,item,0,0,2,Median,2,item,0,0,20100,Value,351.5,A,Normal Value,F,Free (free for publication),Nm-30d1d32032e0d2021654680d8d1d2d20100,322,2290,Wales,W92000004
NM_30_1,2002,2002,2002,date,0,0,2021654680,Bridgend,W06000013,pre-2009 local authorities: county / unitary,482,161,8,Full Time Workers,8,sex,0,0,1,Weekly pay - gross,1,item,0,0,2,Median,2,item,0,0,20701,Confidence,6.9,A,Normal Value,F,Free (free for publication),Nm-30d1d32032e0d2021654680d8d1d2d20701,323,2290,Wales,W92000004
NM_30_1,2002,2002,2002,date,0,0,2021654698,Vale of Glamorgan,W06000014,pre-2009 local authorities: county / unitary,482,162,8,Full Time Workers,8,sex,0,0,1,Weekly pay - gross,1,item,0,0,2,Median,2,item,0,0,20100,Value,380.5,A,Normal Value,F,Free (free for publication),Nm-30d1d32032e0d2021654698d8d1d2d20100,324,2290,Wales,W92000004
NM_30_1,2002,2002,2002,date,0,0,2021654698,Vale of Glamorgan,W06000014,pre-2009 local authorities: county / unitary,482,162,8,Full Time Workers,8,sex,0,0,1,Weekly pay - gross,1,item,0,0,2,Median,2,item,0,0,20701,Confidence,8.4,A,Normal Value,F,Free (free for publication),Nm-30d1d32032e0d2021654698d8d1d2d20701,325,2290,Wales,W92000004
NM_30_1,2002,2002,2002,date,0,0,2021654682,Cardiff,W06000015,pre-2009 local authorities: county / unitary,482,163,8,Full Time Workers,8,sex,0,0,1,Weekly pay - gross,1,item,0,0,2,Median,2,item,0,0,20100,Value,381.7,A,Normal Value,F,Free (free for publication),Nm-30d1d32032e0d2021654682d8d1d2d20100,326,2290,Wales,W92000004
NM_30_1,2002,2002,2002,date,0,0,2021654682,Cardiff,W06000015,pre-2009 local authorities: county / unitary,482,163,8,Full Time Workers,8,sex,0,0,1,Weekly pay - gross,1,item,0,0,2,Median,2,item,0,0,20701,Confidence,5.1,A,Normal Value,F,Free (free for publication),Nm-30d1d32032e0d2021654682d8d1d2d20701,327,2290,Wales,W92000004
NM_30_1,2002,2002,2002,date,0,0,2021654695,"Rhondda, Cynon, Taff",W06000016,pre-2009 local authorities: county / unitary,482,164,8,Full Time Workers,8,sex,0,0,1,Weekly pay - gross,1,item,0,0,2,Median,2,item,0,0,20100,Value,336.1,A,Normal Value,F,Free (free for publication),Nm-30d1d32032e0d2021654695d8d1d2d20100,328,2290,Wales,W92000004
NM_30_1,2002,2002,2002,date,0,0,2021654695,"Rhondda, Cynon, Taff",W06000016,pre-2009 local authorities: county / unitary,482,164,8,Full Time Workers,8,sex,0,0,1,Weekly pay - gross,1,item,0,0,2,Median,2,item,0,0,20701,Confidence,4.6,A,Normal Value,F,Free (free for publication),Nm-30d1d32032e0d2021654695d8d1d2d20701,329,2290,Wales,W92000004
NM_30_1,2002,2002,2002,date,0,0,2021654689,Merthyr Tydfil,W06000024,pre-2009 local authorities: county / unitary,482,165,8,Full Time Workers,8,sex,0,0,1,Weekly pay - gross,1,item,0,0,2,Median,2,item,0,0,20100,Value,310.2,A,Normal Value,F,Free (free for publication),Nm-30d1d32032e0d2021654689d8d1d2d20100,330,2290,Wales,W92000004
NM_30_1,2002,2002,2002,date,0,0,2021654689,Merthyr Tydfil,W06000024,pre-2009 local authorities: county / unitary,482,165,8,Full Time Workers,8,sex,0,0,1,Weekly pay - gross,1,item,0,0,2,Median,2,item,0,0,20701,Confidence,8.0,A,Normal Value,F,Free (free for publication),Nm-30d1d32032e0d2021654689d8d1d2d20701,331,2290,Wales,W92000004
NM_30_1,2002,2002,2002,date,0,0,2021654681,Caerphilly,W06000018,pre-2009 local authorities: county / unitary,482,166,8,Full Time Workers,8,sex,0,0,1,Weekly pay - gross,1,item,0,0,2,Median,2,item,0,0,20100,Value,321.8,A,Normal Value,F,Free (free for publication),Nm-30d1d32032e0d2021654681d8d1d2d20100,332,2290,Wales,W92000004
NM_30_1,2002,2002,2002,date,0,0,2021654681,Caerphilly,W06000018,pre-2009 local authorities: county / unitary,482,166,8,Full Time Workers,8,sex,0,0,1,Weekly pay - gross,1,item,0,0,2,Median,2,item,0,0,20701,Confidence,5.9,A,Normal Value,F,Free (free for publication),Nm-30d1d32032e0d2021654681d8d1d2d20701,333,2290,Wales,W92000004
NM_30_1,2002,2002,2002,date,0,0,2021654679,Blaenau Gwent,W06000019,pre-2009 local authorities: county / unitary,482,167,8,Full Time Workers,8,sex,0,0,1,Weekly pay - gross,1,item,0,0,2,Median,2,item,0,0,20100,Value,285.3,A,Normal Value,F,Free (free for publication),Nm-30d1d32032e0d2021654679d8d1d2d20100,334,2290,Wales,W92000004
NM_30_1,2002,2002,2002,date,0,0,2021654679,Blaenau Gwent,W06000019,pre-2009 local authorities: county / unitary,482,167,8,Full Time Workers,8,sex,0,0,1,Weekly pay - gross,1,item,0,0,2,Median,2,item,0,0,20701,Confidence,9.0,A,Normal Value,F,Free (free for publication),Nm-30d1d32032e0d2021654679d8d1d2d20701,335,2290,Wales,W92000004
NM_30_1,2002,2002,2002,date,0,0,2021654697,Torfaen,W06000020,pre-2009 local authorities: county / unitary,482,168,8,Full Time Workers,8,sex,0,0,1,Weekly pay - gross,1,item,0,0,2,Median,2,item,0,0,20100,Value,354.6,A,Normal Value,F,Free (free for publication),Nm-30d1d32032e0d2021654697d8d1d2d20100,336,2290,Wales,W92000004
NM_30_1,2002,2002,2002,date,0,0,2021654697,Torfaen,W06000020,pre-2009 local authorities: county / unitary,482,168,8,Full Time Workers,8,sex,0,0,1,Weekly pay - gross,1,item,0,0,2,Median,2,item,0,0,20701,Confidence,7.8,A,Normal Value,F,Free (free for publication),Nm-30d1d32032e0d2021654697d8d1d2d20701,337,2290,Wales,W92000004
NM_30_1,2002,2002,2002,date,0,0,2021654690,Monmouthshire,W06000021,pre-2009 local authorities: county / unitary,482,169,8,Full Time Workers,8,sex,0,0,1,Weekly pay - gross,1,item,0,0,2,Median,2,item,0,0,20100,Value,412.5,A,Normal Value,F,Free (free for publication),Nm-30d1d32032e0d2021654690d8d1d2d20100,338,2290,Wales,W92000004
NM_30_1,2002,2002,2002,date,0,0,2021654690,Monmouthshire,W06000021,pre-2009 local authorities: county / unitary,482,169,8,Full Time Workers,8,sex,0,0,1,Weekly pay - gross,1,item,0,0,2,Median,2,item,0,0,20701,Confidence,8.5,A,Normal Value,F,Free (free for publication),Nm-30d1d32032e0d2021654690d8d1d2d20701,339,2290,Wales,W92000004
NM_30_1,2002,2002,2002,date,0,0,2021654692,Newport,W06000022,pre-2009 local authorities: county / unitary,482,170,8,Full Time Workers,8,sex,0,0,1,Weekly pay - gross,1,item,0,0,2,Median,2,item,0,0,20100,Value,378.8,A,Normal Value,F,Free (free for publication),Nm-30d1d32032e0d2021654692d8d1d2d20100,340,2290,Wales,W92000004
NM_30_1,2002,2002,2002,date,0,0,2021654692,Newport,W06000022,pre-2009 local authorities: county / unitary,482,170,8,Full Time Workers,8,sex,0,0,1,Weekly pay - gross,1,item,0,0,2,Median,2,item,0,0,20701,Confidence,6.0,A,Normal Value,F,Free (free for publication),Nm-30d1d32032e0d2021654692d8d1d2d20701,341,2290,Wales,W92000004
NM_30_1,2002,2002,2002,date,0,0,2021654700,Aberdeen City,S12000033,pre-2009 local authorities: county / unitary,482,171,8,Full Time Workers,8,sex,0,0,1,Weekly pay - gross,1,item,0,0,2,Median,2,item,0,0,20100,Value,388.8,A,Normal Value,F,Free (free for publication),Nm-30d1d32032e0d2021654700d8d1d2d20100,342,2290,,
NM_30_1,2002,2002,2002,date,0,0,2021654700,Aberdeen City,S12000033,pre-2009 local authorities: county / unitary,482,171,8,Full Time Workers,8,sex,0,0,1,Weekly pay - gross,1,item,0,0,2,Median,2,item,0,0,20701,Confidence,5.5,A,Normal Value,F,Free (free for publication),Nm-30d1d32032e0d2021654700d8d1d2d20701,343,2290,,
NM_30_1,2002,2002,2002,date,0,0,2021654701,Aberdeenshire,S12000034,pre-2009 local authorities: county / unitary,482,172,8,Full Time Workers,8,sex,0,0,1,Weekly pay - gross,1,item,0,0,2,Median,2,item,0,0,20100,Value,421.6,A,Normal Value,F,Free (free for publication),Nm-30d1d32032e0d2021654701d8d1d2d20100,344,2290,,
NM_30_1,2002,2002,2002,date,0,0,2021654701,Aberdeenshire,S12000034,pre-2009 local authorities: county / unitary,482,172,8,Full Time Workers,8,sex,0,0,1,Weekly pay - gross,1,item,0,0,2,Median,2,item,0,0,20701,Confidence,4.7,A,Normal Value,F,Free (free for publication),Nm-30d1d32032e0d2021654701d8d1d2d20701,345,2290,,
NM_30_1,2002,2002,2002,date,0,0,2021654702,Angus,S12000041,pre-2009 local authorities: county / unitary,482,173,8,Full Time Workers,8,sex,0,0,1,Weekly pay - gross,1,item,0,0,2,Median,2,item,0,0,20100,Value,389.2,A,Normal Value,F,Free (free for publication),Nm-30d1d32032e0d2021654702d8d1d2d20100,346,2290,,
NM_30_1,2002,2002,2002,date,0,0,2021654702,Angus,S12000041,pre-2009 local authorities: county / unitary,482,173,8,Full Time Workers,8,sex,0,0,1,Weekly pay - gross,1,item,0,0,2,Median,2,item,0,0,20701,Confidence,7.6,A,Normal Value,F,Free (free for publication),Nm-30d1d32032e0d2021654702d8d1d2d20701,347,2290,,
NM_30_1,2002,2002,2002,date,0,0,2021654703,Argyll and Bute,S12000035,pre-2009 local authorities: county / unitary,482,174,8,Full Time Workers,8,sex,0,0,1,Weekly pay - gross,1,item,0,0,2,Median,2,item,0,0,20100,Value,349.2,A,Normal Value,F,Free (free for publication),Nm-30d1d32032e0d2021654703d8d1d2d20100,348,2290,,
NM_30_1,2002,2002,2002,date,0,0,2021654703,Argyll and Bute,S12000035,pre-2009 local authorities: county / unitary,482,174,8,Full Time Workers,8,sex,0,0,1,Weekly pay - gross,1,item,0,0,2,Median,2,item,0,0,20701,Confidence,9.7,A,Normal Value,F,Free (free for publication),Nm-30d1d32032e0d2021654703d8d1d2d20701,349,2290,,
NM_30_1,2002,2002,2002,date,0,0,2021654704,Clackmannanshire,S12000005,pre-2009 local authorities: county / unitary,482,175,8,Full Time Workers,8,sex,0,0,1,Weekly pay - gross,1,item,0,0,2,Median,2,item,0,0,20100,Value,370.2,A,Normal Value,F,Free (free for publication),Nm-30d1d32032e0d2021654704d8d1d2d20100,350,2290,,
NM_30_1,2002,2002,2002,date,0,0,2021654704,Clackmannanshire,S12000005,pre-2009 local authorities: county / unitary,482,175,8,Full Time Workers,8,sex,0,0,1,Weekly pay - gross,1,item,0,0,2,Median,2,item,0,0,20701,Confidence,9.0,A,Normal Value,F,Free (free for publication),Nm-30d1d32032e0d2021654704d8d1d2d20701,351,2290,,
NM_30_1,2002,2002,2002,date,0,0,2021654706,Dumfries and Galloway,S12000006,pre-2009 local authorities: county / unitary,482,176,8,Full Time Workers,8,sex,0,0,1,Weekly pay - gross,1,item,0,0,2,Median,2,item,0,0,20100,Value,345.9,A,Normal Value,F,Free (free for publication),Nm-30d1d32032e0d2021654706d8d1d2d20100,352,2290,,
NM_30_1,2002,2002,2002,date,0,0,2021654706,Dumfries and Galloway,S12000006,pre-2009 local authorities: county / unitary,482,176,8,Full Time Workers,8,sex,0,0,1,Weekly pay - gross,1,item,0,0,2,Median,2,item,0,0,20701,Confidence,5.9,A,Normal Value,F,Free (free for publication),Nm-30d1d32032e0d2021654706d8d1d2d20701,353,2290,,
NM_30_1,2002,2002,2002,date,0,0,2021654707,Dundee City,S12000042,pre-2009 local authorities: county / unitary,482,177,8,Full Time Workers,8,sex,0,0,1,Weekly pay - gross,1,item,0,0,2,Median,2,item,0,0,20100,Value,335.9,A,Normal Value,F,Free (free for publication),Nm-30d1d32032e0d2021654707d8d1d2d20100,354,2290,,
NM_30_1,2002,2002,2002,date,0,0,2021654707,Dundee City,S12000042,pre-2009 local authorities: county / unitary,482,177,8,Full Time Workers,8,sex,0,0,1,Weekly pay - gross,1,item,0,0,2,Median,2,item,0,0,20701,Confidence,6.5,A,Normal Value,F,Free (free for publication),Nm-30d1d32032e0d2021654707d8d1d2d20701,355,2290,,
NM_30_1,2002,2002,2002,date,0,0,2021654708,East Ayrshire,S12000008,pre-2009 local authorities: county / unitary,482,178,8,Full Time Workers,8,sex,0,0,1,Weekly pay - gross,1,item,0,0,2,Median,2,item,0,0,20100,Value,366.0,A,Normal Value,F,Free (free for publication),Nm-30d1d32032e0d2021654708d8d1d2d20100,356,2290,,
NM_30_1,2002,2002,2002,date,0,0,2021654708,East Ayrshire,S12000008,pre-2009 local authorities: county / unitary,482,178,8,Full Time Workers,8,sex,0,0,1,Weekly pay - gross,1,item,0,0,2,Median,2,item,0,0,20701,Confidence,7.4,A,Normal Value,F,Free (free for publication),Nm-30d1d32032e0d2021654708d8d1d2d20701,357,2290,,
NM_30_1,2002,2002,2002,date,0,0,2021654709,East Dunbartonshire,S12000009,pre-2009 local authorities: county / unitary,482,179,8,Full Time Workers,8,sex,0,0,1,Weekly pay - gross,1,item,0,0,2,Median,2,item,0,0,20100,Value,439.7,A,Normal Value,F,Free (free for publication),Nm-30d1d32032e0d2021654709d8d1d2d20100,358,2290,,
NM_30_1,2002,2002,2002,date,0,0,2021654709,East Dunbartonshire,S12000009,pre-2009 local authorities: county / unitary,482,179,8,Full Time Workers,8,sex,0,0,1,Weekly pay - gross,1,item,0,0,2,Median,2,item,0,0,20701,Confidence,8.8,A,Normal Value,F,Free (free for publication),Nm-30d1d32032e0d2021654709d8d1d2d20701,359,2290,,
NM_30_1,2002,2002,2002,date,0,0,2021654710,East Lothian,S12000010,pre-2009 local authorities: county / unitary,482,180,8,Full Time Workers,8,sex,0,0,1,Weekly pay - gross,1,item,0,0,2,Median,2,item,0,0,20100,Value,360.6,A,Normal Value,F,Free (free for publication),Nm-30d1d32032e0d2021654710d8d1d2d20100,360,2290,,
NM_30_1,2002,2002,2002,date,0,0,2021654710,East Lothian,S12000010,pre-2009 local authorities: county / unitary,482,180,8,Full Time Workers,8,sex,0,0,1,Weekly pay - gross,1,item,0,0,2,Median,2,item,0,0,20701,Confidence,6.8,A,Normal Value,F,Free (free for publication),Nm-30d1d32032e0d2021654710d8d1d2d20701,361,2290,,
NM_30_1,2002,2002,2002,date,0,0,2021654711,East Renfrewshire,S12000011,pre-2009 local authorities: county / unitary,482,181,8,Full Time Workers,8,sex,0,0,1,Weekly pay - gross,1,item,0,0,2,Median,2,item,0,0,20100,Value,456.7,A,Normal Value,F,Free (free for publication),Nm-30d1d32032e0d2021654711d8d1d2d20100,362,2290,,
NM_30_1,2002,2002,2002,date,0,0,2021654711,East Renfrewshire,S12000011,pre-2009 local authorities: county / unitary,482,181,8,Full Time Workers,8,sex,0,0,1,Weekly pay - gross,1,item,0,0,2,Median,2,item,0,0,20701,Confidence,6.5,A,Normal Value,F,Free (free for publication),Nm-30d1d32032e0d2021654711d8d1d2d20701,363,2290,,
NM_30_1,2002,2002,2002,date,0,0,2021654712,"Edinburgh, City of",S12000036,pre-2009 local authorities: county / unitary,482,182,8,Full Time Workers,8,sex,0,0,1,Weekly pay - gross,1,item,0,0,2,Median,2,item,0,0,20100,Value,412.4,A,Normal Value,F,Free (free for publication),Nm-30d1d32032e0d2021654712d8d1d2d20100,364,2290,,
NM_30_1,2002,2002,2002,date,0,0,2021654712,"Edinburgh, City of",S12000036,pre-2009 local authorities: county / unitary,482,182,8,Full Time Workers,8,sex,0,0,1,Weekly pay - gross,1,item,0,0,2,Median,2,item,0,0,20701,Confidence,3.5,A,Normal Value,F,Free (free for publication),Nm-30d1d32032e0d2021654712d8d1d2d20701,365,2290,,
NM_30_1,2002,2002,2002,date,0,0,2021654705,Eilean Siar,S12000013,pre-2009 local authorities: county / unitary,482,183,8,Full Time Workers,8,sex,0,0,1,Weekly pay - gross,1,item,0,0,2,Median,2,item,0,0,20100,Value,383.0,A,Normal Value,F,Free (free for publication),Nm-30d1d32032e0d2021654705d8d1d2d20100,366,2290,,
NM_30_1,2002,2002,2002,date,0,0,2021654705,Eilean Siar,S12000013,pre-2009 local authorities: county / unitary,482,183,8,Full Time Workers,8,sex,0,0,1,Weekly pay - gross,1,item,0,0,2,Median,2,item,0,0,20701,Confidence,15.0,A,Normal Value,F,Free (free for publication),Nm-30d1d32032e0d2021654705d8d1d2d20701,367,2290,,
NM_30_1,2002,2002,2002,date,0,0,2021654713,Falkirk,S12000014,pre-2009 local authorities: county / unitary,482,184,8,Full Time Workers,8,sex,0,0,1,Weekly pay - gross,1,item,0,0,2,Median,2,item,0,0,20100,Value,354.4,A,Normal Value,F,Free (free for publication),Nm-30d1d32032e0d2021654713d8d1d2d20100,368,2290,,
NM_30_1,2002,2002,2002,date,0,0,2021654713,Falkirk,S12000014,pre-2009 local authorities: county / unitary,482,184,8,Full Time Workers,8,sex,0,0,1,Weekly pay - gross,1,item,0,0,2,Median,2,item,0,0,20701,Confidence,5.3,A,Normal Value,F,Free (free for publication),Nm-30d1d32032e0d2021654713d8d1d2d20701,369,2290,,
NM_30_1,2002,2002,2002,date,0,0,2021654714,Fife,S12000015,pre-2009 local authorities: county / unitary,482,185,8,Full Time Workers,8,sex,0,0,1,Weekly pay - gross,1,item,0,0,2,Median,2,item,0,0,20100,Value,353.6,A,Normal Value,F,Free (free for publication),Nm-30d1d32032e0d2021654714d8d1d2d20100,370,2290,,
NM_30_1,2002,2002,2002,date,0,0,2021654714,Fife,S12000015,pre-2009 local authorities: county / unitary,482,185,8,Full Time Workers,8,sex,0,0,1,Weekly pay - gross,1,item,0,0,2,Median,2,item,0,0,20701,Confidence,3.7,A,Normal Value,F,Free (free for publication),Nm-30d1d32032e0d2021654714d8d1d2d20701,371,2290,,
NM_30_1,2002,2002,2002,date,0,0,2021654715,Glasgow City,S12000043,pre-2009 local authorities: county / unitary,482,186,8,Full Time Workers,8,sex,0,0,1,Weekly pay - gross,1,item,0,0,2,Median,2,item,0,0,20100,Value,340.8,A,Normal Value,F,Free (free for publication),Nm-30d1d32032e0d2021654715d8d1d2d20100,372,2290,,
NM_30_1,2002,2002,2002,date,0,0,2021654715,Glasgow City,S12000043,pre-2009 local authorities: county / unitary,482,186,8,Full Time Workers,8,sex,0,0,1,Weekly pay - gross,1,item,0,0,2,Median,2,item,0,0,20701,Confidence,2.7,A,Normal Value,F,Free (free for publication),Nm-30d1d32032e0d2021654715d8d1d2d20701,373,2290,,
NM_30_1,2002,2002,2002,date,0,0,2021654716,Highland,S12000017,pre-2009 local authorities: county / unitary,482,187,8,Full Time Workers,8,sex,0,0,1,Weekly pay - gross,1,item,0,0,2,Median,2,item,0,0,20100,Value,339.7,A,Normal Value,F,Free (free for publication),Nm-30d1d32032e0d2021654716d8d1d2d20100,374,2290,,
NM_30_1,2002,2002,2002,date,0,0,2021654716,Highland,S12000017,pre-2009 local authorities: county / unitary,482,187,8,Full Time Workers,8,sex,0,0,1,Weekly pay - gross,1,item,0,0,2,Median,2,item,0,0,20701,Confidence,5.4,A,Normal Value,F,Free (free for publication),Nm-30d1d32032e0d2021654716d8d1d2d20701,375,2290,,
NM_30_1,2002,2002,2002,date,0,0,2021654717,Inverclyde,S12000018,pre-2009 local authorities: county / unitary,482,188,8,Full Time Workers,8,sex,0,0,1,Weekly pay - gross,1,item,0,0,2,Median,2,item,0,0,20100,Value,324.9,A,Normal Value,F,Free (free for publication),Nm-30d1d32032e0d2021654717d8d1d2d20100,376,2290,,
NM_30_1,2002,2002,2002,date,0,0,2021654717,Inverclyde,S12000018,pre-2009 local authorities: county / unitary,482,188,8,Full Time Workers,8,sex,0,0,1,Weekly pay - gross,1,item,0,0,2,Median,2,item,0,0,20701,Confidence,8.2,A,Normal Value,F,Free (free for publication),Nm-30d1d32032e0d2021654717d8d1d2d20701,377,2290,,
NM_30_1,2002,2002,2002,date,0,0,2021654718,Midlothian,S12000019,pre-2009 local authorities: county / unitary,482,189,8,Full Time Workers,8,sex,0,0,1,Weekly pay - gross,1,item,0,0,2,Median,2,item,0,0,20100,Value,320.9,A,Normal Value,F,Free (free for publication),Nm-30d1d32032e0d2021654718d8d1d2d20100,378,2290,,
NM_30_1,2002,2002,2002,date,0,0,2021654718,Midlothian,S12000019,pre-2009 local authorities: county / unitary,482,189,8,Full Time Workers,8,sex,0,0,1,Weekly pay - gross,1,item,0,0,2,Median,2,item,0,0,20701,Confidence,6.6,A,Normal Value,F,Free (free for publication),Nm-30d1d32032e0d2021654718d8d1d2d20701,379,2290,,
NM_30_1,2002,2002,2002,date,0,0,2021654719,Moray,S12000020,pre-2009 local authorities: county / unitary,482,190,8,Full Time Workers,8,sex,0,0,1,Weekly pay - gross,1,item,0,0,2,Median,2,item,0,0,20100,Value,310.9,A,Normal Value,F,Free (free for publication),Nm-30d1d32032e0d2021654719d8d1d2d20100,380,2290,,
NM_30_1,2002,2002,2002,date,0,0,2021654719,Moray,S12000020,pre-2009 local authorities: county / unitary,482,190,8,Full Time Workers,8,sex,0,0,1,Weekly pay - gross,1,item,0,0,2,Median,2,item,0,0,20701,Confidence,7.2,A,Normal Value,F,Free (free for publication),Nm-30d1d32032e0d2021654719d8d1d2d20701,381,2290,,
NM_30_1,2002,2002,2002,date,0,0,2021654720,North Ayrshire,S12000021,pre-2009 local authorities: county / unitary,482,191,8,Full Time Workers,8,sex,0,0,1,Weekly pay - gross,1,item,0,0,2,Median,2,item,0,0,20100,Value,369.0,A,Normal Value,F,Free (free for publication),Nm-30d1d32032e0d2021654720d8d1d2d20100,382,2290,,
NM_30_1,2002,2002,2002,date,0,0,2021654720,North Ayrshire,S12000021,pre-2009 local authorities: county / unitary,482,191,8,Full Time Workers,8,sex,0,0,1,Weekly pay - gross,1,item,0,0,2,Median,2,item,0,0,20701,Confidence,8.2,A,Normal Value,F,Free (free for publication),Nm-30d1d32032e0d2021654720d8d1d2d20701,383,2290,,
NM_30_1,2002,2002,2002,date,0,0,2021654721,North Lanarkshire,S12000044,pre-2009 local authorities: county / unitary,482,192,8,Full Time Workers,8,sex,0,0,1,Weekly pay - gross,1,item,0,0,2,Median,2,item,0,0,20100,Value,348.5,A,Normal Value,F,Free (free for publication),Nm-30d1d32032e0d2021654721d8d1d2d20100,384,2290,,
NM_30_1,2002,2002,2002,date,0,0,2021654721,North Lanarkshire,S12000044,pre-2009 local authorities: county / unitary,482,192,8,Full Time Workers,8,sex,0,0,1,Weekly pay - gross,1,item,0,0,2,Median,2,item,0,0,20701,Confidence,3.9,A,Normal Value,F,Free (free for publication),Nm-30d1d32032e0d2021654721d8d1d2d20701,385,2290,,
NM_30_1,2002,2002,2002,date,0,0,2021654722,Orkney Islands,S12000023,pre-2009 local authorities: county / unitary,482,193,8,Full Time Workers,8,sex,0,0,1,Weekly pay - gross,1,item,0,0,2,Median,2,item,0,0,20100,Value,,B,These figures are suppressed as statistically unreliable,F,Free (free for publication),Nm-30d1d32032e0d2021654722d8d1d2d20100,386,2290,,
NM_30_1,2002,2002,2002,date,0,0,2021654722,Orkney Islands,S12000023,pre-2009 local authorities: county / unitary,482,193,8,Full Time Workers,8,sex,0,0,1,Weekly pay - gross,1,item,0,0,2,Median,2,item,0,0,20701,Confidence,,B,These figures are suppressed as statistically unreliable,F,Free (free for publication),Nm-30d1d32032e0d2021654722d8d1d2d20701,387,2290,,
NM_30_1,2002,2002,2002,date,0,0,2021654723,Perthshire and Kinross,S12000024,pre-2009 local authorities: county / unitary,482,194,8,Full Time Workers,8,sex,0,0,1,Weekly pay - gross,1,item,0,0,2,Median,2,item,0,0,20100,Value,375.1,A,Normal Value,F,Free (free for publication),Nm-30d1d32032e0d2021654723d8d1d2d20100,388,2290,,
NM_30_1,2002,2002,2002,date,0,0,2021654723,Perthshire and Kinross,S12000024,pre-2009 local authorities: county / unitary,482,194,8,Full Time Workers,8,sex,0,0,1,Weekly pay - gross,1,item,0,0,2,Median,2,item,0,0,20701,Confidence,6.5,A,Normal Value,F,Free (free for publication),Nm-30d1d32032e0d2021654723d8d1d2d20701,389,2290,,
NM_30_1,2002,2002,2002,date,0,0,2021654724,Renfrewshire,S12000038,pre-2009 local authorities: county / unitary,482,195,8,Full Time Workers,8,sex,0,0,1,Weekly pay - gross,1,item,0,0,2,Median,2,item,0,0,20100,Value,372.6,A,Normal Value,F,Free (free for publication),Nm-30d1d32032e0d2021654724d8d1d2d20100,390,2290,,
NM_30_1,2002,2002,2002,date,0,0,2021654724,Renfrewshire,S12000038,pre-2009 local authorities: county / unitary,482,195,8,Full Time Workers,8,sex,0,0,1,Weekly pay - gross,1,item,0,0,2,Median,2,item,0,0,20701,Confidence,6.0,A,Normal Value,F,Free (free for publication),Nm-30d1d32032e0d2021654724d8d1d2d20701,391,2290,,
NM_30_1,2002,2002,2002,date,0,0,2021654725,Scottish Borders,S12000026,pre-2009 local authorities: county / unitary,482,196,8,Full Time Workers,8,sex,0,0,1,Weekly pay - gross,1,item,0,0,2,Median,2,item,0,0,20100,Value,329.3,A,Normal Value,F,Free (free for publication),Nm-30d1d32032e0d2021654725d8d1d2d20100,392,2290,,
NM_30_1,2002,2002,2002,date,0,0,2021654725,Scottish Borders,S12000026,pre-2009 local authorities: county / unitary,482,196,8,Full Time Workers,8,sex,0,0,1,Weekly pay - gross,1,item,0,0,2,Median,2,item,0,0,20701,Confidence,8.2,A,Normal Value,F,Free (free for publication),Nm-30d1d32032e0d2021654725d8d1d2d20701,393,2290,,
NM_30_1,2002,2002,2002,date,0,0,2021654726,Shetland Islands,S12000027,pre-2009 local authorities: county / unitary,482,197,8,Full Time Workers,8,sex,0,0,1,Weekly pay - gross,1,item,0,0,2,Median,2,item,0,0,20100,Value,367.3,A,Normal Value,F,Free (free for publication),Nm-30d1d32032e0d2021654726d8d1d2d20100,394,2290,,
NM_30_1,2002,2002,2002,date,0,0,2021654726,Shetland Islands,S12000027,pre-2009 local authorities: county / unitary,482,197,8,Full Time Workers,8,sex,0,0,1,Weekly pay - gross,1,item,0,0,2,Median,2,item,0,0,20701,Confidence,18.0,A,Normal Value,F,Free (free for publication),Nm-30d1d32032e0d2021654726d8d1d2d20701,395,2290,,
NM_30_1,2002,2002,2002,date,0,0,2021654727,South Ayrshire,S12000028,pre-2009 local authorities: county / unitary,482,198,8,Full Time Workers,8,sex,0,0,1,Weekly pay - gross,1,item,0,0,2,Median,2,item,0,0,20100,Value,435.1,A,Normal Value,F,Free (free for publication),Nm-30d1d32032e0d2021654727d8d1d2d20100,396,2290,,
NM_30_1,2002,2002,2002,date,0,0,2021654727,South Ayrshire,S12000028,pre-2009 local authorities: county / unitary,482,198,8,Full Time Workers,8,sex,0,0,1,Weekly pay - gross,1,item,0,0,2,Median,2,item,0,0,20701,Confidence,7.5,A,Normal Value,F,Free (free for publication),Nm-30d1d32032e0d2021654727d8d1d2d20701,397,2290,,
NM_30_1,2002,2002,2002,date,0,0,2021654728,South Lanarkshire,S12000029,pre-2009 local authorities: county / unitary,482,199,8,Full Time Workers,8,sex,0,0,1,Weekly pay - gross,1,item,0,0,2,Median,2,item,0,0,20100,Value,379.8,A,Normal Value,F,Free (free for publication),Nm-30d1d32032e0d2021654728d8d1d2d20100,398,2290,,
NM_30_1,2002,2002,2002,date,0,0,2021654728,South Lanarkshire,S12000029,pre-2009 local authorities: county / unitary,482,199,8,Full Time Workers,8,sex,0,0,1,Weekly pay - gross,1,item,0,0,2,Median,2,item,0,0,20701,Confidence,3.8,A,Normal Value,F,Free (free for publication),Nm-30d1d32032e0d2021654728d8d1d2d20701,399,2290,,
NM_30_1,2002,2002,2002,date,0,0,2021654729,Stirling,S12000030,pre-2009 local authorities: county / unitary,482,200,8,Full Time Workers,8,sex,0,0,1,Weekly pay - gross,1,item,0,0,2,Median,2,item,0,0,20100,Value,425.9,A,Normal Value,F,Free (free for publication),Nm-30d1d32032e0d2021654729d8d1d2d20100,400,2290,,
NM_30_1,2002,2002,2002,date,0,0,2021654729,Stirling,S12000030,pre-2009 local authorities: county / unitary,482,200,8,Full Time Workers,8,sex,0,0,1,Weekly pay - gross,1,item,0,0,2,Median,2,item,0,0,20701,Confidence,10.0,A,Normal Value,F,Free (free for publication),Nm-30d1d32032e0d2021654729d8d1d2d20701,401,2290,,
NM_30_1,2002,2002,2002,date,0,0,2021654730,West Dunbartonshire,S12000039,pre-2009 local authorities: county / unitary,482,201,8,Full Time Workers,8,sex,0,0,1,Weekly pay - gross,1,item,0,0,2,Median,2,item,0,0,20100,Value,341.3,A,Normal Value,F,Free (free for publication),Nm-30d1d32032e0d2021654730d8d1d2d20100,402,2290,,
NM_30_1,2002,2002,2002,date,0,0,2021654730,West Dunbartonshire,S12000039,pre-2009 local authorities: county / unitary,482,201,8,Full Time Workers,8,sex,0,0,1,Weekly pay - gross,1,item,0,0,2,Median,2,item,0,0,20701,Confidence,9.2,A,Normal Value,F,Free (free for publication),Nm-30d1d32032e0d2021654730d8d1d2d20701,403,2290,,
NM_30_1,2002,2002,2002,date,0,0,2021654731,West Lothian,S12000040,pre-2009 local authorities: county / unitary,482,202,8,Full Time Workers,8,sex,0,0,1,Weekly pay - gross,1,item,0,0,2,Median,2,item,0,0,20100,Value,356.3,A,Normal Value,F,Free (free for publication),Nm-30d1d32032e0d2021654731d8d1d2d20100,404,2290,,
NM_30_1,2002,2002,2002,date,0,0,2021654731,West Lothian,S12000040,pre-2009 local authorities: county / unitary,482,202,8,Full Time Workers,8,sex,0,0,1,Weekly pay - gross,1,item,0,0,2,Median,2,item,0,0,20701,Confidence,5.2,A,Normal Value,F,Free (free for publication),Nm-30d1d32032e0d2021654731d8d1d2d20701,405,2290,,
NM_30_1,2002,2002,2002,date,0,0,2021654732,Antrim,95T,pre-2009 local authorities: county / unitary,482,203,8,Full Time Workers,8,sex,0,0,1,Weekly pay - gross,1,item,0,0,2,Median,2,item,0,0,20100,Value,,Q,These figures are missing.,F,Free (free for publication),Nm-30d1d32032e0d2021654732d8d1d2d20100,406,2290,,
NM_30_1,2002,2002,2002,date,0,0,2021654732,Antrim,95T,pre-2009 local authorities: county / unitary,482,203,8,Full Time Workers,8,sex,0,0,1,Weekly pay - gross,1,item,0,0,2,Median,2,item,0,0,20701,Confidence,,Q,These figures are missing.,F,Free (free for publication),Nm-30d1d32032e0d2021654732d8d1d2d20701,407,2290,,
NM_30_1,2002,2002,2002,date,0,0,2021654733,Ards,95X,pre-2009 local authorities: county / unitary,482,204,8,Full Time Workers,8,sex,0,0,1,Weekly pay - gross,1,item,0,0,2,Median,2,item,0,0,20100,Value,,Q,These figures are missing.,F,Free (free for publication),Nm-30d1d32032e0d2021654733d8d1d2d20100,408,2290,,
NM_30_1,2002,2002,2002,date,0,0,2021654733,Ards,95X,pre-2009 local authorities: county / unitary,482,204,8,Full Time Workers,8,sex,0,0,1,Weekly pay - gross,1,item,0,0,2,Median,2,item,0,0,20701,Confidence,,Q,These figures are missing.,F,Free (free for publication),Nm-30d1d32032e0d2021654733d8d1d2d20701,409,2290,,
NM_30_1,2002,2002,2002,date,0,0,2021654734,Armagh,95O,pre-2009 local authorities: county / unitary,482,205,8,Full Time Workers,8,sex,0,0,1,Weekly pay - gross,1,item,0,0,2,Median,2,item,0,0,20100,Value,,Q,These figures are missing.,F,Free (free for publication),Nm-30d1d32032e0d2021654734d8d1d2d20100,410,2290,,
NM_30_1,2002,2002,2002,date,0,0,2021654734,Armagh,95O,pre-2009 local authorities: county / unitary,482,205,8,Full Time Workers,8,sex,0,0,1,Weekly pay - gross,1,item,0,0,2,Median,2,item,0,0,20701,Confidence,,Q,These figures are missing.,F,Free (free for publication),Nm-30d1d32032e0d2021654734d8d1d2d20701,411,2290,,
NM_30_1,2002,2002,2002,date,0,0,2021654735,Ballymena,95G,pre-2009 local authorities: county / unitary,482,206,8,Full Time Workers,8,sex,0,0,1,Weekly pay - gross,1,item,0,0,2,Median,2,item,0,0,20100,Value,,Q,These figures are missing.,F,Free (free for publication),Nm-30d1d32032e0d2021654735d8d1d2d20100,412,2290,,
NM_30_1,2002,2002,2002,date,0,0,2021654735,Ballymena,95G,pre-2009 local authorities: county / unitary,482,206,8,Full Time Workers,8,sex,0,0,1,Weekly pay - gross,1,item,0,0,2,Median,2,item,0,0,20701,Confidence,,Q,These figures are missing.,F,Free (free for publication),Nm-30d1d32032e0d2021654735d8d1d2d20701,413,2290,,
NM_30_1,2002,2002,2002,date,0,0,2021654736,Ballymoney,95D,pre-2009 local authorities: county / unitary,482,207,8,Full Time Workers,8,sex,0,0,1,Weekly pay - gross,1,item,0,0,2,Median,2,item,0,0,20100,Value,,Q,These figures are missing.,F,Free (free for publication),Nm-30d1d32032e0d2021654736d8d1d2d20100,414,2290,,
NM_30_1,2002,2002,2002,date,0,0,2021654736,Ballymoney,95D,pre-2009 local authorities: county / unitary,482,207,8,Full Time Workers,8,sex,0,0,1,Weekly pay - gross,1,item,0,0,2,Median,2,item,0,0,20701,Confidence,,Q,These figures are missing.,F,Free (free for publication),Nm-30d1d32032e0d2021654736d8d1d2d20701,415,2290,,
NM_30_1,2002,2002,2002,date,0,0,2021654737,Banbridge,95Q,pre-2009 local authorities: county / unitary,482,208,8,Full Time Workers,8,sex,0,0,1,Weekly pay - gross,1,item,0,0,2,Median,2,item,0,0,20100,Value,,Q,These figures are missing.,F,Free (free for publication),Nm-30d1d32032e0d2021654737d8d1d2d20100,416,2290,,
NM_30_1,2002,2002,2002,date,0,0,2021654737,Banbridge,95Q,pre-2009 local authorities: county / unitary,482,208,8,Full Time Workers,8,sex,0,0,1,Weekly pay - gross,1,item,0,0,2,Median,2,item,0,0,20701,Confidence,,Q,These figures are missing.,F,Free (free for publication),Nm-30d1d32032e0d2021654737d8d1d2d20701,417,2290,,
NM_30_1,2002,2002,2002,date,0,0,2021654738,Belfast,95Z,pre-2009 local authorities: county / unitary,482,209,8,Full Time Workers,8,sex,0,0,1,Weekly pay - gross,1,item,0,0,2,Median,2,item,0,0,20100,Value,,Q,These figures are missing.,F,Free (free for publication),Nm-30d1d32032e0d2021654738d8d1d2d20100,418,2290,,
NM_30_1,2002,2002,2002,date,0,0,2021654738,Belfast,95Z,pre-2009 local authorities: county / unitary,482,209,8,Full Time Workers,8,sex,0,0,1,Weekly pay - gross,1,item,0,0,2,Median,2,item,0,0,20701,Confidence,,Q,These figures are missing.,F,Free (free for publication),Nm-30d1d32032e0d2021654738d8d1d2d20701,419,2290,,
NM_30_1,2002,2002,2002,date,0,0,2021654739,Carrickfergus,95V,pre-2009 local authorities: county / unitary,482,210,8,Full Time Workers,8,sex,0,0,1,Weekly pay - gross,1,item,0,0,2,Median,2,item,0,0,20100,Value,,Q,These figures are missing.,F,Free (free for publication),Nm-30d1d32032e0d2021654739d8d1d2d20100,420,2290,,
NM_30_1,2002,2002,2002,date,0,0,2021654739,Carrickfergus,95V,pre-2009 local authorities: county / unitary,482,210,8,Full Time Workers,8,sex,0,0,1,Weekly pay - gross,1,item,0,0,2,Median,2,item,0,0,20701,Confidence,,Q,These figures are missing.,F,Free (free for publication),Nm-30d1d32032e0d2021654739d8d1d2d20701,421,2290,,
NM_30_1,2002,2002,2002,date,0,0,2021654740,Castlereagh,95Y,pre-2009 local authorities: county / unitary,482,211,8,Full Time Workers,8,sex,0,0,1,Weekly pay - gross,1,item,0,0,2,Median,2,item,0,0,20100,Value,,Q,These figures are missing.,F,Free (free for publication),Nm-30d1d32032e0d2021654740d8d1d2d20100,422,2290,,
NM_30_1,2002,2002,2002,date,0,0,2021654740,Castlereagh,95Y,pre-2009 local authorities: county / unitary,482,211,8,Full Time Workers,8,sex,0,0,1,Weekly pay - gross,1,item,0,0,2,Median,2,item,0,0,20701,Confidence,,Q,These figures are missing.,F,Free (free for publication),Nm-30d1d32032e0d2021654740d8d1d2d20701,423,2290,,
NM_30_1,2002,2002,2002,date,0,0,2021654741,Coleraine,95C,pre-2009 local authorities: county / unitary,482,212,8,Full Time Workers,8,sex,0,0,1,Weekly pay - gross,1,item,0,0,2,Median,2,item,0,0,20100,Value,,Q,These figures are missing.,F,Free (free for publication),Nm-30d1d32032e0d2021654741d8d1d2d20100,424,2290,,
NM_30_1,2002,2002,2002,date,0,0,2021654741,Coleraine,95C,pre-2009 local authorities: county / unitary,482,212,8,Full Time Workers,8,sex,0,0,1,Weekly pay - gross,1,item,0,0,2,Median,2,item,0,0,20701,Confidence,,Q,These figures are missing.,F,Free (free for publication),Nm-30d1d32032e0d2021654741d8d1d2d20701,425,2290,,
NM_30_1,2002,2002,2002,date,0,0,2021654742,Cookstown,95I,pre-2009 local authorities: county / unitary,482,213,8,Full Time Workers,8,sex,0,0,1,Weekly pay - gross,1,item,0,0,2,Median,2,item,0,0,20100,Value,,Q,These figures are missing.,F,Free (free for publication),Nm-30d1d32032e0d2021654742d8d1d2d20100,426,2290,,
NM_30_1,2002,2002,2002,date,0,0,2021654742,Cookstown,95I,pre-2009 local authorities: county / unitary,482,213,8,Full Time Workers,8,sex,0,0,1,Weekly pay - gross,1,item,0,0,2,Median,2,item,0,0,20701,Confidence,,Q,These figures are missing.,F,Free (free for publication),Nm-30d1d32032e0d2021654742d8d1d2d20701,427,2290,,
NM_30_1,2002,2002,2002,date,0,0,2021654743,Craigavon,95N,pre-2009 local authorities: county / unitary,482,214,8,Full Time Workers,8,sex,0,0,1,Weekly pay - gross,1,item,0,0,2,Median,2,item,0,0,20100,Value,,Q,These figures are missing.,F,Free (free for publication),Nm-30d1d32032e0d2021654743d8d1d2d20100,428,2290,,
NM_30_1,2002,2002,2002,date,0,0,2021654743,Craigavon,95N,pre-2009 local authorities: county / unitary,482,214,8,Full Time Workers,8,sex,0,0,1,Weekly pay - gross,1,item,0,0,2,Median,2,item,0,0,20701,Confidence,,Q,These figures are missing.,F,Free (free for publication),Nm-30d1d32032e0d2021654743d8d1d2d20701,429,2290,,
NM_30_1,2002,2002,2002,date,0,0,2021654744,Derry,95A,pre-2009 local authorities: county / unitary,482,215,8,Full Time Workers,8,sex,0,0,1,Weekly pay - gross,1,item,0,0,2,Median,2,item,0,0,20100,Value,,Q,These figures are missing.,F,Free (free for publication),Nm-30d1d32032e0d2021654744d8d1d2d20100,430,2290,,
NM_30_1,2002,2002,2002,date,0,0,2021654744,Derry,95A,pre-2009 local authorities: county / unitary,482,215,8,Full Time Workers,8,sex,0,0,1,Weekly pay - gross,1,item,0,0,2,Median,2,item,0,0,20701,Confidence,,Q,These figures are missing.,F,Free (free for publication),Nm-30d1d32032e0d2021654744d8d1d2d20701,431,2290,,
NM_30_1,2002,2002,2002,date,0,0,2021654745,Down,95R,pre-2009 local authorities: county / unitary,482,216,8,Full Time Workers,8,sex,0,0,1,Weekly pay - gross,1,item,0,0,2,Median,2,item,0,0,20100,Value,,Q,These figures are missing.,F,Free (free for publication),Nm-30d1d32032e0d2021654745d8d1d2d20100,432,2290,,
NM_30_1,2002,2002,2002,date,0,0,2021654745,Down,95R,pre-2009 local authorities: county / unitary,482,216,8,Full Time Workers,8,sex,0,0,1,Weekly pay - gross,1,item,0,0,2,Median,2,item,0,0,20701,Confidence,,Q,These figures are missing.,F,Free (free for publication),Nm-30d1d32032e0d2021654745d8d1d2d20701,433,2290,,
NM_30_1,2002,2002,2002,date,0,0,2021654746,Dungannon,95M,pre-2009 local authorities: county / unitary,482,217,8,Full Time Workers,8,sex,0,0,1,Weekly pay - gross,1,item,0,0,2,Median,2,item,0,0,20100,Value,,Q,These figures are missing.,F,Free (free for publication),Nm-30d1d32032e0d2021654746d8d1d2d20100,434,2290,,
NM_30_1,2002,2002,2002,date,0,0,2021654746,Dungannon,95M,pre-2009 local authorities: county / unitary,482,217,8,Full Time Workers,8,sex,0,0,1,Weekly pay - gross,1,item,0,0,2,Median,2,item,0,0,20701,Confidence,,Q,These figures are missing.,F,Free (free for publication),Nm-30d1d32032e0d2021654746d8d1d2d20701,435,2290,,
NM_30_1,2002,2002,2002,date,0,0,2021654747,Fermanagh,95L,pre-2009 local authorities: county / unitary,482,218,8,Full Time Workers,8,sex,0,0,1,Weekly pay - gross,1,item,0,0,2,Median,2,item,0,0,20100,Value,,Q,These figures are missing.,F,Free (free for publication),Nm-30d1d32032e0d2021654747d8d1d2d20100,436,2290,,
NM_30_1,2002,2002,2002,date,0,0,2021654747,Fermanagh,95L,pre-2009 local authorities: county / unitary,482,218,8,Full Time Workers,8,sex,0,0,1,Weekly pay - gross,1,item,0,0,2,Median,2,item,0,0,20701,Confidence,,Q,These figures are missing.,F,Free (free for publication),Nm-30d1d32032e0d2021654747d8d1d2d20701,437,2290,,
NM_30_1,2002,2002,2002,date,0,0,2021654748,Larne,95F,pre-2009 local authorities: county / unitary,482,219,8,Full Time Workers,8,sex,0,0,1,Weekly pay - gross,1,item,0,0,2,Median,2,item,0,0,20100,Value,,Q,These figures are missing.,F,Free (free for publication),Nm-30d1d32032e0d2021654748d8d1d2d20100,438,2290,,
NM_30_1,2002,2002,2002,date,0,0,2021654748,Larne,95F,pre-2009 local authorities: county / unitary,482,219,8,Full Time Workers,8,sex,0,0,1,Weekly pay - gross,1,item,0,0,2,Median,2,item,0,0,20701,Confidence,,Q,These figures are missing.,F,Free (free for publication),Nm-30d1d32032e0d2021654748d8d1d2d20701,439,2290,,
NM_30_1,2002,2002,2002,date,0,0,2021654749,Limavady,95B,pre-2009 local authorities: county / unitary,482,220,8,Full Time Workers,8,sex,0,0,1,Weekly pay - gross,1,item,0,0,2,Median,2,item,0,0,20100,Value,,Q,These figures are missing.,F,Free (free for publication),Nm-30d1d32032e0d2021654749d8d1d2d20100,440,2290,,
NM_30_1,2002,2002,2002,date,0,0,2021654749,Limavady,95B,pre-2009 local authorities: county / unitary,482,220,8,Full Time Workers,8,sex,0,0,1,Weekly pay - gross,1,item,0,0,2,Median,2,item,0,0,20701,Confidence,,Q,These figures are missing.,F,Free (free for publication),Nm-30d1d32032e0d2021654749d8d1d2d20701,441,2290,,
NM_30_1,2002,2002,2002,date,0,0,2021654750,Lisburn,95S,pre-2009 local authorities: county / unitary,482,221,8,Full Time Workers,8,sex,0,0,1,Weekly pay - gross,1,item,0,0,2,Median,2,item,0,0,20100,Value,,Q,These figures are missing.,F,Free (free for publication),Nm-30d1d32032e0d2021654750d8d1d2d20100,442,2290,,
NM_30_1,2002,2002,2002,date,0,0,2021654750,Lisburn,95S,pre-2009 local authorities: county / unitary,482,221,8,Full Time Workers,8,sex,0,0,1,Weekly pay - gross,1,item,0,0,2,Median,2,item,0,0,20701,Confidence,,Q,These figures are missing.,F,Free (free for publication),Nm-30d1d32032e0d2021654750d8d1d2d20701,443,2290,,
NM_30_1,2002,2002,2002,date,0,0,2021654751,Magherafelt,95H,pre-2009 local authorities: county / unitary,482,222,8,Full Time Workers,8,sex,0,0,1,Weekly pay - gross,1,item,0,0,2,Median,2,item,0,0,20100,Value,,Q,These figures are missing.,F,Free (free for publication),Nm-30d1d32032e0d2021654751d8d1d2d20100,444,2290,,
NM_30_1,2002,2002,2002,date,0,0,2021654751,Magherafelt,95H,pre-2009 local authorities: county / unitary,482,222,8,Full Time Workers,8,sex,0,0,1,Weekly pay - gross,1,item,0,0,2,Median,2,item,0,0,20701,Confidence,,Q,These figures are missing.,F,Free (free for publication),Nm-30d1d32032e0d2021654751d8d1d2d20701,445,2290,,
NM_30_1,2002,2002,2002,date,0,0,2021654752,Moyle,95E,pre-2009 local authorities: county / unitary,482,223,8,Full Time Workers,8,sex,0,0,1,Weekly pay - gross,1,item,0,0,2,Median,2,item,0,0,20100,Value,,Q,These figures are missing.,F,Free (free for publication),Nm-30d1d32032e0d2021654752d8d1d2d20100,446,2290,,
NM_30_1,2002,2002,2002,date,0,0,2021654752,Moyle,95E,pre-2009 local authorities: county / unitary,482,223,8,Full Time Workers,8,sex,0,0,1,Weekly pay - gross,1,item,0,0,2,Median,2,item,0,0,20701,Confidence,,Q,These figures are missing.,F,Free (free for publication),Nm-30d1d32032e0d2021654752d8d1d2d20701,447,2290,,
NM_30_1,2002,2002,2002,date,0,0,2021654753,Newry and Mourne,95P,pre-2009 local authorities: county / unitary,482,224,8,Full Time Workers,8,sex,0,0,1,Weekly pay - gross,1,item,0,0,2,Median,2,item,0,0,20100,Value,,Q,These figures are missing.,F,Free (free for publication),Nm-30d1d32032e0d2021654753d8d1d2d20100,448,2290,,
NM_30_1,2002,2002,2002,date,0,0,2021654753,Newry and Mourne,95P,pre-2009 local authorities: county / unitary,482,224,8,Full Time Workers,8,sex,0,0,1,Weekly pay - gross,1,item,0,0,2,Median,2,item,0,0,20701,Confidence,,Q,These figures are missing.,F,Free (free for publication),Nm-30d1d32032e0d2021654753d8d1d2d20701,449,2290,,
NM_30_1,2002,2002,2002,date,0,0,2021654754,Newtownabbey,95U,pre-2009 local authorities: county / unitary,482,225,8,Full Time Workers,8,sex,0,0,1,Weekly pay - gross,1,item,0,0,2,Median,2,item,0,0,20100,Value,,Q,These figures are missing.,F,Free (free for publication),Nm-30d1d32032e0d2021654754d8d1d2d20100,450,2290,,
NM_30_1,2002,2002,2002,date,0,0,2021654754,Newtownabbey,95U,pre-2009 local authorities: county / unitary,482,225,8,Full Time Workers,8,sex,0,0,1,Weekly pay - gross,1,item,0,0,2,Median,2,item,0,0,20701,Confidence,,Q,These figures are missing.,F,Free (free for publication),Nm-30d1d32032e0d2021654754d8d1d2d20701,451,2290,,
NM_30_1,2002,2002,2002,date,0,0,2021654755,North Down,95W,pre-2009 local authorities: county / unitary,482,226,8,Full Time Workers,8,sex,0,0,1,Weekly pay - gross,1,item,0,0,2,Median,2,item,0,0,20100,Value,,Q,These figures are missing.,F,Free (free for publication),Nm-30d1d32032e0d2021654755d8d1d2d20100,452,2290,,
NM_30_1,2002,2002,2002,date,0,0,2021654755,North Down,95W,pre-2009 local authorities: county / unitary,482,226,8,Full Time Workers,8,sex,0,0,1,Weekly pay - gross,1,item,0,0,2,Median,2,item,0,0,20701,Confidence,,Q,These figures are missing.,F,Free (free for publication),Nm-30d1d32032e0d2021654755d8d1d2d20701,453,2290,,
NM_30_1,2002,2002,2002,date,0,0,2021654756,Omagh,95K,pre-2009 local authorities: county / unitary,482,227,8,Full Time Workers,8,sex,0,0,1,Weekly pay - gross,1,item,0,0,2,Median,2,item,0,0,20100,Value,,Q,These figures are missing.,F,Free (free for publication),Nm-30d1d32032e0d2021654756d8d1d2d20100,454,2290,,
NM_30_1,2002,2002,2002,date,0,0,2021654756,Omagh,95K,pre-2009 local authorities: county / unitary,482,227,8,Full Time Workers,8,sex,0,0,1,Weekly pay - gross,1,item,0,0,2,Median,2,item,0,0,20701,Confidence,,Q,These figures are missing.,F,Free (free for publication),Nm-30d1d32032e0d2021654756d8d1d2d20701,455,2290,,
NM_30_1,2002,2002,2002,date,0,0,2021654757,Strabane,95J,pre-2009 local authorities: county / unitary,482,228,8,Full Time Workers,8,sex,0,0,1,Weekly pay - gross,1,item,0,0,2,Median,2,item,0,0,20100,Value,,Q,These figures are missing.,F,Free (free for publication),Nm-30d1d32032e0d2021654757d8d1d2d20100,456,2290,,
NM_30_1,2002,2002,2002,date,0,0,2021654757,Strabane,95J,pre-2009 local authorities: county / unitary,482,228,8,Full Time Workers,8,sex,0,0,1,Weekly pay - gross,1,item,0,0,2,Median,2,item,0,0,20701,Confidence,,Q,These figures are missing.,F,Free (free for publication),Nm-30d1d32032e0d2021654757d8d1d2d20701,457,2290,,
NM_30_1,2003,2003,2003,date,0,1,2021654666,Darlington,E06000005,pre-2009 local authorities: county / unitary,482,0,8,Full Time Workers,8,sex,0,0,1,Weekly pay - gross,1,item,0,0,2,Median,2,item,0,0,20100,Value,352.0,A,Normal Value,F,Free (free for publication),Nm-30d1d32048e0d2021654666d8d1d2d20100,458,2290,North East,E12000001
NM_30_1,2003,2003,2003,date,0,1,2021654666,Darlington,E06000005,pre-2009 local authorities: county / unitary,482,0,8,Full Time Workers,8,sex,0,0,1,Weekly pay - gross,1,item,0,0,2,Median,2,item,0,0,20701,Confidence,6.6,A,Normal Value,F,Free (free for publication),Nm-30d1d32048e0d2021654666d8d1d2d20701,459,2290,North East,E12000001
NM_30_1,2003,2003,2003,date,0,1,2021654668,Hartlepool,E06000001,pre-2009 local authorities: county / unitary,482,1,8,Full Time Workers,8,sex,0,0,1,Weekly pay - gross,1,item,0,0,2,Median,2,item,0,0,20100,Value,340.3,A,Normal Value,F,Free (free for publication),Nm-30d1d32048e0d2021654668d8d1d2d20100,460,2290,North East,E12000001
NM_30_1,2003,2003,2003,date,0,1,2021654668,Hartlepool,E06000001,pre-2009 local authorities: county / unitary,482,1,8,Full Time Workers,8,sex,0,0,1,Weekly pay - gross,1,item,0,0,2,Median,2,item,0,0,20701,Confidence,8.3,A,Normal Value,F,Free (free for publication),Nm-30d1d32048e0d2021654668d8d1d2d20701,461,2290,North East,E12000001
NM_30_1,2003,2003,2003,date,0,1,2021654669,Middlesbrough,E06000002,pre-2009 local authorities: county / unitary,482,2,8,Full Time Workers,8,sex,0,0,1,Weekly pay - gross,1,item,0,0,2,Median,2,item,0,0,20100,Value,335.6,A,Normal Value,F,Free (free for publication),Nm-30d1d32048e0d2021654669d8d1d2d20100,462,2290,North East,E12000001
NM_30_1,2003,2003,2003,date,0,1,2021654669,Middlesbrough,E06000002,pre-2009 local authorities: county / unitary,482,2,8,Full Time Workers,8,sex,0,0,1,Weekly pay - gross,1,item,0,0,2,Median,2,item,0,0,20701,Confidence,6.7,A,Normal Value,F,Free (free for publication),Nm-30d1d32048e0d2021654669d8d1d2d20701,463,2290,North East,E12000001
NM_30_1,2003,2003,2003,date,0,1,2021654671,Redcar and Cleveland,E06000003,pre-2009 local authorities: county / unitary,482,3,8,Full Time Workers,8,sex,0,0,1,Weekly pay - gross,1,item,0,0,2,Median,2,item,0,0,20100,Value,345.7,A,Normal Value,F,Free (free for publication),Nm-30d1d32048e0d2021654671d8d1d2d20100,464,2290,North East,E12000001
NM_30_1,2003,2003,2003,date,0,1,2021654671,Redcar and Cleveland,E06000003,pre-2009 local authorities: county / unitary,482,3,8,Full Time Workers,8,sex,0,0,1,Weekly pay - gross,1,item,0,0,2,Median,2,item,0,0,20701,Confidence,6.9,A,Normal Value,F,Free (free for publication),Nm-30d1d32048e0d2021654671d8d1d2d20701,465,2290,North East,E12000001
NM_30_1,2003,2003,2003,date,0,1,2021654672,Stockton on Tees,E06000004,pre-2009 local authorities: county / unitary,482,4,8,Full Time Workers,8,sex,0,0,1,Weekly pay - gross,1,item,0,0,2,Median,2,item,0,0,20100,Value,388.8,A,Normal Value,F,Free (free for publication),Nm-30d1d32048e0d2021654672d8d1d2d20100,466,2290,North East,E12000001
NM_30_1,2003,2003,2003,date,0,1,2021654672,Stockton on Tees,E06000004,pre-2009 local authorities: county / unitary,482,4,8,Full Time Workers,8,sex,0,0,1,Weekly pay - gross,1,item,0,0,2,Median,2,item,0,0,20701,Confidence,4.9,A,Normal Value,F,Free (free for publication),Nm-30d1d32048e0d2021654672d8d1d2d20701,467,2290,North East,E12000001
NM_30_1,2003,2003,2003,date,0,1,2021654667,Durham,E10000010,pre-2009 local authorities: county / unitary,482,5,8,Full Time Workers,8,sex,0,0,1,Weekly pay - gross,1,item,0,0,2,Median,2,item,0,0,20100,Value,349.4,A,Normal Value,F,Free (free for publication),Nm-30d1d32048e0d2021654667d8d1d2d20100,468,2290,,
NM_30_1,2003,2003,2003,date,0,1,2021654667,Durham,E10000010,pre-2009 local authorities: county / unitary,482,5,8,Full Time Workers,8,sex,0,0,1,Weekly pay - gross,1,item,0,0,2,Median,2,item,0,0,20701,Confidence,2.7,A,Normal Value,F,Free (free for publication),Nm-30d1d32048e0d2021654667d8d1d2d20701,469,2290,,
NM_30_1,2003,2003,2003,date,0,1,2021654670,Northumberland,E10000022,pre-2009 local authorities: county / unitary,482,6,8,Full Time Workers,8,sex,0,0,1,Weekly pay - gross,1,item,0,0,2,Median,2,item,0,0,20100,Value,367.8,A,Normal Value,F,Free (free for publication),Nm-30d1d32048e0d2021654670d8d1d2d20100,470,2290,,
NM_30_1,2003,2003,2003,date,0,1,2021654670,Northumberland,E10000022,pre-2009 local authorities: county / unitary,482,6,8,Full Time Workers,8,sex,0,0,1,Weekly pay - gross,1,item,0,0,2,Median,2,item,0,0,20701,Confidence,4.6,A,Normal Value,F,Free (free for publication),Nm-30d1d32048e0d2021654670d8d1d2d20701,471,2290,,
NM_30_1,2003,2003,2003,date,0,1,2021654673,Gateshead,E08000020,pre-2009 local authorities: county / unitary,482,7,8,Full Time Workers,8,sex,0,0,1,Weekly pay - gross,1,item,0,0,2,Median,2,item,0,0,20100,Value,333.7,A,Normal Value,F,Free (free for publication),Nm-30d1d32048e0d2021654673d8d1d2d20100,472,2290,,
NM_30_1,2003,2003,2003,date,0,1,2021654673,Gateshead,E08000020,pre-2009 local authorities: county / unitary,482,7,8,Full Time Workers,8,sex,0,0,1,Weekly pay - gross,1,item,0,0,2,Median,2,item,0,0,20701,Confidence,5.1,A,Normal Value,F,Free (free for publication),Nm-30d1d32048e0d2021654673d8d1d2d20701,473,2290,,
NM_30_1,2003,2003,2003,date,0,1,2021654674,Newcastle-upon-Tyne,E08000021,pre-2009 local authorities: county / unitary,482,8,8,Full Time Workers,8,sex,0,0,1,Weekly pay - gross,1,item,0,0,2,Median,2,item,0,0,20100,Value,374.0,A,Normal Value,F,Free (free for publication),Nm-30d1d32048e0d2021654674d8d1d2d20100,474,2290,North East,E12000001
NM_30_1,2003,2003,2003,date,0,1,2021654674,Newcastle-upon-Tyne,E08000021,pre-2009 local authorities: county / unitary,482,8,8,Full Time Workers,8,sex,0,0,1,Weekly pay - gross,1,item,0,0,2,Median,2,item,0,0,20701,Confidence,5.8,A,Normal Value,F,Free (free for publication),Nm-30d1d32048e0d2021654674d8d1d2d20701,475,2290,North East,E12000001
NM_30_1,2003,2003,2003,date,0,1,2021654675,North Tyneside,E08000022,pre-2009 local authorities: county / unitary,482,9,8,Full Time Workers,8,sex,0,0,1,Weekly pay - gross,1,item,0,0,2,Median,2,item,0,0,20100,Value,346.2,A,Normal Value,F,Free (free for publication),Nm-30d1d32048e0d2021654675d8d1d2d20100,476,2290,North East,E12000001
NM_30_1,2003,2003,2003,date,0,1,2021654675,North Tyneside,E08000022,pre-2009 local authorities: county / unitary,482,9,8,Full Time Workers,8,sex,0,0,1,Weekly pay - gross,1,item,0,0,2,Median,2,item,0,0,20701,Confidence,6.7,A,Normal Value,F,Free (free for publication),Nm-30d1d32048e0d2021654675d8d1d2d20701,477,2290,North East,E12000001
NM_30_1,2003,2003,2003,date,0,1,2021654676,South Tyneside,E08000023,pre-2009 local authorities: county / unitary,482,10,8,Full Time Workers,8,sex,0,0,1,Weekly pay - gross,1,item,0,0,2,Median,2,item,0,0,20100,Value,343.8,A,Normal Value,F,Free (free for publication),Nm-30d1d32048e0d2021654676d8d1d2d20100,478,2290,North East,E12000001
NM_30_1,2003,2003,2003,date,0,1,2021654676,South Tyneside,E08000023,pre-2009 local authorities: county / unitary,482,10,8,Full Time Workers,8,sex,0,0,1,Weekly pay - gross,1,item,0,0,2,Median,2,item,0,0,20701,Confidence,7.0,A,Normal Value,F,Free (free for publication),Nm-30d1d32048e0d2021654676d8d1d2d20701,479,2290,North East,E12000001
NM_30_1,2003,2003,2003,date,0,1,2021654677,Sunderland,E08000024,pre-2009 local authorities: county / unitary,482,11,8,Full Time Workers,8,sex,0,0,1,Weekly pay - gross,1,item,0,0,2,Median,2,item,0,0,20100,Value,327.8,A,Normal Value,F,Free (free for publication),Nm-30d1d32048e0d2021654677d8d1d2d20100,480,2290,North East,E12000001
NM_30_1,2003,2003,2003,date,0,1,2021654677,Sunderland,E08000024,pre-2009 local authorities: county / unitary,482,11,8,Full Time Workers,8,sex,0,0,1,Weekly pay - gross,1,item,0,0,2,Median,2,item,0,0,20701,Confidence,4.3,A,Normal Value,F,Free (free for publication),Nm-30d1d32048e0d2021654677d8d1d2d20701,481,2290,North East,E12000001
NM_30_1,2003,2003,2003,date,0,1,2021654650,Blackburn with Darwen,E06000008,pre-2009 local authorities: county / unitary,482,12,8,Full Time Workers,8,sex,0,0,1,Weekly pay - gross,1,item,0,0,2,Median,2,item,0,0,20100,Value,375.0,A,Normal Value,F,Free (free for publication),Nm-30d1d32048e0d2021654650d8d1d2d20100,482,2290,North West,E12000002
NM_30_1,2003,2003,2003,date,0,1,2021654650,Blackburn with Darwen,E06000008,pre-2009 local authorities: county / unitary,482,12,8,Full Time Workers,8,sex,0,0,1,Weekly pay - gross,1,item,0,0,2,Median,2,item,0,0,20701,Confidence,7.3,A,Normal Value,F,Free (free for publication),Nm-30d1d32048e0d2021654650d8d1d2d20701,483,2290,North West,E12000002
NM_30_1,2003,2003,2003,date,0,1,2021654651,Blackpool,E06000009,pre-2009 local authorities: county / unitary,482,13,8,Full Time Workers,8,sex,0,0,1,Weekly pay - gross,1,item,0,0,2,Median,2,item,0,0,20100,Value,327.3,A,Normal Value,F,Free (free for publication),Nm-30d1d32048e0d2021654651d8d1d2d20100,484,2290,North West,E12000002
NM_30_1,2003,2003,2003,date,0,1,2021654651,Blackpool,E06000009,pre-2009 local authorities: county / unitary,482,13,8,Full Time Workers,8,sex,0,0,1,Weekly pay - gross,1,item,0,0,2,Median,2,item,0,0,20701,Confidence,5.2,A,Normal Value,F,Free (free for publication),Nm-30d1d32048e0d2021654651d8d1d2d20701,485,2290,North West,E12000002
NM_30_1,2003,2003,2003,date,0,1,2021654663,Halton,E06000006,pre-2009 local authorities: county / unitary,482,14,8,Full Time Workers,8,sex,0,0,1,Weekly pay - gross,1,item,0,0,2,Median,2,item,0,0,20100,Value,370.1,A,Normal Value,F,Free (free for publication),Nm-30d1d32048e0d2021654663d8d1d2d20100,486,2290,North West,E12000002
NM_30_1,2003,2003,2003,date,0,1,2021654663,Halton,E06000006,pre-2009 local authorities: county / unitary,482,14,8,Full Time Workers,8,sex,0,0,1,Weekly pay - gross,1,item,0,0,2,Median,2,item,0,0,20701,Confidence,7.7,A,Normal Value,F,Free (free for publication),Nm-30d1d32048e0d2021654663d8d1d2d20701,487,2290,North West,E12000002
NM_30_1,2003,2003,2003,date,0,1,2021654665,Warrington,E06000007,pre-2009 local authorities: county / unitary,482,15,8,Full Time Workers,8,sex,0,0,1,Weekly pay - gross,1,item,0,0,2,Median,2,item,0,0,20100,Value,411.1,A,Normal Value,F,Free (free for publication),Nm-30d1d32048e0d2021654665d8d1d2d20100,488,2290,North West,E12000002
NM_30_1,2003,2003,2003,date,0,1,2021654665,Warrington,E06000007,pre-2009 local authorities: county / unitary,482,15,8,Full Time Workers,8,sex,0,0,1,Weekly pay - gross,1,item,0,0,2,Median,2,item,0,0,20701,Confidence,5.8,A,Normal Value,F,Free (free for publication),Nm-30d1d32048e0d2021654665d8d1d2d20701,489,2290,North West,E12000002
NM_30_1,2003,2003,2003,date,0,1,2021654652,Cheshire,E10000004,pre-2009 local authorities: county / unitary,482,16,8,Full Time Workers,8,sex,0,0,1,Weekly pay - gross,1,item,0,0,2,Median,2,item,0,0,20100,Value,453.9,A,Normal Value,F,Free (free for publication),Nm-30d1d32048e0d2021654652d8d1d2d20100,490,2290,,
NM_30_1,2003,2003,2003,date,0,1,2021654652,Cheshire,E10000004,pre-2009 local authorities: county / unitary,482,16,8,Full Time Workers,8,sex,0,0,1,Weekly pay - gross,1,item,0,0,2,Median,2,item,0,0,20701,Confidence,3.1,A,Normal Value,F,Free (free for publication),Nm-30d1d32048e0d2021654652d8d1d2d20701,491,2290,,
NM_30_1,2003,2003,2003,date,0,1,2021654649,Cumbria,E10000006,pre-2009 local authorities: county / unitary,482,17,8,Full Time Workers,8,sex,0,0,1,Weekly pay - gross,1,item,0,0,2,Median,2,item,0,0,20100,Value,380.9,A,Normal Value,F,Free (free for publication),Nm-30d1d32048e0d2021654649d8d1d2d20100,492,2290,,
NM_30_1,2003,2003,2003,date,0,1,2021654649,Cumbria,E10000006,pre-2009 local authorities: county / unitary,482,17,8,Full Time Workers,8,sex,0,0,1,Weekly pay - gross,1,item,0,0,2,Median,2,item,0,0,20701,Confidence,3.9,A,Normal Value,F,Free (free for publication),Nm-30d1d32048e0d2021654649d8d1d2d20701,493,2290,,
NM_30_1,2003,2003,2003,date,0,1,2021654653,Bolton,E08000001,pre-2009 local authorities: county / unitary,482,18,8,Full Time Workers,8,sex,0,0,1,Weekly pay - gross,1,item,0,0,2,Median,2,item,0,0,20100,Value,366.1,A,Normal Value,F,Free (free for publication),Nm-30d1d32048e0d2021654653d8d1d2d20100,494,2290,North West,E12000002
NM_30_1,2003,2003,2003,date,0,1,2021654653,Bolton,E08000001,pre-2009 local authorities: county / unitary,482,18,8,Full Time Workers,8,sex,0,0,1,Weekly pay - gross,1,item,0,0,2,Median,2,item,0,0,20701,Confidence,5.3,A,Normal Value,F,Free (free for publication),Nm-30d1d32048e0d2021654653d8d1d2d20701,495,2290,North West,E12000002
NM_30_1,2003,2003,2003,date,0,1,2021654654,Bury,E08000002,pre-2009 local authorities: county / unitary,482,19,8,Full Time Workers,8,sex,0,0,1,Weekly pay - gross,1,item,0,0,2,Median,2,item,0,0,20100,Value,417.0,A,Normal Value,F,Free (free for publication),Nm-30d1d32048e0d2021654654d8d1d2d20100,496,2290,North West,E12000002
NM_30_1,2003,2003,2003,date,0,1,2021654654,Bury,E08000002,pre-2009 local authorities: county / unitary,482,19,8,Full Time Workers,8,sex,0,0,1,Weekly pay - gross,1,item,0,0,2,Median,2,item,0,0,20701,Confidence,3.8,A,Normal Value,F,Free (free for publication),Nm-30d1d32048e0d2021654654d8d1d2d20701,497,2290,North West,E12000002
NM_30_1,2003,2003,2003,date,0,1,2021654655,Manchester,E08000003,pre-2009 local authorities: county / unitary,482,20,8,Full Time Workers,8,sex,0,0,1,Weekly pay - gross,1,item,0,0,2,Median,2,item,0,0,20100,Value,356.7,A,Normal Value,F,Free (free for publication),Nm-30d1d32048e0d2021654655d8d1d2d20100,498,2290,North West,E12000002
NM_30_1,2003,2003,2003,date,0,1,2021654655,Manchester,E08000003,pre-2009 local authorities: county / unitary,482,20,8,Full Time Workers,8,sex,0,0,1,Weekly pay - gross,1,item,0,0,2,Median,2,item,0,0,20701,Confidence,4.3,A,Normal Value,F,Free (free for publication),Nm-30d1d32048e0d2021654655d8d1d2d20701,499,2290,North West,E12000002
NM_30_1,2003,2003,2003,date,0,1,2021654656,Oldham,E08000004,pre-2009 local authorities: county / unitary,482,21,8,Full Time Workers,8,sex,0,0,1,Weekly pay - gross,1,item,0,0,2,Median,2,item,0,0,20100,Value,352.0,A,Normal Value,F,Free (free for publication),Nm-30d1d32048e0d2021654656d8d1d2d20100,500,2290,North West,E12000002
NM_30_1,2003,2003,2003,date,0,1,2021654656,Oldham,E08000004,pre-2009 local authorities: county / unitary,482,21,8,Full Time Workers,8,sex,0,0,1,Weekly pay - gross,1,item,0,0,2,Median,2,item,0,0,20701,Confidence,5.2,A,Normal Value,F,Free (free for publication),Nm-30d1d32048e0d2021654656d8d1d2d20701,501,2290,North West,E12000002
NM_30_1,2003,2003,2003,date,0,1,2021654657,Rochdale,E08000005,pre-2009 local authorities: county / unitary,482,22,8,Full Time Workers,8,sex,0,0,1,Weekly pay - gross,1,item,0,0,2,Median,2,item,0,0,20100,Value,360.3,A,Normal Value,F,Free (free for publication),Nm-30d1d32048e0d2021654657d8d1d2d20100,502,2290,North West,E12000002
NM_30_1,2003,2003,2003,date,0,1,2021654657,Rochdale,E08000005,pre-2009 local authorities: county / unitary,482,22,8,Full Time Workers,8,sex,0,0,1,Weekly pay - gross,1,item,0,0,2,Median,2,item,0,0,20701,Confidence,4.7,A,Normal Value,F,Free (free for publication),Nm-30d1d32048e0d2021654657d8d1d2d20701,503,2290,North West,E12000002
NM_30_1,2003,2003,2003,date,0,1,2021654658,Salford,E08000006,pre-2009 local authorities: county / unitary,482,23,8,Full Time Workers,8,sex,0,0,1,Weekly pay - gross,1,item,0,0,2,Median,2,item,0,0,20100,Value,354.2,A,Normal Value,F,Free (free for publication),Nm-30d1d32048e0d2021654658d8d1d2d20100,504,2290,North West,E12000002
NM_30_1,2003,2003,2003,date,0,1,2021654658,Salford,E08000006,pre-2009 local authorities: county / unitary,482,23,8,Full Time Workers,8,sex,0,0,1,Weekly pay - gross,1,item,0,0,2,Median,2,item,0,0,20701,Confidence,5.0,A,Normal Value,F,Free (free for publication),Nm-30d1d32048e0d2021654658d8d1d2d20701,505,2290,North West,E12000002
NM_30_1,2003,2003,2003,date,0,1,2021654659,Stockport,E08000007,pre-2009 local authorities: county / unitary,482,24,8,Full Time Workers,8,sex,0,0,1,Weekly pay - gross,1,item,0,0,2,Median,2,item,0,0,20100,Value,412.7,A,Normal Value,F,Free (free for publication),Nm-30d1d32048e0d2021654659d8d1d2d20100,506,2290,North West,E12000002
NM_30_1,2003,2003,2003,date,0,1,2021654659,Stockport,E08000007,pre-2009 local authorities: county / unitary,482,24,8,Full Time Workers,8,sex,0,0,1,Weekly pay - gross,1,item,0,0,2,Median,2,item,0,0,20701,Confidence,4.2,A,Normal Value,F,Free (free for publication),Nm-30d1d32048e0d2021654659d8d1d2d20701,507,2290,North West,E12000002
NM_30_1,2003,2003,2003,date,0,1,2021654660,Tameside,E08000008,pre-2009 local authorities: county / unitary,482,25,8,Full Time Workers,8,sex,0,0,1,Weekly pay - gross,1,item,0,0,2,Median,2,item,0,0,20100,Value,351.6,A,Normal Value,F,Free (free for publication),Nm-30d1d32048e0d2021654660d8d1d2d20100,508,2290,North West,E12000002
NM_30_1,2003,2003,2003,date,0,1,2021654660,Tameside,E08000008,pre-2009 local authorities: county / unitary,482,25,8,Full Time Workers,8,sex,0,0,1,Weekly pay - gross,1,item,0,0,2,Median,2,item,0,0,20701,Confidence,4.1,A,Normal Value,F,Free (free for publication),Nm-30d1d32048e0d2021654660d8d1d2d20701,509,2290,North West,E12000002
NM_30_1,2003,2003,2003,date,0,1,2021654661,Trafford,E08000009,pre-2009 local authorities: county / unitary,482,26,8,Full Time Workers,8,sex,0,0,1,Weekly pay - gross,1,item,0,0,2,Median,2,item,0,0,20100,Value,422.0,A,Normal Value,F,Free (free for publication),Nm-30d1d32048e0d2021654661d8d1d2d20100,510,2290,North West,E12000002
NM_30_1,2003,2003,2003,date,0,1,2021654661,Trafford,E08000009,pre-2009 local authorities: county / unitary,482,26,8,Full Time Workers,8,sex,0,0,1,Weekly pay - gross,1,item,0,0,2,Median,2,item,0,0,20701,Confidence,4.3,A,Normal Value,F,Free (free for publication),Nm-30d1d32048e0d2021654661d8d1d2d20701,511,2290,North West,E12000002
NM_30_1,2003,2003,2003,date,0,1,2021654662,Wigan,E08000010,pre-2009 local authorities: county / unitary,482,27,8,Full Time Workers,8,sex,0,0,1,Weekly pay - gross,1,item,0,0,2,Median,2,item,0,0,20100,Value,364.4,A,Normal Value,F,Free (free for publication),Nm-30d1d32048e0d2021654662d8d1d2d20100,512,2290,North West,E12000002
NM_30_1,2003,2003,2003,date,0,1,2021654662,Wigan,E08000010,pre-2009 local authorities: county / unitary,482,27,8,Full Time Workers,8,sex,0,0,1,Weekly pay - gross,1,item,0,0,2,Median,2,item,0,0,20701,Confidence,4.0,A,Normal Value,F,Free (free for publication),Nm-30d1d32048e0d2021654662d8d1d2d20701,513,2290,North West,E12000002
NM_30_1,2003,2003,2003,date,0,1,2021654664,Lancashire,E10000017,pre-2009 local authorities: county / unitary,482,28,8,Full Time Workers,8,sex,0,0,1,Weekly pay - gross,1,item,0,0,2,Median,2,item,0,0,20100,Value,385.1,A,Normal Value,F,Free (free for publication),Nm-30d1d32048e0d2021654664d8d1d2d20100,514,2290,,
NM_30_1,2003,2003,2003,date,0,1,2021654664,Lancashire,E10000017,pre-2009 local authorities: county / unitary,482,28,8,Full Time Workers,8,sex,0,0,1,Weekly pay - gross,1,item,0,0,2,Median,2,item,0,0,20701,Confidence,2.3,A,Normal Value,F,Free (free for publication),Nm-30d1d32048e0d2021654664d8d1d2d20701,515,2290,,
NM_30_1,2003,2003,2003,date,0,1,2021654644,Knowsley,E08000011,pre-2009 local authorities: county / unitary,482,29,8,Full Time Workers,8,sex,0,0,1,Weekly pay - gross,1,item,0,0,2,Median,2,item,0,0,20100,Value,349.9,A,Normal Value,F,Free (free for publication),Nm-30d1d32048e0d2021654644d8d1d2d20100,516,2290,North West,E12000002
NM_30_1,2003,2003,2003,date,0,1,2021654644,Knowsley,E08000011,pre-2009 local authorities: county / unitary,482,29,8,Full Time Workers,8,sex,0,0,1,Weekly pay - gross,1,item,0,0,2,Median,2,item,0,0,20701,Confidence,5.8,A,Normal Value,F,Free (free for publication),Nm-30d1d32048e0d2021654644d8d1d2d20701,517,2290,North West,E12000002
NM_30_1,2003,2003,2003,date,0,1,2021654645,Liverpool,E08000012,pre-2009 local authorities: county / unitary,482,30,8,Full Time Workers,8,sex,0,0,1,Weekly pay - gross,1,item,0,0,2,Median,2,item,0,0,20100,Value,354.8,A,Normal Value,F,Free (free for publication),Nm-30d1d32048e0d2021654645d8d1d2d20100,518,2290,North West,E12000002
NM_30_1,2003,2003,2003,date,0,1,2021654645,Liverpool,E08000012,pre-2009 local authorities: county / unitary,482,30,8,Full Time Workers,8,sex,0,0,1,Weekly pay - gross,1,item,0,0,2,Median,2,item,0,0,20701,Confidence,3.8,A,Normal Value,F,Free (free for publication),Nm-30d1d32048e0d2021654645d8d1d2d20701,519,2290,North West,E12000002
NM_30_1,2003,2003,2003,date,0,1,2021654647,Sefton,E08000014,pre-2009 local authorities: county / unitary,482,31,8,Full Time Workers,8,sex,0,0,1,Weekly pay - gross,1,item,0,0,2,Median,2,item,0,0,20100,Value,371.6,A,Normal Value,F,Free (free for publication),Nm-30d1d32048e0d2021654647d8d1d2d20100,520,2290,North West,E12000002
NM_30_1,2003,2003,2003,date,0,1,2021654647,Sefton,E08000014,pre-2009 local authorities: county / unitary,482,31,8,Full Time Workers,8,sex,0,0,1,Weekly pay - gross,1,item,0,0,2,Median,2,item,0,0,20701,Confidence,4.1,A,Normal Value,F,Free (free for publication),Nm-30d1d32048e0d2021654647d8d1d2d20701,521,2290,North West,E12000002
NM_30_1,2003,2003,2003,date,0,1,2021654646,St Helens,E08000013,pre-2009 local authorities: county / unitary,482,32,8,Full Time Workers,8,sex,0,0,1,Weekly pay - gross,1,item,0,0,2,Median,2,item,0,0,20100,Value,355.3,A,Normal Value,F,Free (free for publication),Nm-30d1d32048e0d2021654646d8d1d2d20100,522,2290,North West,E12000002
NM_30_1,2003,2003,2003,date,0,1,2021654646,St Helens,E08000013,pre-2009 local authorities: county / unitary,482,32,8,Full Time Workers,8,sex,0,0,1,Weekly pay - gross,1,item,0,0,2,Median,2,item,0,0,20701,Confidence,4.9,A,Normal Value,F,Free (free for publication),Nm-30d1d32048e0d2021654646d8d1d2d20701,523,2290,North West,E12000002
NM_30_1,2003,2003,2003,date,0,1,2021654648,Wirral,E08000015,pre-2009 local authorities: county / unitary,482,33,8,Full Time Workers,8,sex,0,0,1,Weekly pay - gross,1,item,0,0,2,Median,2,item,0,0,20100,Value,379.7,A,Normal Value,F,Free (free for publication),Nm-30d1d32048e0d2021654648d8d1d2d20100,524,2290,North West,E12000002
NM_30_1,2003,2003,2003,date,0,1,2021654648,Wirral,E08000015,pre-2009 local authorities: county / unitary,482,33,8,Full Time Workers,8,sex,0,0,1,Weekly pay - gross,1,item,0,0,2,Median,2,item,0,0,20701,Confidence,4.5,A,Normal Value,F,Free (free for publication),Nm-30d1d32048e0d2021654648d8d1d2d20701,525,2290,North West,E12000002
NM_30_1,2003,2003,2003,date,0,1,2021654629,East Riding of Yorkshire,E06000011,pre-2009 local authorities: county / unitary,482,34,8,Full Time Workers,8,sex,0,0,1,Weekly pay - gross,1,item,0,0,2,Median,2,item,0,0,20100,Value,406.7,A,Normal Value,F,Free (free for publication),Nm-30d1d32048e0d2021654629d8d1d2d20100,526,2290,Yorkshire and The Humber,E12000003
NM_30_1,2003,2003,2003,date,0,1,2021654629,East Riding of Yorkshire,E06000011,pre-2009 local authorities: county / unitary,482,34,8,Full Time Workers,8,sex,0,0,1,Weekly pay - gross,1,item,0,0,2,Median,2,item,0,0,20701,Confidence,3.4,A,Normal Value,F,Free (free for publication),Nm-30d1d32048e0d2021654629d8d1d2d20701,527,2290,Yorkshire and The Humber,E12000003
NM_30_1,2003,2003,2003,date,0,1,2021654630,Kingston upon Hull,E06000010,pre-2009 local authorities: county / unitary,482,35,8,Full Time Workers,8,sex,0,0,1,Weekly pay - gross,1,item,0,0,2,Median,2,item,0,0,20100,Value,335.2,A,Normal Value,F,Free (free for publication),Nm-30d1d32048e0d2021654630d8d1d2d20100,528,2290,Yorkshire and The Humber,E12000003
NM_30_1,2003,2003,2003,date,0,1,2021654630,Kingston upon Hull,E06000010,pre-2009 local authorities: county / unitary,482,35,8,Full Time Workers,8,sex,0,0,1,Weekly pay - gross,1,item,0,0,2,Median,2,item,0,0,20701,Confidence,5.3,A,Normal Value,F,Free (free for publication),Nm-30d1d32048e0d2021654630d8d1d2d20701,529,2290,Yorkshire and The Humber,E12000003
NM_30_1,2003,2003,2003,date,0,1,2021654631,North East Lincolnshire,E06000012,pre-2009 local authorities: county / unitary,482,36,8,Full Time Workers,8,sex,0,0,1,Weekly pay - gross,1,item,0,0,2,Median,2,item,0,0,20100,Value,366.4,A,Normal Value,F,Free (free for publication),Nm-30d1d32048e0d2021654631d8d1d2d20100,530,2290,Yorkshire and The Humber,E12000003
NM_30_1,2003,2003,2003,date,0,1,2021654631,North East Lincolnshire,E06000012,pre-2009 local authorities: county / unitary,482,36,8,Full Time Workers,8,sex,0,0,1,Weekly pay - gross,1,item,0,0,2,Median,2,item,0,0,20701,Confidence,5.2,A,Normal Value,F,Free (free for publication),Nm-30d1d32048e0d2021654631d8d1d2d20701,531,2290,Yorkshire and The Humber,E12000003
NM_30_1,2003,2003,2003,date,0,1,2021654632,North Lincolnshire,E06000013,pre-2009 local authorities: county / unitary,482,37,8,Full Time Workers,8,sex,0,0,1,Weekly pay - gross,1,item,0,0,2,Median,2,item,0,0,20100,Value,412.3,A,Normal Value,F,Free (free for publication),Nm-30d1d32048e0d2021654632d8d1d2d20100,532,2290,Yorkshire and The Humber,E12000003
NM_30_1,2003,2003,2003,date,0,1,2021654632,North Lincolnshire,E06000013,pre-2009 local authorities: county / unitary,482,37,8,Full Time Workers,8,sex,0,0,1,Weekly pay - gross,1,item,0,0,2,Median,2,item,0,0,20701,Confidence,5.6,A,Normal Value,F,Free (free for publication),Nm-30d1d32048e0d2021654632d8d1d2d20701,533,2290,Yorkshire and The Humber,E12000003
NM_30_1,2003,2003,2003,date,0,1,2021654643,York,E06000014,pre-2009 local authorities: county / unitary,482,38,8,Full Time Workers,8,sex,0,0,1,Weekly pay - gross,1,item,0,0,2,Median,2,item,0,0,20100,Value,397.1,A,Normal Value,F,Free (free for publication),Nm-30d1d32048e0d2021654643d8d1d2d20100,534,2290,Yorkshire and The Humber,E12000003
NM_30_1,2003,2003,2003,date,0,1,2021654643,York,E06000014,pre-2009 local authorities: county / unitary,482,38,8,Full Time Workers,8,sex,0,0,1,Weekly pay - gross,1,item,0,0,2,Median,2,item,0,0,20701,Confidence,4.5,A,Normal Value,F,Free (free for publication),Nm-30d1d32048e0d2021654643d8d1d2d20701,535,2290,Yorkshire and The Humber,E12000003
NM_30_1,2003,2003,2003,date,0,1,2021654633,North Yorkshire,E10000023,pre-2009 local authorities: county / unitary,482,39,8,Full Time Workers,8,sex,0,0,1,Weekly pay - gross,1,item,0,0,2,Median,2,item,0,0,20100,Value,378.5,A,Normal Value,F,Free (free for publication),Nm-30d1d32048e0d2021654633d8d1d2d20100,536,2290,,
NM_30_1,2003,2003,2003,date,0,1,2021654633,North Yorkshire,E10000023,pre-2009 local authorities: county / unitary,482,39,8,Full Time Workers,8,sex,0,0,1,Weekly pay - gross,1,item,0,0,2,Median,2,item,0,0,20701,Confidence,3.4,A,Normal Value,F,Free (free for publication),Nm-30d1d32048e0d2021654633d8d1d2d20701,537,2290,,
NM_30_1,2003,2003,2003,date,0,1,2021654634,Barnsley,E08000016,pre-2009 local authorities: county / unitary,482,40,8,Full Time Workers,8,sex,0,0,1,Weekly pay - gross,1,item,0,0,2,Median,2,item,0,0,20100,Value,355.2,A,Normal Value,F,Free (free for publication),Nm-30d1d32048e0d2021654634d8d1d2d20100,538,2290,Yorkshire and The Humber,E12000003
NM_30_1,2003,2003,2003,date,0,1,2021654634,Barnsley,E08000016,pre-2009 local authorities: county / unitary,482,40,8,Full Time Workers,8,sex,0,0,1,Weekly pay - gross,1,item,0,0,2,Median,2,item,0,0,20701,Confidence,4.4,A,Normal Value,F,Free (free for publication),Nm-30d1d32048e0d2021654634d8d1d2d20701,539,2290,Yorkshire and The Humber,E12000003
NM_30_1,2003,2003,2003,date,0,1,2021654635,Doncaster,E08000017,pre-2009 local authorities: county / unitary,482,41,8,Full Time Workers,8,sex,0,0,1,Weekly pay - gross,1,item,0,0,2,Median,2,item,0,0,20100,Value,346.9,A,Normal Value,F,Free (free for publication),Nm-30d1d32048e0d2021654635d8d1d2d20100,540,2290,Yorkshire and The Humber,E12000003
NM_30_1,2003,2003,2003,date,0,1,2021654635,Doncaster,E08000017,pre-2009 local authorities: county / unitary,482,41,8,Full Time Workers,8,sex,0,0,1,Weekly pay - gross,1,item,0,0,2,Median,2,item,0,0,20701,Confidence,4.4,A,Normal Value,F,Free (free for publication),Nm-30d1d32048e0d2021654635d8d1d2d20701,541,2290,Yorkshire and The Humber,E12000003
NM_30_1,2003,2003,2003,date,0,1,2021654636,Rotherham,E08000018,pre-2009 local authorities: county / unitary,482,42,8,Full Time Workers,8,sex,0,0,1,Weekly pay - gross,1,item,0,0,2,Median,2,item,0,0,20100,Value,375.6,A,Normal Value,F,Free (free for publication),Nm-30d1d32048e0d2021654636d8d1d2d20100,542,2290,Yorkshire and The Humber,E12000003
NM_30_1,2003,2003,2003,date,0,1,2021654636,Rotherham,E08000018,pre-2009 local authorities: county / unitary,482,42,8,Full Time Workers,8,sex,0,0,1,Weekly pay - gross,1,item,0,0,2,Median,2,item,0,0,20701,Confidence,4.4,A,Normal Value,F,Free (free for publication),Nm-30d1d32048e0d2021654636d8d1d2d20701,543,2290,Yorkshire and The Humber,E12000003
NM_30_1,2003,2003,2003,date,0,1,2021654637,Sheffield,E08000019,pre-2009 local authorities: county / unitary,482,43,8,Full Time Workers,8,sex,0,0,1,Weekly pay - gross,1,item,0,0,2,Median,2,item,0,0,20100,Value,380.2,A,Normal Value,F,Free (free for publication),Nm-30d1d32048e0d2021654637d8d1d2d20100,544,2290,Yorkshire and The Humber,E12000003
NM_30_1,2003,2003,2003,date,0,1,2021654637,Sheffield,E08000019,pre-2009 local authorities: county / unitary,482,43,8,Full Time Workers,8,sex,0,0,1,Weekly pay - gross,1,item,0,0,2,Median,2,item,0,0,20701,Confidence,3.2,A,Normal Value,F,Free (free for publication),Nm-30d1d32048e0d2021654637d8d1d2d20701,545,2290,Yorkshire and The Humber,E12000003
NM_30_1,2003,2003,2003,date,0,1,2021654638,Bradford,E08000032,pre-2009 local authorities: county / unitary,482,44,8,Full Time Workers,8,sex,0,0,1,Weekly pay - gross,1,item,0,0,2,Median,2,item,0,0,20100,Value,350.0,A,Normal Value,F,Free (free for publication),Nm-30d1d32048e0d2021654638d8d1d2d20100,546,2290,Yorkshire and The Humber,E12000003
NM_30_1,2003,2003,2003,date,0,1,2021654638,Bradford,E08000032,pre-2009 local authorities: county / unitary,482,44,8,Full Time Workers,8,sex,0,0,1,Weekly pay - gross,1,item,0,0,2,Median,2,item,0,0,20701,Confidence,3.2,A,Normal Value,F,Free (free for publication),Nm-30d1d32048e0d2021654638d8d1d2d20701,547,2290,Yorkshire and The Humber,E12000003
NM_30_1,2003,2003,2003,date,0,1,2021654639,Calderdale,E08000033,pre-2009 local authorities: county / unitary,482,45,8,Full Time Workers,8,sex,0,0,1,Weekly pay - gross,1,item,0,0,2,Median,2,item,0,0,20100,Value,389.4,A,Normal Value,F,Free (free for publication),Nm-30d1d32048e0d2021654639d8d1d2d20100,548,2290,Yorkshire and The Humber,E12000003
NM_30_1,2003,2003,2003,date,0,1,2021654639,Calderdale,E08000033,pre-2009 local authorities: county / unitary,482,45,8,Full Time Workers,8,sex,0,0,1,Weekly pay - gross,1,item,0,0,2,Median,2,item,0,0,20701,Confidence,5.6,A,Normal Value,F,Free (free for publication),Nm-30d1d32048e0d2021654639d8d1d2d20701,549,2290,Yorkshire and The Humber,E12000003
NM_30_1,2003,2003,2003,date,0,1,2021654640,Kirklees,E08000034,pre-2009 local authorities: county / unitary,482,46,8,Full Time Workers,8,sex,0,0,1,Weekly pay - gross,1,item,0,0,2,Median,2,item,0,0,20100,Value,388.3,A,Normal Value,F,Free (free for publication),Nm-30d1d32048e0d2021654640d8d1d2d20100,550,2290,Yorkshire and The Humber,E12000003
NM_30_1,2003,2003,2003,date,0,1,2021654640,Kirklees,E08000034,pre-2009 local authorities: county / unitary,482,46,8,Full Time Workers,8,sex,0,0,1,Weekly pay - gross,1,item,0,0,2,Median,2,item,0,0,20701,Confidence,3.6,A,Normal Value,F,Free (free for publication),Nm-30d1d32048e0d2021654640d8d1d2d20701,551,2290,Yorkshire and The Humber,E12000003
NM_30_1,2003,2003,2003,date,0,1,2021654641,Leeds,E08000035,pre-2009 local authorities: county / unitary,482,47,8,Full Time Workers,8,sex,0,0,1,Weekly pay - gross,1,item,0,0,2,Median,2,item,0,0,20100,Value,386.3,A,Normal Value,F,Free (free for publication),Nm-30d1d32048e0d2021654641d8d1d2d20100,552,2290,Yorkshire and The Humber,E12000003
NM_30_1,2003,2003,2003,date,0,1,2021654641,Leeds,E08000035,pre-2009 local authorities: county / unitary,482,47,8,Full Time Workers,8,sex,0,0,1,Weekly pay - gross,1,item,0,0,2,Median,2,item,0,0,20701,Confidence,2.5,A,Normal Value,F,Free (free for publication),Nm-30d1d32048e0d2021654641d8d1d2d20701,553,2290,Yorkshire and The Humber,E12000003
NM_30_1,2003,2003,2003,date,0,1,2021654642,Wakefield,E08000036,pre-2009 local authorities: county / unitary,482,48,8,Full Time Workers,8,sex,0,0,1,Weekly pay - gross,1,item,0,0,2,Median,2,item,0,0,20100,Value,360.5,A,Normal Value,F,Free (free for publication),Nm-30d1d32048e0d2021654642d8d1d2d20100,554,2290,Yorkshire and The Humber,E12000003
NM_30_1,2003,2003,2003,date,0,1,2021654642,Wakefield,E08000036,pre-2009 local authorities: county / unitary,482,48,8,Full Time Workers,8,sex,0,0,1,Weekly pay - gross,1,item,0,0,2,Median,2,item,0,0,20701,Confidence,3.7,A,Normal Value,F,Free (free for publication),Nm-30d1d32048e0d2021654642d8d1d2d20701,555,2290,Yorkshire and The Humber,E12000003
NM_30_1,2003,2003,2003,date,0,1,2021654620,Derby City,E06000015,pre-2009 local authorities: county / unitary,482,49,8,Full Time Workers,8,sex,0,0,1,Weekly pay - gross,1,item,0,0,2,Median,2,item,0,0,20100,Value,413.2,A,Normal Value,F,Free (free for publication),Nm-30d1d32048e0d2021654620d8d1d2d20100,556,2290,East Midlands,E12000004
NM_30_1,2003,2003,2003,date,0,1,2021654620,Derby City,E06000015,pre-2009 local authorities: county / unitary,482,49,8,Full Time Workers,8,sex,0,0,1,Weekly pay - gross,1,item,0,0,2,Median,2,item,0,0,20701,Confidence,4.2,A,Normal Value,F,Free (free for publication),Nm-30d1d32048e0d2021654620d8d1d2d20701,557,2290,East Midlands,E12000004
NM_30_1,2003,2003,2003,date,0,1,2021654622,Leicester City,E06000016,pre-2009 local authorities: county / unitary,482,50,8,Full Time Workers,8,sex,0,0,1,Weekly pay - gross,1,item,0,0,2,Median,2,item,0,0,20100,Value,329.9,A,Normal Value,F,Free (free for publication),Nm-30d1d32048e0d2021654622d8d1d2d20100,558,2290,East Midlands,E12000004
NM_30_1,2003,2003,2003,date,0,1,2021654622,Leicester City,E06000016,pre-2009 local authorities: county / unitary,482,50,8,Full Time Workers,8,sex,0,0,1,Weekly pay - gross,1,item,0,0,2,Median,2,item,0,0,20701,Confidence,3.5,A,Normal Value,F,Free (free for publication),Nm-30d1d32048e0d2021654622d8d1d2d20701,559,2290,East Midlands,E12000004
NM_30_1,2003,2003,2003,date,0,1,2021654626,Nottingham City,E06000018,pre-2009 local authorities: county / unitary,482,51,8,Full Time Workers,8,sex,0,0,1,Weekly pay - gross,1,item,0,0,2,Median,2,item,0,0,20100,Value,345.5,A,Normal Value,F,Free (free for publication),Nm-30d1d32048e0d2021654626d8d1d2d20100,560,2290,East Midlands,E12000004
NM_30_1,2003,2003,2003,date,0,1,2021654626,Nottingham City,E06000018,pre-2009 local authorities: county / unitary,482,51,8,Full Time Workers,8,sex,0,0,1,Weekly pay - gross,1,item,0,0,2,Median,2,item,0,0,20701,Confidence,4.4,A,Normal Value,F,Free (free for publication),Nm-30d1d32048e0d2021654626d8d1d2d20701,561,2290,East Midlands,E12000004
NM_30_1,2003,2003,2003,date,0,1,2021654628,Rutland,E06000017,pre-2009 local authorities: county / unitary,482,52,8,Full Time Workers,8,sex,0,0,1,Weekly pay - gross,1,item,0,0,2,Median,2,item,0,0,20100,Value,395.1,A,Normal Value,F,Free (free for publication),Nm-30d1d32048e0d2021654628d8d1d2d20100,562,2290,East Midlands,E12000004
NM_30_1,2003,2003,2003,date,0,1,2021654628,Rutland,E06000017,pre-2009 local authorities: county / unitary,482,52,8,Full Time Workers,8,sex,0,0,1,Weekly pay - gross,1,item,0,0,2,Median,2,item,0,0,20701,Confidence,14.0,A,Normal Value,F,Free (free for publication),Nm-30d1d32048e0d2021654628d8d1d2d20701,563,2290,East Midlands,E12000004
NM_30_1,2003,2003,2003,date,0,1,2021654621,Derbyshire,E10000007,pre-2009 local authorities: county / unitary,482,53,8,Full Time Workers,8,sex,0,0,1,Weekly pay - gross,1,item,0,0,2,Median,2,item,0,0,20100,Value,384.0,A,Normal Value,F,Free (free for publication),Nm-30d1d32048e0d2021654621d8d1d2d20100,564,2290,,
NM_30_1,2003,2003,2003,date,0,1,2021654621,Derbyshire,E10000007,pre-2009 local authorities: county / unitary,482,53,8,Full Time Workers,8,sex,0,0,1,Weekly pay - gross,1,item,0,0,2,Median,2,item,0,0,20701,Confidence,2.5,A,Normal Value,F,Free (free for publication),Nm-30d1d32048e0d2021654621d8d1d2d20701,565,2290,,
NM_30_1,2003,2003,2003,date,0,1,2021654623,Leicestershire,E10000018,pre-2009 local authorities: county / unitary,482,54,8,Full Time Workers,8,sex,0,0,1,Weekly pay - gross,1,item,0,0,2,Median,2,item,0,0,20100,Value,398.6,A,Normal Value,F,Free (free for publication),Nm-30d1d32048e0d2021654623d8d1d2d20100,566,2290,,
NM_30_1,2003,2003,2003,date,0,1,2021654623,Leicestershire,E10000018,pre-2009 local authorities: county / unitary,482,54,8,Full Time Workers,8,sex,0,0,1,Weekly pay - gross,1,item,0,0,2,Median,2,item,0,0,20701,Confidence,3.4,A,Normal Value,F,Free (free for publication),Nm-30d1d32048e0d2021654623d8d1d2d20701,567,2290,,
NM_30_1,2003,2003,2003,date,0,1,2021654624,Lincolnshire,E10000019,pre-2009 local authorities: county / unitary,482,55,8,Full Time Workers,8,sex,0,0,1,Weekly pay - gross,1,item,0,0,2,Median,2,item,0,0,20100,Value,370.3,A,Normal Value,F,Free (free for publication),Nm-30d1d32048e0d2021654624d8d1d2d20100,568,2290,,
NM_30_1,2003,2003,2003,date,0,1,2021654624,Lincolnshire,E10000019,pre-2009 local authorities: county / unitary,482,55,8,Full Time Workers,8,sex,0,0,1,Weekly pay - gross,1,item,0,0,2,Median,2,item,0,0,20701,Confidence,3.0,A,Normal Value,F,Free (free for publication),Nm-30d1d32048e0d2021654624d8d1d2d20701,569,2290,,
NM_30_1,2003,2003,2003,date,0,1,2021654625,Northamptonshire,E10000021,pre-2009 local authorities: county / unitary,482,56,8,Full Time Workers,8,sex,0,0,1,Weekly pay - gross,1,item,0,0,2,Median,2,item,0,0,20100,Value,408.9,A,Normal Value,F,Free (free for publication),Nm-30d1d32048e0d2021654625d8d1d2d20100,570,2290,,
NM_30_1,2003,2003,2003,date,0,1,2021654625,Northamptonshire,E10000021,pre-2009 local authorities: county / unitary,482,56,8,Full Time Workers,8,sex,0,0,1,Weekly pay - gross,1,item,0,0,2,Median,2,item,0,0,20701,Confidence,2.3,A,Normal Value,F,Free (free for publication),Nm-30d1d32048e0d2021654625d8d1d2d20701,571,2290,,
NM_30_1,2003,2003,2003,date,0,1,2021654627,Nottinghamshire,E10000024,pre-2009 local authorities: county / unitary,482,57,8,Full Time Workers,8,sex,0,0,1,Weekly pay - gross,1,item,0,0,2,Median,2,item,0,0,20100,Value,395.0,A,Normal Value,F,Free (free for publication),Nm-30d1d32048e0d2021654627d8d1d2d20100,572,2290,,
NM_30_1,2003,2003,2003,date,0,1,2021654627,Nottinghamshire,E10000024,pre-2009 local authorities: county / unitary,482,57,8,Full Time Workers,8,sex,0,0,1,Weekly pay - gross,1,item,0,0,2,Median,2,item,0,0,20701,Confidence,2.5,A,Normal Value,F,Free (free for publication),Nm-30d1d32048e0d2021654627d8d1d2d20701,573,2290,,
NM_30_1,2003,2003,2003,date,0,1,2021654606,"Herefordshire, County of",E06000019,pre-2009 local authorities: county / unitary,482,58,8,Full Time Workers,8,sex,0,0,1,Weekly pay - gross,1,item,0,0,2,Median,2,item,0,0,20100,Value,352.3,A,Normal Value,F,Free (free for publication),Nm-30d1d32048e0d2021654606d8d1d2d20100,574,2290,West Midlands,E12000005
NM_30_1,2003,2003,2003,date,0,1,2021654606,"Herefordshire, County of",E06000019,pre-2009 local authorities: county / unitary,482,58,8,Full Time Workers,8,sex,0,0,1,Weekly pay - gross,1,item,0,0,2,Median,2,item,0,0,20701,Confidence,6.5,A,Normal Value,F,Free (free for publication),Nm-30d1d32048e0d2021654606d8d1d2d20701,575,2290,West Midlands,E12000005
NM_30_1,2003,2003,2003,date,0,1,2021654609,Stoke on Trent,E06000021,pre-2009 local authorities: county / unitary,482,59,8,Full Time Workers,8,sex,0,0,1,Weekly pay - gross,1,item,0,0,2,Median,2,item,0,0,20100,Value,319.3,A,Normal Value,F,Free (free for publication),Nm-30d1d32048e0d2021654609d8d1d2d20100,576,2290,West Midlands,E12000005
NM_30_1,2003,2003,2003,date,0,1,2021654609,Stoke on Trent,E06000021,pre-2009 local authorities: county / unitary,482,59,8,Full Time Workers,8,sex,0,0,1,Weekly pay - gross,1,item,0,0,2,Median,2,item,0,0,20701,Confidence,3.8,A,Normal Value,F,Free (free for publication),Nm-30d1d32048e0d2021654609d8d1d2d20701,577,2290,West Midlands,E12000005
NM_30_1,2003,2003,2003,date,0,1,2021654610,Telford and Wrekin,E06000020,pre-2009 local authorities: county / unitary,482,60,8,Full Time Workers,8,sex,0,0,1,Weekly pay - gross,1,item,0,0,2,Median,2,item,0,0,20100,Value,363.0,A,Normal Value,F,Free (free for publication),Nm-30d1d32048e0d2021654610d8d1d2d20100,578,2290,West Midlands,E12000005
NM_30_1,2003,2003,2003,date,0,1,2021654610,Telford and Wrekin,E06000020,pre-2009 local authorities: county / unitary,482,60,8,Full Time Workers,8,sex,0,0,1,Weekly pay - gross,1,item,0,0,2,Median,2,item,0,0,20701,Confidence,4.8,A,Normal Value,F,Free (free for publication),Nm-30d1d32048e0d2021654610d8d1d2d20701,579,2290,West Midlands,E12000005
NM_30_1,2003,2003,2003,date,0,1,2021654607,Shropshire,E10000026,pre-2009 local authorities: county / unitary,482,61,8,Full Time Workers,8,sex,0,0,1,Weekly pay - gross,1,item,0,0,2,Median,2,item,0,0,20100,Value,383.6,A,Normal Value,F,Free (free for publication),Nm-30d1d32048e0d2021654607d8d1d2d20100,580,2290,,
NM_30_1,2003,2003,2003,date,0,1,2021654607,Shropshire,E10000026,pre-2009 local authorities: county / unitary,482,61,8,Full Time Workers,8,sex,0,0,1,Weekly pay - gross,1,item,0,0,2,Median,2,item,0,0,20701,Confidence,4.6,A,Normal Value,F,Free (free for publication),Nm-30d1d32048e0d2021654607d8d1d2d20701,581,2290,,
NM_30_1,2003,2003,2003,date,0,1,2021654608,Staffordshire,E10000028,pre-2009 local authorities: county / unitary,482,62,8,Full Time Workers,8,sex,0,0,1,Weekly pay - gross,1,item,0,0,2,Median,2,item,0,0,20100,Value,388.5,A,Normal Value,F,Free (free for publication),Nm-30d1d32048e0d2021654608d8d1d2d20100,582,2290,,
NM_30_1,2003,2003,2003,date,0,1,2021654608,Staffordshire,E10000028,pre-2009 local authorities: county / unitary,482,62,8,Full Time Workers,8,sex,0,0,1,Weekly pay - gross,1,item,0,0,2,Median,2,item,0,0,20701,Confidence,2.5,A,Normal Value,F,Free (free for publication),Nm-30d1d32048e0d2021654608d8d1d2d20701,583,2290,,
NM_30_1,2003,2003,2003,date,0,1,2021654611,Warwickshire,E10000031,pre-2009 local authorities: county / unitary,482,63,8,Full Time Workers,8,sex,0,0,1,Weekly pay - gross,1,item,0,0,2,Median,2,item,0,0,20100,Value,421.1,A,Normal Value,F,Free (free for publication),Nm-30d1d32048e0d2021654611d8d1d2d20100,584,2290,,
NM_30_1,2003,2003,2003,date,0,1,2021654611,Warwickshire,E10000031,pre-2009 local authorities: county / unitary,482,63,8,Full Time Workers,8,sex,0,0,1,Weekly pay - gross,1,item,0,0,2,Median,2,item,0,0,20701,Confidence,2.7,A,Normal Value,F,Free (free for publication),Nm-30d1d32048e0d2021654611d8d1d2d20701,585,2290,,
NM_30_1,2003,2003,2003,date,0,1,2021654612,Birmingham,E08000025,pre-2009 local authorities: county / unitary,482,64,8,Full Time Workers,8,sex,0,0,1,Weekly pay - gross,1,item,0,0,2,Median,2,item,0,0,20100,Value,377.0,A,Normal Value,F,Free (free for publication),Nm-30d1d32048e0d2021654612d8d1d2d20100,586,2290,West Midlands,E12000005
NM_30_1,2003,2003,2003,date,0,1,2021654612,Birmingham,E08000025,pre-2009 local authorities: county / unitary,482,64,8,Full Time Workers,8,sex,0,0,1,Weekly pay - gross,1,item,0,0,2,Median,2,item,0,0,20701,Confidence,2.3,A,Normal Value,F,Free (free for publication),Nm-30d1d32048e0d2021654612d8d1d2d20701,587,2290,West Midlands,E12000005
NM_30_1,2003,2003,2003,date,0,1,2021654613,Coventry,E08000026,pre-2009 local authorities: county / unitary,482,65,8,Full Time Workers,8,sex,0,0,1,Weekly pay - gross,1,item,0,0,2,Median,2,item,0,0,20100,Value,383.8,A,Normal Value,F,Free (free for publication),Nm-30d1d32048e0d2021654613d8d1d2d20100,588,2290,West Midlands,E12000005
NM_30_1,2003,2003,2003,date,0,1,2021654613,Coventry,E08000026,pre-2009 local authorities: county / unitary,482,65,8,Full Time Workers,8,sex,0,0,1,Weekly pay - gross,1,item,0,0,2,Median,2,item,0,0,20701,Confidence,3.4,A,Normal Value,F,Free (free for publication),Nm-30d1d32048e0d2021654613d8d1d2d20701,589,2290,West Midlands,E12000005
NM_30_1,2003,2003,2003,date,0,1,2021654614,Dudley,E08000027,pre-2009 local authorities: county / unitary,482,66,8,Full Time Workers,8,sex,0,0,1,Weekly pay - gross,1,item,0,0,2,Median,2,item,0,0,20100,Value,355.0,A,Normal Value,F,Free (free for publication),Nm-30d1d32048e0d2021654614d8d1d2d20100,590,2290,West Midlands,E12000005
NM_30_1,2003,2003,2003,date,0,1,2021654614,Dudley,E08000027,pre-2009 local authorities: county / unitary,482,66,8,Full Time Workers,8,sex,0,0,1,Weekly pay - gross,1,item,0,0,2,Median,2,item,0,0,20701,Confidence,3.6,A,Normal Value,F,Free (free for publication),Nm-30d1d32048e0d2021654614d8d1d2d20701,591,2290,West Midlands,E12000005
NM_30_1,2003,2003,2003,date,0,1,2021654615,Sandwell,E08000028,pre-2009 local authorities: county / unitary,482,67,8,Full Time Workers,8,sex,0,0,1,Weekly pay - gross,1,item,0,0,2,Median,2,item,0,0,20100,Value,345.8,A,Normal Value,F,Free (free for publication),Nm-30d1d32048e0d2021654615d8d1d2d20100,592,2290,West Midlands,E12000005
NM_30_1,2003,2003,2003,date,0,1,2021654615,Sandwell,E08000028,pre-2009 local authorities: county / unitary,482,67,8,Full Time Workers,8,sex,0,0,1,Weekly pay - gross,1,item,0,0,2,Median,2,item,0,0,20701,Confidence,3.8,A,Normal Value,F,Free (free for publication),Nm-30d1d32048e0d2021654615d8d1d2d20701,593,2290,West Midlands,E12000005
NM_30_1,2003,2003,2003,date,0,1,2021654616,Solihull,E08000029,pre-2009 local authorities: county / unitary,482,68,8,Full Time Workers,8,sex,0,0,1,Weekly pay - gross,1,item,0,0,2,Median,2,item,0,0,20100,Value,439.9,A,Normal Value,F,Free (free for publication),Nm-30d1d32048e0d2021654616d8d1d2d20100,594,2290,West Midlands,E12000005
NM_30_1,2003,2003,2003,date,0,1,2021654616,Solihull,E08000029,pre-2009 local authorities: county / unitary,482,68,8,Full Time Workers,8,sex,0,0,1,Weekly pay - gross,1,item,0,0,2,Median,2,item,0,0,20701,Confidence,4.7,A,Normal Value,F,Free (free for publication),Nm-30d1d32048e0d2021654616d8d1d2d20701,595,2290,West Midlands,E12000005
NM_30_1,2003,2003,2003,date,0,1,2021654617,Walsall,E08000030,pre-2009 local authorities: county / unitary,482,69,8,Full Time Workers,8,sex,0,0,1,Weekly pay - gross,1,item,0,0,2,Median,2,item,0,0,20100,Value,349.4,A,Normal Value,F,Free (free for publication),Nm-30d1d32048e0d2021654617d8d1d2d20100,596,2290,West Midlands,E12000005
NM_30_1,2003,2003,2003,date,0,1,2021654617,Walsall,E08000030,pre-2009 local authorities: county / unitary,482,69,8,Full Time Workers,8,sex,0,0,1,Weekly pay - gross,1,item,0,0,2,Median,2,item,0,0,20701,Confidence,4.0,A,Normal Value,F,Free (free for publication),Nm-30d1d32048e0d2021654617d8d1d2d20701,597,2290,West Midlands,E12000005
NM_30_1,2003,2003,2003,date,0,1,2021654618,Wolverhampton,E08000031,pre-2009 local authorities: county / unitary,482,70,8,Full Time Workers,8,sex,0,0,1,Weekly pay - gross,1,item,0,0,2,Median,2,item,0,0,20100,Value,345.2,A,Normal Value,F,Free (free for publication),Nm-30d1d32048e0d2021654618d8d1d2d20100,598,2290,West Midlands,E12000005
NM_30_1,2003,2003,2003,date,0,1,2021654618,Wolverhampton,E08000031,pre-2009 local authorities: county / unitary,482,70,8,Full Time Workers,8,sex,0,0,1,Weekly pay - gross,1,item,0,0,2,Median,2,item,0,0,20701,Confidence,4.5,A,Normal Value,F,Free (free for publication),Nm-30d1d32048e0d2021654618d8d1d2d20701,599,2290,West Midlands,E12000005
NM_30_1,2003,2003,2003,date,0,1,2021654619,Worcestershire,E10000034,pre-2009 local authorities: county / unitary,482,71,8,Full Time Workers,8,sex,0,0,1,Weekly pay - gross,1,item,0,0,2,Median,2,item,0,0,20100,Value,401.6,A,Normal Value,F,Free (free for publication),Nm-30d1d32048e0d2021654619d8d1d2d20100,600,2290,,
NM_30_1,2003,2003,2003,date,0,1,2021654619,Worcestershire,E10000034,pre-2009 local authorities: county / unitary,482,71,8,Full Time Workers,8,sex,0,0,1,Weekly pay - gross,1,item,0,0,2,Median,2,item,0,0,20701,Confidence,3.3,A,Normal Value,F,Free (free for publication),Nm-30d1d32048e0d2021654619d8d1d2d20701,601,2290,,
NM_30_1,2003,2003,2003,date,0,1,2021654552,Luton,E06000032,pre-2009 local authorities: county / unitary,482,72,8,Full Time Workers,8,sex,0,0,1,Weekly pay - gross,1,item,0,0,2,Median,2,item,0,0,20100,Value,408.8,A,Normal Value,F,Free (free for publication),Nm-30d1d32048e0d2021654552d8d1d2d20100,602,2290,East,E12000006
NM_30_1,2003,2003,2003,date,0,1,2021654552,Luton,E06000032,pre-2009 local authorities: county / unitary,482,72,8,Full Time Workers,8,sex,0,0,1,Weekly pay - gross,1,item,0,0,2,Median,2,item,0,0,20701,Confidence,5.1,A,Normal Value,F,Free (free for publication),Nm-30d1d32048e0d2021654552d8d1d2d20701,603,2290,East,E12000006
NM_30_1,2003,2003,2003,date,0,1,2021654554,Peterborough,E06000031,pre-2009 local authorities: county / unitary,482,73,8,Full Time Workers,8,sex,0,0,1,Weekly pay - gross,1,item,0,0,2,Median,2,item,0,0,20100,Value,370.8,A,Normal Value,F,Free (free for publication),Nm-30d1d32048e0d2021654554d8d1d2d20100,604,2290,East,E12000006
NM_30_1,2003,2003,2003,date,0,1,2021654554,Peterborough,E06000031,pre-2009 local authorities: county / unitary,482,73,8,Full Time Workers,8,sex,0,0,1,Weekly pay - gross,1,item,0,0,2,Median,2,item,0,0,20701,Confidence,5.7,A,Normal Value,F,Free (free for publication),Nm-30d1d32048e0d2021654554d8d1d2d20701,605,2290,East,E12000006
NM_30_1,2003,2003,2003,date,0,1,2021654555,Southend-on-sea,E06000033,pre-2009 local authorities: county / unitary,482,74,8,Full Time Workers,8,sex,0,0,1,Weekly pay - gross,1,item,0,0,2,Median,2,item,0,0,20100,Value,404.2,A,Normal Value,F,Free (free for publication),Nm-30d1d32048e0d2021654555d8d1d2d20100,606,2290,East,E12000006
NM_30_1,2003,2003,2003,date,0,1,2021654555,Southend-on-sea,E06000033,pre-2009 local authorities: county / unitary,482,74,8,Full Time Workers,8,sex,0,0,1,Weekly pay - gross,1,item,0,0,2,Median,2,item,0,0,20701,Confidence,5.5,A,Normal Value,F,Free (free for publication),Nm-30d1d32048e0d2021654555d8d1d2d20701,607,2290,East,E12000006
NM_30_1,2003,2003,2003,date,0,1,2021654557,Thurrock,E06000034,pre-2009 local authorities: county / unitary,482,75,8,Full Time Workers,8,sex,0,0,1,Weekly pay - gross,1,item,0,0,2,Median,2,item,0,0,20100,Value,423.2,A,Normal Value,F,Free (free for publication),Nm-30d1d32048e0d2021654557d8d1d2d20100,608,2290,East,E12000006
NM_30_1,2003,2003,2003,date,0,1,2021654557,Thurrock,E06000034,pre-2009 local authorities: county / unitary,482,75,8,Full Time Workers,8,sex,0,0,1,Weekly pay - gross,1,item,0,0,2,Median,2,item,0,0,20701,Confidence,5.7,A,Normal Value,F,Free (free for publication),Nm-30d1d32048e0d2021654557d8d1d2d20701,609,2290,East,E12000006
NM_30_1,2003,2003,2003,date,0,1,2021654548,Bedfordshire,E10000001,pre-2009 local authorities: county / unitary,482,76,8,Full Time Workers,8,sex,0,0,1,Weekly pay - gross,1,item,0,0,2,Median,2,item,0,0,20100,Value,454.6,A,Normal Value,F,Free (free for publication),Nm-30d1d32048e0d2021654548d8d1d2d20100,610,2290,,
NM_30_1,2003,2003,2003,date,0,1,2021654548,Bedfordshire,E10000001,pre-2009 local authorities: county / unitary,482,76,8,Full Time Workers,8,sex,0,0,1,Weekly pay - gross,1,item,0,0,2,Median,2,item,0,0,20701,Confidence,3.3,A,Normal Value,F,Free (free for publication),Nm-30d1d32048e0d2021654548d8d1d2d20701,611,2290,,
NM_30_1,2003,2003,2003,date,0,1,2021654549,Cambridgeshire,E10000003,pre-2009 local authorities: county / unitary,482,77,8,Full Time Workers,8,sex,0,0,1,Weekly pay - gross,1,item,0,0,2,Median,2,item,0,0,20100,Value,430.8,A,Normal Value,F,Free (free for publication),Nm-30d1d32048e0d2021654549d8d1d2d20100,612,2290,,
NM_30_1,2003,2003,2003,date,0,1,2021654549,Cambridgeshire,E10000003,pre-2009 local authorities: county / unitary,482,77,8,Full Time Workers,8,sex,0,0,1,Weekly pay - gross,1,item,0,0,2,Median,2,item,0,0,20701,Confidence,2.7,A,Normal Value,F,Free (free for publication),Nm-30d1d32048e0d2021654549d8d1d2d20701,613,2290,,
NM_30_1,2003,2003,2003,date,0,1,2021654550,Essex,E10000012,pre-2009 local authorities: county / unitary,482,78,8,Full Time Workers,8,sex,0,0,1,Weekly pay - gross,1,item,0,0,2,Median,2,item,0,0,20100,Value,463.6,A,Normal Value,F,Free (free for publication),Nm-30d1d32048e0d2021654550d8d1d2d20100,614,2290,,
NM_30_1,2003,2003,2003,date,0,1,2021654550,Essex,E10000012,pre-2009 local authorities: county / unitary,482,78,8,Full Time Workers,8,sex,0,0,1,Weekly pay - gross,1,item,0,0,2,Median,2,item,0,0,20701,Confidence,2.3,A,Normal Value,F,Free (free for publication),Nm-30d1d32048e0d2021654550d8d1d2d20701,615,2290,,
NM_30_1,2003,2003,2003,date,0,1,2021654551,Hertfordshire,E10000015,pre-2009 local authorities: county / unitary,482,79,8,Full Time Workers,8,sex,0,0,1,Weekly pay - gross,1,item,0,0,2,Median,2,item,0,0,20100,Value,492.5,A,Normal Value,F,Free (free for publication),Nm-30d1d32048e0d2021654551d8d1d2d20100,616,2290,,
NM_30_1,2003,2003,2003,date,0,1,2021654551,Hertfordshire,E10000015,pre-2009 local authorities: county / unitary,482,79,8,Full Time Workers,8,sex,0,0,1,Weekly pay - gross,1,item,0,0,2,Median,2,item,0,0,20701,Confidence,2.4,A,Normal Value,F,Free (free for publication),Nm-30d1d32048e0d2021654551d8d1d2d20701,617,2290,,
NM_30_1,2003,2003,2003,date,0,1,2021654553,Norfolk,E10000020,pre-2009 local authorities: county / unitary,482,80,8,Full Time Workers,8,sex,0,0,1,Weekly pay - gross,1,item,0,0,2,Median,2,item,0,0,20100,Value,370.7,A,Normal Value,F,Free (free for publication),Nm-30d1d32048e0d2021654553d8d1d2d20100,618,2290,,
NM_30_1,2003,2003,2003,date,0,1,2021654553,Norfolk,E10000020,pre-2009 local authorities: county / unitary,482,80,8,Full Time Workers,8,sex,0,0,1,Weekly pay - gross,1,item,0,0,2,Median,2,item,0,0,20701,Confidence,2.1,A,Normal Value,F,Free (free for publication),Nm-30d1d32048e0d2021654553d8d1d2d20701,619,2290,,
NM_30_1,2003,2003,2003,date,0,1,2021654556,Suffolk,E10000029,pre-2009 local authorities: county / unitary,482,81,8,Full Time Workers,8,sex,0,0,1,Weekly pay - gross,1,item,0,0,2,Median,2,item,0,0,20100,Value,381.4,A,Normal Value,F,Free (free for publication),Nm-30d1d32048e0d2021654556d8d1d2d20100,620,2290,,
NM_30_1,2003,2003,2003,date,0,1,2021654556,Suffolk,E10000029,pre-2009 local authorities: county / unitary,482,81,8,Full Time Workers,8,sex,0,0,1,Weekly pay - gross,1,item,0,0,2,Median,2,item,0,0,20701,Confidence,2.7,A,Normal Value,F,Free (free for publication),Nm-30d1d32048e0d2021654556d8d1d2d20701,621,2290,,
NM_30_1,2003,2003,2003,date,0,1,2021654558,Camden,E09000007,pre-2009 local authorities: county / unitary,482,82,8,Full Time Workers,8,sex,0,0,1,Weekly pay - gross,1,item,0,0,2,Median,2,item,0,0,20100,Value,538.8,A,Normal Value,F,Free (free for publication),Nm-30d1d32048e0d2021654558d8d1d2d20100,622,2290,London,E12000007
NM_30_1,2003,2003,2003,date,0,1,2021654558,Camden,E09000007,pre-2009 local authorities: county / unitary,482,82,8,Full Time Workers,8,sex,0,0,1,Weekly pay - gross,1,item,0,0,2,Median,2,item,0,0,20701,Confidence,6.5,A,Normal Value,F,Free (free for publication),Nm-30d1d32048e0d2021654558d8d1d2d20701,623,2290,London,E12000007
NM_30_1,2003,2003,2003,date,0,1,2021654559,City of London,E09000001,pre-2009 local authorities: county / unitary,482,83,8,Full Time Workers,8,sex,0,0,1,Weekly pay - gross,1,item,0,0,2,Median,2,item,0,0,20100,Value,,B,These figures are suppressed as statistically unreliable,F,Free (free for publication),Nm-30d1d32048e0d2021654559d8d1d2d20100,624,2290,London,E12000007
NM_30_1,2003,2003,2003,date,0,1,2021654559,City of London,E09000001,pre-2009 local authorities: county / unitary,482,83,8,Full Time Workers,8,sex,0,0,1,Weekly pay - gross,1,item,0,0,2,Median,2,item,0,0,20701,Confidence,,B,These figures are suppressed as statistically unreliable,F,Free (free for publication),Nm-30d1d32048e0d2021654559d8d1d2d20701,625,2290,London,E12000007
NM_30_1,2003,2003,2003,date,0,1,2021654560,Hackney,E09000012,pre-2009 local authorities: county / unitary,482,84,8,Full Time Workers,8,sex,0,0,1,Weekly pay - gross,1,item,0,0,2,Median,2,item,0,0,20100,Value,460.7,A,Normal Value,F,Free (free for publication),Nm-30d1d32048e0d2021654560d8d1d2d20100,626,2290,London,E12000007
NM_30_1,2003,2003,2003,date,0,1,2021654560,Hackney,E09000012,pre-2009 local authorities: county / unitary,482,84,8,Full Time Workers,8,sex,0,0,1,Weekly pay - gross,1,item,0,0,2,Median,2,item,0,0,20701,Confidence,5.1,A,Normal Value,F,Free (free for publication),Nm-30d1d32048e0d2021654560d8d1d2d20701,627,2290,London,E12000007
NM_30_1,2003,2003,2003,date,0,1,2021654561,Hammersmith and Fulham,E09000013,pre-2009 local authorities: county / unitary,482,85,8,Full Time Workers,8,sex,0,0,1,Weekly pay - gross,1,item,0,0,2,Median,2,item,0,0,20100,Value,541.8,A,Normal Value,F,Free (free for publication),Nm-30d1d32048e0d2021654561d8d1d2d20100,628,2290,London,E12000007
NM_30_1,2003,2003,2003,date,0,1,2021654561,Hammersmith and Fulham,E09000013,pre-2009 local authorities: county / unitary,482,85,8,Full Time Workers,8,sex,0,0,1,Weekly pay - gross,1,item,0,0,2,Median,2,item,0,0,20701,Confidence,4.8,A,Normal Value,F,Free (free for publication),Nm-30d1d32048e0d2021654561d8d1d2d20701,629,2290,London,E12000007
NM_30_1,2003,2003,2003,date,0,1,2021654562,Haringey,E09000014,pre-2009 local authorities: county / unitary,482,86,8,Full Time Workers,8,sex,0,0,1,Weekly pay - gross,1,item,0,0,2,Median,2,item,0,0,20100,Value,484.1,A,Normal Value,F,Free (free for publication),Nm-30d1d32048e0d2021654562d8d1d2d20100,630,2290,London,E12000007
NM_30_1,2003,2003,2003,date,0,1,2021654562,Haringey,E09000014,pre-2009 local authorities: county / unitary,482,86,8,Full Time Workers,8,sex,0,0,1,Weekly pay - gross,1,item,0,0,2,Median,2,item,0,0,20701,Confidence,4.2,A,Normal Value,F,Free (free for publication),Nm-30d1d32048e0d2021654562d8d1d2d20701,631,2290,London,E12000007
NM_30_1,2003,2003,2003,date,0,1,2021654563,Islington,E09000019,pre-2009 local authorities: county / unitary,482,87,8,Full Time Workers,8,sex,0,0,1,Weekly pay - gross,1,item,0,0,2,Median,2,item,0,0,20100,Value,539.2,A,Normal Value,F,Free (free for publication),Nm-30d1d32048e0d2021654563d8d1d2d20100,632,2290,London,E12000007
NM_30_1,2003,2003,2003,date,0,1,2021654563,Islington,E09000019,pre-2009 local authorities: county / unitary,482,87,8,Full Time Workers,8,sex,0,0,1,Weekly pay - gross,1,item,0,0,2,Median,2,item,0,0,20701,Confidence,5.0,A,Normal Value,F,Free (free for publication),Nm-30d1d32048e0d2021654563d8d1d2d20701,633,2290,London,E12000007
NM_30_1,2003,2003,2003,date,0,1,2021654564,Kensington and Chelsea,E09000020,pre-2009 local authorities: county / unitary,482,88,8,Full Time Workers,8,sex,0,0,1,Weekly pay - gross,1,item,0,0,2,Median,2,item,0,0,20100,Value,710.6,A,Normal Value,F,Free (free for publication),Nm-30d1d32048e0d2021654564d8d1d2d20100,634,2290,London,E12000007
NM_30_1,2003,2003,2003,date,0,1,2021654564,Kensington and Chelsea,E09000020,pre-2009 local authorities: county / unitary,482,88,8,Full Time Workers,8,sex,0,0,1,Weekly pay - gross,1,item,0,0,2,Median,2,item,0,0,20701,Confidence,13.0,A,Normal Value,F,Free (free for publication),Nm-30d1d32048e0d2021654564d8d1d2d20701,635,2290,London,E12000007
NM_30_1,2003,2003,2003,date,0,1,2021654565,Lambeth,E09000022,pre-2009 local authorities: county / unitary,482,89,8,Full Time Workers,8,sex,0,0,1,Weekly pay - gross,1,item,0,0,2,Median,2,item,0,0,20100,Value,493.9,A,Normal Value,F,Free (free for publication),Nm-30d1d32048e0d2021654565d8d1d2d20100,636,2290,London,E12000007
NM_30_1,2003,2003,2003,date,0,1,2021654565,Lambeth,E09000022,pre-2009 local authorities: county / unitary,482,89,8,Full Time Workers,8,sex,0,0,1,Weekly pay - gross,1,item,0,0,2,Median,2,item,0,0,20701,Confidence,4.8,A,Normal Value,F,Free (free for publication),Nm-30d1d32048e0d2021654565d8d1d2d20701,637,2290,London,E12000007
NM_30_1,2003,2003,2003,date,0,1,2021654566,Lewisham,E09000023,pre-2009 local authorities: county / unitary,482,90,8,Full Time Workers,8,sex,0,0,1,Weekly pay - gross,1,item,0,0,2,Median,2,item,0,0,20100,Value,492.1,A,Normal Value,F,Free (free for publication),Nm-30d1d32048e0d2021654566d8d1d2d20100,638,2290,London,E12000007
NM_30_1,2003,2003,2003,date,0,1,2021654566,Lewisham,E09000023,pre-2009 local authorities: county / unitary,482,90,8,Full Time Workers,8,sex,0,0,1,Weekly pay - gross,1,item,0,0,2,Median,2,item,0,0,20701,Confidence,4.2,A,Normal Value,F,Free (free for publication),Nm-30d1d32048e0d2021654566d8d1d2d20701,639,2290,London,E12000007
NM_30_1,2003,2003,2003,date,0,1,2021654567,Newham,E09000025,pre-2009 local authorities: county / unitary,482,91,8,Full Time Workers,8,sex,0,0,1,Weekly pay - gross,1,item,0,0,2,Median,2,item,0,0,20100,Value,380.7,A,Normal Value,F,Free (free for publication),Nm-30d1d32048e0d2021654567d8d1d2d20100,640,2290,London,E12000007
NM_30_1,2003,2003,2003,date,0,1,2021654567,Newham,E09000025,pre-2009 local authorities: county / unitary,482,91,8,Full Time Workers,8,sex,0,0,1,Weekly pay - gross,1,item,0,0,2,Median,2,item,0,0,20701,Confidence,5.0,A,Normal Value,F,Free (free for publication),Nm-30d1d32048e0d2021654567d8d1d2d20701,641,2290,London,E12000007
NM_30_1,2003,2003,2003,date,0,1,2021654568,Southwark,E09000028,pre-2009 local authorities: county / unitary,482,92,8,Full Time Workers,8,sex,0,0,1,Weekly pay - gross,1,item,0,0,2,Median,2,item,0,0,20100,Value,489.9,A,Normal Value,F,Free (free for publication),Nm-30d1d32048e0d2021654568d8d1d2d20100,642,2290,London,E12000007
NM_30_1,2003,2003,2003,date,0,1,2021654568,Southwark,E09000028,pre-2009 local authorities: county / unitary,482,92,8,Full Time Workers,8,sex,0,0,1,Weekly pay - gross,1,item,0,0,2,Median,2,item,0,0,20701,Confidence,4.0,A,Normal Value,F,Free (free for publication),Nm-30d1d32048e0d2021654568d8d1d2d20701,643,2290,London,E12000007
NM_30_1,2003,2003,2003,date,0,1,2021654569,Tower Hamlets,E09000030,pre-2009 local authorities: county / unitary,482,93,8,Full Time Workers,8,sex,0,0,1,Weekly pay - gross,1,item,0,0,2,Median,2,item,0,0,20100,Value,500.1,A,Normal Value,F,Free (free for publication),Nm-30d1d32048e0d2021654569d8d1d2d20100,644,2290,London,E12000007
NM_30_1,2003,2003,2003,date,0,1,2021654569,Tower Hamlets,E09000030,pre-2009 local authorities: county / unitary,482,93,8,Full Time Workers,8,sex,0,0,1,Weekly pay - gross,1,item,0,0,2,Median,2,item,0,0,20701,Confidence,4.3,A,Normal Value,F,Free (free for publication),Nm-30d1d32048e0d2021654569d8d1d2d20701,645,2290,London,E12000007
NM_30_1,2003,2003,2003,date,0,1,2021654570,Wandsworth,E09000032,pre-2009 local authorities: county / unitary,482,94,8,Full Time Workers,8,sex,0,0,1,Weekly pay - gross,1,item,0,0,2,Median,2,item,0,0,20100,Value,553.6,A,Normal Value,F,Free (free for publication),Nm-30d1d32048e0d2021654570d8d1d2d20100,646,2290,London,E12000007
NM_30_1,2003,2003,2003,date,0,1,2021654570,Wandsworth,E09000032,pre-2009 local authorities: county / unitary,482,94,8,Full Time Workers,8,sex,0,0,1,Weekly pay - gross,1,item,0,0,2,Median,2,item,0,0,20701,Confidence,4.1,A,Normal Value,F,Free (free for publication),Nm-30d1d32048e0d2021654570d8d1d2d20701,647,2290,London,E12000007
NM_30_1,2003,2003,2003,date,0,1,2021654571,"Westminster, City of",E09000033,pre-2009 local authorities: county / unitary,482,95,8,Full Time Workers,8,sex,0,0,1,Weekly pay - gross,1,item,0,0,2,Median,2,item,0,0,20100,Value,555.2,A,Normal Value,F,Free (free for publication),Nm-30d1d32048e0d2021654571d8d1d2d20100,648,2290,London,E12000007
NM_30_1,2003,2003,2003,date,0,1,2021654571,"Westminster, City of",E09000033,pre-2009 local authorities: county / unitary,482,95,8,Full Time Workers,8,sex,0,0,1,Weekly pay - gross,1,item,0,0,2,Median,2,item,0,0,20701,Confidence,6.2,A,Normal Value,F,Free (free for publication),Nm-30d1d32048e0d2021654571d8d1d2d20701,649,2290,London,E12000007
NM_30_1,2003,2003,2003,date,0,1,2021654572,Barking and Dagenham,E09000002,pre-2009 local authorities: county / unitary,482,96,8,Full Time Workers,8,sex,0,0,1,Weekly pay - gross,1,item,0,0,2,Median,2,item,0,0,20100,Value,404.3,A,Normal Value,F,Free (free for publication),Nm-30d1d32048e0d2021654572d8d1d2d20100,650,2290,London,E12000007
NM_30_1,2003,2003,2003,date,0,1,2021654572,Barking and Dagenham,E09000002,pre-2009 local authorities: county / unitary,482,96,8,Full Time Workers,8,sex,0,0,1,Weekly pay - gross,1,item,0,0,2,Median,2,item,0,0,20701,Confidence,4.7,A,Normal Value,F,Free (free for publication),Nm-30d1d32048e0d2021654572d8d1d2d20701,651,2290,London,E12000007
NM_30_1,2003,2003,2003,date,0,1,2021654573,Barnet,E09000003,pre-2009 local authorities: county / unitary,482,97,8,Full Time Workers,8,sex,0,0,1,Weekly pay - gross,1,item,0,0,2,Median,2,item,0,0,20100,Value,529.5,A,Normal Value,F,Free (free for publication),Nm-30d1d32048e0d2021654573d8d1d2d20100,652,2290,London,E12000007
NM_30_1,2003,2003,2003,date,0,1,2021654573,Barnet,E09000003,pre-2009 local authorities: county / unitary,482,97,8,Full Time Workers,8,sex,0,0,1,Weekly pay - gross,1,item,0,0,2,Median,2,item,0,0,20701,Confidence,5.0,A,Normal Value,F,Free (free for publication),Nm-30d1d32048e0d2021654573d8d1d2d20701,653,2290,London,E12000007
NM_30_1,2003,2003,2003,date,0,1,2021654574,Bexley,E09000004,pre-2009 local authorities: county / unitary,482,98,8,Full Time Workers,8,sex,0,0,1,Weekly pay - gross,1,item,0,0,2,Median,2,item,0,0,20100,Value,494.1,A,Normal Value,F,Free (free for publication),Nm-30d1d32048e0d2021654574d8d1d2d20100,654,2290,London,E12000007
NM_30_1,2003,2003,2003,date,0,1,2021654574,Bexley,E09000004,pre-2009 local authorities: county / unitary,482,98,8,Full Time Workers,8,sex,0,0,1,Weekly pay - gross,1,item,0,0,2,Median,2,item,0,0,20701,Confidence,4.0,A,Normal Value,F,Free (free for publication),Nm-30d1d32048e0d2021654574d8d1d2d20701,655,2290,London,E12000007
NM_30_1,2003,2003,2003,date,0,1,2021654575,Brent,E09000005,pre-2009 local authorities: county / unitary,482,99,8,Full Time Workers,8,sex,0,0,1,Weekly pay - gross,1,item,0,0,2,Median,2,item,0,0,20100,Value,421.0,A,Normal Value,F,Free (free for publication),Nm-30d1d32048e0d2021654575d8d1d2d20100,656,2290,London,E12000007
NM_30_1,2003,2003,2003,date,0,1,2021654575,Brent,E09000005,pre-2009 local authorities: county / unitary,482,99,8,Full Time Workers,8,sex,0,0,1,Weekly pay - gross,1,item,0,0,2,Median,2,item,0,0,20701,Confidence,4.4,A,Normal Value,F,Free (free for publication),Nm-30d1d32048e0d2021654575d8d1d2d20701,657,2290,London,E12000007
NM_30_1,2003,2003,2003,date,0,1,2021654576,Bromley,E09000006,pre-2009 local authorities: county / unitary,482,100,8,Full Time Workers,8,sex,0,0,1,Weekly pay - gross,1,item,0,0,2,Median,2,item,0,0,20100,Value,537.4,A,Normal Value,F,Free (free for publication),Nm-30d1d32048e0d2021654576d8d1d2d20100,658,2290,London,E12000007
NM_30_1,2003,2003,2003,date,0,1,2021654576,Bromley,E09000006,pre-2009 local authorities: county / unitary,482,100,8,Full Time Workers,8,sex,0,0,1,Weekly pay - gross,1,item,0,0,2,Median,2,item,0,0,20701,Confidence,4.5,A,Normal Value,F,Free (free for publication),Nm-30d1d32048e0d2021654576d8d1d2d20701,659,2290,London,E12000007
NM_30_1,2003,2003,2003,date,0,1,2021654577,Croydon,E09000008,pre-2009 local authorities: county / unitary,482,101,8,Full Time Workers,8,sex,0,0,1,Weekly pay - gross,1,item,0,0,2,Median,2,item,0,0,20100,Value,479.8,A,Normal Value,F,Free (free for publication),Nm-30d1d32048e0d2021654577d8d1d2d20100,660,2290,London,E12000007
NM_30_1,2003,2003,2003,date,0,1,2021654577,Croydon,E09000008,pre-2009 local authorities: county / unitary,482,101,8,Full Time Workers,8,sex,0,0,1,Weekly pay - gross,1,item,0,0,2,Median,2,item,0,0,20701,Confidence,3.9,A,Normal Value,F,Free (free for publication),Nm-30d1d32048e0d2021654577d8d1d2d20701,661,2290,London,E12000007
NM_30_1,2003,2003,2003,date,0,1,2021654578,Ealing,E09000009,pre-2009 local authorities: county / unitary,482,102,8,Full Time Workers,8,sex,0,0,1,Weekly pay - gross,1,item,0,0,2,Median,2,item,0,0,20100,Value,479.8,A,Normal Value,F,Free (free for publication),Nm-30d1d32048e0d2021654578d8d1d2d20100,662,2290,London,E12000007
NM_30_1,2003,2003,2003,date,0,1,2021654578,Ealing,E09000009,pre-2009 local authorities: county / unitary,482,102,8,Full Time Workers,8,sex,0,0,1,Weekly pay - gross,1,item,0,0,2,Median,2,item,0,0,20701,Confidence,2.7,A,Normal Value,F,Free (free for publication),Nm-30d1d32048e0d2021654578d8d1d2d20701,663,2290,London,E12000007
NM_30_1,2003,2003,2003,date,0,1,2021654579,Enfield,E09000010,pre-2009 local authorities: county / unitary,482,103,8,Full Time Workers,8,sex,0,0,1,Weekly pay - gross,1,item,0,0,2,Median,2,item,0,0,20100,Value,461.6,A,Normal Value,F,Free (free for publication),Nm-30d1d32048e0d2021654579d8d1d2d20100,664,2290,London,E12000007
NM_30_1,2003,2003,2003,date,0,1,2021654579,Enfield,E09000010,pre-2009 local authorities: county / unitary,482,103,8,Full Time Workers,8,sex,0,0,1,Weekly pay - gross,1,item,0,0,2,Median,2,item,0,0,20701,Confidence,4.7,A,Normal Value,F,Free (free for publication),Nm-30d1d32048e0d2021654579d8d1d2d20701,665,2290,London,E12000007
NM_30_1,2003,2003,2003,date,0,1,2021654580,Greenwich,E09000011,pre-2009 local authorities: county / unitary,482,104,8,Full Time Workers,8,sex,0,0,1,Weekly pay - gross,1,item,0,0,2,Median,2,item,0,0,20100,Value,497.1,A,Normal Value,F,Free (free for publication),Nm-30d1d32048e0d2021654580d8d1d2d20100,666,2290,London,E12000007
NM_30_1,2003,2003,2003,date,0,1,2021654580,Greenwich,E09000011,pre-2009 local authorities: county / unitary,482,104,8,Full Time Workers,8,sex,0,0,1,Weekly pay - gross,1,item,0,0,2,Median,2,item,0,0,20701,Confidence,5.1,A,Normal Value,F,Free (free for publication),Nm-30d1d32048e0d2021654580d8d1d2d20701,667,2290,London,E12000007
NM_30_1,2003,2003,2003,date,0,1,2021654581,Harrow,E09000015,pre-2009 local authorities: county / unitary,482,105,8,Full Time Workers,8,sex,0,0,1,Weekly pay - gross,1,item,0,0,2,Median,2,item,0,0,20100,Value,492.4,A,Normal Value,F,Free (free for publication),Nm-30d1d32048e0d2021654581d8d1d2d20100,668,2290,London,E12000007
NM_30_1,2003,2003,2003,date,0,1,2021654581,Harrow,E09000015,pre-2009 local authorities: county / unitary,482,105,8,Full Time Workers,8,sex,0,0,1,Weekly pay - gross,1,item,0,0,2,Median,2,item,0,0,20701,Confidence,4.9,A,Normal Value,F,Free (free for publication),Nm-30d1d32048e0d2021654581d8d1d2d20701,669,2290,London,E12000007
NM_30_1,2003,2003,2003,date,0,1,2021654582,Havering,E09000016,pre-2009 local authorities: county / unitary,482,106,8,Full Time Workers,8,sex,0,0,1,Weekly pay - gross,1,item,0,0,2,Median,2,item,0,0,20100,Value,492.4,A,Normal Value,F,Free (free for publication),Nm-30d1d32048e0d2021654582d8d1d2d20100,670,2290,London,E12000007
NM_30_1,2003,2003,2003,date,0,1,2021654582,Havering,E09000016,pre-2009 local authorities: county / unitary,482,106,8,Full Time Workers,8,sex,0,0,1,Weekly pay - gross,1,item,0,0,2,Median,2,item,0,0,20701,Confidence,4.2,A,Normal Value,F,Free (free for publication),Nm-30d1d32048e0d2021654582d8d1d2d20701,671,2290,London,E12000007
NM_30_1,2003,2003,2003,date,0,1,2021654583,Hillingdon,E09000017,pre-2009 local authorities: county / unitary,482,107,8,Full Time Workers,8,sex,0,0,1,Weekly pay - gross,1,item,0,0,2,Median,2,item,0,0,20100,Value,475.0,A,Normal Value,F,Free (free for publication),Nm-30d1d32048e0d2021654583d8d1d2d20100,672,2290,London,E12000007
NM_30_1,2003,2003,2003,date,0,1,2021654583,Hillingdon,E09000017,pre-2009 local authorities: county / unitary,482,107,8,Full Time Workers,8,sex,0,0,1,Weekly pay - gross,1,item,0,0,2,Median,2,item,0,0,20701,Confidence,4.5,A,Normal Value,F,Free (free for publication),Nm-30d1d32048e0d2021654583d8d1d2d20701,673,2290,London,E12000007
NM_30_1,2003,2003,2003,date,0,1,2021654584,Hounslow,E09000018,pre-2009 local authorities: county / unitary,482,108,8,Full Time Workers,8,sex,0,0,1,Weekly pay - gross,1,item,0,0,2,Median,2,item,0,0,20100,Value,462.7,A,Normal Value,F,Free (free for publication),Nm-30d1d32048e0d2021654584d8d1d2d20100,674,2290,London,E12000007
NM_30_1,2003,2003,2003,date,0,1,2021654584,Hounslow,E09000018,pre-2009 local authorities: county / unitary,482,108,8,Full Time Workers,8,sex,0,0,1,Weekly pay - gross,1,item,0,0,2,Median,2,item,0,0,20701,Confidence,3.7,A,Normal Value,F,Free (free for publication),Nm-30d1d32048e0d2021654584d8d1d2d20701,675,2290,London,E12000007
NM_30_1,2003,2003,2003,date,0,1,2021654585,Kingston-upon-Thames,E09000021,pre-2009 local authorities: county / unitary,482,109,8,Full Time Workers,8,sex,0,0,1,Weekly pay - gross,1,item,0,0,2,Median,2,item,0,0,20100,Value,512.7,A,Normal Value,F,Free (free for publication),Nm-30d1d32048e0d2021654585d8d1d2d20100,676,2290,London,E12000007
NM_30_1,2003,2003,2003,date,0,1,2021654585,Kingston-upon-Thames,E09000021,pre-2009 local authorities: county / unitary,482,109,8,Full Time Workers,8,sex,0,0,1,Weekly pay - gross,1,item,0,0,2,Median,2,item,0,0,20701,Confidence,6.6,A,Normal Value,F,Free (free for publication),Nm-30d1d32048e0d2021654585d8d1d2d20701,677,2290,London,E12000007
NM_30_1,2003,2003,2003,date,0,1,2021654586,Merton,E09000024,pre-2009 local authorities: county / unitary,482,110,8,Full Time Workers,8,sex,0,0,1,Weekly pay - gross,1,item,0,0,2,Median,2,item,0,0,20100,Value,507.6,A,Normal Value,F,Free (free for publication),Nm-30d1d32048e0d2021654586d8d1d2d20100,678,2290,London,E12000007
NM_30_1,2003,2003,2003,date,0,1,2021654586,Merton,E09000024,pre-2009 local authorities: county / unitary,482,110,8,Full Time Workers,8,sex,0,0,1,Weekly pay - gross,1,item,0,0,2,Median,2,item,0,0,20701,Confidence,5.1,A,Normal Value,F,Free (free for publication),Nm-30d1d32048e0d2021654586d8d1d2d20701,679,2290,London,E12000007
NM_30_1,2003,2003,2003,date,0,1,2021654587,Redbridge,E09000026,pre-2009 local authorities: county / unitary,482,111,8,Full Time Workers,8,sex,0,0,1,Weekly pay - gross,1,item,0,0,2,Median,2,item,0,0,20100,Value,503.7,A,Normal Value,F,Free (free for publication),Nm-30d1d32048e0d2021654587d8d1d2d20100,680,2290,London,E12000007
NM_30_1,2003,2003,2003,date,0,1,2021654587,Redbridge,E09000026,pre-2009 local authorities: county / unitary,482,111,8,Full Time Workers,8,sex,0,0,1,Weekly pay - gross,1,item,0,0,2,Median,2,item,0,0,20701,Confidence,3.8,A,Normal Value,F,Free (free for publication),Nm-30d1d32048e0d2021654587d8d1d2d20701,681,2290,London,E12000007
NM_30_1,2003,2003,2003,date,0,1,2021654588,Richmond-upon-Thames,E09000027,pre-2009 local authorities: county / unitary,482,112,8,Full Time Workers,8,sex,0,0,1,Weekly pay - gross,1,item,0,0,2,Median,2,item,0,0,20100,Value,625.9,A,Normal Value,F,Free (free for publication),Nm-30d1d32048e0d2021654588d8d1d2d20100,682,2290,London,E12000007
NM_30_1,2003,2003,2003,date,0,1,2021654588,Richmond-upon-Thames,E09000027,pre-2009 local authorities: county / unitary,482,112,8,Full Time Workers,8,sex,0,0,1,Weekly pay - gross,1,item,0,0,2,Median,2,item,0,0,20701,Confidence,5.9,A,Normal Value,F,Free (free for publication),Nm-30d1d32048e0d2021654588d8d1d2d20701,683,2290,London,E12000007
NM_30_1,2003,2003,2003,date,0,1,2021654589,Sutton,E09000029,pre-2009 local authorities: county / unitary,482,113,8,Full Time Workers,8,sex,0,0,1,Weekly pay - gross,1,item,0,0,2,Median,2,item,0,0,20100,Value,471.0,A,Normal Value,F,Free (free for publication),Nm-30d1d32048e0d2021654589d8d1d2d20100,684,2290,London,E12000007
NM_30_1,2003,2003,2003,date,0,1,2021654589,Sutton,E09000029,pre-2009 local authorities: county / unitary,482,113,8,Full Time Workers,8,sex,0,0,1,Weekly pay - gross,1,item,0,0,2,Median,2,item,0,0,20701,Confidence,4.7,A,Normal Value,F,Free (free for publication),Nm-30d1d32048e0d2021654589d8d1d2d20701,685,2290,London,E12000007
NM_30_1,2003,2003,2003,date,0,1,2021654590,Waltham Forest,E09000031,pre-2009 local authorities: county / unitary,482,114,8,Full Time Workers,8,sex,0,0,1,Weekly pay - gross,1,item,0,0,2,Median,2,item,0,0,20100,Value,476.8,A,Normal Value,F,Free (free for publication),Nm-30d1d32048e0d2021654590d8d1d2d20100,686,2290,London,E12000007
NM_30_1,2003,2003,2003,date,0,1,2021654590,Waltham Forest,E09000031,pre-2009 local authorities: county / unitary,482,114,8,Full Time Workers,8,sex,0,0,1,Weekly pay - gross,1,item,0,0,2,Median,2,item,0,0,20701,Confidence,3.6,A,Normal Value,F,Free (free for publication),Nm-30d1d32048e0d2021654590d8d1d2d20701,687,2290,London,E12000007
NM_30_1,2003,2003,2003,date,0,1,2021654529,Bracknell Forest,E06000036,pre-2009 local authorities: county / unitary,482,115,8,Full Time Workers,8,sex,0,0,1,Weekly pay - gross,1,item,0,0,2,Median,2,item,0,0,20100,Value,499.5,A,Normal Value,F,Free (free for publication),Nm-30d1d32048e0d2021654529d8d1d2d20100,688,2290,South East,E12000008
NM_30_1,2003,2003,2003,date,0,1,2021654529,Bracknell Forest,E06000036,pre-2009 local authorities: county / unitary,482,115,8,Full Time Workers,8,sex,0,0,1,Weekly pay - gross,1,item,0,0,2,Median,2,item,0,0,20701,Confidence,5.0,A,Normal Value,F,Free (free for publication),Nm-30d1d32048e0d2021654529d8d1d2d20701,689,2290,South East,E12000008
NM_30_1,2003,2003,2003,date,0,1,2021654530,Brighton and Hove,E06000043,pre-2009 local authorities: county / unitary,482,116,8,Full Time Workers,8,sex,0,0,1,Weekly pay - gross,1,item,0,0,2,Median,2,item,0,0,20100,Value,420.6,A,Normal Value,F,Free (free for publication),Nm-30d1d32048e0d2021654530d8d1d2d20100,690,2290,South East,E12000008
NM_30_1,2003,2003,2003,date,0,1,2021654530,Brighton and Hove,E06000043,pre-2009 local authorities: county / unitary,482,116,8,Full Time Workers,8,sex,0,0,1,Weekly pay - gross,1,item,0,0,2,Median,2,item,0,0,20701,Confidence,4.4,A,Normal Value,F,Free (free for publication),Nm-30d1d32048e0d2021654530d8d1d2d20701,691,2290,South East,E12000008
NM_30_1,2003,2003,2003,date,0,1,2021654534,Isle of Wight,E06000046,pre-2009 local authorities: county / unitary,482,117,8,Full Time Workers,8,sex,0,0,1,Weekly pay - gross,1,item,0,0,2,Median,2,item,0,0,20100,Value,355.4,A,Normal Value,F,Free (free for publication),Nm-30d1d32048e0d2021654534d8d1d2d20100,692,2290,South East,E12000008
NM_30_1,2003,2003,2003,date,0,1,2021654534,Isle of Wight,E06000046,pre-2009 local authorities: county / unitary,482,117,8,Full Time Workers,8,sex,0,0,1,Weekly pay - gross,1,item,0,0,2,Median,2,item,0,0,20701,Confidence,8.4,A,Normal Value,F,Free (free for publication),Nm-30d1d32048e0d2021654534d8d1d2d20701,693,2290,South East,E12000008
NM_30_1,2003,2003,2003,date,0,1,2021654536,Medway,E06000035,pre-2009 local authorities: county / unitary,482,118,8,Full Time Workers,8,sex,0,0,1,Weekly pay - gross,1,item,0,0,2,Median,2,item,0,0,20100,Value,414.8,A,Normal Value,F,Free (free for publication),Nm-30d1d32048e0d2021654536d8d1d2d20100,694,2290,South East,E12000008
NM_30_1,2003,2003,2003,date,0,1,2021654536,Medway,E06000035,pre-2009 local authorities: county / unitary,482,118,8,Full Time Workers,8,sex,0,0,1,Weekly pay - gross,1,item,0,0,2,Median,2,item,0,0,20701,Confidence,4.4,A,Normal Value,F,Free (free for publication),Nm-30d1d32048e0d2021654536d8d1d2d20701,695,2290,South East,E12000008
NM_30_1,2003,2003,2003,date,0,1,2021654537,Milton Keynes,E06000042,pre-2009 local authorities: county / unitary,482,119,8,Full Time Workers,8,sex,0,0,1,Weekly pay - gross,1,item,0,0,2,Median,2,item,0,0,20100,Value,438.0,A,Normal Value,F,Free (free for publication),Nm-30d1d32048e0d2021654537d8d1d2d20100,696,2290,South East,E12000008
NM_30_1,2003,2003,2003,date,0,1,2021654537,Milton Keynes,E06000042,pre-2009 local authorities: county / unitary,482,119,8,Full Time Workers,8,sex,0,0,1,Weekly pay - gross,1,item,0,0,2,Median,2,item,0,0,20701,Confidence,5.5,A,Normal Value,F,Free (free for publication),Nm-30d1d32048e0d2021654537d8d1d2d20701,697,2290,South East,E12000008
NM_30_1,2003,2003,2003,date,0,1,2021654539,Portsmouth,E06000044,pre-2009 local authorities: county / unitary,482,120,8,Full Time Workers,8,sex,0,0,1,Weekly pay - gross,1,item,0,0,2,Median,2,item,0,0,20100,Value,395.0,A,Normal Value,F,Free (free for publication),Nm-30d1d32048e0d2021654539d8d1d2d20100,698,2290,South East,E12000008
NM_30_1,2003,2003,2003,date,0,1,2021654539,Portsmouth,E06000044,pre-2009 local authorities: county / unitary,482,120,8,Full Time Workers,8,sex,0,0,1,Weekly pay - gross,1,item,0,0,2,Median,2,item,0,0,20701,Confidence,5.4,A,Normal Value,F,Free (free for publication),Nm-30d1d32048e0d2021654539d8d1d2d20701,699,2290,South East,E12000008
NM_30_1,2003,2003,2003,date,0,1,2021654540,Reading,E06000038,pre-2009 local authorities: county / unitary,482,121,8,Full Time Workers,8,sex,0,0,1,Weekly pay - gross,1,item,0,0,2,Median,2,item,0,0,20100,Value,461.8,A,Normal Value,F,Free (free for publication),Nm-30d1d32048e0d2021654540d8d1d2d20100,700,2290,South East,E12000008
NM_30_1,2003,2003,2003,date,0,1,2021654540,Reading,E06000038,pre-2009 local authorities: county / unitary,482,121,8,Full Time Workers,8,sex,0,0,1,Weekly pay - gross,1,item,0,0,2,Median,2,item,0,0,20701,Confidence,5.2,A,Normal Value,F,Free (free for publication),Nm-30d1d32048e0d2021654540d8d1d2d20701,701,2290,South East,E12000008
NM_30_1,2003,2003,2003,date,0,1,2021654541,Slough,E06000039,pre-2009 local authorities: county / unitary,482,122,8,Full Time Workers,8,sex,0,0,1,Weekly pay - gross,1,item,0,0,2,Median,2,item,0,0,20100,Value,402.6,A,Normal Value,F,Free (free for publication),Nm-30d1d32048e0d2021654541d8d1d2d20100,702,2290,South East,E12000008
NM_30_1,2003,2003,2003,date,0,1,2021654541,Slough,E06000039,pre-2009 local authorities: county / unitary,482,122,8,Full Time Workers,8,sex,0,0,1,Weekly pay - gross,1,item,0,0,2,Median,2,item,0,0,20701,Confidence,5.6,A,Normal Value,F,Free (free for publication),Nm-30d1d32048e0d2021654541d8d1d2d20701,703,2290,South East,E12000008
NM_30_1,2003,2003,2003,date,0,1,2021654542,Southampton,E06000045,pre-2009 local authorities: county / unitary,482,123,8,Full Time Workers,8,sex,0,0,1,Weekly pay - gross,1,item,0,0,2,Median,2,item,0,0,20100,Value,390.5,A,Normal Value,F,Free (free for publication),Nm-30d1d32048e0d2021654542d8d1d2d20100,704,2290,South East,E12000008
NM_30_1,2003,2003,2003,date,0,1,2021654542,Southampton,E06000045,pre-2009 local authorities: county / unitary,482,123,8,Full Time Workers,8,sex,0,0,1,Weekly pay - gross,1,item,0,0,2,Median,2,item,0,0,20701,Confidence,5.1,A,Normal Value,F,Free (free for publication),Nm-30d1d32048e0d2021654542d8d1d2d20701,705,2290,South East,E12000008
NM_30_1,2003,2003,2003,date,0,1,2021654544,West Berkshire,E06000037,pre-2009 local authorities: county / unitary,482,124,8,Full Time Workers,8,sex,0,0,1,Weekly pay - gross,1,item,0,0,2,Median,2,item,0,0,20100,Value,471.3,A,Normal Value,F,Free (free for publication),Nm-30d1d32048e0d2021654544d8d1d2d20100,706,2290,South East,E12000008
NM_30_1,2003,2003,2003,date,0,1,2021654544,West Berkshire,E06000037,pre-2009 local authorities: county / unitary,482,124,8,Full Time Workers,8,sex,0,0,1,Weekly pay - gross,1,item,0,0,2,Median,2,item,0,0,20701,Confidence,7.2,A,Normal Value,F,Free (free for publication),Nm-30d1d32048e0d2021654544d8d1d2d20701,707,2290,South East,E12000008
NM_30_1,2003,2003,2003,date,0,1,2021654546,Windsor and Maidenhead,E06000040,pre-2009 local authorities: county / unitary,482,125,8,Full Time Workers,8,sex,0,0,1,Weekly pay - gross,1,item,0,0,2,Median,2,item,0,0,20100,Value,585.0,A,Normal Value,F,Free (free for publication),Nm-30d1d32048e0d2021654546d8d1d2d20100,708,2290,South East,E12000008
NM_30_1,2003,2003,2003,date,0,1,2021654546,Windsor and Maidenhead,E06000040,pre-2009 local authorities: county / unitary,482,125,8,Full Time Workers,8,sex,0,0,1,Weekly pay - gross,1,item,0,0,2,Median,2,item,0,0,20701,Confidence,7.2,A,Normal Value,F,Free (free for publication),Nm-30d1d32048e0d2021654546d8d1d2d20701,709,2290,South East,E12000008
NM_30_1,2003,2003,2003,date,0,1,2021654547,Wokingham,E06000041,pre-2009 local authorities: county / unitary,482,126,8,Full Time Workers,8,sex,0,0,1,Weekly pay - gross,1,item,0,0,2,Median,2,item,0,0,20100,Value,555.0,A,Normal Value,F,Free (free for publication),Nm-30d1d32048e0d2021654547d8d1d2d20100,710,2290,South East,E12000008
NM_30_1,2003,2003,2003,date,0,1,2021654547,Wokingham,E06000041,pre-2009 local authorities: county / unitary,482,126,8,Full Time Workers,8,sex,0,0,1,Weekly pay - gross,1,item,0,0,2,Median,2,item,0,0,20701,Confidence,6.4,A,Normal Value,F,Free (free for publication),Nm-30d1d32048e0d2021654547d8d1d2d20701,711,2290,South East,E12000008
NM_30_1,2003,2003,2003,date,0,1,2021654531,Buckinghamshire,E10000002,pre-2009 local authorities: county / unitary,482,127,8,Full Time Workers,8,sex,0,0,1,Weekly pay - gross,1,item,0,0,2,Median,2,item,0,0,20100,Value,499.1,A,Normal Value,F,Free (free for publication),Nm-30d1d32048e0d2021654531d8d1d2d20100,712,2290,,
NM_30_1,2003,2003,2003,date,0,1,2021654531,Buckinghamshire,E10000002,pre-2009 local authorities: county / unitary,482,127,8,Full Time Workers,8,sex,0,0,1,Weekly pay - gross,1,item,0,0,2,Median,2,item,0,0,20701,Confidence,3.9,A,Normal Value,F,Free (free for publication),Nm-30d1d32048e0d2021654531d8d1d2d20701,713,2290,,
NM_30_1,2003,2003,2003,date,0,1,2021654532,East Sussex,E10000011,pre-2009 local authorities: county / unitary,482,128,8,Full Time Workers,8,sex,0,0,1,Weekly pay - gross,1,item,0,0,2,Median,2,item,0,0,20100,Value,393.4,A,Normal Value,F,Free (free for publication),Nm-30d1d32048e0d2021654532d8d1d2d20100,714,2290,,
NM_30_1,2003,2003,2003,date,0,1,2021654532,East Sussex,E10000011,pre-2009 local authorities: county / unitary,482,128,8,Full Time Workers,8,sex,0,0,1,Weekly pay - gross,1,item,0,0,2,Median,2,item,0,0,20701,Confidence,3.4,A,Normal Value,F,Free (free for publication),Nm-30d1d32048e0d2021654532d8d1d2d20701,715,2290,,
NM_30_1,2003,2003,2003,date,0,1,2021654533,Hampshire,E10000014,pre-2009 local authorities: county / unitary,482,129,8,Full Time Workers,8,sex,0,0,1,Weekly pay - gross,1,item,0,0,2,Median,2,item,0,0,20100,Value,450.4,A,Normal Value,F,Free (free for publication),Nm-30d1d32048e0d2021654533d8d1d2d20100,716,2290,,
NM_30_1,2003,2003,2003,date,0,1,2021654533,Hampshire,E10000014,pre-2009 local authorities: county / unitary,482,129,8,Full Time Workers,8,sex,0,0,1,Weekly pay - gross,1,item,0,0,2,Median,2,item,0,0,20701,Confidence,2.2,A,Normal Value,F,Free (free for publication),Nm-30d1d32048e0d2021654533d8d1d2d20701,717,2290,,
NM_30_1,2003,2003,2003,date,0,1,2021654535,Kent,E10000016,pre-2009 local authorities: county / unitary,482,130,8,Full Time Workers,8,sex,0,0,1,Weekly pay - gross,1,item,0,0,2,Median,2,item,0,0,20100,Value,425.6,A,Normal Value,F,Free (free for publication),Nm-30d1d32048e0d2021654535d8d1d2d20100,718,2290,,
NM_30_1,2003,2003,2003,date,0,1,2021654535,Kent,E10000016,pre-2009 local authorities: county / unitary,482,130,8,Full Time Workers,8,sex,0,0,1,Weekly pay - gross,1,item,0,0,2,Median,2,item,0,0,20701,Confidence,1.9,A,Normal Value,F,Free (free for publication),Nm-30d1d32048e0d2021654535d8d1d2d20701,719,2290,,
NM_30_1,2003,2003,2003,date,0,1,2021654538,Oxfordshire,E10000025,pre-2009 local authorities: county / unitary,482,131,8,Full Time Workers,8,sex,0,0,1,Weekly pay - gross,1,item,0,0,2,Median,2,item,0,0,20100,Value,451.9,A,Normal Value,F,Free (free for publication),Nm-30d1d32048e0d2021654538d8d1d2d20100,720,2290,,
NM_30_1,2003,2003,2003,date,0,1,2021654538,Oxfordshire,E10000025,pre-2009 local authorities: county / unitary,482,131,8,Full Time Workers,8,sex,0,0,1,Weekly pay - gross,1,item,0,0,2,Median,2,item,0,0,20701,Confidence,3.3,A,Normal Value,F,Free (free for publication),Nm-30d1d32048e0d2021654538d8d1d2d20701,721,2290,,
NM_30_1,2003,2003,2003,date,0,1,2021654543,Surrey,E10000030,pre-2009 local authorities: county / unitary,482,132,8,Full Time Workers,8,sex,0,0,1,Weekly pay - gross,1,item,0,0,2,Median,2,item,0,0,20100,Value,518.2,A,Normal Value,F,Free (free for publication),Nm-30d1d32048e0d2021654543d8d1d2d20100,722,2290,,
NM_30_1,2003,2003,2003,date,0,1,2021654543,Surrey,E10000030,pre-2009 local authorities: county / unitary,482,132,8,Full Time Workers,8,sex,0,0,1,Weekly pay - gross,1,item,0,0,2,Median,2,item,0,0,20701,Confidence,2.4,A,Normal Value,F,Free (free for publication),Nm-30d1d32048e0d2021654543d8d1d2d20701,723,2290,,
NM_30_1,2003,2003,2003,date,0,1,2021654545,West Sussex,E10000032,pre-2009 local authorities: county / unitary,482,133,8,Full Time Workers,8,sex,0,0,1,Weekly pay - gross,1,item,0,0,2,Median,2,item,0,0,20100,Value,433.0,A,Normal Value,F,Free (free for publication),Nm-30d1d32048e0d2021654545d8d1d2d20100,724,2290,,
NM_30_1,2003,2003,2003,date,0,1,2021654545,West Sussex,E10000032,pre-2009 local authorities: county / unitary,482,133,8,Full Time Workers,8,sex,0,0,1,Weekly pay - gross,1,item,0,0,2,Median,2,item,0,0,20701,Confidence,2.9,A,Normal Value,F,Free (free for publication),Nm-30d1d32048e0d2021654545d8d1d2d20701,725,2290,,
NM_30_1,2003,2003,2003,date,0,1,2021654591,Bath and North East Somerset,E06000022,pre-2009 local authorities: county / unitary,482,134,8,Full Time Workers,8,sex,0,0,1,Weekly pay - gross,1,item,0,0,2,Median,2,item,0,0,20100,Value,435.2,A,Normal Value,F,Free (free for publication),Nm-30d1d32048e0d2021654591d8d1d2d20100,726,2290,South West,E12000009
NM_30_1,2003,2003,2003,date,0,1,2021654591,Bath and North East Somerset,E06000022,pre-2009 local authorities: county / unitary,482,134,8,Full Time Workers,8,sex,0,0,1,Weekly pay - gross,1,item,0,0,2,Median,2,item,0,0,20701,Confidence,6.3,A,Normal Value,F,Free (free for publication),Nm-30d1d32048e0d2021654591d8d1d2d20701,727,2290,South West,E12000009
NM_30_1,2003,2003,2003,date,0,1,2021654592,Bournemouth,E06000028,pre-2009 local authorities: county / unitary,482,135,8,Full Time Workers,8,sex,0,0,1,Weekly pay - gross,1,item,0,0,2,Median,2,item,0,0,20100,Value,351.0,A,Normal Value,F,Free (free for publication),Nm-30d1d32048e0d2021654592d8d1d2d20100,728,2290,,
NM_30_1,2003,2003,2003,date,0,1,2021654592,Bournemouth,E06000028,pre-2009 local authorities: county / unitary,482,135,8,Full Time Workers,8,sex,0,0,1,Weekly pay - gross,1,item,0,0,2,Median,2,item,0,0,20701,Confidence,5.9,A,Normal Value,F,Free (free for publication),Nm-30d1d32048e0d2021654592d8d1d2d20701,729,2290,,
NM_30_1,2003,2003,2003,date,0,1,2021654593,Bristol,E06000023,pre-2009 local authorities: county / unitary,482,136,8,Full Time Workers,8,sex,0,0,1,Weekly pay - gross,1,item,0,0,2,Median,2,item,0,0,20100,Value,384.6,A,Normal Value,F,Free (free for publication),Nm-30d1d32048e0d2021654593d8d1d2d20100,730,2290,South West,E12000009
NM_30_1,2003,2003,2003,date,0,1,2021654593,Bristol,E06000023,pre-2009 local authorities: county / unitary,482,136,8,Full Time Workers,8,sex,0,0,1,Weekly pay - gross,1,item,0,0,2,Median,2,item,0,0,20701,Confidence,3.7,A,Normal Value,F,Free (free for publication),Nm-30d1d32048e0d2021654593d8d1d2d20701,731,2290,South West,E12000009
NM_30_1,2003,2003,2003,date,0,1,2021654598,North Somerset,E06000024,pre-2009 local authorities: county / unitary,482,137,8,Full Time Workers,8,sex,0,0,1,Weekly pay - gross,1,item,0,0,2,Median,2,item,0,0,20100,Value,435.9,A,Normal Value,F,Free (free for publication),Nm-30d1d32048e0d2021654598d8d1d2d20100,732,2290,South West,E12000009
NM_30_1,2003,2003,2003,date,0,1,2021654598,North Somerset,E06000024,pre-2009 local authorities: county / unitary,482,137,8,Full Time Workers,8,sex,0,0,1,Weekly pay - gross,1,item,0,0,2,Median,2,item,0,0,20701,Confidence,5.9,A,Normal Value,F,Free (free for publication),Nm-30d1d32048e0d2021654598d8d1d2d20701,733,2290,South West,E12000009
NM_30_1,2003,2003,2003,date,0,1,2021654599,Plymouth,E06000026,pre-2009 local authorities: county / unitary,482,138,8,Full Time Workers,8,sex,0,0,1,Weekly pay - gross,1,item,0,0,2,Median,2,item,0,0,20100,Value,359.6,A,Normal Value,F,Free (free for publication),Nm-30d1d32048e0d2021654599d8d1d2d20100,734,2290,South West,E12000009
NM_30_1,2003,2003,2003,date,0,1,2021654599,Plymouth,E06000026,pre-2009 local authorities: county / unitary,482,138,8,Full Time Workers,8,sex,0,0,1,Weekly pay - gross,1,item,0,0,2,Median,2,item,0,0,20701,Confidence,5.2,A,Normal Value,F,Free (free for publication),Nm-30d1d32048e0d2021654599d8d1d2d20701,735,2290,South West,E12000009
NM_30_1,2003,2003,2003,date,0,1,2021654600,Poole,E06000029,pre-2009 local authorities: county / unitary,482,139,8,Full Time Workers,8,sex,0,0,1,Weekly pay - gross,1,item,0,0,2,Median,2,item,0,0,20100,Value,392.6,A,Normal Value,F,Free (free for publication),Nm-30d1d32048e0d2021654600d8d1d2d20100,736,2290,,
NM_30_1,2003,2003,2003,date,0,1,2021654600,Poole,E06000029,pre-2009 local authorities: county / unitary,482,139,8,Full Time Workers,8,sex,0,0,1,Weekly pay - gross,1,item,0,0,2,Median,2,item,0,0,20701,Confidence,6.8,A,Normal Value,F,Free (free for publication),Nm-30d1d32048e0d2021654600d8d1d2d20701,737,2290,,
NM_30_1,2003,2003,2003,date,0,1,2021654602,South Gloucestershire,E06000025,pre-2009 local authorities: county / unitary,482,140,8,Full Time Workers,8,sex,0,0,1,Weekly pay - gross,1,item,0,0,2,Median,2,item,0,0,20100,Value,413.1,A,Normal Value,F,Free (free for publication),Nm-30d1d32048e0d2021654602d8d1d2d20100,738,2290,South West,E12000009
NM_30_1,2003,2003,2003,date,0,1,2021654602,South Gloucestershire,E06000025,pre-2009 local authorities: county / unitary,482,140,8,Full Time Workers,8,sex,0,0,1,Weekly pay - gross,1,item,0,0,2,Median,2,item,0,0,20701,Confidence,4.7,A,Normal Value,F,Free (free for publication),Nm-30d1d32048e0d2021654602d8d1d2d20701,739,2290,South West,E12000009
NM_30_1,2003,2003,2003,date,0,1,2021654603,Swindon,E06000030,pre-2009 local authorities: county / unitary,482,141,8,Full Time Workers,8,sex,0,0,1,Weekly pay - gross,1,item,0,0,2,Median,2,item,0,0,20100,Value,412.0,A,Normal Value,F,Free (free for publication),Nm-30d1d32048e0d2021654603d8d1d2d20100,740,2290,South West,E12000009
NM_30_1,2003,2003,2003,date,0,1,2021654603,Swindon,E06000030,pre-2009 local authorities: county / unitary,482,141,8,Full Time Workers,8,sex,0,0,1,Weekly pay - gross,1,item,0,0,2,Median,2,item,0,0,20701,Confidence,4.7,A,Normal Value,F,Free (free for publication),Nm-30d1d32048e0d2021654603d8d1d2d20701,741,2290,South West,E12000009
NM_30_1,2003,2003,2003,date,0,1,2021654604,Torbay,E06000027,pre-2009 local authorities: county / unitary,482,142,8,Full Time Workers,8,sex,0,0,1,Weekly pay - gross,1,item,0,0,2,Median,2,item,0,0,20100,Value,313.7,A,Normal Value,F,Free (free for publication),Nm-30d1d32048e0d2021654604d8d1d2d20100,742,2290,South West,E12000009
NM_30_1,2003,2003,2003,date,0,1,2021654604,Torbay,E06000027,pre-2009 local authorities: county / unitary,482,142,8,Full Time Workers,8,sex,0,0,1,Weekly pay - gross,1,item,0,0,2,Median,2,item,0,0,20701,Confidence,6.5,A,Normal Value,F,Free (free for publication),Nm-30d1d32048e0d2021654604d8d1d2d20701,743,2290,South West,E12000009
NM_30_1,2003,2003,2003,date,0,1,2021654594,Cornwall and Isles of Scilly,E10000005,pre-2009 local authorities: county / unitary,482,143,8,Full Time Workers,8,sex,0,0,1,Weekly pay - gross,1,item,0,0,2,Median,2,item,0,0,20100,Value,345.7,A,Normal Value,F,Free (free for publication),Nm-30d1d32048e0d2021654594d8d1d2d20100,744,2290,,
NM_30_1,2003,2003,2003,date,0,1,2021654594,Cornwall and Isles of Scilly,E10000005,pre-2009 local authorities: county / unitary,482,143,8,Full Time Workers,8,sex,0,0,1,Weekly pay - gross,1,item,0,0,2,Median,2,item,0,0,20701,Confidence,4.4,A,Normal Value,F,Free (free for publication),Nm-30d1d32048e0d2021654594d8d1d2d20701,745,2290,,
NM_30_1,2003,2003,2003,date,0,1,2021654595,Devon,E10000008,pre-2009 local authorities: county / unitary,482,144,8,Full Time Workers,8,sex,0,0,1,Weekly pay - gross,1,item,0,0,2,Median,2,item,0,0,20100,Value,349.3,A,Normal Value,F,Free (free for publication),Nm-30d1d32048e0d2021654595d8d1d2d20100,746,2290,,
NM_30_1,2003,2003,2003,date,0,1,2021654595,Devon,E10000008,pre-2009 local authorities: county / unitary,482,144,8,Full Time Workers,8,sex,0,0,1,Weekly pay - gross,1,item,0,0,2,Median,2,item,0,0,20701,Confidence,3.2,A,Normal Value,F,Free (free for publication),Nm-30d1d32048e0d2021654595d8d1d2d20701,747,2290,,
NM_30_1,2003,2003,2003,date,0,1,2021654596,Dorset,E10000009,pre-2009 local authorities: county / unitary,482,145,8,Full Time Workers,8,sex,0,0,1,Weekly pay - gross,1,item,0,0,2,Median,2,item,0,0,20100,Value,376.4,A,Normal Value,F,Free (free for publication),Nm-30d1d32048e0d2021654596d8d1d2d20100,748,2290,,
NM_30_1,2003,2003,2003,date,0,1,2021654596,Dorset,E10000009,pre-2009 local authorities: county / unitary,482,145,8,Full Time Workers,8,sex,0,0,1,Weekly pay - gross,1,item,0,0,2,Median,2,item,0,0,20701,Confidence,4.3,A,Normal Value,F,Free (free for publication),Nm-30d1d32048e0d2021654596d8d1d2d20701,749,2290,,
NM_30_1,2003,2003,2003,date,0,1,2021654597,Gloucestershire,E10000013,pre-2009 local authorities: county / unitary,482,146,8,Full Time Workers,8,sex,0,0,1,Weekly pay - gross,1,item,0,0,2,Median,2,item,0,0,20100,Value,403.1,A,Normal Value,F,Free (free for publication),Nm-30d1d32048e0d2021654597d8d1d2d20100,750,2290,,
NM_30_1,2003,2003,2003,date,0,1,2021654597,Gloucestershire,E10000013,pre-2009 local authorities: county / unitary,482,146,8,Full Time Workers,8,sex,0,0,1,Weekly pay - gross,1,item,0,0,2,Median,2,item,0,0,20701,Confidence,3.3,A,Normal Value,F,Free (free for publication),Nm-30d1d32048e0d2021654597d8d1d2d20701,751,2290,,
NM_30_1,2003,2003,2003,date,0,1,2021654601,Somerset,E10000027,pre-2009 local authorities: county / unitary,482,147,8,Full Time Workers,8,sex,0,0,1,Weekly pay - gross,1,item,0,0,2,Median,2,item,0,0,20100,Value,380.3,A,Normal Value,F,Free (free for publication),Nm-30d1d32048e0d2021654601d8d1d2d20100,752,2290,,
NM_30_1,2003,2003,2003,date,0,1,2021654601,Somerset,E10000027,pre-2009 local authorities: county / unitary,482,147,8,Full Time Workers,8,sex,0,0,1,Weekly pay - gross,1,item,0,0,2,Median,2,item,0,0,20701,Confidence,4.0,A,Normal Value,F,Free (free for publication),Nm-30d1d32048e0d2021654601d8d1d2d20701,753,2290,,
NM_30_1,2003,2003,2003,date,0,1,2021654605,Wiltshire,E10000033,pre-2009 local authorities: county / unitary,482,148,8,Full Time Workers,8,sex,0,0,1,Weekly pay - gross,1,item,0,0,2,Median,2,item,0,0,20100,Value,423.3,A,Normal Value,F,Free (free for publication),Nm-30d1d32048e0d2021654605d8d1d2d20100,754,2290,,
NM_30_1,2003,2003,2003,date,0,1,2021654605,Wiltshire,E10000033,pre-2009 local authorities: county / unitary,482,148,8,Full Time Workers,8,sex,0,0,1,Weekly pay - gross,1,item,0,0,2,Median,2,item,0,0,20701,Confidence,3.3,A,Normal Value,F,Free (free for publication),Nm-30d1d32048e0d2021654605d8d1d2d20701,755,2290,,
NM_30_1,2003,2003,2003,date,0,1,2021654678,Anglesey,W06000001,pre-2009 local authorities: county / unitary,482,149,8,Full Time Workers,8,sex,0,0,1,Weekly pay - gross,1,item,0,0,2,Median,2,item,0,0,20100,Value,369.7,A,Normal Value,F,Free (free for publication),Nm-30d1d32048e0d2021654678d8d1d2d20100,756,2290,Wales,W92000004
NM_30_1,2003,2003,2003,date,0,1,2021654678,Anglesey,W06000001,pre-2009 local authorities: county / unitary,482,149,8,Full Time Workers,8,sex,0,0,1,Weekly pay - gross,1,item,0,0,2,Median,2,item,0,0,20701,Confidence,10.0,A,Normal Value,F,Free (free for publication),Nm-30d1d32048e0d2021654678d8d1d2d20701,757,2290,Wales,W92000004
NM_30_1,2003,2003,2003,date,0,1,2021654688,Gwynedd,W06000002,pre-2009 local authorities: county / unitary,482,150,8,Full Time Workers,8,sex,0,0,1,Weekly pay - gross,1,item,0,0,2,Median,2,item,0,0,20100,Value,329.7,A,Normal Value,F,Free (free for publication),Nm-30d1d32048e0d2021654688d8d1d2d20100,758,2290,Wales,W92000004
NM_30_1,2003,2003,2003,date,0,1,2021654688,Gwynedd,W06000002,pre-2009 local authorities: county / unitary,482,150,8,Full Time Workers,8,sex,0,0,1,Weekly pay - gross,1,item,0,0,2,Median,2,item,0,0,20701,Confidence,8.1,A,Normal Value,F,Free (free for publication),Nm-30d1d32048e0d2021654688d8d1d2d20701,759,2290,Wales,W92000004
NM_30_1,2003,2003,2003,date,0,1,2021654685,Conwy,W06000003,pre-2009 local authorities: county / unitary,482,151,8,Full Time Workers,8,sex,0,0,1,Weekly pay - gross,1,item,0,0,2,Median,2,item,0,0,20100,Value,372.9,A,Normal Value,F,Free (free for publication),Nm-30d1d32048e0d2021654685d8d1d2d20100,760,2290,Wales,W92000004
NM_30_1,2003,2003,2003,date,0,1,2021654685,Conwy,W06000003,pre-2009 local authorities: county / unitary,482,151,8,Full Time Workers,8,sex,0,0,1,Weekly pay - gross,1,item,0,0,2,Median,2,item,0,0,20701,Confidence,7.5,A,Normal Value,F,Free (free for publication),Nm-30d1d32048e0d2021654685d8d1d2d20701,761,2290,Wales,W92000004
NM_30_1,2003,2003,2003,date,0,1,2021654686,Denbighshire,W06000004,pre-2009 local authorities: county / unitary,482,152,8,Full Time Workers,8,sex,0,0,1,Weekly pay - gross,1,item,0,0,2,Median,2,item,0,0,20100,Value,370.6,A,Normal Value,F,Free (free for publication),Nm-30d1d32048e0d2021654686d8d1d2d20100,762,2290,Wales,W92000004
NM_30_1,2003,2003,2003,date,0,1,2021654686,Denbighshire,W06000004,pre-2009 local authorities: county / unitary,482,152,8,Full Time Workers,8,sex,0,0,1,Weekly pay - gross,1,item,0,0,2,Median,2,item,0,0,20701,Confidence,7.2,A,Normal Value,F,Free (free for publication),Nm-30d1d32048e0d2021654686d8d1d2d20701,763,2290,Wales,W92000004
NM_30_1,2003,2003,2003,date,0,1,2021654687,Flintshire,W06000005,pre-2009 local authorities: county / unitary,482,153,8,Full Time Workers,8,sex,0,0,1,Weekly pay - gross,1,item,0,0,2,Median,2,item,0,0,20100,Value,411.6,A,Normal Value,F,Free (free for publication),Nm-30d1d32048e0d2021654687d8d1d2d20100,764,2290,Wales,W92000004
NM_30_1,2003,2003,2003,date,0,1,2021654687,Flintshire,W06000005,pre-2009 local authorities: county / unitary,482,153,8,Full Time Workers,8,sex,0,0,1,Weekly pay - gross,1,item,0,0,2,Median,2,item,0,0,20701,Confidence,6.7,A,Normal Value,F,Free (free for publication),Nm-30d1d32048e0d2021654687d8d1d2d20701,765,2290,Wales,W92000004
NM_30_1,2003,2003,2003,date,0,1,2021654699,Wrexham,W06000006,pre-2009 local authorities: county / unitary,482,154,8,Full Time Workers,8,sex,0,0,1,Weekly pay - gross,1,item,0,0,2,Median,2,item,0,0,20100,Value,372.6,A,Normal Value,F,Free (free for publication),Nm-30d1d32048e0d2021654699d8d1d2d20100,766,2290,Wales,W92000004
NM_30_1,2003,2003,2003,date,0,1,2021654699,Wrexham,W06000006,pre-2009 local authorities: county / unitary,482,154,8,Full Time Workers,8,sex,0,0,1,Weekly pay - gross,1,item,0,0,2,Median,2,item,0,0,20701,Confidence,6.5,A,Normal Value,F,Free (free for publication),Nm-30d1d32048e0d2021654699d8d1d2d20701,767,2290,Wales,W92000004
NM_30_1,2003,2003,2003,date,0,1,2021654694,Powys,W06000023,pre-2009 local authorities: county / unitary,482,155,8,Full Time Workers,8,sex,0,0,1,Weekly pay - gross,1,item,0,0,2,Median,2,item,0,0,20100,Value,377.0,A,Normal Value,F,Free (free for publication),Nm-30d1d32048e0d2021654694d8d1d2d20100,768,2290,Wales,W92000004
NM_30_1,2003,2003,2003,date,0,1,2021654694,Powys,W06000023,pre-2009 local authorities: county / unitary,482,155,8,Full Time Workers,8,sex,0,0,1,Weekly pay - gross,1,item,0,0,2,Median,2,item,0,0,20701,Confidence,6.9,A,Normal Value,F,Free (free for publication),Nm-30d1d32048e0d2021654694d8d1d2d20701,769,2290,Wales,W92000004
NM_30_1,2003,2003,2003,date,0,1,2021654684,Ceredigion,W06000008,pre-2009 local authorities: county / unitary,482,156,8,Full Time Workers,8,sex,0,0,1,Weekly pay - gross,1,item,0,0,2,Median,2,item,0,0,20100,Value,334.5,A,Normal Value,F,Free (free for publication),Nm-30d1d32048e0d2021654684d8d1d2d20100,770,2290,Wales,W92000004
NM_30_1,2003,2003,2003,date,0,1,2021654684,Ceredigion,W06000008,pre-2009 local authorities: county / unitary,482,156,8,Full Time Workers,8,sex,0,0,1,Weekly pay - gross,1,item,0,0,2,Median,2,item,0,0,20701,Confidence,12.0,A,Normal Value,F,Free (free for publication),Nm-30d1d32048e0d2021654684d8d1d2d20701,771,2290,Wales,W92000004
NM_30_1,2003,2003,2003,date,0,1,2021654693,Pembrokeshire,W06000009,pre-2009 local authorities: county / unitary,482,157,8,Full Time Workers,8,sex,0,0,1,Weekly pay - gross,1,item,0,0,2,Median,2,item,0,0,20100,Value,324.9,A,Normal Value,F,Free (free for publication),Nm-30d1d32048e0d2021654693d8d1d2d20100,772,2290,Wales,W92000004
NM_30_1,2003,2003,2003,date,0,1,2021654693,Pembrokeshire,W06000009,pre-2009 local authorities: county / unitary,482,157,8,Full Time Workers,8,sex,0,0,1,Weekly pay - gross,1,item,0,0,2,Median,2,item,0,0,20701,Confidence,11.0,A,Normal Value,F,Free (free for publication),Nm-30d1d32048e0d2021654693d8d1d2d20701,773,2290,Wales,W92000004
NM_30_1,2003,2003,2003,date,0,1,2021654683,Carmarthenshire,W06000010,pre-2009 local authorities: county / unitary,482,158,8,Full Time Workers,8,sex,0,0,1,Weekly pay - gross,1,item,0,0,2,Median,2,item,0,0,20100,Value,338.8,A,Normal Value,F,Free (free for publication),Nm-30d1d32048e0d2021654683d8d1d2d20100,774,2290,Wales,W92000004
NM_30_1,2003,2003,2003,date,0,1,2021654683,Carmarthenshire,W06000010,pre-2009 local authorities: county / unitary,482,158,8,Full Time Workers,8,sex,0,0,1,Weekly pay - gross,1,item,0,0,2,Median,2,item,0,0,20701,Confidence,7.8,A,Normal Value,F,Free (free for publication),Nm-30d1d32048e0d2021654683d8d1d2d20701,775,2290,Wales,W92000004
NM_30_1,2003,2003,2003,date,0,1,2021654696,Swansea,W06000011,pre-2009 local authorities: county / unitary,482,159,8,Full Time Workers,8,sex,0,0,1,Weekly pay - gross,1,item,0,0,2,Median,2,item,0,0,20100,Value,370.4,A,Normal Value,F,Free (free for publication),Nm-30d1d32048e0d2021654696d8d1d2d20100,776,2290,Wales,W92000004
NM_30_1,2003,2003,2003,date,0,1,2021654696,Swansea,W06000011,pre-2009 local authorities: county / unitary,482,159,8,Full Time Workers,8,sex,0,0,1,Weekly pay - gross,1,item,0,0,2,Median,2,item,0,0,20701,Confidence,5.2,A,Normal Value,F,Free (free for publication),Nm-30d1d32048e0d2021654696d8d1d2d20701,777,2290,Wales,W92000004
NM_30_1,2003,2003,2003,date,0,1,2021654691,Neath Port Talbot,W06000012,pre-2009 local authorities: county / unitary,482,160,8,Full Time Workers,8,sex,0,0,1,Weekly pay - gross,1,item,0,0,2,Median,2,item,0,0,20100,Value,387.9,A,Normal Value,F,Free (free for publication),Nm-30d1d32048e0d2021654691d8d1d2d20100,778,2290,Wales,W92000004
NM_30_1,2003,2003,2003,date,0,1,2021654691,Neath Port Talbot,W06000012,pre-2009 local authorities: county / unitary,482,160,8,Full Time Workers,8,sex,0,0,1,Weekly pay - gross,1,item,0,0,2,Median,2,item,0,0,20701,Confidence,6.3,A,Normal Value,F,Free (free for publication),Nm-30d1d32048e0d2021654691d8d1d2d20701,779,2290,Wales,W92000004
NM_30_1,2003,2003,2003,date,0,1,2021654680,Bridgend,W06000013,pre-2009 local authorities: county / unitary,482,161,8,Full Time Workers,8,sex,0,0,1,Weekly pay - gross,1,item,0,0,2,Median,2,item,0,0,20100,Value,370.2,A,Normal Value,F,Free (free for publication),Nm-30d1d32048e0d2021654680d8d1d2d20100,780,2290,Wales,W92000004
NM_30_1,2003,2003,2003,date,0,1,2021654680,Bridgend,W06000013,pre-2009 local authorities: county / unitary,482,161,8,Full Time Workers,8,sex,0,0,1,Weekly pay - gross,1,item,0,0,2,Median,2,item,0,0,20701,Confidence,7.1,A,Normal Value,F,Free (free for publication),Nm-30d1d32048e0d2021654680d8d1d2d20701,781,2290,Wales,W92000004
NM_30_1,2003,2003,2003,date,0,1,2021654698,Vale of Glamorgan,W06000014,pre-2009 local authorities: county / unitary,482,162,8,Full Time Workers,8,sex,0,0,1,Weekly pay - gross,1,item,0,0,2,Median,2,item,0,0,20100,Value,403.3,A,Normal Value,F,Free (free for publication),Nm-30d1d32048e0d2021654698d8d1d2d20100,782,2290,Wales,W92000004
NM_30_1,2003,2003,2003,date,0,1,2021654698,Vale of Glamorgan,W06000014,pre-2009 local authorities: county / unitary,482,162,8,Full Time Workers,8,sex,0,0,1,Weekly pay - gross,1,item,0,0,2,Median,2,item,0,0,20701,Confidence,8.5,A,Normal Value,F,Free (free for publication),Nm-30d1d32048e0d2021654698d8d1d2d20701,783,2290,Wales,W92000004
NM_30_1,2003,2003,2003,date,0,1,2021654682,Cardiff,W06000015,pre-2009 local authorities: county / unitary,482,163,8,Full Time Workers,8,sex,0,0,1,Weekly pay - gross,1,item,0,0,2,Median,2,item,0,0,20100,Value,386.4,A,Normal Value,F,Free (free for publication),Nm-30d1d32048e0d2021654682d8d1d2d20100,784,2290,Wales,W92000004
NM_30_1,2003,2003,2003,date,0,1,2021654682,Cardiff,W06000015,pre-2009 local authorities: county / unitary,482,163,8,Full Time Workers,8,sex,0,0,1,Weekly pay - gross,1,item,0,0,2,Median,2,item,0,0,20701,Confidence,4.6,A,Normal Value,F,Free (free for publication),Nm-30d1d32048e0d2021654682d8d1d2d20701,785,2290,Wales,W92000004
NM_30_1,2003,2003,2003,date,0,1,2021654695,"Rhondda, Cynon, Taff",W06000016,pre-2009 local authorities: county / unitary,482,164,8,Full Time Workers,8,sex,0,0,1,Weekly pay - gross,1,item,0,0,2,Median,2,item,0,0,20100,Value,347.7,A,Normal Value,F,Free (free for publication),Nm-30d1d32048e0d2021654695d8d1d2d20100,786,2290,Wales,W92000004
NM_30_1,2003,2003,2003,date,0,1,2021654695,"Rhondda, Cynon, Taff",W06000016,pre-2009 local authorities: county / unitary,482,164,8,Full Time Workers,8,sex,0,0,1,Weekly pay - gross,1,item,0,0,2,Median,2,item,0,0,20701,Confidence,4.7,A,Normal Value,F,Free (free for publication),Nm-30d1d32048e0d2021654695d8d1d2d20701,787,2290,Wales,W92000004
NM_30_1,2003,2003,2003,date,0,1,2021654689,Merthyr Tydfil,W06000024,pre-2009 local authorities: county / unitary,482,165,8,Full Time Workers,8,sex,0,0,1,Weekly pay - gross,1,item,0,0,2,Median,2,item,0,0,20100,Value,324.9,A,Normal Value,F,Free (free for publication),Nm-30d1d32048e0d2021654689d8d1d2d20100,788,2290,Wales,W92000004
NM_30_1,2003,2003,2003,date,0,1,2021654689,Merthyr Tydfil,W06000024,pre-2009 local authorities: county / unitary,482,165,8,Full Time Workers,8,sex,0,0,1,Weekly pay - gross,1,item,0,0,2,Median,2,item,0,0,20701,Confidence,9.5,A,Normal Value,F,Free (free for publication),Nm-30d1d32048e0d2021654689d8d1d2d20701,789,2290,Wales,W92000004
NM_30_1,2003,2003,2003,date,0,1,2021654681,Caerphilly,W06000018,pre-2009 local authorities: county / unitary,482,166,8,Full Time Workers,8,sex,0,0,1,Weekly pay - gross,1,item,0,0,2,Median,2,item,0,0,20100,Value,329.0,A,Normal Value,F,Free (free for publication),Nm-30d1d32048e0d2021654681d8d1d2d20100,790,2290,Wales,W92000004
NM_30_1,2003,2003,2003,date,0,1,2021654681,Caerphilly,W06000018,pre-2009 local authorities: county / unitary,482,166,8,Full Time Workers,8,sex,0,0,1,Weekly pay - gross,1,item,0,0,2,Median,2,item,0,0,20701,Confidence,5.7,A,Normal Value,F,Free (free for publication),Nm-30d1d32048e0d2021654681d8d1d2d20701,791,2290,Wales,W92000004
NM_30_1,2003,2003,2003,date,0,1,2021654679,Blaenau Gwent,W06000019,pre-2009 local authorities: county / unitary,482,167,8,Full Time Workers,8,sex,0,0,1,Weekly pay - gross,1,item,0,0,2,Median,2,item,0,0,20100,Value,312.7,A,Normal Value,F,Free (free for publication),Nm-30d1d32048e0d2021654679d8d1d2d20100,792,2290,Wales,W92000004
NM_30_1,2003,2003,2003,date,0,1,2021654679,Blaenau Gwent,W06000019,pre-2009 local authorities: county / unitary,482,167,8,Full Time Workers,8,sex,0,0,1,Weekly pay - gross,1,item,0,0,2,Median,2,item,0,0,20701,Confidence,7.8,A,Normal Value,F,Free (free for publication),Nm-30d1d32048e0d2021654679d8d1d2d20701,793,2290,Wales,W92000004
NM_30_1,2003,2003,2003,date,0,1,2021654697,Torfaen,W06000020,pre-2009 local authorities: county / unitary,482,168,8,Full Time Workers,8,sex,0,0,1,Weekly pay - gross,1,item,0,0,2,Median,2,item,0,0,20100,Value,366.9,A,Normal Value,F,Free (free for publication),Nm-30d1d32048e0d2021654697d8d1d2d20100,794,2290,Wales,W92000004
NM_30_1,2003,2003,2003,date,0,1,2021654697,Torfaen,W06000020,pre-2009 local authorities: county / unitary,482,168,8,Full Time Workers,8,sex,0,0,1,Weekly pay - gross,1,item,0,0,2,Median,2,item,0,0,20701,Confidence,7.1,A,Normal Value,F,Free (free for publication),Nm-30d1d32048e0d2021654697d8d1d2d20701,795,2290,Wales,W92000004
NM_30_1,2003,2003,2003,date,0,1,2021654690,Monmouthshire,W06000021,pre-2009 local authorities: county / unitary,482,169,8,Full Time Workers,8,sex,0,0,1,Weekly pay - gross,1,item,0,0,2,Median,2,item,0,0,20100,Value,425.4,A,Normal Value,F,Free (free for publication),Nm-30d1d32048e0d2021654690d8d1d2d20100,796,2290,Wales,W92000004
NM_30_1,2003,2003,2003,date,0,1,2021654690,Monmouthshire,W06000021,pre-2009 local authorities: county / unitary,482,169,8,Full Time Workers,8,sex,0,0,1,Weekly pay - gross,1,item,0,0,2,Median,2,item,0,0,20701,Confidence,9.0,A,Normal Value,F,Free (free for publication),Nm-30d1d32048e0d2021654690d8d1d2d20701,797,2290,Wales,W92000004
NM_30_1,2003,2003,2003,date,0,1,2021654692,Newport,W06000022,pre-2009 local authorities: county / unitary,482,170,8,Full Time Workers,8,sex,0,0,1,Weekly pay - gross,1,item,0,0,2,Median,2,item,0,0,20100,Value,404.0,A,Normal Value,F,Free (free for publication),Nm-30d1d32048e0d2021654692d8d1d2d20100,798,2290,Wales,W92000004
NM_30_1,2003,2003,2003,date,0,1,2021654692,Newport,W06000022,pre-2009 local authorities: county / unitary,482,170,8,Full Time Workers,8,sex,0,0,1,Weekly pay - gross,1,item,0,0,2,Median,2,item,0,0,20701,Confidence,5.9,A,Normal Value,F,Free (free for publication),Nm-30d1d32048e0d2021654692d8d1d2d20701,799,2290,Wales,W92000004
NM_30_1,2003,2003,2003,date,0,1,2021654700,Aberdeen City,S12000033,pre-2009 local authorities: county / unitary,482,171,8,Full Time Workers,8,sex,0,0,1,Weekly pay - gross,1,item,0,0,2,Median,2,item,0,0,20100,Value,408.9,A,Normal Value,F,Free (free for publication),Nm-30d1d32048e0d2021654700d8d1d2d20100,800,2290,,
NM_30_1,2003,2003,2003,date,0,1,2021654700,Aberdeen City,S12000033,pre-2009 local authorities: county / unitary,482,171,8,Full Time Workers,8,sex,0,0,1,Weekly pay - gross,1,item,0,0,2,Median,2,item,0,0,20701,Confidence,5.3,A,Normal Value,F,Free (free for publication),Nm-30d1d32048e0d2021654700d8d1d2d20701,801,2290,,
NM_30_1,2003,2003,2003,date,0,1,2021654701,Aberdeenshire,S12000034,pre-2009 local authorities: county / unitary,482,172,8,Full Time Workers,8,sex,0,0,1,Weekly pay - gross,1,item,0,0,2,Median,2,item,0,0,20100,Value,421.7,A,Normal Value,F,Free (free for publication),Nm-30d1d32048e0d2021654701d8d1d2d20100,802,2290,,
NM_30_1,2003,2003,2003,date,0,1,2021654701,Aberdeenshire,S12000034,pre-2009 local authorities: county / unitary,482,172,8,Full Time Workers,8,sex,0,0,1,Weekly pay - gross,1,item,0,0,2,Median,2,item,0,0,20701,Confidence,5.1,A,Normal Value,F,Free (free for publication),Nm-30d1d32048e0d2021654701d8d1d2d20701,803,2290,,
NM_30_1,2003,2003,2003,date,0,1,2021654702,Angus,S12000041,pre-2009 local authorities: county / unitary,482,173,8,Full Time Workers,8,sex,0,0,1,Weekly pay - gross,1,item,0,0,2,Median,2,item,0,0,20100,Value,376.1,A,Normal Value,F,Free (free for publication),Nm-30d1d32048e0d2021654702d8d1d2d20100,804,2290,,
NM_30_1,2003,2003,2003,date,0,1,2021654702,Angus,S12000041,pre-2009 local authorities: county / unitary,482,173,8,Full Time Workers,8,sex,0,0,1,Weekly pay - gross,1,item,0,0,2,Median,2,item,0,0,20701,Confidence,6.4,A,Normal Value,F,Free (free for publication),Nm-30d1d32048e0d2021654702d8d1d2d20701,805,2290,,
NM_30_1,2003,2003,2003,date,0,1,2021654703,Argyll and Bute,S12000035,pre-2009 local authorities: county / unitary,482,174,8,Full Time Workers,8,sex,0,0,1,Weekly pay - gross,1,item,0,0,2,Median,2,item,0,0,20100,Value,380.1,A,Normal Value,F,Free (free for publication),Nm-30d1d32048e0d2021654703d8d1d2d20100,806,2290,,
NM_30_1,2003,2003,2003,date,0,1,2021654703,Argyll and Bute,S12000035,pre-2009 local authorities: county / unitary,482,174,8,Full Time Workers,8,sex,0,0,1,Weekly pay - gross,1,item,0,0,2,Median,2,item,0,0,20701,Confidence,10.0,A,Normal Value,F,Free (free for publication),Nm-30d1d32048e0d2021654703d8d1d2d20701,807,2290,,
NM_30_1,2003,2003,2003,date,0,1,2021654704,Clackmannanshire,S12000005,pre-2009 local authorities: county / unitary,482,175,8,Full Time Workers,8,sex,0,0,1,Weekly pay - gross,1,item,0,0,2,Median,2,item,0,0,20100,Value,374.2,A,Normal Value,F,Free (free for publication),Nm-30d1d32048e0d2021654704d8d1d2d20100,808,2290,,
NM_30_1,2003,2003,2003,date,0,1,2021654704,Clackmannanshire,S12000005,pre-2009 local authorities: county / unitary,482,175,8,Full Time Workers,8,sex,0,0,1,Weekly pay - gross,1,item,0,0,2,Median,2,item,0,0,20701,Confidence,9.1,A,Normal Value,F,Free (free for publication),Nm-30d1d32048e0d2021654704d8d1d2d20701,809,2290,,
NM_30_1,2003,2003,2003,date,0,1,2021654706,Dumfries and Galloway,S12000006,pre-2009 local authorities: county / unitary,482,176,8,Full Time Workers,8,sex,0,0,1,Weekly pay - gross,1,item,0,0,2,Median,2,item,0,0,20100,Value,339.4,A,Normal Value,F,Free (free for publication),Nm-30d1d32048e0d2021654706d8d1d2d20100,810,2290,,
NM_30_1,2003,2003,2003,date,0,1,2021654706,Dumfries and Galloway,S12000006,pre-2009 local authorities: county / unitary,482,176,8,Full Time Workers,8,sex,0,0,1,Weekly pay - gross,1,item,0,0,2,Median,2,item,0,0,20701,Confidence,6.6,A,Normal Value,F,Free (free for publication),Nm-30d1d32048e0d2021654706d8d1d2d20701,811,2290,,
NM_30_1,2003,2003,2003,date,0,1,2021654707,Dundee City,S12000042,pre-2009 local authorities: county / unitary,482,177,8,Full Time Workers,8,sex,0,0,1,Weekly pay - gross,1,item,0,0,2,Median,2,item,0,0,20100,Value,348.3,A,Normal Value,F,Free (free for publication),Nm-30d1d32048e0d2021654707d8d1d2d20100,812,2290,,
NM_30_1,2003,2003,2003,date,0,1,2021654707,Dundee City,S12000042,pre-2009 local authorities: county / unitary,482,177,8,Full Time Workers,8,sex,0,0,1,Weekly pay - gross,1,item,0,0,2,Median,2,item,0,0,20701,Confidence,6.2,A,Normal Value,F,Free (free for publication),Nm-30d1d32048e0d2021654707d8d1d2d20701,813,2290,,
NM_30_1,2003,2003,2003,date,0,1,2021654708,East Ayrshire,S12000008,pre-2009 local authorities: county / unitary,482,178,8,Full Time Workers,8,sex,0,0,1,Weekly pay - gross,1,item,0,0,2,Median,2,item,0,0,20100,Value,402.2,A,Normal Value,F,Free (free for publication),Nm-30d1d32048e0d2021654708d8d1d2d20100,814,2290,,
NM_30_1,2003,2003,2003,date,0,1,2021654708,East Ayrshire,S12000008,pre-2009 local authorities: county / unitary,482,178,8,Full Time Workers,8,sex,0,0,1,Weekly pay - gross,1,item,0,0,2,Median,2,item,0,0,20701,Confidence,6.8,A,Normal Value,F,Free (free for publication),Nm-30d1d32048e0d2021654708d8d1d2d20701,815,2290,,
NM_30_1,2003,2003,2003,date,0,1,2021654709,East Dunbartonshire,S12000009,pre-2009 local authorities: county / unitary,482,179,8,Full Time Workers,8,sex,0,0,1,Weekly pay - gross,1,item,0,0,2,Median,2,item,0,0,20100,Value,479.9,A,Normal Value,F,Free (free for publication),Nm-30d1d32048e0d2021654709d8d1d2d20100,816,2290,,
NM_30_1,2003,2003,2003,date,0,1,2021654709,East Dunbartonshire,S12000009,pre-2009 local authorities: county / unitary,482,179,8,Full Time Workers,8,sex,0,0,1,Weekly pay - gross,1,item,0,0,2,Median,2,item,0,0,20701,Confidence,8.9,A,Normal Value,F,Free (free for publication),Nm-30d1d32048e0d2021654709d8d1d2d20701,817,2290,,
NM_30_1,2003,2003,2003,date,0,1,2021654710,East Lothian,S12000010,pre-2009 local authorities: county / unitary,482,180,8,Full Time Workers,8,sex,0,0,1,Weekly pay - gross,1,item,0,0,2,Median,2,item,0,0,20100,Value,390.0,A,Normal Value,F,Free (free for publication),Nm-30d1d32048e0d2021654710d8d1d2d20100,818,2290,,
NM_30_1,2003,2003,2003,date,0,1,2021654710,East Lothian,S12000010,pre-2009 local authorities: county / unitary,482,180,8,Full Time Workers,8,sex,0,0,1,Weekly pay - gross,1,item,0,0,2,Median,2,item,0,0,20701,Confidence,8.4,A,Normal Value,F,Free (free for publication),Nm-30d1d32048e0d2021654710d8d1d2d20701,819,2290,,
NM_30_1,2003,2003,2003,date,0,1,2021654711,East Renfrewshire,S12000011,pre-2009 local authorities: county / unitary,482,181,8,Full Time Workers,8,sex,0,0,1,Weekly pay - gross,1,item,0,0,2,Median,2,item,0,0,20100,Value,426.4,A,Normal Value,F,Free (free for publication),Nm-30d1d32048e0d2021654711d8d1d2d20100,820,2290,,
NM_30_1,2003,2003,2003,date,0,1,2021654711,East Renfrewshire,S12000011,pre-2009 local authorities: county / unitary,482,181,8,Full Time Workers,8,sex,0,0,1,Weekly pay - gross,1,item,0,0,2,Median,2,item,0,0,20701,Confidence,7.4,A,Normal Value,F,Free (free for publication),Nm-30d1d32048e0d2021654711d8d1d2d20701,821,2290,,
NM_30_1,2003,2003,2003,date,0,1,2021654712,"Edinburgh, City of",S12000036,pre-2009 local authorities: county / unitary,482,182,8,Full Time Workers,8,sex,0,0,1,Weekly pay - gross,1,item,0,0,2,Median,2,item,0,0,20100,Value,422.0,A,Normal Value,F,Free (free for publication),Nm-30d1d32048e0d2021654712d8d1d2d20100,822,2290,,
NM_30_1,2003,2003,2003,date,0,1,2021654712,"Edinburgh, City of",S12000036,pre-2009 local authorities: county / unitary,482,182,8,Full Time Workers,8,sex,0,0,1,Weekly pay - gross,1,item,0,0,2,Median,2,item,0,0,20701,Confidence,2.9,A,Normal Value,F,Free (free for publication),Nm-30d1d32048e0d2021654712d8d1d2d20701,823,2290,,
NM_30_1,2003,2003,2003,date,0,1,2021654705,Eilean Siar,S12000013,pre-2009 local authorities: county / unitary,482,183,8,Full Time Workers,8,sex,0,0,1,Weekly pay - gross,1,item,0,0,2,Median,2,item,0,0,20100,Value,355.4,A,Normal Value,F,Free (free for publication),Nm-30d1d32048e0d2021654705d8d1d2d20100,824,2290,,
NM_30_1,2003,2003,2003,date,0,1,2021654705,Eilean Siar,S12000013,pre-2009 local authorities: county / unitary,482,183,8,Full Time Workers,8,sex,0,0,1,Weekly pay - gross,1,item,0,0,2,Median,2,item,0,0,20701,Confidence,14.0,A,Normal Value,F,Free (free for publication),Nm-30d1d32048e0d2021654705d8d1d2d20701,825,2290,,
NM_30_1,2003,2003,2003,date,0,1,2021654713,Falkirk,S12000014,pre-2009 local authorities: county / unitary,482,184,8,Full Time Workers,8,sex,0,0,1,Weekly pay - gross,1,item,0,0,2,Median,2,item,0,0,20100,Value,378.3,A,Normal Value,F,Free (free for publication),Nm-30d1d32048e0d2021654713d8d1d2d20100,826,2290,,
NM_30_1,2003,2003,2003,date,0,1,2021654713,Falkirk,S12000014,pre-2009 local authorities: county / unitary,482,184,8,Full Time Workers,8,sex,0,0,1,Weekly pay - gross,1,item,0,0,2,Median,2,item,0,0,20701,Confidence,6.1,A,Normal Value,F,Free (free for publication),Nm-30d1d32048e0d2021654713d8d1d2d20701,827,2290,,
NM_30_1,2003,2003,2003,date,0,1,2021654714,Fife,S12000015,pre-2009 local authorities: county / unitary,482,185,8,Full Time Workers,8,sex,0,0,1,Weekly pay - gross,1,item,0,0,2,Median,2,item,0,0,20100,Value,365.0,A,Normal Value,F,Free (free for publication),Nm-30d1d32048e0d2021654714d8d1d2d20100,828,2290,,
NM_30_1,2003,2003,2003,date,0,1,2021654714,Fife,S12000015,pre-2009 local authorities: county / unitary,482,185,8,Full Time Workers,8,sex,0,0,1,Weekly pay - gross,1,item,0,0,2,Median,2,item,0,0,20701,Confidence,3.6,A,Normal Value,F,Free (free for publication),Nm-30d1d32048e0d2021654714d8d1d2d20701,829,2290,,
NM_30_1,2003,2003,2003,date,0,1,2021654715,Glasgow City,S12000043,pre-2009 local authorities: county / unitary,482,186,8,Full Time Workers,8,sex,0,0,1,Weekly pay - gross,1,item,0,0,2,Median,2,item,0,0,20100,Value,359.5,A,Normal Value,F,Free (free for publication),Nm-30d1d32048e0d2021654715d8d1d2d20100,830,2290,,
NM_30_1,2003,2003,2003,date,0,1,2021654715,Glasgow City,S12000043,pre-2009 local authorities: county / unitary,482,186,8,Full Time Workers,8,sex,0,0,1,Weekly pay - gross,1,item,0,0,2,Median,2,item,0,0,20701,Confidence,3.0,A,Normal Value,F,Free (free for publication),Nm-30d1d32048e0d2021654715d8d1d2d20701,831,2290,,
NM_30_1,2003,2003,2003,date,0,1,2021654716,Highland,S12000017,pre-2009 local authorities: county / unitary,482,187,8,Full Time Workers,8,sex,0,0,1,Weekly pay - gross,1,item,0,0,2,Median,2,item,0,0,20100,Value,352.5,A,Normal Value,F,Free (free for publication),Nm-30d1d32048e0d2021654716d8d1d2d20100,832,2290,,
NM_30_1,2003,2003,2003,date,0,1,2021654716,Highland,S12000017,pre-2009 local authorities: county / unitary,482,187,8,Full Time Workers,8,sex,0,0,1,Weekly pay - gross,1,item,0,0,2,Median,2,item,0,0,20701,Confidence,4.5,A,Normal Value,F,Free (free for publication),Nm-30d1d32048e0d2021654716d8d1d2d20701,833,2290,,
NM_30_1,2003,2003,2003,date,0,1,2021654717,Inverclyde,S12000018,pre-2009 local authorities: county / unitary,482,188,8,Full Time Workers,8,sex,0,0,1,Weekly pay - gross,1,item,0,0,2,Median,2,item,0,0,20100,Value,344.7,A,Normal Value,F,Free (free for publication),Nm-30d1d32048e0d2021654717d8d1d2d20100,834,2290,,
NM_30_1,2003,2003,2003,date,0,1,2021654717,Inverclyde,S12000018,pre-2009 local authorities: county / unitary,482,188,8,Full Time Workers,8,sex,0,0,1,Weekly pay - gross,1,item,0,0,2,Median,2,item,0,0,20701,Confidence,6.8,A,Normal Value,F,Free (free for publication),Nm-30d1d32048e0d2021654717d8d1d2d20701,835,2290,,
NM_30_1,2003,2003,2003,date,0,1,2021654718,Midlothian,S12000019,pre-2009 local authorities: county / unitary,482,189,8,Full Time Workers,8,sex,0,0,1,Weekly pay - gross,1,item,0,0,2,Median,2,item,0,0,20100,Value,341.0,A,Normal Value,F,Free (free for publication),Nm-30d1d32048e0d2021654718d8d1d2d20100,836,2290,,
NM_30_1,2003,2003,2003,date,0,1,2021654718,Midlothian,S12000019,pre-2009 local authorities: county / unitary,482,189,8,Full Time Workers,8,sex,0,0,1,Weekly pay - gross,1,item,0,0,2,Median,2,item,0,0,20701,Confidence,7.5,A,Normal Value,F,Free (free for publication),Nm-30d1d32048e0d2021654718d8d1d2d20701,837,2290,,
NM_30_1,2003,2003,2003,date,0,1,2021654719,Moray,S12000020,pre-2009 local authorities: county / unitary,482,190,8,Full Time Workers,8,sex,0,0,1,Weekly pay - gross,1,item,0,0,2,Median,2,item,0,0,20100,Value,331.1,A,Normal Value,F,Free (free for publication),Nm-30d1d32048e0d2021654719d8d1d2d20100,838,2290,,
NM_30_1,2003,2003,2003,date,0,1,2021654719,Moray,S12000020,pre-2009 local authorities: county / unitary,482,190,8,Full Time Workers,8,sex,0,0,1,Weekly pay - gross,1,item,0,0,2,Median,2,item,0,0,20701,Confidence,7.6,A,Normal Value,F,Free (free for publication),Nm-30d1d32048e0d2021654719d8d1d2d20701,839,2290,,
NM_30_1,2003,2003,2003,date,0,1,2021654720,North Ayrshire,S12000021,pre-2009 local authorities: county / unitary,482,191,8,Full Time Workers,8,sex,0,0,1,Weekly pay - gross,1,item,0,0,2,Median,2,item,0,0,20100,Value,371.4,A,Normal Value,F,Free (free for publication),Nm-30d1d32048e0d2021654720d8d1d2d20100,840,2290,,
NM_30_1,2003,2003,2003,date,0,1,2021654720,North Ayrshire,S12000021,pre-2009 local authorities: county / unitary,482,191,8,Full Time Workers,8,sex,0,0,1,Weekly pay - gross,1,item,0,0,2,Median,2,item,0,0,20701,Confidence,5.6,A,Normal Value,F,Free (free for publication),Nm-30d1d32048e0d2021654720d8d1d2d20701,841,2290,,
NM_30_1,2003,2003,2003,date,0,1,2021654721,North Lanarkshire,S12000044,pre-2009 local authorities: county / unitary,482,192,8,Full Time Workers,8,sex,0,0,1,Weekly pay - gross,1,item,0,0,2,Median,2,item,0,0,20100,Value,361.9,A,Normal Value,F,Free (free for publication),Nm-30d1d32048e0d2021654721d8d1d2d20100,842,2290,,
NM_30_1,2003,2003,2003,date,0,1,2021654721,North Lanarkshire,S12000044,pre-2009 local authorities: county / unitary,482,192,8,Full Time Workers,8,sex,0,0,1,Weekly pay - gross,1,item,0,0,2,Median,2,item,0,0,20701,Confidence,3.6,A,Normal Value,F,Free (free for publication),Nm-30d1d32048e0d2021654721d8d1d2d20701,843,2290,,
NM_30_1,2003,2003,2003,date,0,1,2021654722,Orkney Islands,S12000023,pre-2009 local authorities: county / unitary,482,193,8,Full Time Workers,8,sex,0,0,1,Weekly pay - gross,1,item,0,0,2,Median,2,item,0,0,20100,Value,,B,These figures are suppressed as statistically unreliable,F,Free (free for publication),Nm-30d1d32048e0d2021654722d8d1d2d20100,844,2290,,
NM_30_1,2003,2003,2003,date,0,1,2021654722,Orkney Islands,S12000023,pre-2009 local authorities: county / unitary,482,193,8,Full Time Workers,8,sex,0,0,1,Weekly pay - gross,1,item,0,0,2,Median,2,item,0,0,20701,Confidence,,B,These figures are suppressed as statistically unreliable,F,Free (free for publication),Nm-30d1d32048e0d2021654722d8d1d2d20701,845,2290,,
NM_30_1,2003,2003,2003,date,0,1,2021654723,Perthshire and Kinross,S12000024,pre-2009 local authorities: county / unitary,482,194,8,Full Time Workers,8,sex,0,0,1,Weekly pay - gross,1,item,0,0,2,Median,2,item,0,0,20100,Value,398.4,A,Normal Value,F,Free (free for publication),Nm-30d1d32048e0d2021654723d8d1d2d20100,846,2290,,
NM_30_1,2003,2003,2003,date,0,1,2021654723,Perthshire and Kinross,S12000024,pre-2009 local authorities: county / unitary,482,194,8,Full Time Workers,8,sex,0,0,1,Weekly pay - gross,1,item,0,0,2,Median,2,item,0,0,20701,Confidence,6.8,A,Normal Value,F,Free (free for publication),Nm-30d1d32048e0d2021654723d8d1d2d20701,847,2290,,
NM_30_1,2003,2003,2003,date,0,1,2021654724,Renfrewshire,S12000038,pre-2009 local authorities: county / unitary,482,195,8,Full Time Workers,8,sex,0,0,1,Weekly pay - gross,1,item,0,0,2,Median,2,item,0,0,20100,Value,384.8,A,Normal Value,F,Free (free for publication),Nm-30d1d32048e0d2021654724d8d1d2d20100,848,2290,,
NM_30_1,2003,2003,2003,date,0,1,2021654724,Renfrewshire,S12000038,pre-2009 local authorities: county / unitary,482,195,8,Full Time Workers,8,sex,0,0,1,Weekly pay - gross,1,item,0,0,2,Median,2,item,0,0,20701,Confidence,5.7,A,Normal Value,F,Free (free for publication),Nm-30d1d32048e0d2021654724d8d1d2d20701,849,2290,,
NM_30_1,2003,2003,2003,date,0,1,2021654725,Scottish Borders,S12000026,pre-2009 local authorities: county / unitary,482,196,8,Full Time Workers,8,sex,0,0,1,Weekly pay - gross,1,item,0,0,2,Median,2,item,0,0,20100,Value,343.4,A,Normal Value,F,Free (free for publication),Nm-30d1d32048e0d2021654725d8d1d2d20100,850,2290,,
NM_30_1,2003,2003,2003,date,0,1,2021654725,Scottish Borders,S12000026,pre-2009 local authorities: county / unitary,482,196,8,Full Time Workers,8,sex,0,0,1,Weekly pay - gross,1,item,0,0,2,Median,2,item,0,0,20701,Confidence,6.8,A,Normal Value,F,Free (free for publication),Nm-30d1d32048e0d2021654725d8d1d2d20701,851,2290,,
NM_30_1,2003,2003,2003,date,0,1,2021654726,Shetland Islands,S12000027,pre-2009 local authorities: county / unitary,482,197,8,Full Time Workers,8,sex,0,0,1,Weekly pay - gross,1,item,0,0,2,Median,2,item,0,0,20100,Value,422.1,A,Normal Value,F,Free (free for publication),Nm-30d1d32048e0d2021654726d8d1d2d20100,852,2290,,
NM_30_1,2003,2003,2003,date,0,1,2021654726,Shetland Islands,S12000027,pre-2009 local authorities: county / unitary,482,197,8,Full Time Workers,8,sex,0,0,1,Weekly pay - gross,1,item,0,0,2,Median,2,item,0,0,20701,Confidence,15.0,A,Normal Value,F,Free (free for publication),Nm-30d1d32048e0d2021654726d8d1d2d20701,853,2290,,
NM_30_1,2003,2003,2003,date,0,1,2021654727,South Ayrshire,S12000028,pre-2009 local authorities: county / unitary,482,198,8,Full Time Workers,8,sex,0,0,1,Weekly pay - gross,1,item,0,0,2,Median,2,item,0,0,20100,Value,442.7,A,Normal Value,F,Free (free for publication),Nm-30d1d32048e0d2021654727d8d1d2d20100,854,2290,,
NM_30_1,2003,2003,2003,date,0,1,2021654727,South Ayrshire,S12000028,pre-2009 local authorities: county / unitary,482,198,8,Full Time Workers,8,sex,0,0,1,Weekly pay - gross,1,item,0,0,2,Median,2,item,0,0,20701,Confidence,7.6,A,Normal Value,F,Free (free for publication),Nm-30d1d32048e0d2021654727d8d1d2d20701,855,2290,,
NM_30_1,2003,2003,2003,date,0,1,2021654728,South Lanarkshire,S12000029,pre-2009 local authorities: county / unitary,482,199,8,Full Time Workers,8,sex,0,0,1,Weekly pay - gross,1,item,0,0,2,Median,2,item,0,0,20100,Value,389.6,A,Normal Value,F,Free (free for publication),Nm-30d1d32048e0d2021654728d8d1d2d20100,856,2290,,
NM_30_1,2003,2003,2003,date,0,1,2021654728,South Lanarkshire,S12000029,pre-2009 local authorities: county / unitary,482,199,8,Full Time Workers,8,sex,0,0,1,Weekly pay - gross,1,item,0,0,2,Median,2,item,0,0,20701,Confidence,3.9,A,Normal Value,F,Free (free for publication),Nm-30d1d32048e0d2021654728d8d1d2d20701,857,2290,,
NM_30_1,2003,2003,2003,date,0,1,2021654729,Stirling,S12000030,pre-2009 local authorities: county / unitary,482,200,8,Full Time Workers,8,sex,0,0,1,Weekly pay - gross,1,item,0,0,2,Median,2,item,0,0,20100,Value,428.4,A,Normal Value,F,Free (free for publication),Nm-30d1d32048e0d2021654729d8d1d2d20100,858,2290,,
NM_30_1,2003,2003,2003,date,0,1,2021654729,Stirling,S12000030,pre-2009 local authorities: county / unitary,482,200,8,Full Time Workers,8,sex,0,0,1,Weekly pay - gross,1,item,0,0,2,Median,2,item,0,0,20701,Confidence,8.0,A,Normal Value,F,Free (free for publication),Nm-30d1d32048e0d2021654729d8d1d2d20701,859,2290,,
NM_30_1,2003,2003,2003,date,0,1,2021654730,West Dunbartonshire,S12000039,pre-2009 local authorities: county / unitary,482,201,8,Full Time Workers,8,sex,0,0,1,Weekly pay - gross,1,item,0,0,2,Median,2,item,0,0,20100,Value,358.2,A,Normal Value,F,Free (free for publication),Nm-30d1d32048e0d2021654730d8d1d2d20100,860,2290,,
NM_30_1,2003,2003,2003,date,0,1,2021654730,West Dunbartonshire,S12000039,pre-2009 local authorities: county / unitary,482,201,8,Full Time Workers,8,sex,0,0,1,Weekly pay - gross,1,item,0,0,2,Median,2,item,0,0,20701,Confidence,10.0,A,Normal Value,F,Free (free for publication),Nm-30d1d32048e0d2021654730d8d1d2d20701,861,2290,,
NM_30_1,2003,2003,2003,date,0,1,2021654731,West Lothian,S12000040,pre-2009 local authorities: county / unitary,482,202,8,Full Time Workers,8,sex,0,0,1,Weekly pay - gross,1,item,0,0,2,Median,2,item,0,0,20100,Value,356.1,A,Normal Value,F,Free (free for publication),Nm-30d1d32048e0d2021654731d8d1d2d20100,862,2290,,
NM_30_1,2003,2003,2003,date,0,1,2021654731,West Lothian,S12000040,pre-2009 local authorities: county / unitary,482,202,8,Full Time Workers,8,sex,0,0,1,Weekly pay - gross,1,item,0,0,2,Median,2,item,0,0,20701,Confidence,4.7,A,Normal Value,F,Free (free for publication),Nm-30d1d32048e0d2021654731d8d1d2d20701,863,2290,,
NM_30_1,2003,2003,2003,date,0,1,2021654732,Antrim,95T,pre-2009 local authorities: county / unitary,482,203,8,Full Time Workers,8,sex,0,0,1,Weekly pay - gross,1,item,0,0,2,Median,2,item,0,0,20100,Value,,Q,These figures are missing.,F,Free (free for publication),Nm-30d1d32048e0d2021654732d8d1d2d20100,864,2290,,
NM_30_1,2003,2003,2003,date,0,1,2021654732,Antrim,95T,pre-2009 local authorities: county / unitary,482,203,8,Full Time Workers,8,sex,0,0,1,Weekly pay - gross,1,item,0,0,2,Median,2,item,0,0,20701,Confidence,,Q,These figures are missing.,F,Free (free for publication),Nm-30d1d32048e0d2021654732d8d1d2d20701,865,2290,,
NM_30_1,2003,2003,2003,date,0,1,2021654733,Ards,95X,pre-2009 local authorities: county / unitary,482,204,8,Full Time Workers,8,sex,0,0,1,Weekly pay - gross,1,item,0,0,2,Median,2,item,0,0,20100,Value,,Q,These figures are missing.,F,Free (free for publication),Nm-30d1d32048e0d2021654733d8d1d2d20100,866,2290,,
NM_30_1,2003,2003,2003,date,0,1,2021654733,Ards,95X,pre-2009 local authorities: county / unitary,482,204,8,Full Time Workers,8,sex,0,0,1,Weekly pay - gross,1,item,0,0,2,Median,2,item,0,0,20701,Confidence,,Q,These figures are missing.,F,Free (free for publication),Nm-30d1d32048e0d2021654733d8d1d2d20701,867,2290,,
NM_30_1,2003,2003,2003,date,0,1,2021654734,Armagh,95O,pre-2009 local authorities: county / unitary,482,205,8,Full Time Workers,8,sex,0,0,1,Weekly pay - gross,1,item,0,0,2,Median,2,item,0,0,20100,Value,,Q,These figures are missing.,F,Free (free for publication),Nm-30d1d32048e0d2021654734d8d1d2d20100,868,2290,,
NM_30_1,2003,2003,2003,date,0,1,2021654734,Armagh,95O,pre-2009 local authorities: county / unitary,482,205,8,Full Time Workers,8,sex,0,0,1,Weekly pay - gross,1,item,0,0,2,Median,2,item,0,0,20701,Confidence,,Q,These figures are missing.,F,Free (free for publication),Nm-30d1d32048e0d2021654734d8d1d2d20701,869,2290,,
NM_30_1,2003,2003,2003,date,0,1,2021654735,Ballymena,95G,pre-2009 local authorities: county / unitary,482,206,8,Full Time Workers,8,sex,0,0,1,Weekly pay - gross,1,item,0,0,2,Median,2,item,0,0,20100,Value,,Q,These figures are missing.,F,Free (free for publication),Nm-30d1d32048e0d2021654735d8d1d2d20100,870,2290,,
NM_30_1,2003,2003,2003,date,0,1,2021654735,Ballymena,95G,pre-2009 local authorities: county / unitary,482,206,8,Full Time Workers,8,sex,0,0,1,Weekly pay - gross,1,item,0,0,2,Median,2,item,0,0,20701,Confidence,,Q,These figures are missing.,F,Free (free for publication),Nm-30d1d32048e0d2021654735d8d1d2d20701,871,2290,,
NM_30_1,2003,2003,2003,date,0,1,2021654736,Ballymoney,95D,pre-2009 local authorities: county / unitary,482,207,8,Full Time Workers,8,sex,0,0,1,Weekly pay - gross,1,item,0,0,2,Median,2,item,0,0,20100,Value,,Q,These figures are missing.,F,Free (free for publication),Nm-30d1d32048e0d2021654736d8d1d2d20100,872,2290,,
NM_30_1,2003,2003,2003,date,0,1,2021654736,Ballymoney,95D,pre-2009 local authorities: county / unitary,482,207,8,Full Time Workers,8,sex,0,0,1,Weekly pay - gross,1,item,0,0,2,Median,2,item,0,0,20701,Confidence,,Q,These figures are missing.,F,Free (free for publication),Nm-30d1d32048e0d2021654736d8d1d2d20701,873,2290,,
NM_30_1,2003,2003,2003,date,0,1,2021654737,Banbridge,95Q,pre-2009 local authorities: county / unitary,482,208,8,Full Time Workers,8,sex,0,0,1,Weekly pay - gross,1,item,0,0,2,Median,2,item,0,0,20100,Value,,Q,These figures are missing.,F,Free (free for publication),Nm-30d1d32048e0d2021654737d8d1d2d20100,874,2290,,
NM_30_1,2003,2003,2003,date,0,1,2021654737,Banbridge,95Q,pre-2009 local authorities: county / unitary,482,208,8,Full Time Workers,8,sex,0,0,1,Weekly pay - gross,1,item,0,0,2,Median,2,item,0,0,20701,Confidence,,Q,These figures are missing.,F,Free (free for publication),Nm-30d1d32048e0d2021654737d8d1d2d20701,875,2290,,
NM_30_1,2003,2003,2003,date,0,1,2021654738,Belfast,95Z,pre-2009 local authorities: county / unitary,482,209,8,Full Time Workers,8,sex,0,0,1,Weekly pay - gross,1,item,0,0,2,Median,2,item,0,0,20100,Value,,Q,These figures are missing.,F,Free (free for publication),Nm-30d1d32048e0d2021654738d8d1d2d20100,876,2290,,
NM_30_1,2003,2003,2003,date,0,1,2021654738,Belfast,95Z,pre-2009 local authorities: county / unitary,482,209,8,Full Time Workers,8,sex,0,0,1,Weekly pay - gross,1,item,0,0,2,Median,2,item,0,0,20701,Confidence,,Q,These figures are missing.,F,Free (free for publication),Nm-30d1d32048e0d2021654738d8d1d2d20701,877,2290,,
NM_30_1,2003,2003,2003,date,0,1,2021654739,Carrickfergus,95V,pre-2009 local authorities: county / unitary,482,210,8,Full Time Workers,8,sex,0,0,1,Weekly pay - gross,1,item,0,0,2,Median,2,item,0,0,20100,Value,,Q,These figures are missing.,F,Free (free for publication),Nm-30d1d32048e0d2021654739d8d1d2d20100,878,2290,,
NM_30_1,2003,2003,2003,date,0,1,2021654739,Carrickfergus,95V,pre-2009 local authorities: county / unitary,482,210,8,Full Time Workers,8,sex,0,0,1,Weekly pay - gross,1,item,0,0,2,Median,2,item,0,0,20701,Confidence,,Q,These figures are missing.,F,Free (free for publication),Nm-30d1d32048e0d2021654739d8d1d2d20701,879,2290,,
NM_30_1,2003,2003,2003,date,0,1,2021654740,Castlereagh,95Y,pre-2009 local authorities: county / unitary,482,211,8,Full Time Workers,8,sex,0,0,1,Weekly pay - gross,1,item,0,0,2,Median,2,item,0,0,20100,Value,,Q,These figures are missing.,F,Free (free for publication),Nm-30d1d32048e0d2021654740d8d1d2d20100,880,2290,,
NM_30_1,2003,2003,2003,date,0,1,2021654740,Castlereagh,95Y,pre-2009 local authorities: county / unitary,482,211,8,Full Time Workers,8,sex,0,0,1,Weekly pay - gross,1,item,0,0,2,Median,2,item,0,0,20701,Confidence,,Q,These figures are missing.,F,Free (free for publication),Nm-30d1d32048e0d2021654740d8d1d2d20701,881,2290,,
NM_30_1,2003,2003,2003,date,0,1,2021654741,Coleraine,95C,pre-2009 local authorities: county / unitary,482,212,8,Full Time Workers,8,sex,0,0,1,Weekly pay - gross,1,item,0,0,2,Median,2,item,0,0,20100,Value,,Q,These figures are missing.,F,Free (free for publication),Nm-30d1d32048e0d2021654741d8d1d2d20100,882,2290,,
NM_30_1,2003,2003,2003,date,0,1,2021654741,Coleraine,95C,pre-2009 local authorities: county / unitary,482,212,8,Full Time Workers,8,sex,0,0,1,Weekly pay - gross,1,item,0,0,2,Median,2,item,0,0,20701,Confidence,,Q,These figures are missing.,F,Free (free for publication),Nm-30d1d32048e0d2021654741d8d1d2d20701,883,2290,,
NM_30_1,2003,2003,2003,date,0,1,2021654742,Cookstown,95I,pre-2009 local authorities: county / unitary,482,213,8,Full Time Workers,8,sex,0,0,1,Weekly pay - gross,1,item,0,0,2,Median,2,item,0,0,20100,Value,,Q,These figures are missing.,F,Free (free for publication),Nm-30d1d32048e0d2021654742d8d1d2d20100,884,2290,,
NM_30_1,2003,2003,2003,date,0,1,2021654742,Cookstown,95I,pre-2009 local authorities: county / unitary,482,213,8,Full Time Workers,8,sex,0,0,1,Weekly pay - gross,1,item,0,0,2,Median,2,item,0,0,20701,Confidence,,Q,These figures are missing.,F,Free (free for publication),Nm-30d1d32048e0d2021654742d8d1d2d20701,885,2290,,
NM_30_1,2003,2003,2003,date,0,1,2021654743,Craigavon,95N,pre-2009 local authorities: county / unitary,482,214,8,Full Time Workers,8,sex,0,0,1,Weekly pay - gross,1,item,0,0,2,Median,2,item,0,0,20100,Value,,Q,These figures are missing.,F,Free (free for publication),Nm-30d1d32048e0d2021654743d8d1d2d20100,886,2290,,
NM_30_1,2003,2003,2003,date,0,1,2021654743,Craigavon,95N,pre-2009 local authorities: county / unitary,482,214,8,Full Time Workers,8,sex,0,0,1,Weekly pay - gross,1,item,0,0,2,Median,2,item,0,0,20701,Confidence,,Q,These figures are missing.,F,Free (free for publication),Nm-30d1d32048e0d2021654743d8d1d2d20701,887,2290,,
NM_30_1,2003,2003,2003,date,0,1,2021654744,Derry,95A,pre-2009 local authorities: county / unitary,482,215,8,Full Time Workers,8,sex,0,0,1,Weekly pay - gross,1,item,0,0,2,Median,2,item,0,0,20100,Value,,Q,These figures are missing.,F,Free (free for publication),Nm-30d1d32048e0d2021654744d8d1d2d20100,888,2290,,
NM_30_1,2003,2003,2003,date,0,1,2021654744,Derry,95A,pre-2009 local authorities: county / unitary,482,215,8,Full Time Workers,8,sex,0,0,1,Weekly pay - gross,1,item,0,0,2,Median,2,item,0,0,20701,Confidence,,Q,These figures are missing.,F,Free (free for publication),Nm-30d1d32048e0d2021654744d8d1d2d20701,889,2290,,
NM_30_1,2003,2003,2003,date,0,1,2021654745,Down,95R,pre-2009 local authorities: county / unitary,482,216,8,Full Time Workers,8,sex,0,0,1,Weekly pay - gross,1,item,0,0,2,Median,2,item,0,0,20100,Value,,Q,These figures are missing.,F,Free (free for publication),Nm-30d1d32048e0d2021654745d8d1d2d20100,890,2290,,
NM_30_1,2003,2003,2003,date,0,1,2021654745,Down,95R,pre-2009 local authorities: county / unitary,482,216,8,Full Time Workers,8,sex,0,0,1,Weekly pay - gross,1,item,0,0,2,Median,2,item,0,0,20701,Confidence,,Q,These figures are missing.,F,Free (free for publication),Nm-30d1d32048e0d2021654745d8d1d2d20701,891,2290,,
NM_30_1,2003,2003,2003,date,0,1,2021654746,Dungannon,95M,pre-2009 local authorities: county / unitary,482,217,8,Full Time Workers,8,sex,0,0,1,Weekly pay - gross,1,item,0,0,2,Median,2,item,0,0,20100,Value,,Q,These figures are missing.,F,Free (free for publication),Nm-30d1d32048e0d2021654746d8d1d2d20100,892,2290,,
NM_30_1,2003,2003,2003,date,0,1,2021654746,Dungannon,95M,pre-2009 local authorities: county / unitary,482,217,8,Full Time Workers,8,sex,0,0,1,Weekly pay - gross,1,item,0,0,2,Median,2,item,0,0,20701,Confidence,,Q,These figures are missing.,F,Free (free for publication),Nm-30d1d32048e0d2021654746d8d1d2d20701,893,2290,,
NM_30_1,2003,2003,2003,date,0,1,2021654747,Fermanagh,95L,pre-2009 local authorities: county / unitary,482,218,8,Full Time Workers,8,sex,0,0,1,Weekly pay - gross,1,item,0,0,2,Median,2,item,0,0,20100,Value,,Q,These figures are missing.,F,Free (free for publication),Nm-30d1d32048e0d2021654747d8d1d2d20100,894,2290,,
NM_30_1,2003,2003,2003,date,0,1,2021654747,Fermanagh,95L,pre-2009 local authorities: county / unitary,482,218,8,Full Time Workers,8,sex,0,0,1,Weekly pay - gross,1,item,0,0,2,Median,2,item,0,0,20701,Confidence,,Q,These figures are missing.,F,Free (free for publication),Nm-30d1d32048e0d2021654747d8d1d2d20701,895,2290,,
NM_30_1,2003,2003,2003,date,0,1,2021654748,Larne,95F,pre-2009 local authorities: county / unitary,482,219,8,Full Time Workers,8,sex,0,0,1,Weekly pay - gross,1,item,0,0,2,Median,2,item,0,0,20100,Value,,Q,These figures are missing.,F,Free (free for publication),Nm-30d1d32048e0d2021654748d8d1d2d20100,896,2290,,
NM_30_1,2003,2003,2003,date,0,1,2021654748,Larne,95F,pre-2009 local authorities: county / unitary,482,219,8,Full Time Workers,8,sex,0,0,1,Weekly pay - gross,1,item,0,0,2,Median,2,item,0,0,20701,Confidence,,Q,These figures are missing.,F,Free (free for publication),Nm-30d1d32048e0d2021654748d8d1d2d20701,897,2290,,
NM_30_1,2003,2003,2003,date,0,1,2021654749,Limavady,95B,pre-2009 local authorities: county / unitary,482,220,8,Full Time Workers,8,sex,0,0,1,Weekly pay - gross,1,item,0,0,2,Median,2,item,0,0,20100,Value,,Q,These figures are missing.,F,Free (free for publication),Nm-30d1d32048e0d2021654749d8d1d2d20100,898,2290,,
NM_30_1,2003,2003,2003,date,0,1,2021654749,Limavady,95B,pre-2009 local authorities: county / unitary,482,220,8,Full Time Workers,8,sex,0,0,1,Weekly pay - gross,1,item,0,0,2,Median,2,item,0,0,20701,Confidence,,Q,These figures are missing.,F,Free (free for publication),Nm-30d1d32048e0d2021654749d8d1d2d20701,899,2290,,
NM_30_1,2003,2003,2003,date,0,1,2021654750,Lisburn,95S,pre-2009 local authorities: county / unitary,482,221,8,Full Time Workers,8,sex,0,0,1,Weekly pay - gross,1,item,0,0,2,Median,2,item,0,0,20100,Value,,Q,These figures are missing.,F,Free (free for publication),Nm-30d1d32048e0d2021654750d8d1d2d20100,900,2290,,
NM_30_1,2003,2003,2003,date,0,1,2021654750,Lisburn,95S,pre-2009 local authorities: county / unitary,482,221,8,Full Time Workers,8,sex,0,0,1,Weekly pay - gross,1,item,0,0,2,Median,2,item,0,0,20701,Confidence,,Q,These figures are missing.,F,Free (free for publication),Nm-30d1d32048e0d2021654750d8d1d2d20701,901,2290,,
NM_30_1,2003,2003,2003,date,0,1,2021654751,Magherafelt,95H,pre-2009 local authorities: county / unitary,482,222,8,Full Time Workers,8,sex,0,0,1,Weekly pay - gross,1,item,0,0,2,Median,2,item,0,0,20100,Value,,Q,These figures are missing.,F,Free (free for publication),Nm-30d1d32048e0d2021654751d8d1d2d20100,902,2290,,
NM_30_1,2003,2003,2003,date,0,1,2021654751,Magherafelt,95H,pre-2009 local authorities: county / unitary,482,222,8,Full Time Workers,8,sex,0,0,1,Weekly pay - gross,1,item,0,0,2,Median,2,item,0,0,20701,Confidence,,Q,These figures are missing.,F,Free (free for publication),Nm-30d1d32048e0d2021654751d8d1d2d20701,903,2290,,
NM_30_1,2003,2003,2003,date,0,1,2021654752,Moyle,95E,pre-2009 local authorities: county / unitary,482,223,8,Full Time Workers,8,sex,0,0,1,Weekly pay - gross,1,item,0,0,2,Median,2,item,0,0,20100,Value,,Q,These figures are missing.,F,Free (free for publication),Nm-30d1d32048e0d2021654752d8d1d2d20100,904,2290,,
NM_30_1,2003,2003,2003,date,0,1,2021654752,Moyle,95E,pre-2009 local authorities: county / unitary,482,223,8,Full Time Workers,8,sex,0,0,1,Weekly pay - gross,1,item,0,0,2,Median,2,item,0,0,20701,Confidence,,Q,These figures are missing.,F,Free (free for publication),Nm-30d1d32048e0d2021654752d8d1d2d20701,905,2290,,
NM_30_1,2003,2003,2003,date,0,1,2021654753,Newry and Mourne,95P,pre-2009 local authorities: county / unitary,482,224,8,Full Time Workers,8,sex,0,0,1,Weekly pay - gross,1,item,0,0,2,Median,2,item,0,0,20100,Value,,Q,These figures are missing.,F,Free (free for publication),Nm-30d1d32048e0d2021654753d8d1d2d20100,906,2290,,
NM_30_1,2003,2003,2003,date,0,1,2021654753,Newry and Mourne,95P,pre-2009 local authorities: county / unitary,482,224,8,Full Time Workers,8,sex,0,0,1,Weekly pay - gross,1,item,0,0,2,Median,2,item,0,0,20701,Confidence,,Q,These figures are missing.,F,Free (free for publication),Nm-30d1d32048e0d2021654753d8d1d2d20701,907,2290,,
NM_30_1,2003,2003,2003,date,0,1,2021654754,Newtownabbey,95U,pre-2009 local authorities: county / unitary,482,225,8,Full Time Workers,8,sex,0,0,1,Weekly pay - gross,1,item,0,0,2,Median,2,item,0,0,20100,Value,,Q,These figures are missing.,F,Free (free for publication),Nm-30d1d32048e0d2021654754d8d1d2d20100,908,2290,,
NM_30_1,2003,2003,2003,date,0,1,2021654754,Newtownabbey,95U,pre-2009 local authorities: county / unitary,482,225,8,Full Time Workers,8,sex,0,0,1,Weekly pay - gross,1,item,0,0,2,Median,2,item,0,0,20701,Confidence,,Q,These figures are missing.,F,Free (free for publication),Nm-30d1d32048e0d2021654754d8d1d2d20701,909,2290,,
NM_30_1,2003,2003,2003,date,0,1,2021654755,North Down,95W,pre-2009 local authorities: county / unitary,482,226,8,Full Time Workers,8,sex,0,0,1,Weekly pay - gross,1,item,0,0,2,Median,2,item,0,0,20100,Value,,Q,These figures are missing.,F,Free (free for publication),Nm-30d1d32048e0d2021654755d8d1d2d20100,910,2290,,
NM_30_1,2003,2003,2003,date,0,1,2021654755,North Down,95W,pre-2009 local authorities: county / unitary,482,226,8,Full Time Workers,8,sex,0,0,1,Weekly pay - gross,1,item,0,0,2,Median,2,item,0,0,20701,Confidence,,Q,These figures are missing.,F,Free (free for publication),Nm-30d1d32048e0d2021654755d8d1d2d20701,911,2290,,
NM_30_1,2003,2003,2003,date,0,1,2021654756,Omagh,95K,pre-2009 local authorities: county / unitary,482,227,8,Full Time Workers,8,sex,0,0,1,Weekly pay - gross,1,item,0,0,2,Median,2,item,0,0,20100,Value,,Q,These figures are missing.,F,Free (free for publication),Nm-30d1d32048e0d2021654756d8d1d2d20100,912,2290,,
NM_30_1,2003,2003,2003,date,0,1,2021654756,Omagh,95K,pre-2009 local authorities: county / unitary,482,227,8,Full Time Workers,8,sex,0,0,1,Weekly pay - gross,1,item,0,0,2,Median,2,item,0,0,20701,Confidence,,Q,These figures are missing.,F,Free (free for publication),Nm-30d1d32048e0d2021654756d8d1d2d20701,913,2290,,
NM_30_1,2003,2003,2003,date,0,1,2021654757,Strabane,95J,pre-2009 local authorities: county / unitary,482,228,8,Full Time Workers,8,sex,0,0,1,Weekly pay - gross,1,item,0,0,2,Median,2,item,0,0,20100,Value,,Q,These figures are missing.,F,Free (free for publication),Nm-30d1d32048e0d2021654757d8d1d2d20100,914,2290,,
NM_30_1,2003,2003,2003,date,0,1,2021654757,Strabane,95J,pre-2009 local authorities: county / unitary,482,228,8,Full Time Workers,8,sex,0,0,1,Weekly pay - gross,1,item,0,0,2,Median,2,item,0,0,20701,Confidence,,Q,These figures are missing.,F,Free (free for publication),Nm-30d1d32048e0d2021654757d8d1d2d20701,915,2290,,
NM_30_1,2004,2004,2004,date,0,2,2021654666,Darlington,E06000005,pre-2009 local authorities: county / unitary,482,0,8,Full Time Workers,8,sex,0,0,1,Weekly pay - gross,1,item,0,0,2,Median,2,item,0,0,20100,Value,346.4,A,Normal Value,F,Free (free for publication),Nm-30d1d32064e1d2021654666d8d1d2d20100,916,2290,North East,E12000001
NM_30_1,2004,2004,2004,date,0,2,2021654666,Darlington,E06000005,pre-2009 local authorities: county / unitary,482,0,8,Full Time Workers,8,sex,0,0,1,Weekly pay - gross,1,item,0,0,2,Median,2,item,0,0,20701,Confidence,8.2,A,Normal Value,F,Free (free for publication),Nm-30d1d32064e1d2021654666d8d1d2d20701,917,2290,North East,E12000001
NM_30_1,2004,2004,2004,date,0,2,2021654668,Hartlepool,E06000001,pre-2009 local authorities: county / unitary,482,1,8,Full Time Workers,8,sex,0,0,1,Weekly pay - gross,1,item,0,0,2,Median,2,item,0,0,20100,Value,364.7,A,Normal Value,F,Free (free for publication),Nm-30d1d32064e1d2021654668d8d1d2d20100,918,2290,North East,E12000001
NM_30_1,2004,2004,2004,date,0,2,2021654668,Hartlepool,E06000001,pre-2009 local authorities: county / unitary,482,1,8,Full Time Workers,8,sex,0,0,1,Weekly pay - gross,1,item,0,0,2,Median,2,item,0,0,20701,Confidence,9.6,A,Normal Value,F,Free (free for publication),Nm-30d1d32064e1d2021654668d8d1d2d20701,919,2290,North East,E12000001
NM_30_1,2004,2004,2004,date,0,2,2021654669,Middlesbrough,E06000002,pre-2009 local authorities: county / unitary,482,2,8,Full Time Workers,8,sex,0,0,1,Weekly pay - gross,1,item,0,0,2,Median,2,item,0,0,20100,Value,356.0,A,Normal Value,F,Free (free for publication),Nm-30d1d32064e1d2021654669d8d1d2d20100,920,2290,North East,E12000001
NM_30_1,2004,2004,2004,date,0,2,2021654669,Middlesbrough,E06000002,pre-2009 local authorities: county / unitary,482,2,8,Full Time Workers,8,sex,0,0,1,Weekly pay - gross,1,item,0,0,2,Median,2,item,0,0,20701,Confidence,7.0,A,Normal Value,F,Free (free for publication),Nm-30d1d32064e1d2021654669d8d1d2d20701,921,2290,North East,E12000001
NM_30_1,2004,2004,2004,date,0,2,2021654671,Redcar and Cleveland,E06000003,pre-2009 local authorities: county / unitary,482,3,8,Full Time Workers,8,sex,0,0,1,Weekly pay - gross,1,item,0,0,2,Median,2,item,0,0,20100,Value,383.5,A,Normal Value,F,Free (free for publication),Nm-30d1d32064e1d2021654671d8d1d2d20100,922,2290,North East,E12000001
NM_30_1,2004,2004,2004,date,0,2,2021654671,Redcar and Cleveland,E06000003,pre-2009 local authorities: county / unitary,482,3,8,Full Time Workers,8,sex,0,0,1,Weekly pay - gross,1,item,0,0,2,Median,2,item,0,0,20701,Confidence,9.4,A,Normal Value,F,Free (free for publication),Nm-30d1d32064e1d2021654671d8d1d2d20701,923,2290,North East,E12000001
NM_30_1,2004,2004,2004,date,0,2,2021654672,Stockton on Tees,E06000004,pre-2009 local authorities: county / unitary,482,4,8,Full Time Workers,8,sex,0,0,1,Weekly pay - gross,1,item,0,0,2,Median,2,item,0,0,20100,Value,414.2,A,Normal Value,F,Free (free for publication),Nm-30d1d32064e1d2021654672d8d1d2d20100,924,2290,North East,E12000001
NM_30_1,2004,2004,2004,date,0,2,2021654672,Stockton on Tees,E06000004,pre-2009 local authorities: county / unitary,482,4,8,Full Time Workers,8,sex,0,0,1,Weekly pay - gross,1,item,0,0,2,Median,2,item,0,0,20701,Confidence,5.3,A,Normal Value,F,Free (free for publication),Nm-30d1d32064e1d2021654672d8d1d2d20701,925,2290,North East,E12000001
NM_30_1,2004,2004,2004,date,0,2,2021654667,Durham,E10000010,pre-2009 local authorities: county / unitary,482,5,8,Full Time Workers,8,sex,0,0,1,Weekly pay - gross,1,item,0,0,2,Median,2,item,0,0,20100,Value,360.3,A,Normal Value,F,Free (free for publication),Nm-30d1d32064e1d2021654667d8d1d2d20100,926,2290,,
NM_30_1,2004,2004,2004,date,0,2,2021654667,Durham,E10000010,pre-2009 local authorities: county / unitary,482,5,8,Full Time Workers,8,sex,0,0,1,Weekly pay - gross,1,item,0,0,2,Median,2,item,0,0,20701,Confidence,2.9,A,Normal Value,F,Free (free for publication),Nm-30d1d32064e1d2021654667d8d1d2d20701,927,2290,,
NM_30_1,2004,2004,2004,date,0,2,2021654670,Northumberland,E10000022,pre-2009 local authorities: county / unitary,482,6,8,Full Time Workers,8,sex,0,0,1,Weekly pay - gross,1,item,0,0,2,Median,2,item,0,0,20100,Value,380.5,A,Normal Value,F,Free (free for publication),Nm-30d1d32064e1d2021654670d8d1d2d20100,928,2290,,
NM_30_1,2004,2004,2004,date,0,2,2021654670,Northumberland,E10000022,pre-2009 local authorities: county / unitary,482,6,8,Full Time Workers,8,sex,0,0,1,Weekly pay - gross,1,item,0,0,2,Median,2,item,0,0,20701,Confidence,5.1,A,Normal Value,F,Free (free for publication),Nm-30d1d32064e1d2021654670d8d1d2d20701,929,2290,,
NM_30_1,2004,2004,2004,date,0,2,2021654673,Gateshead,E08000020,pre-2009 local authorities: county / unitary,482,7,8,Full Time Workers,8,sex,0,0,1,Weekly pay - gross,1,item,0,0,2,Median,2,item,0,0,20100,Value,348.1,A,Normal Value,F,Free (free for publication),Nm-30d1d32064e1d2021654673d8d1d2d20100,930,2290,,
NM_30_1,2004,2004,2004,date,0,2,2021654673,Gateshead,E08000020,pre-2009 local authorities: county / unitary,482,7,8,Full Time Workers,8,sex,0,0,1,Weekly pay - gross,1,item,0,0,2,Median,2,item,0,0,20701,Confidence,5.5,A,Normal Value,F,Free (free for publication),Nm-30d1d32064e1d2021654673d8d1d2d20701,931,2290,,
NM_30_1,2004,2004,2004,date,0,2,2021654674,Newcastle-upon-Tyne,E08000021,pre-2009 local authorities: county / unitary,482,8,8,Full Time Workers,8,sex,0,0,1,Weekly pay - gross,1,item,0,0,2,Median,2,item,0,0,20100,Value,390.7,A,Normal Value,F,Free (free for publication),Nm-30d1d32064e1d2021654674d8d1d2d20100,932,2290,North East,E12000001
NM_30_1,2004,2004,2004,date,0,2,2021654674,Newcastle-upon-Tyne,E08000021,pre-2009 local authorities: county / unitary,482,8,8,Full Time Workers,8,sex,0,0,1,Weekly pay - gross,1,item,0,0,2,Median,2,item,0,0,20701,Confidence,5.2,A,Normal Value,F,Free (free for publication),Nm-30d1d32064e1d2021654674d8d1d2d20701,933,2290,North East,E12000001
NM_30_1,2004,2004,2004,date,0,2,2021654675,North Tyneside,E08000022,pre-2009 local authorities: county / unitary,482,9,8,Full Time Workers,8,sex,0,0,1,Weekly pay - gross,1,item,0,0,2,Median,2,item,0,0,20100,Value,376.0,A,Normal Value,F,Free (free for publication),Nm-30d1d32064e1d2021654675d8d1d2d20100,934,2290,North East,E12000001
NM_30_1,2004,2004,2004,date,0,2,2021654675,North Tyneside,E08000022,pre-2009 local authorities: county / unitary,482,9,8,Full Time Workers,8,sex,0,0,1,Weekly pay - gross,1,item,0,0,2,Median,2,item,0,0,20701,Confidence,5.6,A,Normal Value,F,Free (free for publication),Nm-30d1d32064e1d2021654675d8d1d2d20701,935,2290,North East,E12000001
NM_30_1,2004,2004,2004,date,0,2,2021654676,South Tyneside,E08000023,pre-2009 local authorities: county / unitary,482,10,8,Full Time Workers,8,sex,0,0,1,Weekly pay - gross,1,item,0,0,2,Median,2,item,0,0,20100,Value,367.0,A,Normal Value,F,Free (free for publication),Nm-30d1d32064e1d2021654676d8d1d2d20100,936,2290,North East,E12000001
NM_30_1,2004,2004,2004,date,0,2,2021654676,South Tyneside,E08000023,pre-2009 local authorities: county / unitary,482,10,8,Full Time Workers,8,sex,0,0,1,Weekly pay - gross,1,item,0,0,2,Median,2,item,0,0,20701,Confidence,8.0,A,Normal Value,F,Free (free for publication),Nm-30d1d32064e1d2021654676d8d1d2d20701,937,2290,North East,E12000001
NM_30_1,2004,2004,2004,date,0,2,2021654677,Sunderland,E08000024,pre-2009 local authorities: county / unitary,482,11,8,Full Time Workers,8,sex,0,0,1,Weekly pay - gross,1,item,0,0,2,Median,2,item,0,0,20100,Value,352.6,A,Normal Value,F,Free (free for publication),Nm-30d1d32064e1d2021654677d8d1d2d20100,938,2290,North East,E12000001
NM_30_1,2004,2004,2004,date,0,2,2021654677,Sunderland,E08000024,pre-2009 local authorities: county / unitary,482,11,8,Full Time Workers,8,sex,0,0,1,Weekly pay - gross,1,item,0,0,2,Median,2,item,0,0,20701,Confidence,4.4,A,Normal Value,F,Free (free for publication),Nm-30d1d32064e1d2021654677d8d1d2d20701,939,2290,North East,E12000001
NM_30_1,2004,2004,2004,date,0,2,2021654650,Blackburn with Darwen,E06000008,pre-2009 local authorities: county / unitary,482,12,8,Full Time Workers,8,sex,0,0,1,Weekly pay - gross,1,item,0,0,2,Median,2,item,0,0,20100,Value,377.5,A,Normal Value,F,Free (free for publication),Nm-30d1d32064e1d2021654650d8d1d2d20100,940,2290,North West,E12000002
NM_30_1,2004,2004,2004,date,0,2,2021654650,Blackburn with Darwen,E06000008,pre-2009 local authorities: county / unitary,482,12,8,Full Time Workers,8,sex,0,0,1,Weekly pay - gross,1,item,0,0,2,Median,2,item,0,0,20701,Confidence,6.6,A,Normal Value,F,Free (free for publication),Nm-30d1d32064e1d2021654650d8d1d2d20701,941,2290,North West,E12000002
NM_30_1,2004,2004,2004,date,0,2,2021654651,Blackpool,E06000009,pre-2009 local authorities: county / unitary,482,13,8,Full Time Workers,8,sex,0,0,1,Weekly pay - gross,1,item,0,0,2,Median,2,item,0,0,20100,Value,324.2,A,Normal Value,F,Free (free for publication),Nm-30d1d32064e1d2021654651d8d1d2d20100,942,2290,North West,E12000002
NM_30_1,2004,2004,2004,date,0,2,2021654651,Blackpool,E06000009,pre-2009 local authorities: county / unitary,482,13,8,Full Time Workers,8,sex,0,0,1,Weekly pay - gross,1,item,0,0,2,Median,2,item,0,0,20701,Confidence,8.6,A,Normal Value,F,Free (free for publication),Nm-30d1d32064e1d2021654651d8d1d2d20701,943,2290,North West,E12000002
NM_30_1,2004,2004,2004,date,0,2,2021654663,Halton,E06000006,pre-2009 local authorities: county / unitary,482,14,8,Full Time Workers,8,sex,0,0,1,Weekly pay - gross,1,item,0,0,2,Median,2,item,0,0,20100,Value,376.2,A,Normal Value,F,Free (free for publication),Nm-30d1d32064e1d2021654663d8d1d2d20100,944,2290,North West,E12000002
NM_30_1,2004,2004,2004,date,0,2,2021654663,Halton,E06000006,pre-2009 local authorities: county / unitary,482,14,8,Full Time Workers,8,sex,0,0,1,Weekly pay - gross,1,item,0,0,2,Median,2,item,0,0,20701,Confidence,6.8,A,Normal Value,F,Free (free for publication),Nm-30d1d32064e1d2021654663d8d1d2d20701,945,2290,North West,E12000002
NM_30_1,2004,2004,2004,date,0,2,2021654665,Warrington,E06000007,pre-2009 local authorities: county / unitary,482,15,8,Full Time Workers,8,sex,0,0,1,Weekly pay - gross,1,item,0,0,2,Median,2,item,0,0,20100,Value,416.7,A,Normal Value,F,Free (free for publication),Nm-30d1d32064e1d2021654665d8d1d2d20100,946,2290,North West,E12000002
NM_30_1,2004,2004,2004,date,0,2,2021654665,Warrington,E06000007,pre-2009 local authorities: county / unitary,482,15,8,Full Time Workers,8,sex,0,0,1,Weekly pay - gross,1,item,0,0,2,Median,2,item,0,0,20701,Confidence,4.5,A,Normal Value,F,Free (free for publication),Nm-30d1d32064e1d2021654665d8d1d2d20701,947,2290,North West,E12000002
NM_30_1,2004,2004,2004,date,0,2,2021654652,Cheshire,E10000004,pre-2009 local authorities: county / unitary,482,16,8,Full Time Workers,8,sex,0,0,1,Weekly pay - gross,1,item,0,0,2,Median,2,item,0,0,20100,Value,460.0,A,Normal Value,F,Free (free for publication),Nm-30d1d32064e1d2021654652d8d1d2d20100,948,2290,,
NM_30_1,2004,2004,2004,date,0,2,2021654652,Cheshire,E10000004,pre-2009 local authorities: county / unitary,482,16,8,Full Time Workers,8,sex,0,0,1,Weekly pay - gross,1,item,0,0,2,Median,2,item,0,0,20701,Confidence,3.1,A,Normal Value,F,Free (free for publication),Nm-30d1d32064e1d2021654652d8d1d2d20701,949,2290,,
NM_30_1,2004,2004,2004,date,0,2,2021654649,Cumbria,E10000006,pre-2009 local authorities: county / unitary,482,17,8,Full Time Workers,8,sex,0,0,1,Weekly pay - gross,1,item,0,0,2,Median,2,item,0,0,20100,Value,388.6,A,Normal Value,F,Free (free for publication),Nm-30d1d32064e1d2021654649d8d1d2d20100,950,2290,,
NM_30_1,2004,2004,2004,date,0,2,2021654649,Cumbria,E10000006,pre-2009 local authorities: county / unitary,482,17,8,Full Time Workers,8,sex,0,0,1,Weekly pay - gross,1,item,0,0,2,Median,2,item,0,0,20701,Confidence,3.5,A,Normal Value,F,Free (free for publication),Nm-30d1d32064e1d2021654649d8d1d2d20701,951,2290,,
NM_30_1,2004,2004,2004,date,0,2,2021654653,Bolton,E08000001,pre-2009 local authorities: county / unitary,482,18,8,Full Time Workers,8,sex,0,0,1,Weekly pay - gross,1,item,0,0,2,Median,2,item,0,0,20100,Value,370.2,A,Normal Value,F,Free (free for publication),Nm-30d1d32064e1d2021654653d8d1d2d20100,952,2290,North West,E12000002
NM_30_1,2004,2004,2004,date,0,2,2021654653,Bolton,E08000001,pre-2009 local authorities: county / unitary,482,18,8,Full Time Workers,8,sex,0,0,1,Weekly pay - gross,1,item,0,0,2,Median,2,item,0,0,20701,Confidence,5.8,A,Normal Value,F,Free (free for publication),Nm-30d1d32064e1d2021654653d8d1d2d20701,953,2290,North West,E12000002
NM_30_1,2004,2004,2004,date,0,2,2021654654,Bury,E08000002,pre-2009 local authorities: county / unitary,482,19,8,Full Time Workers,8,sex,0,0,1,Weekly pay - gross,1,item,0,0,2,Median,2,item,0,0,20100,Value,431.1,A,Normal Value,F,Free (free for publication),Nm-30d1d32064e1d2021654654d8d1d2d20100,954,2290,North West,E12000002
NM_30_1,2004,2004,2004,date,0,2,2021654654,Bury,E08000002,pre-2009 local authorities: county / unitary,482,19,8,Full Time Workers,8,sex,0,0,1,Weekly pay - gross,1,item,0,0,2,Median,2,item,0,0,20701,Confidence,4.1,A,Normal Value,F,Free (free for publication),Nm-30d1d32064e1d2021654654d8d1d2d20701,955,2290,North West,E12000002
NM_30_1,2004,2004,2004,date,0,2,2021654655,Manchester,E08000003,pre-2009 local authorities: county / unitary,482,20,8,Full Time Workers,8,sex,0,0,1,Weekly pay - gross,1,item,0,0,2,Median,2,item,0,0,20100,Value,379.3,A,Normal Value,F,Free (free for publication),Nm-30d1d32064e1d2021654655d8d1d2d20100,956,2290,North West,E12000002
NM_30_1,2004,2004,2004,date,0,2,2021654655,Manchester,E08000003,pre-2009 local authorities: county / unitary,482,20,8,Full Time Workers,8,sex,0,0,1,Weekly pay - gross,1,item,0,0,2,Median,2,item,0,0,20701,Confidence,3.7,A,Normal Value,F,Free (free for publication),Nm-30d1d32064e1d2021654655d8d1d2d20701,957,2290,North West,E12000002
NM_30_1,2004,2004,2004,date,0,2,2021654656,Oldham,E08000004,pre-2009 local authorities: county / unitary,482,21,8,Full Time Workers,8,sex,0,0,1,Weekly pay - gross,1,item,0,0,2,Median,2,item,0,0,20100,Value,359.0,A,Normal Value,F,Free (free for publication),Nm-30d1d32064e1d2021654656d8d1d2d20100,958,2290,North West,E12000002
NM_30_1,2004,2004,2004,date,0,2,2021654656,Oldham,E08000004,pre-2009 local authorities: county / unitary,482,21,8,Full Time Workers,8,sex,0,0,1,Weekly pay - gross,1,item,0,0,2,Median,2,item,0,0,20701,Confidence,4.1,A,Normal Value,F,Free (free for publication),Nm-30d1d32064e1d2021654656d8d1d2d20701,959,2290,North West,E12000002
NM_30_1,2004,2004,2004,date,0,2,2021654657,Rochdale,E08000005,pre-2009 local authorities: county / unitary,482,22,8,Full Time Workers,8,sex,0,0,1,Weekly pay - gross,1,item,0,0,2,Median,2,item,0,0,20100,Value,391.9,A,Normal Value,F,Free (free for publication),Nm-30d1d32064e1d2021654657d8d1d2d20100,960,2290,North West,E12000002
NM_30_1,2004,2004,2004,date,0,2,2021654657,Rochdale,E08000005,pre-2009 local authorities: county / unitary,482,22,8,Full Time Workers,8,sex,0,0,1,Weekly pay - gross,1,item,0,0,2,Median,2,item,0,0,20701,Confidence,5.8,A,Normal Value,F,Free (free for publication),Nm-30d1d32064e1d2021654657d8d1d2d20701,961,2290,North West,E12000002
NM_30_1,2004,2004,2004,date,0,2,2021654658,Salford,E08000006,pre-2009 local authorities: county / unitary,482,23,8,Full Time Workers,8,sex,0,0,1,Weekly pay - gross,1,item,0,0,2,Median,2,item,0,0,20100,Value,367.1,A,Normal Value,F,Free (free for publication),Nm-30d1d32064e1d2021654658d8d1d2d20100,962,2290,North West,E12000002
NM_30_1,2004,2004,2004,date,0,2,2021654658,Salford,E08000006,pre-2009 local authorities: county / unitary,482,23,8,Full Time Workers,8,sex,0,0,1,Weekly pay - gross,1,item,0,0,2,Median,2,item,0,0,20701,Confidence,5.7,A,Normal Value,F,Free (free for publication),Nm-30d1d32064e1d2021654658d8d1d2d20701,963,2290,North West,E12000002
NM_30_1,2004,2004,2004,date,0,2,2021654659,Stockport,E08000007,pre-2009 local authorities: county / unitary,482,24,8,Full Time Workers,8,sex,0,0,1,Weekly pay - gross,1,item,0,0,2,Median,2,item,0,0,20100,Value,406.0,A,Normal Value,F,Free (free for publication),Nm-30d1d32064e1d2021654659d8d1d2d20100,964,2290,North West,E12000002
NM_30_1,2004,2004,2004,date,0,2,2021654659,Stockport,E08000007,pre-2009 local authorities: county / unitary,482,24,8,Full Time Workers,8,sex,0,0,1,Weekly pay - gross,1,item,0,0,2,Median,2,item,0,0,20701,Confidence,4.7,A,Normal Value,F,Free (free for publication),Nm-30d1d32064e1d2021654659d8d1d2d20701,965,2290,North West,E12000002
NM_30_1,2004,2004,2004,date,0,2,2021654660,Tameside,E08000008,pre-2009 local authorities: county / unitary,482,25,8,Full Time Workers,8,sex,0,0,1,Weekly pay - gross,1,item,0,0,2,Median,2,item,0,0,20100,Value,355.2,A,Normal Value,F,Free (free for publication),Nm-30d1d32064e1d2021654660d8d1d2d20100,966,2290,North West,E12000002
NM_30_1,2004,2004,2004,date,0,2,2021654660,Tameside,E08000008,pre-2009 local authorities: county / unitary,482,25,8,Full Time Workers,8,sex,0,0,1,Weekly pay - gross,1,item,0,0,2,Median,2,item,0,0,20701,Confidence,3.9,A,Normal Value,F,Free (free for publication),Nm-30d1d32064e1d2021654660d8d1d2d20701,967,2290,North West,E12000002
NM_30_1,2004,2004,2004,date,0,2,2021654661,Trafford,E08000009,pre-2009 local authorities: county / unitary,482,26,8,Full Time Workers,8,sex,0,0,1,Weekly pay - gross,1,item,0,0,2,Median,2,item,0,0,20100,Value,457.2,A,Normal Value,F,Free (free for publication),Nm-30d1d32064e1d2021654661d8d1d2d20100,968,2290,North West,E12000002
NM_30_1,2004,2004,2004,date,0,2,2021654661,Trafford,E08000009,pre-2009 local authorities: county / unitary,482,26,8,Full Time Workers,8,sex,0,0,1,Weekly pay - gross,1,item,0,0,2,Median,2,item,0,0,20701,Confidence,5.1,A,Normal Value,F,Free (free for publication),Nm-30d1d32064e1d2021654661d8d1d2d20701,969,2290,North West,E12000002
NM_30_1,2004,2004,2004,date,0,2,2021654662,Wigan,E08000010,pre-2009 local authorities: county / unitary,482,27,8,Full Time Workers,8,sex,0,0,1,Weekly pay - gross,1,item,0,0,2,Median,2,item,0,0,20100,Value,380.9,A,Normal Value,F,Free (free for publication),Nm-30d1d32064e1d2021654662d8d1d2d20100,970,2290,North West,E12000002
NM_30_1,2004,2004,2004,date,0,2,2021654662,Wigan,E08000010,pre-2009 local authorities: county / unitary,482,27,8,Full Time Workers,8,sex,0,0,1,Weekly pay - gross,1,item,0,0,2,Median,2,item,0,0,20701,Confidence,4.2,A,Normal Value,F,Free (free for publication),Nm-30d1d32064e1d2021654662d8d1d2d20701,971,2290,North West,E12000002
NM_30_1,2004,2004,2004,date,0,2,2021654664,Lancashire,E10000017,pre-2009 local authorities: county / unitary,482,28,8,Full Time Workers,8,sex,0,0,1,Weekly pay - gross,1,item,0,0,2,Median,2,item,0,0,20100,Value,398.7,A,Normal Value,F,Free (free for publication),Nm-30d1d32064e1d2021654664d8d1d2d20100,972,2290,,
NM_30_1,2004,2004,2004,date,0,2,2021654664,Lancashire,E10000017,pre-2009 local authorities: county / unitary,482,28,8,Full Time Workers,8,sex,0,0,1,Weekly pay - gross,1,item,0,0,2,Median,2,item,0,0,20701,Confidence,2.1,A,Normal Value,F,Free (free for publication),Nm-30d1d32064e1d2021654664d8d1d2d20701,973,2290,,
NM_30_1,2004,2004,2004,date,0,2,2021654644,Knowsley,E08000011,pre-2009 local authorities: county / unitary,482,29,8,Full Time Workers,8,sex,0,0,1,Weekly pay - gross,1,item,0,0,2,Median,2,item,0,0,20100,Value,356.2,A,Normal Value,F,Free (free for publication),Nm-30d1d32064e1d2021654644d8d1d2d20100,974,2290,North West,E12000002
NM_30_1,2004,2004,2004,date,0,2,2021654644,Knowsley,E08000011,pre-2009 local authorities: county / unitary,482,29,8,Full Time Workers,8,sex,0,0,1,Weekly pay - gross,1,item,0,0,2,Median,2,item,0,0,20701,Confidence,5.2,A,Normal Value,F,Free (free for publication),Nm-30d1d32064e1d2021654644d8d1d2d20701,975,2290,North West,E12000002
NM_30_1,2004,2004,2004,date,0,2,2021654645,Liverpool,E08000012,pre-2009 local authorities: county / unitary,482,30,8,Full Time Workers,8,sex,0,0,1,Weekly pay - gross,1,item,0,0,2,Median,2,item,0,0,20100,Value,371.3,A,Normal Value,F,Free (free for publication),Nm-30d1d32064e1d2021654645d8d1d2d20100,976,2290,North West,E12000002
NM_30_1,2004,2004,2004,date,0,2,2021654645,Liverpool,E08000012,pre-2009 local authorities: county / unitary,482,30,8,Full Time Workers,8,sex,0,0,1,Weekly pay - gross,1,item,0,0,2,Median,2,item,0,0,20701,Confidence,4.1,A,Normal Value,F,Free (free for publication),Nm-30d1d32064e1d2021654645d8d1d2d20701,977,2290,North West,E12000002
NM_30_1,2004,2004,2004,date,0,2,2021654647,Sefton,E08000014,pre-2009 local authorities: county / unitary,482,31,8,Full Time Workers,8,sex,0,0,1,Weekly pay - gross,1,item,0,0,2,Median,2,item,0,0,20100,Value,397.5,A,Normal Value,F,Free (free for publication),Nm-30d1d32064e1d2021654647d8d1d2d20100,978,2290,North West,E12000002
NM_30_1,2004,2004,2004,date,0,2,2021654647,Sefton,E08000014,pre-2009 local authorities: county / unitary,482,31,8,Full Time Workers,8,sex,0,0,1,Weekly pay - gross,1,item,0,0,2,Median,2,item,0,0,20701,Confidence,5.1,A,Normal Value,F,Free (free for publication),Nm-30d1d32064e1d2021654647d8d1d2d20701,979,2290,North West,E12000002
NM_30_1,2004,2004,2004,date,0,2,2021654646,St Helens,E08000013,pre-2009 local authorities: county / unitary,482,32,8,Full Time Workers,8,sex,0,0,1,Weekly pay - gross,1,item,0,0,2,Median,2,item,0,0,20100,Value,396.0,A,Normal Value,F,Free (free for publication),Nm-30d1d32064e1d2021654646d8d1d2d20100,980,2290,North West,E12000002
NM_30_1,2004,2004,2004,date,0,2,2021654646,St Helens,E08000013,pre-2009 local authorities: county / unitary,482,32,8,Full Time Workers,8,sex,0,0,1,Weekly pay - gross,1,item,0,0,2,Median,2,item,0,0,20701,Confidence,6.9,A,Normal Value,F,Free (free for publication),Nm-30d1d32064e1d2021654646d8d1d2d20701,981,2290,North West,E12000002
NM_30_1,2004,2004,2004,date,0,2,2021654648,Wirral,E08000015,pre-2009 local authorities: county / unitary,482,33,8,Full Time Workers,8,sex,0,0,1,Weekly pay - gross,1,item,0,0,2,Median,2,item,0,0,20100,Value,410.7,A,Normal Value,F,Free (free for publication),Nm-30d1d32064e1d2021654648d8d1d2d20100,982,2290,North West,E12000002
NM_30_1,2004,2004,2004,date,0,2,2021654648,Wirral,E08000015,pre-2009 local authorities: county / unitary,482,33,8,Full Time Workers,8,sex,0,0,1,Weekly pay - gross,1,item,0,0,2,Median,2,item,0,0,20701,Confidence,4.8,A,Normal Value,F,Free (free for publication),Nm-30d1d32064e1d2021654648d8d1d2d20701,983,2290,North West,E12000002
NM_30_1,2004,2004,2004,date,0,2,2021654629,East Riding of Yorkshire,E06000011,pre-2009 local authorities: county / unitary,482,34,8,Full Time Workers,8,sex,0,0,1,Weekly pay - gross,1,item,0,0,2,Median,2,item,0,0,20100,Value,449.6,A,Normal Value,F,Free (free for publication),Nm-30d1d32064e1d2021654629d8d1d2d20100,984,2290,Yorkshire and The Humber,E12000003
NM_30_1,2004,2004,2004,date,0,2,2021654629,East Riding of Yorkshire,E06000011,pre-2009 local authorities: county / unitary,482,34,8,Full Time Workers,8,sex,0,0,1,Weekly pay - gross,1,item,0,0,2,Median,2,item,0,0,20701,Confidence,3.1,A,Normal Value,F,Free (free for publication),Nm-30d1d32064e1d2021654629d8d1d2d20701,985,2290,Yorkshire and The Humber,E12000003
NM_30_1,2004,2004,2004,date,0,2,2021654630,Kingston upon Hull,E06000010,pre-2009 local authorities: county / unitary,482,35,8,Full Time Workers,8,sex,0,0,1,Weekly pay - gross,1,item,0,0,2,Median,2,item,0,0,20100,Value,340.4,A,Normal Value,F,Free (free for publication),Nm-30d1d32064e1d2021654630d8d1d2d20100,986,2290,Yorkshire and The Humber,E12000003
NM_30_1,2004,2004,2004,date,0,2,2021654630,Kingston upon Hull,E06000010,pre-2009 local authorities: county / unitary,482,35,8,Full Time Workers,8,sex,0,0,1,Weekly pay - gross,1,item,0,0,2,Median,2,item,0,0,20701,Confidence,4.4,A,Normal Value,F,Free (free for publication),Nm-30d1d32064e1d2021654630d8d1d2d20701,987,2290,Yorkshire and The Humber,E12000003
NM_30_1,2004,2004,2004,date,0,2,2021654631,North East Lincolnshire,E06000012,pre-2009 local authorities: county / unitary,482,36,8,Full Time Workers,8,sex,0,0,1,Weekly pay - gross,1,item,0,0,2,Median,2,item,0,0,20100,Value,368.3,A,Normal Value,F,Free (free for publication),Nm-30d1d32064e1d2021654631d8d1d2d20100,988,2290,Yorkshire and The Humber,E12000003
NM_30_1,2004,2004,2004,date,0,2,2021654631,North East Lincolnshire,E06000012,pre-2009 local authorities: county / unitary,482,36,8,Full Time Workers,8,sex,0,0,1,Weekly pay - gross,1,item,0,0,2,Median,2,item,0,0,20701,Confidence,7.6,A,Normal Value,F,Free (free for publication),Nm-30d1d32064e1d2021654631d8d1d2d20701,989,2290,Yorkshire and The Humber,E12000003
NM_30_1,2004,2004,2004,date,0,2,2021654632,North Lincolnshire,E06000013,pre-2009 local authorities: county / unitary,482,37,8,Full Time Workers,8,sex,0,0,1,Weekly pay - gross,1,item,0,0,2,Median,2,item,0,0,20100,Value,410.1,A,Normal Value,F,Free (free for publication),Nm-30d1d32064e1d2021654632d8d1d2d20100,990,2290,Yorkshire and The Humber,E12000003
NM_30_1,2004,2004,2004,date,0,2,2021654632,North Lincolnshire,E06000013,pre-2009 local authorities: county / unitary,482,37,8,Full Time Workers,8,sex,0,0,1,Weekly pay - gross,1,item,0,0,2,Median,2,item,0,0,20701,Confidence,5.2,A,Normal Value,F,Free (free for publication),Nm-30d1d32064e1d2021654632d8d1d2d20701,991,2290,Yorkshire and The Humber,E12000003
NM_30_1,2004,2004,2004,date,0,2,2021654643,York,E06000014,pre-2009 local authorities: county / unitary,482,38,8,Full Time Workers,8,sex,0,0,1,Weekly pay - gross,1,item,0,0,2,Median,2,item,0,0,20100,Value,423.5,A,Normal Value,F,Free (free for publication),Nm-30d1d32064e1d2021654643d8d1d2d20100,992,2290,Yorkshire and The Humber,E12000003
NM_30_1,2004,2004,2004,date,0,2,2021654643,York,E06000014,pre-2009 local authorities: county / unitary,482,38,8,Full Time Workers,8,sex,0,0,1,Weekly pay - gross,1,item,0,0,2,Median,2,item,0,0,20701,Confidence,4.6,A,Normal Value,F,Free (free for publication),Nm-30d1d32064e1d2021654643d8d1d2d20701,993,2290,Yorkshire and The Humber,E12000003
NM_30_1,2004,2004,2004,date,0,2,2021654633,North Yorkshire,E10000023,pre-2009 local authorities: county / unitary,482,39,8,Full Time Workers,8,sex,0,0,1,Weekly pay - gross,1,item,0,0,2,Median,2,item,0,0,20100,Value,402.6,A,Normal Value,F,Free (free for publication),Nm-30d1d32064e1d2021654633d8d1d2d20100,994,2290,,
NM_30_1,2004,2004,2004,date,0,2,2021654633,North Yorkshire,E10000023,pre-2009 local authorities: county / unitary,482,39,8,Full Time Workers,8,sex,0,0,1,Weekly pay - gross,1,item,0,0,2,Median,2,item,0,0,20701,Confidence,3.6,A,Normal Value,F,Free (free for publication),Nm-30d1d32064e1d2021654633d8d1d2d20701,995,2290,,
NM_30_1,2004,2004,2004,date,0,2,2021654634,Barnsley,E08000016,pre-2009 local authorities: county / unitary,482,40,8,Full Time Workers,8,sex,0,0,1,Weekly pay - gross,1,item,0,0,2,Median,2,item,0,0,20100,Value,376.0,A,Normal Value,F,Free (free for publication),Nm-30d1d32064e1d2021654634d8d1d2d20100,996,2290,Yorkshire and The Humber,E12000003
NM_30_1,2004,2004,2004,date,0,2,2021654634,Barnsley,E08000016,pre-2009 local authorities: county / unitary,482,40,8,Full Time Workers,8,sex,0,0,1,Weekly pay - gross,1,item,0,0,2,Median,2,item,0,0,20701,Confidence,4.6,A,Normal Value,F,Free (free for publication),Nm-30d1d32064e1d2021654634d8d1d2d20701,997,2290,Yorkshire and The Humber,E12000003
NM_30_1,2004,2004,2004,date,0,2,2021654635,Doncaster,E08000017,pre-2009 local authorities: county / unitary,482,41,8,Full Time Workers,8,sex,0,0,1,Weekly pay - gross,1,item,0,0,2,Median,2,item,0,0,20100,Value,382.2,A,Normal Value,F,Free (free for publication),Nm-30d1d32064e1d2021654635d8d1d2d20100,998,2290,Yorkshire and The Humber,E12000003
NM_30_1,2004,2004,2004,date,0,2,2021654635,Doncaster,E08000017,pre-2009 local authorities: county / unitary,482,41,8,Full Time Workers,8,sex,0,0,1,Weekly pay - gross,1,item,0,0,2,Median,2,item,0,0,20701,Confidence,4.4,A,Normal Value,F,Free (free for publication),Nm-30d1d32064e1d2021654635d8d1d2d20701,999,2290,Yorkshire and The Humber,E12000003
