nomis_dataset,DATE,DATE_NAME,SEX,SEX_NAME,PAY,PAY_NAME,ITEM,ITEM_NAME,MEASURES,MEASURES_NAME,GEOGRAPHY_NAME,OBS_VALUE,Source_Geography_Count,GEOGRAPHY_CODE,GEOGRAPHY
NM_99_1,2015,2015,8,Full Time Workers,1,Weekly pay - gross,2,Median,20100,Value,Aberdeen,614.5,1,S12000033,Aberdeen
NM_99_1,2015,2015,8,Full Time Workers,1,Weekly pay - gross,2,Median,20701,Confidence,Aberdeen,3.4,1,S12000033,Aberdeen
NM_99_1,2015,2015,8,Full Time Workers,1,Weekly pay - gross,2,Median,20100,Value,Bangor,414.7,1,W06000002,Bangor
NM_99_1,2015,2015,8,Full Time Workers,1,Weekly pay - gross,2,Median,20701,Confidence,Bangor,4.9,1,W06000002,Bangor
NM_99_1,2015,2015,8,Full Time Workers,1,Weekly pay - gross,2,Median,20100,Value,Bath,488.7,1,E06000022,Bath
NM_99_1,2015,2015,8,Full Time Workers,1,Weekly pay - gross,2,Median,20701,Confidence,Bath,4.6,1,E06000022,Bath
NM_99_1,2015,2015,8,Full Time Workers,1,Weekly pay - gross,2,Median,20100,Value,Birmingham,532.3,1,E08000025,Birmingham
NM_99_1,2015,2015,8,Full Time Workers,1,Weekly pay - gross,2,Median,20701,Confidence,Birmingham,2.5,1,E08000025,Birmingham
NM_99_1,2015,2015,8,Full Time Workers,1,Weekly pay - gross,2,Median,20100,Value,Bradford,469.5,1,E08000032,Bradford
NM_99_1,2015,2015,8,Full Time Workers,1,Weekly pay - gross,2,Median,20701,Confidence,Bradford,3.5,1,E08000032,Bradford
NM_99_1,2015,2015,8,Full Time Workers,1,Weekly pay - gross,2,Median,20100,Value,Brighton and Hove,503.9,1,E06000043,Brighton and Hove
NM_99_1,2015,2015,8,Full Time Workers,1,Weekly pay - gross,2,Median,20701,Confidence,Brighton and Hove,4.1,1,E06000043,Brighton and Hove
NM_99_1,2015,2015,8,Full Time Workers,1,Weekly pay - gross,2,Median,20100,Value,Bristol,529.6,1,E06000023,Bristol
NM_99_1,2015,2015,8,Full Time Workers,1,Weekly pay - gross,2,Median,20701,Confidence,Bristol,3.0,1,E06000023,Bristol
NM_99_1,2015,2015,8,Full Time Workers,1,Weekly pay - gross,2,Median,20100,Value,Cambridge,597.2,1,E07000008,Cambridge
NM_99_1,2015,2015,8,Full Time Workers,1,Weekly pay - gross,2,Median,20701,Confidence,Cambridge,3.5,1,E07000008,Cambridge
NM_99_1,2015,2015,8,Full Time Workers,1,Weekly pay - gross,2,Median,20100,Value,Canterbury,466.2,1,E07000106,Canterbury
NM_99_1,2015,2015,8,Full Time Workers,1,Weekly pay - gross,2,Median,20701,Confidence,Canterbury,7.3,1,E07000106,Canterbury
NM_99_1,2015,2015,8,Full Time Workers,1,Weekly pay - gross,2,Median,20100,Value,Cardiff,512.4,1,W06000015,Cardiff
NM_99_1,2015,2015,8,Full Time Workers,1,Weekly pay - gross,2,Median,20701,Confidence,Cardiff,3.5,1,W06000015,Cardiff
NM_99_1,2015,2015,8,Full Time Workers,1,Weekly pay - gross,2,Median,20100,Value,Carlisle,456.4,1,E07000028,Carlisle
NM_99_1,2015,2015,8,Full Time Workers,1,Weekly pay - gross,2,Median,20701,Confidence,Carlisle,5.4,1,E07000028,Carlisle
NM_99_1,2015,2015,8,Full Time Workers,1,Weekly pay - gross,2,Median,20100,Value,Chelmsford,506.5,1,E07000070,Chelmsford
NM_99_1,2015,2015,8,Full Time Workers,1,Weekly pay - gross,2,Median,20701,Confidence,Chelmsford,4.8,1,E07000070,Chelmsford
NM_99_1,2015,2015,8,Full Time Workers,1,Weekly pay - gross,2,Median,20100,Value,Chester,482.0,1,E06000050,Chester
NM_99_1,2015,2015,8,Full Time Workers,1,Weekly pay - gross,2,Median,20701,Confidence,Chester,4.5,1,E06000050,Chester
NM_99_1,2015,2015,8,Full Time Workers,1,Weekly pay - gross,2,Median,20100,Value,Chichester,481.3,1,E07000225,Chichester
NM_99_1,2015,2015,8,Full Time Workers,1,Weekly pay - gross,2,Median,20701,Confidence,Chichester,7.4,1,E07000225,Chichester
NM_99_1,2015,2015,8,Full Time Workers,1,Weekly pay - gross,2,Median,20100,Value,Colchester,479.1,1,E07000071,Colchester
NM_99_1,2015,2015,8,Full Time Workers,1,Weekly pay - gross,2,Median,20701,Confidence,Colchester,4.7,1,E07000071,Colchester
NM_99_1,2015,2015,8,Full Time Workers,1,Weekly pay - gross,2,Median,20100,Value,Coventry,535.2,1,E08000026,Coventry
NM_99_1,2015,2015,8,Full Time Workers,1,Weekly pay - gross,2,Median,20701,Confidence,Coventry,4.1,1,E08000026,Coventry
NM_99_1,2015,2015,8,Full Time Workers,1,Weekly pay - gross,2,Median,20100,Value,Derby,662.8,1,E06000015,Derby
NM_99_1,2015,2015,8,Full Time Workers,1,Weekly pay - gross,2,Median,20701,Confidence,Derby,4.0,1,E06000015,Derby
NM_99_1,2015,2015,8,Full Time Workers,1,Weekly pay - gross,2,Median,20100,Value,Doncaster,479.1,1,E08000017,Doncaster
NM_99_1,2015,2015,8,Full Time Workers,1,Weekly pay - gross,2,Median,20701,Confidence,Doncaster,4.4,1,E08000017,Doncaster
NM_99_1,2015,2015,8,Full Time Workers,1,Weekly pay - gross,2,Median,20100,Value,Dundee,523.6,1,S12000042,Dundee
NM_99_1,2015,2015,8,Full Time Workers,1,Weekly pay - gross,2,Median,20701,Confidence,Dundee,4.6,1,S12000042,Dundee
NM_99_1,2015,2015,8,Full Time Workers,1,Weekly pay - gross,2,Median,20100,Value,Durham,478.1,1,E06000047,Durham
NM_99_1,2015,2015,8,Full Time Workers,1,Weekly pay - gross,2,Median,20701,Confidence,Durham,3.6,1,E06000047,Durham
NM_99_1,2015,2015,8,Full Time Workers,1,Weekly pay - gross,2,Median,20100,Value,Edinburgh,574.9,1,S12000036,Edinburgh
NM_99_1,2015,2015,8,Full Time Workers,1,Weekly pay - gross,2,Median,20701,Confidence,Edinburgh,2.3,1,S12000036,Edinburgh
NM_99_1,2015,2015,8,Full Time Workers,1,Weekly pay - gross,2,Median,20100,Value,Ely,495.9,1,E07000009,Ely
NM_99_1,2015,2015,8,Full Time Workers,1,Weekly pay - gross,2,Median,20701,Confidence,Ely,8.2,1,E07000009,Ely
NM_99_1,2015,2015,8,Full Time Workers,1,Weekly pay - gross,2,Median,20100,Value,Exeter,536.1,1,E07000041,Exeter
NM_99_1,2015,2015,8,Full Time Workers,1,Weekly pay - gross,2,Median,20701,Confidence,Exeter,4.0,1,E07000041,Exeter
NM_99_1,2015,2015,8,Full Time Workers,1,Weekly pay - gross,2,Median,20100,Value,Glasgow,538.3,1,S12000046,Glasgow
NM_99_1,2015,2015,8,Full Time Workers,1,Weekly pay - gross,2,Median,20701,Confidence,Glasgow,2.0,1,S12000046,Glasgow
NM_99_1,2015,2015,8,Full Time Workers,1,Weekly pay - gross,2,Median,20100,Value,Gloucester,518.1,1,E07000081,Gloucester
NM_99_1,2015,2015,8,Full Time Workers,1,Weekly pay - gross,2,Median,20701,Confidence,Gloucester,4.8,1,E07000081,Gloucester
NM_99_1,2015,2015,8,Full Time Workers,1,Weekly pay - gross,2,Median,20100,Value,Hereford,420.0,1,E06000019,Hereford
NM_99_1,2015,2015,8,Full Time Workers,1,Weekly pay - gross,2,Median,20701,Confidence,Hereford,4.4,1,E06000019,Hereford
NM_99_1,2015,2015,8,Full Time Workers,1,Weekly pay - gross,2,Median,20100,Value,Inverness,476.5,1,S12000017,Inverness
NM_99_1,2015,2015,8,Full Time Workers,1,Weekly pay - gross,2,Median,20701,Confidence,Inverness,4.4,1,S12000017,Inverness
NM_99_1,2015,2015,8,Full Time Workers,1,Weekly pay - gross,2,Median,20100,Value,Kingston upon Hull,468.4,1,E06000010,Kingston upon Hull
NM_99_1,2015,2015,8,Full Time Workers,1,Weekly pay - gross,2,Median,20701,Confidence,Kingston upon Hull,3.5,1,E06000010,Kingston upon Hull
NM_99_1,2015,2015,8,Full Time Workers,1,Weekly pay - gross,2,Median,20100,Value,Lancaster,501.3,1,E07000121,Lancaster
NM_99_1,2015,2015,8,Full Time Workers,1,Weekly pay - gross,2,Median,20701,Confidence,Lancaster,7.0,1,E07000121,Lancaster
NM_99_1,2015,2015,8,Full Time Workers,1,Weekly pay - gross,2,Median,20100,Value,Leeds,519.2,1,E08000035,Leeds
NM_99_1,2015,2015,8,Full Time Workers,1,Weekly pay - gross,2,Median,20701,Confidence,Leeds,1.8,1,E08000035,Leeds
NM_99_1,2015,2015,8,Full Time Workers,1,Weekly pay - gross,2,Median,20100,Value,Leicester,481.3,1,E06000016,Leicester
NM_99_1,2015,2015,8,Full Time Workers,1,Weekly pay - gross,2,Median,20701,Confidence,Leicester,4.5,1,E06000016,Leicester
NM_99_1,2015,2015,8,Full Time Workers,1,Weekly pay - gross,2,Median,20100,Value,Lichfield,492.3,1,E07000194,Lichfield
NM_99_1,2015,2015,8,Full Time Workers,1,Weekly pay - gross,2,Median,20701,Confidence,Lichfield,7.3,1,E07000194,Lichfield
NM_99_1,2015,2015,8,Full Time Workers,1,Weekly pay - gross,2,Median,20100,Value,Lincoln,464.2,1,E07000138,Lincoln
NM_99_1,2015,2015,8,Full Time Workers,1,Weekly pay - gross,2,Median,20701,Confidence,Lincoln,5.9,1,E07000138,Lincoln
NM_99_1,2015,2015,8,Full Time Workers,1,Weekly pay - gross,2,Median,20100,Value,Liverpool,506.3,1,E08000012,Liverpool
NM_99_1,2015,2015,8,Full Time Workers,1,Weekly pay - gross,2,Median,20701,Confidence,Liverpool,3.1,1,E08000012,Liverpool
NM_99_1,2015,2015,8,Full Time Workers,1,Weekly pay - gross,2,Median,20100,Value,London,926.2,1,E09000001,London
NM_99_1,2015,2015,8,Full Time Workers,1,Weekly pay - gross,2,Median,20701,Confidence,London,2.4,1,E09000001,London
NM_99_1,2015,2015,8,Full Time Workers,1,Weekly pay - gross,2,Median,20100,Value,Manchester,530.7,1,E08000003,Manchester
NM_99_1,2015,2015,8,Full Time Workers,1,Weekly pay - gross,2,Median,20701,Confidence,Manchester,2.2,1,E08000003,Manchester
NM_99_1,2015,2015,8,Full Time Workers,1,Weekly pay - gross,2,Median,20100,Value,Milton Keynes,553.2,1,E06000042,Milton Keynes
NM_99_1,2015,2015,8,Full Time Workers,1,Weekly pay - gross,2,Median,20701,Confidence,Milton Keynes,4.4,1,E06000042,Milton Keynes
NM_99_1,2015,2015,8,Full Time Workers,1,Weekly pay - gross,2,Median,20100,Value,Newcastle upon Tyne,516.9,1,E08000021,Newcastle upon Tyne
NM_99_1,2015,2015,8,Full Time Workers,1,Weekly pay - gross,2,Median,20701,Confidence,Newcastle upon Tyne,3.5,1,E08000021,Newcastle upon Tyne
NM_99_1,2015,2015,8,Full Time Workers,1,Weekly pay - gross,2,Median,20100,Value,Newport,451.4,1,W06000022,Newport
NM_99_1,2015,2015,8,Full Time Workers,1,Weekly pay - gross,2,Median,20701,Confidence,Newport,4.7,1,W06000022,Newport
NM_99_1,2015,2015,8,Full Time Workers,1,Weekly pay - gross,2,Median,20100,Value,Norwich,478.0,1,E07000148,Norwich
NM_99_1,2015,2015,8,Full Time Workers,1,Weekly pay - gross,2,Median,20701,Confidence,Norwich,7.3,1,E07000148,Norwich
NM_99_1,2015,2015,8,Full Time Workers,1,Weekly pay - gross,2,Median,20100,Value,Nottingham,479.1,1,E06000018,Nottingham
NM_99_1,2015,2015,8,Full Time Workers,1,Weekly pay - gross,2,Median,20701,Confidence,Nottingham,2.4,1,E06000018,Nottingham
NM_99_1,2015,2015,8,Full Time Workers,1,Weekly pay - gross,2,Median,20100,Value,Oxford,579.6,1,E07000178,Oxford
NM_99_1,2015,2015,8,Full Time Workers,1,Weekly pay - gross,2,Median,20701,Confidence,Oxford,3.1,1,E07000178,Oxford
NM_99_1,2015,2015,8,Full Time Workers,1,Weekly pay - gross,2,Median,20100,Value,Perth,517.5,1,S12000024,Perth
NM_99_1,2015,2015,8,Full Time Workers,1,Weekly pay - gross,2,Median,20701,Confidence,Perth,5.3,1,S12000024,Perth
NM_99_1,2015,2015,8,Full Time Workers,1,Weekly pay - gross,2,Median,20100,Value,Peterborough,495.5,1,E06000031,Peterborough
NM_99_1,2015,2015,8,Full Time Workers,1,Weekly pay - gross,2,Median,20701,Confidence,Peterborough,3.7,1,E06000031,Peterborough
NM_99_1,2015,2015,8,Full Time Workers,1,Weekly pay - gross,2,Median,20100,Value,Plymouth,521.2,1,E06000026,Plymouth
NM_99_1,2015,2015,8,Full Time Workers,1,Weekly pay - gross,2,Median,20701,Confidence,Plymouth,3.1,1,E06000026,Plymouth
NM_99_1,2015,2015,8,Full Time Workers,1,Weekly pay - gross,2,Median,20100,Value,Portsmouth,534.0,1,E06000044,Portsmouth
NM_99_1,2015,2015,8,Full Time Workers,1,Weekly pay - gross,2,Median,20701,Confidence,Portsmouth,3.8,1,E06000044,Portsmouth
NM_99_1,2015,2015,8,Full Time Workers,1,Weekly pay - gross,2,Median,20100,Value,Preston,476.9,1,E07000123,Preston
NM_99_1,2015,2015,8,Full Time Workers,1,Weekly pay - gross,2,Median,20701,Confidence,Preston,4.5,1,E07000123,Preston
NM_99_1,2015,2015,8,Full Time Workers,1,Weekly pay - gross,2,Median,20100,Value,Ripon,446.1,1,E07000165,Ripon
NM_99_1,2015,2015,8,Full Time Workers,1,Weekly pay - gross,2,Median,20701,Confidence,Ripon,4.8,1,E07000165,Ripon
NM_99_1,2015,2015,8,Full Time Workers,1,Weekly pay - gross,2,Median,20100,Value,Salford,516.1,1,E08000006,Salford
NM_99_1,2015,2015,8,Full Time Workers,1,Weekly pay - gross,2,Median,20701,Confidence,Salford,3.7,1,E08000006,Salford
NM_99_1,2015,2015,8,Full Time Workers,1,Weekly pay - gross,2,Median,20100,Value,Salisbury,490.0,1,E06000054,Salisbury
NM_99_1,2015,2015,8,Full Time Workers,1,Weekly pay - gross,2,Median,20701,Confidence,Salisbury,3.1,1,E06000054,Salisbury
NM_99_1,2015,2015,8,Full Time Workers,1,Weekly pay - gross,2,Median,20100,Value,Sheffield,495.8,1,E08000019,Sheffield
NM_99_1,2015,2015,8,Full Time Workers,1,Weekly pay - gross,2,Median,20701,Confidence,Sheffield,3.1,1,E08000019,Sheffield
NM_99_1,2015,2015,8,Full Time Workers,1,Weekly pay - gross,2,Median,20100,Value,Southampton,549.0,1,E06000045,Southampton
NM_99_1,2015,2015,8,Full Time Workers,1,Weekly pay - gross,2,Median,20701,Confidence,Southampton,2.8,1,E06000045,Southampton
NM_99_1,2015,2015,8,Full Time Workers,1,Weekly pay - gross,2,Median,20100,Value,Southend-on-Sea,465.4,1,E06000033,Southend-on-Sea
NM_99_1,2015,2015,8,Full Time Workers,1,Weekly pay - gross,2,Median,20701,Confidence,Southend-on-Sea,4.9,1,E06000033,Southend-on-Sea
NM_99_1,2015,2015,8,Full Time Workers,1,Weekly pay - gross,2,Median,20100,Value,St Albans,518.2,1,E07000240,St Albans
NM_99_1,2015,2015,8,Full Time Workers,1,Weekly pay - gross,2,Median,20701,Confidence,St Albans,5.3,1,E07000240,St Albans
NM_99_1,2015,2015,8,Full Time Workers,1,Weekly pay - gross,2,Median,20100,Value,St Asaph,510.3,1,W06000004,St Asaph
NM_99_1,2015,2015,8,Full Time Workers,1,Weekly pay - gross,2,Median,20701,Confidence,St Asaph,7.6,1,W06000004,St Asaph
NM_99_1,2015,2015,8,Full Time Workers,1,Weekly pay - gross,2,Median,20100,Value,St Davids,434.2,1,W06000009,St Davids
NM_99_1,2015,2015,8,Full Time Workers,1,Weekly pay - gross,2,Median,20701,Confidence,St Davids,9.3,1,W06000009,St Davids
NM_99_1,2015,2015,8,Full Time Workers,1,Weekly pay - gross,2,Median,20100,Value,Stirling,504.8,1,S12000030,Stirling
NM_99_1,2015,2015,8,Full Time Workers,1,Weekly pay - gross,2,Median,20701,Confidence,Stirling,7.1,1,S12000030,Stirling
NM_99_1,2015,2015,8,Full Time Workers,1,Weekly pay - gross,2,Median,20100,Value,Stoke on Trent,470.3,1,E06000021,Stoke on Trent
NM_99_1,2015,2015,8,Full Time Workers,1,Weekly pay - gross,2,Median,20701,Confidence,Stoke on Trent,2.8,1,E06000021,Stoke on Trent
NM_99_1,2015,2015,8,Full Time Workers,1,Weekly pay - gross,2,Median,20100,Value,Sunderland,480.0,1,E08000024,Sunderland
NM_99_1,2015,2015,8,Full Time Workers,1,Weekly pay - gross,2,Median,20701,Confidence,Sunderland,3.1,1,E08000024,Sunderland
NM_99_1,2015,2015,8,Full Time Workers,1,Weekly pay - gross,2,Median,20100,Value,Swansea,460.4,1,W06000011,Swansea
NM_99_1,2015,2015,8,Full Time Workers,1,Weekly pay - gross,2,Median,20701,Confidence,Swansea,4.7,1,W06000011,Swansea
NM_99_1,2015,2015,8,Full Time Workers,1,Weekly pay - gross,2,Median,20100,Value,Truro,422.2,1,E06000052,Truro
NM_99_1,2015,2015,8,Full Time Workers,1,Weekly pay - gross,2,Median,20701,Confidence,Truro,3.3,1,E06000052,Truro
NM_99_1,2015,2015,8,Full Time Workers,1,Weekly pay - gross,2,Median,20100,Value,Wakefield,475.9,1,E08000036,Wakefield
NM_99_1,2015,2015,8,Full Time Workers,1,Weekly pay - gross,2,Median,20701,Confidence,Wakefield,2.7,1,E08000036,Wakefield
NM_99_1,2015,2015,8,Full Time Workers,1,Weekly pay - gross,2,Median,20100,Value,Wells,455.85,4,E07000187|E07000188|E07000189|E07000190,Wells
NM_99_1,2015,2015,8,Full Time Workers,1,Weekly pay - gross,2,Median,20701,Confidence,Wells,6.6,4,E07000187|E07000188|E07000189|E07000190,Wells
NM_99_1,2015,2015,8,Full Time Workers,1,Weekly pay - gross,2,Median,20100,Value,Westminster,692.3,1,E09000033,Westminster
NM_99_1,2015,2015,8,Full Time Workers,1,Weekly pay - gross,2,Median,20701,Confidence,Westminster,1.9,1,E09000033,Westminster
NM_99_1,2015,2015,8,Full Time Workers,1,Weekly pay - gross,2,Median,20100,Value,Winchester,583.5,1,E07000094,Winchester
NM_99_1,2015,2015,8,Full Time Workers,1,Weekly pay - gross,2,Median,20701,Confidence,Winchester,5.8,1,E07000094,Winchester
NM_99_1,2015,2015,8,Full Time Workers,1,Weekly pay - gross,2,Median,20100,Value,Wolverhampton,460.0,1,E08000031,Wolverhampton
NM_99_1,2015,2015,8,Full Time Workers,1,Weekly pay - gross,2,Median,20701,Confidence,Wolverhampton,4.1,1,E08000031,Wolverhampton
NM_99_1,2015,2015,8,Full Time Workers,1,Weekly pay - gross,2,Median,20100,Value,Worcester,498.3,1,E07000237,Worcester
NM_99_1,2015,2015,8,Full Time Workers,1,Weekly pay - gross,2,Median,20701,Confidence,Worcester,5.5,1,E07000237,Worcester
NM_99_1,2015,2015,8,Full Time Workers,1,Weekly pay - gross,2,Median,20100,Value,Wrexham,464.8,1,W06000006,Wrexham
NM_99_1,2015,2015,8,Full Time Workers,1,Weekly pay - gross,2,Median,20701,Confidence,Wrexham,5.4,1,W06000006,Wrexham
NM_99_1,2015,2015,8,Full Time Workers,1,Weekly pay - gross,2,Median,20100,Value,York,494.6,1,E06000014,York
NM_99_1,2015,2015,8,Full Time Workers,1,Weekly pay - gross,2,Median,20701,Confidence,York,4.5,1,E06000014,York
NM_99_1,2016,2016,8,Full Time Workers,1,Weekly pay - gross,2,Median,20100,Value,Aberdeen,609.9,1,S12000033,Aberdeen
NM_99_1,2016,2016,8,Full Time Workers,1,Weekly pay - gross,2,Median,20701,Confidence,Aberdeen,3.6,1,S12000033,Aberdeen
NM_99_1,2016,2016,8,Full Time Workers,1,Weekly pay - gross,2,Median,20100,Value,Bangor,435.6,1,W06000002,Bangor
NM_99_1,2016,2016,8,Full Time Workers,1,Weekly pay - gross,2,Median,20701,Confidence,Bangor,5.4,1,W06000002,Bangor
NM_99_1,2016,2016,8,Full Time Workers,1,Weekly pay - gross,2,Median,20100,Value,Bath,535.2,1,E06000022,Bath
NM_99_1,2016,2016,8,Full Time Workers,1,Weekly pay - gross,2,Median,20701,Confidence,Bath,4.4,1,E06000022,Bath
NM_99_1,2016,2016,8,Full Time Workers,1,Weekly pay - gross,2,Median,20100,Value,Birmingham,543.9,1,E08000025,Birmingham
NM_99_1,2016,2016,8,Full Time Workers,1,Weekly pay - gross,2,Median,20701,Confidence,Birmingham,2.3,1,E08000025,Birmingham
NM_99_1,2016,2016,8,Full Time Workers,1,Weekly pay - gross,2,Median,20100,Value,Bradford,478.0,1,E08000032,Bradford
NM_99_1,2016,2016,8,Full Time Workers,1,Weekly pay - gross,2,Median,20701,Confidence,Bradford,3.1,1,E08000032,Bradford
NM_99_1,2016,2016,8,Full Time Workers,1,Weekly pay - gross,2,Median,20100,Value,Brighton and Hove,495.1,1,E06000043,Brighton and Hove
NM_99_1,2016,2016,8,Full Time Workers,1,Weekly pay - gross,2,Median,20701,Confidence,Brighton and Hove,3.6,1,E06000043,Brighton and Hove
NM_99_1,2016,2016,8,Full Time Workers,1,Weekly pay - gross,2,Median,20100,Value,Bristol,536.6,1,E06000023,Bristol
NM_99_1,2016,2016,8,Full Time Workers,1,Weekly pay - gross,2,Median,20701,Confidence,Bristol,3.1,1,E06000023,Bristol
NM_99_1,2016,2016,8,Full Time Workers,1,Weekly pay - gross,2,Median,20100,Value,Cambridge,608.7,1,E07000008,Cambridge
NM_99_1,2016,2016,8,Full Time Workers,1,Weekly pay - gross,2,Median,20701,Confidence,Cambridge,3.8,1,E07000008,Cambridge
NM_99_1,2016,2016,8,Full Time Workers,1,Weekly pay - gross,2,Median,20100,Value,Canterbury,481.9,1,E07000106,Canterbury
NM_99_1,2016,2016,8,Full Time Workers,1,Weekly pay - gross,2,Median,20701,Confidence,Canterbury,6.9,1,E07000106,Canterbury
NM_99_1,2016,2016,8,Full Time Workers,1,Weekly pay - gross,2,Median,20100,Value,Cardiff,533.8,1,W06000015,Cardiff
NM_99_1,2016,2016,8,Full Time Workers,1,Weekly pay - gross,2,Median,20701,Confidence,Cardiff,3.2,1,W06000015,Cardiff
NM_99_1,2016,2016,8,Full Time Workers,1,Weekly pay - gross,2,Median,20100,Value,Carlisle,477.8,1,E07000028,Carlisle
NM_99_1,2016,2016,8,Full Time Workers,1,Weekly pay - gross,2,Median,20701,Confidence,Carlisle,5.6,1,E07000028,Carlisle
NM_99_1,2016,2016,8,Full Time Workers,1,Weekly pay - gross,2,Median,20100,Value,Chelmsford,527.7,1,E07000070,Chelmsford
NM_99_1,2016,2016,8,Full Time Workers,1,Weekly pay - gross,2,Median,20701,Confidence,Chelmsford,4.6,1,E07000070,Chelmsford
NM_99_1,2016,2016,8,Full Time Workers,1,Weekly pay - gross,2,Median,20100,Value,Chester,504.8,1,E06000050,Chester
NM_99_1,2016,2016,8,Full Time Workers,1,Weekly pay - gross,2,Median,20701,Confidence,Chester,3.3,1,E06000050,Chester
NM_99_1,2016,2016,8,Full Time Workers,1,Weekly pay - gross,2,Median,20100,Value,Chichester,507.8,1,E07000225,Chichester
NM_99_1,2016,2016,8,Full Time Workers,1,Weekly pay - gross,2,Median,20701,Confidence,Chichester,8.1,1,E07000225,Chichester
NM_99_1,2016,2016,8,Full Time Workers,1,Weekly pay - gross,2,Median,20100,Value,Colchester,524.8,1,E07000071,Colchester
NM_99_1,2016,2016,8,Full Time Workers,1,Weekly pay - gross,2,Median,20701,Confidence,Colchester,5.1,1,E07000071,Colchester
NM_99_1,2016,2016,8,Full Time Workers,1,Weekly pay - gross,2,Median,20100,Value,Coventry,555.6,1,E08000026,Coventry
NM_99_1,2016,2016,8,Full Time Workers,1,Weekly pay - gross,2,Median,20701,Confidence,Coventry,3.5,1,E08000026,Coventry
NM_99_1,2016,2016,8,Full Time Workers,1,Weekly pay - gross,2,Median,20100,Value,Derby,612.3,1,E06000015,Derby
NM_99_1,2016,2016,8,Full Time Workers,1,Weekly pay - gross,2,Median,20701,Confidence,Derby,4.9,1,E06000015,Derby
NM_99_1,2016,2016,8,Full Time Workers,1,Weekly pay - gross,2,Median,20100,Value,Doncaster,479.1,1,E08000017,Doncaster
NM_99_1,2016,2016,8,Full Time Workers,1,Weekly pay - gross,2,Median,20701,Confidence,Doncaster,5.2,1,E08000017,Doncaster
NM_99_1,2016,2016,8,Full Time Workers,1,Weekly pay - gross,2,Median,20100,Value,Dundee,505.3,1,S12000042,Dundee
NM_99_1,2016,2016,8,Full Time Workers,1,Weekly pay - gross,2,Median,20701,Confidence,Dundee,4.9,1,S12000042,Dundee
NM_99_1,2016,2016,8,Full Time Workers,1,Weekly pay - gross,2,Median,20100,Value,Durham,479.6,1,E06000047,Durham
NM_99_1,2016,2016,8,Full Time Workers,1,Weekly pay - gross,2,Median,20701,Confidence,Durham,3.4,1,E06000047,Durham
NM_99_1,2016,2016,8,Full Time Workers,1,Weekly pay - gross,2,Median,20100,Value,Edinburgh,569.2,1,S12000036,Edinburgh
NM_99_1,2016,2016,8,Full Time Workers,1,Weekly pay - gross,2,Median,20701,Confidence,Edinburgh,2.2,1,S12000036,Edinburgh
NM_99_1,2016,2016,8,Full Time Workers,1,Weekly pay - gross,2,Median,20100,Value,Ely,473.4,1,E07000009,Ely
NM_99_1,2016,2016,8,Full Time Workers,1,Weekly pay - gross,2,Median,20701,Confidence,Ely,8.3,1,E07000009,Ely
NM_99_1,2016,2016,8,Full Time Workers,1,Weekly pay - gross,2,Median,20100,Value,Exeter,545.0,1,E07000041,Exeter
NM_99_1,2016,2016,8,Full Time Workers,1,Weekly pay - gross,2,Median,20701,Confidence,Exeter,4.1,1,E07000041,Exeter
NM_99_1,2016,2016,8,Full Time Workers,1,Weekly pay - gross,2,Median,20100,Value,Glasgow,546.7,1,S12000046,Glasgow
NM_99_1,2016,2016,8,Full Time Workers,1,Weekly pay - gross,2,Median,20701,Confidence,Glasgow,2.2,1,S12000046,Glasgow
NM_99_1,2016,2016,8,Full Time Workers,1,Weekly pay - gross,2,Median,20100,Value,Gloucester,553.7,1,E07000081,Gloucester
NM_99_1,2016,2016,8,Full Time Workers,1,Weekly pay - gross,2,Median,20701,Confidence,Gloucester,5.6,1,E07000081,Gloucester
NM_99_1,2016,2016,8,Full Time Workers,1,Weekly pay - gross,2,Median,20100,Value,Hereford,444.7,1,E06000019,Hereford
NM_99_1,2016,2016,8,Full Time Workers,1,Weekly pay - gross,2,Median,20701,Confidence,Hereford,3.9,1,E06000019,Hereford
NM_99_1,2016,2016,8,Full Time Workers,1,Weekly pay - gross,2,Median,20100,Value,Inverness,523.2,1,S12000017,Inverness
NM_99_1,2016,2016,8,Full Time Workers,1,Weekly pay - gross,2,Median,20701,Confidence,Inverness,3.9,1,S12000017,Inverness
NM_99_1,2016,2016,8,Full Time Workers,1,Weekly pay - gross,2,Median,20100,Value,Kingston upon Hull,493.6,1,E06000010,Kingston upon Hull
NM_99_1,2016,2016,8,Full Time Workers,1,Weekly pay - gross,2,Median,20701,Confidence,Kingston upon Hull,3.9,1,E06000010,Kingston upon Hull
NM_99_1,2016,2016,8,Full Time Workers,1,Weekly pay - gross,2,Median,20100,Value,Lancaster,519.1,1,E07000121,Lancaster
NM_99_1,2016,2016,8,Full Time Workers,1,Weekly pay - gross,2,Median,20701,Confidence,Lancaster,6.3,1,E07000121,Lancaster
NM_99_1,2016,2016,8,Full Time Workers,1,Weekly pay - gross,2,Median,20100,Value,Leeds,531.8,1,E08000035,Leeds
NM_99_1,2016,2016,8,Full Time Workers,1,Weekly pay - gross,2,Median,20701,Confidence,Leeds,2.3,1,E08000035,Leeds
NM_99_1,2016,2016,8,Full Time Workers,1,Weekly pay - gross,2,Median,20100,Value,Leicester,486.3,1,E06000016,Leicester
NM_99_1,2016,2016,8,Full Time Workers,1,Weekly pay - gross,2,Median,20701,Confidence,Leicester,3.6,1,E06000016,Leicester
NM_99_1,2016,2016,8,Full Time Workers,1,Weekly pay - gross,2,Median,20100,Value,Lichfield,528.2,1,E07000194,Lichfield
NM_99_1,2016,2016,8,Full Time Workers,1,Weekly pay - gross,2,Median,20701,Confidence,Lichfield,7.5,1,E07000194,Lichfield
NM_99_1,2016,2016,8,Full Time Workers,1,Weekly pay - gross,2,Median,20100,Value,Lincoln,460.4,1,E07000138,Lincoln
NM_99_1,2016,2016,8,Full Time Workers,1,Weekly pay - gross,2,Median,20701,Confidence,Lincoln,6.6,1,E07000138,Lincoln
NM_99_1,2016,2016,8,Full Time Workers,1,Weekly pay - gross,2,Median,20100,Value,Liverpool,519.0,1,E08000012,Liverpool
NM_99_1,2016,2016,8,Full Time Workers,1,Weekly pay - gross,2,Median,20701,Confidence,Liverpool,2.9,1,E08000012,Liverpool
NM_99_1,2016,2016,8,Full Time Workers,1,Weekly pay - gross,2,Median,20100,Value,London,958.2,1,E09000001,London
NM_99_1,2016,2016,8,Full Time Workers,1,Weekly pay - gross,2,Median,20701,Confidence,London,2.4,1,E09000001,London
NM_99_1,2016,2016,8,Full Time Workers,1,Weekly pay - gross,2,Median,20100,Value,Manchester,547.1,1,E08000003,Manchester
NM_99_1,2016,2016,8,Full Time Workers,1,Weekly pay - gross,2,Median,20701,Confidence,Manchester,2.2,1,E08000003,Manchester
NM_99_1,2016,2016,8,Full Time Workers,1,Weekly pay - gross,2,Median,20100,Value,Milton Keynes,607.1,1,E06000042,Milton Keynes
NM_99_1,2016,2016,8,Full Time Workers,1,Weekly pay - gross,2,Median,20701,Confidence,Milton Keynes,3.3,1,E06000042,Milton Keynes
NM_99_1,2016,2016,8,Full Time Workers,1,Weekly pay - gross,2,Median,20100,Value,Newcastle upon Tyne,519.0,1,E08000021,Newcastle upon Tyne
NM_99_1,2016,2016,8,Full Time Workers,1,Weekly pay - gross,2,Median,20701,Confidence,Newcastle upon Tyne,3.3,1,E08000021,Newcastle upon Tyne
NM_99_1,2016,2016,8,Full Time Workers,1,Weekly pay - gross,2,Median,20100,Value,Newport,471.2,1,W06000022,Newport
NM_99_1,2016,2016,8,Full Time Workers,1,Weekly pay - gross,2,Median,20701,Confidence,Newport,4.6,1,W06000022,Newport
NM_99_1,2016,2016,8,Full Time Workers,1,Weekly pay - gross,2,Median,20100,Value,Norwich,500.7,1,E07000148,Norwich
NM_99_1,2016,2016,8,Full Time Workers,1,Weekly pay - gross,2,Median,20701,Confidence,Norwich,5.7,1,E07000148,Norwich
NM_99_1,2016,2016,8,Full Time Workers,1,Weekly pay - gross,2,Median,20100,Value,Nottingham,479.8,1,E06000018,Nottingham
NM_99_1,2016,2016,8,Full Time Workers,1,Weekly pay - gross,2,Median,20701,Confidence,Nottingham,2.6,1,E06000018,Nottingham
NM_99_1,2016,2016,8,Full Time Workers,1,Weekly pay - gross,2,Median,20100,Value,Oxford,596.6,1,E07000178,Oxford
NM_99_1,2016,2016,8,Full Time Workers,1,Weekly pay - gross,2,Median,20701,Confidence,Oxford,3.0,1,E07000178,Oxford
NM_99_1,2016,2016,8,Full Time Workers,1,Weekly pay - gross,2,Median,20100,Value,Perth,497.9,1,S12000024,Perth
NM_99_1,2016,2016,8,Full Time Workers,1,Weekly pay - gross,2,Median,20701,Confidence,Perth,5.3,1,S12000024,Perth
NM_99_1,2016,2016,8,Full Time Workers,1,Weekly pay - gross,2,Median,20100,Value,Peterborough,506.2,1,E06000031,Peterborough
NM_99_1,2016,2016,8,Full Time Workers,1,Weekly pay - gross,2,Median,20701,Confidence,Peterborough,4.0,1,E06000031,Peterborough
NM_99_1,2016,2016,8,Full Time Workers,1,Weekly pay - gross,2,Median,20100,Value,Plymouth,519.8,1,E06000026,Plymouth
NM_99_1,2016,2016,8,Full Time Workers,1,Weekly pay - gross,2,Median,20701,Confidence,Plymouth,4.1,1,E06000026,Plymouth
NM_99_1,2016,2016,8,Full Time Workers,1,Weekly pay - gross,2,Median,20100,Value,Portsmouth,542.4,1,E06000044,Portsmouth
NM_99_1,2016,2016,8,Full Time Workers,1,Weekly pay - gross,2,Median,20701,Confidence,Portsmouth,3.9,1,E06000044,Portsmouth
NM_99_1,2016,2016,8,Full Time Workers,1,Weekly pay - gross,2,Median,20100,Value,Preston,498.5,1,E07000123,Preston
NM_99_1,2016,2016,8,Full Time Workers,1,Weekly pay - gross,2,Median,20701,Confidence,Preston,5.3,1,E07000123,Preston
NM_99_1,2016,2016,8,Full Time Workers,1,Weekly pay - gross,2,Median,20100,Value,Ripon,492.2,1,E07000165,Ripon
NM_99_1,2016,2016,8,Full Time Workers,1,Weekly pay - gross,2,Median,20701,Confidence,Ripon,5.9,1,E07000165,Ripon
NM_99_1,2016,2016,8,Full Time Workers,1,Weekly pay - gross,2,Median,20100,Value,Salford,507.7,1,E08000006,Salford
NM_99_1,2016,2016,8,Full Time Workers,1,Weekly pay - gross,2,Median,20701,Confidence,Salford,4.3,1,E08000006,Salford
NM_99_1,2016,2016,8,Full Time Workers,1,Weekly pay - gross,2,Median,20100,Value,Salisbury,498.3,1,E06000054,Salisbury
NM_99_1,2016,2016,8,Full Time Workers,1,Weekly pay - gross,2,Median,20701,Confidence,Salisbury,3.4,1,E06000054,Salisbury
NM_99_1,2016,2016,8,Full Time Workers,1,Weekly pay - gross,2,Median,20100,Value,Sheffield,511.7,1,E08000019,Sheffield
NM_99_1,2016,2016,8,Full Time Workers,1,Weekly pay - gross,2,Median,20701,Confidence,Sheffield,2.9,1,E08000019,Sheffield
NM_99_1,2016,2016,8,Full Time Workers,1,Weekly pay - gross,2,Median,20100,Value,Southampton,561.2,1,E06000045,Southampton
NM_99_1,2016,2016,8,Full Time Workers,1,Weekly pay - gross,2,Median,20701,Confidence,Southampton,3.2,1,E06000045,Southampton
NM_99_1,2016,2016,8,Full Time Workers,1,Weekly pay - gross,2,Median,20100,Value,Southend-on-Sea,478.6,1,E06000033,Southend-on-Sea
NM_99_1,2016,2016,8,Full Time Workers,1,Weekly pay - gross,2,Median,20701,Confidence,Southend-on-Sea,5.8,1,E06000033,Southend-on-Sea
NM_99_1,2016,2016,8,Full Time Workers,1,Weekly pay - gross,2,Median,20100,Value,St Albans,519.6,1,E07000240,St Albans
NM_99_1,2016,2016,8,Full Time Workers,1,Weekly pay - gross,2,Median,20701,Confidence,St Albans,5.6,1,E07000240,St Albans
NM_99_1,2016,2016,8,Full Time Workers,1,Weekly pay - gross,2,Median,20100,Value,St Asaph,500.9,1,W06000004,St Asaph
NM_99_1,2016,2016,8,Full Time Workers,1,Weekly pay - gross,2,Median,20701,Confidence,St Asaph,8.4,1,W06000004,St Asaph
NM_99_1,2016,2016,8,Full Time Workers,1,Weekly pay - gross,2,Median,20100,Value,St Davids,454.6,1,W06000009,St Davids
NM_99_1,2016,2016,8,Full Time Workers,1,Weekly pay - gross,2,Median,20701,Confidence,St Davids,9.2,1,W06000009,St Davids
NM_99_1,2016,2016,8,Full Time Workers,1,Weekly pay - gross,2,Median,20100,Value,Stirling,516.8,1,S12000030,Stirling
NM_99_1,2016,2016,8,Full Time Workers,1,Weekly pay - gross,2,Median,20701,Confidence,Stirling,7.5,1,S12000030,Stirling
NM_99_1,2016,2016,8,Full Time Workers,1,Weekly pay - gross,2,Median,20100,Value,Stoke on Trent,472.9,1,E06000021,Stoke on Trent
NM_99_1,2016,2016,8,Full Time Workers,1,Weekly pay - gross,2,Median,20701,Confidence,Stoke on Trent,3.8,1,E06000021,Stoke on Trent
NM_99_1,2016,2016,8,Full Time Workers,1,Weekly pay - gross,2,Median,20100,Value,Sunderland,492.9,1,E08000024,Sunderland
NM_99_1,2016,2016,8,Full Time Workers,1,Weekly pay - gross,2,Median,20701,Confidence,Sunderland,3.3,1,E08000024,Sunderland
NM_99_1,2016,2016,8,Full Time Workers,1,Weekly pay - gross,2,Median,20100,Value,Swansea,465.9,1,W06000011,Swansea
NM_99_1,2016,2016,8,Full Time Workers,1,Weekly pay - gross,2,Median,20701,Confidence,Swansea,3.5,1,W06000011,Swansea
NM_99_1,2016,2016,8,Full Time Workers,1,Weekly pay - gross,2,Median,20100,Value,Truro,438.1,1,E06000052,Truro
NM_99_1,2016,2016,8,Full Time Workers,1,Weekly pay - gross,2,Median,20701,Confidence,Truro,3.5,1,E06000052,Truro
NM_99_1,2016,2016,8,Full Time Workers,1,Weekly pay - gross,2,Median,20100,Value,Wakefield,494.4,1,E08000036,Wakefield
NM_99_1,2016,2016,8,Full Time Workers,1,Weekly pay - gross,2,Median,20701,Confidence,Wakefield,3.0,1,E08000036,Wakefield
NM_99_1,2016,2016,8,Full Time Workers,1,Weekly pay - gross,2,Median,20100,Value,Wells,455.2,4,E07000187|E07000188|E07000189|E07000190,Wells
NM_99_1,2016,2016,8,Full Time Workers,1,Weekly pay - gross,2,Median,20701,Confidence,Wells,6.550000000000001,4,E07000187|E07000188|E07000189|E07000190,Wells
NM_99_1,2016,2016,8,Full Time Workers,1,Weekly pay - gross,2,Median,20100,Value,Westminster,699.7,1,E09000033,Westminster
NM_99_1,2016,2016,8,Full Time Workers,1,Weekly pay - gross,2,Median,20701,Confidence,Westminster,2.1,1,E09000033,Westminster
NM_99_1,2016,2016,8,Full Time Workers,1,Weekly pay - gross,2,Median,20100,Value,Winchester,600.5,1,E07000094,Winchester
NM_99_1,2016,2016,8,Full Time Workers,1,Weekly pay - gross,2,Median,20701,Confidence,Winchester,6.2,1,E07000094,Winchester
NM_99_1,2016,2016,8,Full Time Workers,1,Weekly pay - gross,2,Median,20100,Value,Wolverhampton,492.9,1,E08000031,Wolverhampton
NM_99_1,2016,2016,8,Full Time Workers,1,Weekly pay - gross,2,Median,20701,Confidence,Wolverhampton,4.7,1,E08000031,Wolverhampton
NM_99_1,2016,2016,8,Full Time Workers,1,Weekly pay - gross,2,Median,20100,Value,Worcester,507.7,1,E07000237,Worcester
NM_99_1,2016,2016,8,Full Time Workers,1,Weekly pay - gross,2,Median,20701,Confidence,Worcester,7.8,1,E07000237,Worcester
NM_99_1,2016,2016,8,Full Time Workers,1,Weekly pay - gross,2,Median,20100,Value,Wrexham,487.7,1,W06000006,Wrexham
NM_99_1,2016,2016,8,Full Time Workers,1,Weekly pay - gross,2,Median,20701,Confidence,Wrexham,4.5,1,W06000006,Wrexham
NM_99_1,2016,2016,8,Full Time Workers,1,Weekly pay - gross,2,Median,20100,Value,York,505.3,1,E06000014,York
NM_99_1,2016,2016,8,Full Time Workers,1,Weekly pay - gross,2,Median,20701,Confidence,York,5.0,1,E06000014,York
NM_99_1,2017,2017,8,Full Time Workers,1,Weekly pay - gross,2,Median,20100,Value,Aberdeen,585.2,1,S12000033,Aberdeen
NM_99_1,2017,2017,8,Full Time Workers,1,Weekly pay - gross,2,Median,20701,Confidence,Aberdeen,4.2,1,S12000033,Aberdeen
NM_99_1,2017,2017,8,Full Time Workers,1,Weekly pay - gross,2,Median,20100,Value,Bangor,418.7,1,W06000002,Bangor
NM_99_1,2017,2017,8,Full Time Workers,1,Weekly pay - gross,2,Median,20701,Confidence,Bangor,6.3,1,W06000002,Bangor
NM_99_1,2017,2017,8,Full Time Workers,1,Weekly pay - gross,2,Median,20100,Value,Bath,542.2,1,E06000022,Bath
NM_99_1,2017,2017,8,Full Time Workers,1,Weekly pay - gross,2,Median,20701,Confidence,Bath,4.8,1,E06000022,Bath
NM_99_1,2017,2017,8,Full Time Workers,1,Weekly pay - gross,2,Median,20100,Value,Birmingham,548.5,1,E08000025,Birmingham
NM_99_1,2017,2017,8,Full Time Workers,1,Weekly pay - gross,2,Median,20701,Confidence,Birmingham,2.0,1,E08000025,Birmingham
NM_99_1,2017,2017,8,Full Time Workers,1,Weekly pay - gross,2,Median,20100,Value,Bradford,488.7,1,E08000032,Bradford
NM_99_1,2017,2017,8,Full Time Workers,1,Weekly pay - gross,2,Median,20701,Confidence,Bradford,2.9,1,E08000032,Bradford
NM_99_1,2017,2017,8,Full Time Workers,1,Weekly pay - gross,2,Median,20100,Value,Brighton and Hove,526.2,1,E06000043,Brighton and Hove
NM_99_1,2017,2017,8,Full Time Workers,1,Weekly pay - gross,2,Median,20701,Confidence,Brighton and Hove,3.7,1,E06000043,Brighton and Hove
NM_99_1,2017,2017,8,Full Time Workers,1,Weekly pay - gross,2,Median,20100,Value,Bristol,544.1,1,E06000023,Bristol
NM_99_1,2017,2017,8,Full Time Workers,1,Weekly pay - gross,2,Median,20701,Confidence,Bristol,2.1,1,E06000023,Bristol
NM_99_1,2017,2017,8,Full Time Workers,1,Weekly pay - gross,2,Median,20100,Value,Cambridge,595.6,1,E07000008,Cambridge
NM_99_1,2017,2017,8,Full Time Workers,1,Weekly pay - gross,2,Median,20701,Confidence,Cambridge,3.2,1,E07000008,Cambridge
NM_99_1,2017,2017,8,Full Time Workers,1,Weekly pay - gross,2,Median,20100,Value,Canterbury,484.8,1,E07000106,Canterbury
NM_99_1,2017,2017,8,Full Time Workers,1,Weekly pay - gross,2,Median,20701,Confidence,Canterbury,6.1,1,E07000106,Canterbury
NM_99_1,2017,2017,8,Full Time Workers,1,Weekly pay - gross,2,Median,20100,Value,Cardiff,530.3,1,W06000015,Cardiff
NM_99_1,2017,2017,8,Full Time Workers,1,Weekly pay - gross,2,Median,20701,Confidence,Cardiff,3.1,1,W06000015,Cardiff
NM_99_1,2017,2017,8,Full Time Workers,1,Weekly pay - gross,2,Median,20100,Value,Carlisle,479.6,1,E07000028,Carlisle
NM_99_1,2017,2017,8,Full Time Workers,1,Weekly pay - gross,2,Median,20701,Confidence,Carlisle,5.3,1,E07000028,Carlisle
NM_99_1,2017,2017,8,Full Time Workers,1,Weekly pay - gross,2,Median,20100,Value,Chelmsford,568.6,1,E07000070,Chelmsford
NM_99_1,2017,2017,8,Full Time Workers,1,Weekly pay - gross,2,Median,20701,Confidence,Chelmsford,5.4,1,E07000070,Chelmsford
NM_99_1,2017,2017,8,Full Time Workers,1,Weekly pay - gross,2,Median,20100,Value,Chester,519.3,1,E06000050,Chester
NM_99_1,2017,2017,8,Full Time Workers,1,Weekly pay - gross,2,Median,20701,Confidence,Chester,3.2,1,E06000050,Chester
NM_99_1,2017,2017,8,Full Time Workers,1,Weekly pay - gross,2,Median,20100,Value,Chichester,500.3,1,E07000225,Chichester
NM_99_1,2017,2017,8,Full Time Workers,1,Weekly pay - gross,2,Median,20701,Confidence,Chichester,8.0,1,E07000225,Chichester
NM_99_1,2017,2017,8,Full Time Workers,1,Weekly pay - gross,2,Median,20100,Value,Colchester,549.7,1,E07000071,Colchester
NM_99_1,2017,2017,8,Full Time Workers,1,Weekly pay - gross,2,Median,20701,Confidence,Colchester,4.0,1,E07000071,Colchester
NM_99_1,2017,2017,8,Full Time Workers,1,Weekly pay - gross,2,Median,20100,Value,Coventry,561.5,1,E08000026,Coventry
NM_99_1,2017,2017,8,Full Time Workers,1,Weekly pay - gross,2,Median,20701,Confidence,Coventry,4.3,1,E08000026,Coventry
NM_99_1,2017,2017,8,Full Time Workers,1,Weekly pay - gross,2,Median,20100,Value,Derby,642.9,1,E06000015,Derby
NM_99_1,2017,2017,8,Full Time Workers,1,Weekly pay - gross,2,Median,20701,Confidence,Derby,4.5,1,E06000015,Derby
NM_99_1,2017,2017,8,Full Time Workers,1,Weekly pay - gross,2,Median,20100,Value,Doncaster,488.2,1,E08000017,Doncaster
NM_99_1,2017,2017,8,Full Time Workers,1,Weekly pay - gross,2,Median,20701,Confidence,Doncaster,4.3,1,E08000017,Doncaster
NM_99_1,2017,2017,8,Full Time Workers,1,Weekly pay - gross,2,Median,20100,Value,Dundee,553.6,1,S12000042,Dundee
NM_99_1,2017,2017,8,Full Time Workers,1,Weekly pay - gross,2,Median,20701,Confidence,Dundee,3.5,1,S12000042,Dundee
NM_99_1,2017,2017,8,Full Time Workers,1,Weekly pay - gross,2,Median,20100,Value,Durham,489.9,1,E06000047,Durham
NM_99_1,2017,2017,8,Full Time Workers,1,Weekly pay - gross,2,Median,20701,Confidence,Durham,3.7,1,E06000047,Durham
NM_99_1,2017,2017,8,Full Time Workers,1,Weekly pay - gross,2,Median,20100,Value,Edinburgh,598.5,1,S12000036,Edinburgh
NM_99_1,2017,2017,8,Full Time Workers,1,Weekly pay - gross,2,Median,20701,Confidence,Edinburgh,2.2,1,S12000036,Edinburgh
NM_99_1,2017,2017,8,Full Time Workers,1,Weekly pay - gross,2,Median,20100,Value,Ely,548.5,1,E07000009,Ely
NM_99_1,2017,2017,8,Full Time Workers,1,Weekly pay - gross,2,Median,20701,Confidence,Ely,8.3,1,E07000009,Ely
NM_99_1,2017,2017,8,Full Time Workers,1,Weekly pay - gross,2,Median,20100,Value,Exeter,545.3,1,E07000041,Exeter
NM_99_1,2017,2017,8,Full Time Workers,1,Weekly pay - gross,2,Median,20701,Confidence,Exeter,3.4,1,E07000041,Exeter
NM_99_1,2017,2017,8,Full Time Workers,1,Weekly pay - gross,2,Median,20100,Value,Glasgow,558.2,1,S12000046,Glasgow
NM_99_1,2017,2017,8,Full Time Workers,1,Weekly pay - gross,2,Median,20701,Confidence,Glasgow,1.8,1,S12000046,Glasgow
NM_99_1,2017,2017,8,Full Time Workers,1,Weekly pay - gross,2,Median,20100,Value,Gloucester,537.1,1,E07000081,Gloucester
NM_99_1,2017,2017,8,Full Time Workers,1,Weekly pay - gross,2,Median,20701,Confidence,Gloucester,5.4,1,E07000081,Gloucester
NM_99_1,2017,2017,8,Full Time Workers,1,Weekly pay - gross,2,Median,20100,Value,Hereford,450.8,1,E06000019,Hereford
NM_99_1,2017,2017,8,Full Time Workers,1,Weekly pay - gross,2,Median,20701,Confidence,Hereford,4.8,1,E06000019,Hereford
NM_99_1,2017,2017,8,Full Time Workers,1,Weekly pay - gross,2,Median,20100,Value,Inverness,536.6,1,S12000017,Inverness
NM_99_1,2017,2017,8,Full Time Workers,1,Weekly pay - gross,2,Median,20701,Confidence,Inverness,3.9,1,S12000017,Inverness
NM_99_1,2017,2017,8,Full Time Workers,1,Weekly pay - gross,2,Median,20100,Value,Kingston upon Hull,480.2,1,E06000010,Kingston upon Hull
NM_99_1,2017,2017,8,Full Time Workers,1,Weekly pay - gross,2,Median,20701,Confidence,Kingston upon Hull,3.5,1,E06000010,Kingston upon Hull
NM_99_1,2017,2017,8,Full Time Workers,1,Weekly pay - gross,2,Median,20100,Value,Lancaster,512.0,1,E07000121,Lancaster
NM_99_1,2017,2017,8,Full Time Workers,1,Weekly pay - gross,2,Median,20701,Confidence,Lancaster,5.5,1,E07000121,Lancaster
NM_99_1,2017,2017,8,Full Time Workers,1,Weekly pay - gross,2,Median,20100,Value,Leeds,543.2,1,E08000035,Leeds
NM_99_1,2017,2017,8,Full Time Workers,1,Weekly pay - gross,2,Median,20701,Confidence,Leeds,2.2,1,E08000035,Leeds
NM_99_1,2017,2017,8,Full Time Workers,1,Weekly pay - gross,2,Median,20100,Value,Leicester,498.0,1,E06000016,Leicester
NM_99_1,2017,2017,8,Full Time Workers,1,Weekly pay - gross,2,Median,20701,Confidence,Leicester,2.7,1,E06000016,Leicester
NM_99_1,2017,2017,8,Full Time Workers,1,Weekly pay - gross,2,Median,20100,Value,Lichfield,494.1,1,E07000194,Lichfield
NM_99_1,2017,2017,8,Full Time Workers,1,Weekly pay - gross,2,Median,20701,Confidence,Lichfield,6.2,1,E07000194,Lichfield
NM_99_1,2017,2017,8,Full Time Workers,1,Weekly pay - gross,2,Median,20100,Value,Lincoln,499.6,1,E07000138,Lincoln
NM_99_1,2017,2017,8,Full Time Workers,1,Weekly pay - gross,2,Median,20701,Confidence,Lincoln,6.8,1,E07000138,Lincoln
NM_99_1,2017,2017,8,Full Time Workers,1,Weekly pay - gross,2,Median,20100,Value,Liverpool,530.7,1,E08000012,Liverpool
NM_99_1,2017,2017,8,Full Time Workers,1,Weekly pay - gross,2,Median,20701,Confidence,Liverpool,2.6,1,E08000012,Liverpool
NM_99_1,2017,2017,8,Full Time Workers,1,Weekly pay - gross,2,Median,20100,Value,London,987.2,1,E09000001,London
NM_99_1,2017,2017,8,Full Time Workers,1,Weekly pay - gross,2,Median,20701,Confidence,London,2.6,1,E09000001,London
NM_99_1,2017,2017,8,Full Time Workers,1,Weekly pay - gross,2,Median,20100,Value,Manchester,570.8,1,E08000003,Manchester
NM_99_1,2017,2017,8,Full Time Workers,1,Weekly pay - gross,2,Median,20701,Confidence,Manchester,2.2,1,E08000003,Manchester
NM_99_1,2017,2017,8,Full Time Workers,1,Weekly pay - gross,2,Median,20100,Value,Milton Keynes,601.4,1,E06000042,Milton Keynes
NM_99_1,2017,2017,8,Full Time Workers,1,Weekly pay - gross,2,Median,20701,Confidence,Milton Keynes,3.6,1,E06000042,Milton Keynes
NM_99_1,2017,2017,8,Full Time Workers,1,Weekly pay - gross,2,Median,20100,Value,Newcastle upon Tyne,555.2,1,E08000021,Newcastle upon Tyne
NM_99_1,2017,2017,8,Full Time Workers,1,Weekly pay - gross,2,Median,20701,Confidence,Newcastle upon Tyne,3.3,1,E08000021,Newcastle upon Tyne
NM_99_1,2017,2017,8,Full Time Workers,1,Weekly pay - gross,2,Median,20100,Value,Newport,474.6,1,W06000022,Newport
NM_99_1,2017,2017,8,Full Time Workers,1,Weekly pay - gross,2,Median,20701,Confidence,Newport,4.9,1,W06000022,Newport
NM_99_1,2017,2017,8,Full Time Workers,1,Weekly pay - gross,2,Median,20100,Value,Norwich,497.3,1,E07000148,Norwich
NM_99_1,2017,2017,8,Full Time Workers,1,Weekly pay - gross,2,Median,20701,Confidence,Norwich,5.8,1,E07000148,Norwich
NM_99_1,2017,2017,8,Full Time Workers,1,Weekly pay - gross,2,Median,20100,Value,Nottingham,495.6,1,E06000018,Nottingham
NM_99_1,2017,2017,8,Full Time Workers,1,Weekly pay - gross,2,Median,20701,Confidence,Nottingham,3.4,1,E06000018,Nottingham
NM_99_1,2017,2017,8,Full Time Workers,1,Weekly pay - gross,2,Median,20100,Value,Oxford,647.1,1,E07000178,Oxford
NM_99_1,2017,2017,8,Full Time Workers,1,Weekly pay - gross,2,Median,20701,Confidence,Oxford,2.3,1,E07000178,Oxford
NM_99_1,2017,2017,8,Full Time Workers,1,Weekly pay - gross,2,Median,20100,Value,Perth,517.5,1,S12000024,Perth
NM_99_1,2017,2017,8,Full Time Workers,1,Weekly pay - gross,2,Median,20701,Confidence,Perth,5.3,1,S12000024,Perth
NM_99_1,2017,2017,8,Full Time Workers,1,Weekly pay - gross,2,Median,20100,Value,Peterborough,477.7,1,E06000031,Peterborough
NM_99_1,2017,2017,8,Full Time Workers,1,Weekly pay - gross,2,Median,20701,Confidence,Peterborough,3.8,1,E06000031,Peterborough
NM_99_1,2017,2017,8,Full Time Workers,1,Weekly pay - gross,2,Median,20100,Value,Plymouth,529.1,1,E06000026,Plymouth
NM_99_1,2017,2017,8,Full Time Workers,1,Weekly pay - gross,2,Median,20701,Confidence,Plymouth,4.2,1,E06000026,Plymouth
NM_99_1,2017,2017,8,Full Time Workers,1,Weekly pay - gross,2,Median,20100,Value,Portsmouth,524.4,1,E06000044,Portsmouth
NM_99_1,2017,2017,8,Full Time Workers,1,Weekly pay - gross,2,Median,20701,Confidence,Portsmouth,4.7,1,E06000044,Portsmouth
NM_99_1,2017,2017,8,Full Time Workers,1,Weekly pay - gross,2,Median,20100,Value,Preston,509.6,1,E07000123,Preston
NM_99_1,2017,2017,8,Full Time Workers,1,Weekly pay - gross,2,Median,20701,Confidence,Preston,5.5,1,E07000123,Preston
NM_99_1,2017,2017,8,Full Time Workers,1,Weekly pay - gross,2,Median,20100,Value,Ripon,490.0,1,E07000165,Ripon
NM_99_1,2017,2017,8,Full Time Workers,1,Weekly pay - gross,2,Median,20701,Confidence,Ripon,5.0,1,E07000165,Ripon
NM_99_1,2017,2017,8,Full Time Workers,1,Weekly pay - gross,2,Median,20100,Value,Salford,521.2,1,E08000006,Salford
NM_99_1,2017,2017,8,Full Time Workers,1,Weekly pay - gross,2,Median,20701,Confidence,Salford,3.5,1,E08000006,Salford
NM_99_1,2017,2017,8,Full Time Workers,1,Weekly pay - gross,2,Median,20100,Value,Salisbury,524.5,1,E06000054,Salisbury
NM_99_1,2017,2017,8,Full Time Workers,1,Weekly pay - gross,2,Median,20701,Confidence,Salisbury,2.9,1,E06000054,Salisbury
NM_99_1,2017,2017,8,Full Time Workers,1,Weekly pay - gross,2,Median,20100,Value,Sheffield,525.9,1,E08000019,Sheffield
NM_99_1,2017,2017,8,Full Time Workers,1,Weekly pay - gross,2,Median,20701,Confidence,Sheffield,2.5,1,E08000019,Sheffield
NM_99_1,2017,2017,8,Full Time Workers,1,Weekly pay - gross,2,Median,20100,Value,Southampton,576.1,1,E06000045,Southampton
NM_99_1,2017,2017,8,Full Time Workers,1,Weekly pay - gross,2,Median,20701,Confidence,Southampton,3.0,1,E06000045,Southampton
NM_99_1,2017,2017,8,Full Time Workers,1,Weekly pay - gross,2,Median,20100,Value,Southend-on-Sea,497.2,1,E06000033,Southend-on-Sea
NM_99_1,2017,2017,8,Full Time Workers,1,Weekly pay - gross,2,Median,20701,Confidence,Southend-on-Sea,4.8,1,E06000033,Southend-on-Sea
NM_99_1,2017,2017,8,Full Time Workers,1,Weekly pay - gross,2,Median,20100,Value,St Albans,572.5,1,E07000240,St Albans
NM_99_1,2017,2017,8,Full Time Workers,1,Weekly pay - gross,2,Median,20701,Confidence,St Albans,5.5,1,E07000240,St Albans
NM_99_1,2017,2017,8,Full Time Workers,1,Weekly pay - gross,2,Median,20100,Value,St Asaph,490.1,1,W06000004,St Asaph
NM_99_1,2017,2017,8,Full Time Workers,1,Weekly pay - gross,2,Median,20701,Confidence,St Asaph,6.7,1,W06000004,St Asaph
NM_99_1,2017,2017,8,Full Time Workers,1,Weekly pay - gross,2,Median,20100,Value,St Davids,446.7,1,W06000009,St Davids
NM_99_1,2017,2017,8,Full Time Workers,1,Weekly pay - gross,2,Median,20701,Confidence,St Davids,8.8,1,W06000009,St Davids
NM_99_1,2017,2017,8,Full Time Workers,1,Weekly pay - gross,2,Median,20100,Value,Stirling,533.8,1,S12000030,Stirling
NM_99_1,2017,2017,8,Full Time Workers,1,Weekly pay - gross,2,Median,20701,Confidence,Stirling,6.8,1,S12000030,Stirling
NM_99_1,2017,2017,8,Full Time Workers,1,Weekly pay - gross,2,Median,20100,Value,Stoke on Trent,488.7,1,E06000021,Stoke on Trent
NM_99_1,2017,2017,8,Full Time Workers,1,Weekly pay - gross,2,Median,20701,Confidence,Stoke on Trent,3.5,1,E06000021,Stoke on Trent
NM_99_1,2017,2017,8,Full Time Workers,1,Weekly pay - gross,2,Median,20100,Value,Sunderland,493.6,1,E08000024,Sunderland
NM_99_1,2017,2017,8,Full Time Workers,1,Weekly pay - gross,2,Median,20701,Confidence,Sunderland,2.8,1,E08000024,Sunderland
NM_99_1,2017,2017,8,Full Time Workers,1,Weekly pay - gross,2,Median,20100,Value,Swansea,474.1,1,W06000011,Swansea
NM_99_1,2017,2017,8,Full Time Workers,1,Weekly pay - gross,2,Median,20701,Confidence,Swansea,3.7,1,W06000011,Swansea
NM_99_1,2017,2017,8,Full Time Workers,1,Weekly pay - gross,2,Median,20100,Value,Truro,462.1,1,E06000052,Truro
NM_99_1,2017,2017,8,Full Time Workers,1,Weekly pay - gross,2,Median,20701,Confidence,Truro,3.4,1,E06000052,Truro
NM_99_1,2017,2017,8,Full Time Workers,1,Weekly pay - gross,2,Median,20100,Value,Wakefield,478.4,1,E08000036,Wakefield
NM_99_1,2017,2017,8,Full Time Workers,1,Weekly pay - gross,2,Median,20701,Confidence,Wakefield,2.6,1,E08000036,Wakefield
NM_99_1,2017,2017,8,Full Time Workers,1,Weekly pay - gross,2,Median,20100,Value,Wells,473.45,4,E07000187|E07000188|E07000189|E07000190,Wells
NM_99_1,2017,2017,8,Full Time Workers,1,Weekly pay - gross,2,Median,20701,Confidence,Wells,5.45,4,E07000187|E07000188|E07000189|E07000190,Wells
NM_99_1,2017,2017,8,Full Time Workers,1,Weekly pay - gross,2,Median,20100,Value,Westminster,756.2,1,E09000033,Westminster
NM_99_1,2017,2017,8,Full Time Workers,1,Weekly pay - gross,2,Median,20701,Confidence,Westminster,1.9,1,E09000033,Westminster
NM_99_1,2017,2017,8,Full Time Workers,1,Weekly pay - gross,2,Median,20100,Value,Winchester,626.7,1,E07000094,Winchester
NM_99_1,2017,2017,8,Full Time Workers,1,Weekly pay - gross,2,Median,20701,Confidence,Winchester,5.5,1,E07000094,Winchester
NM_99_1,2017,2017,8,Full Time Workers,1,Weekly pay - gross,2,Median,20100,Value,Wolverhampton,482.9,1,E08000031,Wolverhampton
NM_99_1,2017,2017,8,Full Time Workers,1,Weekly pay - gross,2,Median,20701,Confidence,Wolverhampton,5.1,1,E08000031,Wolverhampton
NM_99_1,2017,2017,8,Full Time Workers,1,Weekly pay - gross,2,Median,20100,Value,Worcester,544.9,1,E07000237,Worcester
NM_99_1,2017,2017,8,Full Time Workers,1,Weekly pay - gross,2,Median,20701,Confidence,Worcester,6.0,1,E07000237,Worcester
NM_99_1,2017,2017,8,Full Time Workers,1,Weekly pay - gross,2,Median,20100,Value,Wrexham,490.7,1,W06000006,Wrexham
NM_99_1,2017,2017,8,Full Time Workers,1,Weekly pay - gross,2,Median,20701,Confidence,Wrexham,4.9,1,W06000006,Wrexham
NM_99_1,2017,2017,8,Full Time Workers,1,Weekly pay - gross,2,Median,20100,Value,York,525.2,1,E06000014,York
NM_99_1,2017,2017,8,Full Time Workers,1,Weekly pay - gross,2,Median,20701,Confidence,York,4.7,1,E06000014,York
NM_99_1,2018,2018,8,Full Time Workers,1,Weekly pay - gross,2,Median,20100,Value,Aberdeen,618.3,1,S12000033,Aberdeen
NM_99_1,2018,2018,8,Full Time Workers,1,Weekly pay - gross,2,Median,20701,Confidence,Aberdeen,3.8,1,S12000033,Aberdeen
NM_99_1,2018,2018,8,Full Time Workers,1,Weekly pay - gross,2,Median,20100,Value,Bangor,463.5,1,W06000002,Bangor
NM_99_1,2018,2018,8,Full Time Workers,1,Weekly pay - gross,2,Median,20701,Confidence,Bangor,5.9,1,W06000002,Bangor
NM_99_1,2018,2018,8,Full Time Workers,1,Weekly pay - gross,2,Median,20100,Value,Bath,578.9,1,E06000022,Bath
NM_99_1,2018,2018,8,Full Time Workers,1,Weekly pay - gross,2,Median,20701,Confidence,Bath,5.8,1,E06000022,Bath
NM_99_1,2018,2018,8,Full Time Workers,1,Weekly pay - gross,2,Median,20100,Value,Birmingham,576.8,1,E08000025,Birmingham
NM_99_1,2018,2018,8,Full Time Workers,1,Weekly pay - gross,2,Median,20701,Confidence,Birmingham,2.4,1,E08000025,Birmingham
NM_99_1,2018,2018,8,Full Time Workers,1,Weekly pay - gross,2,Median,20100,Value,Bradford,498.0,1,E08000032,Bradford
NM_99_1,2018,2018,8,Full Time Workers,1,Weekly pay - gross,2,Median,20701,Confidence,Bradford,2.9,1,E08000032,Bradford
NM_99_1,2018,2018,8,Full Time Workers,1,Weekly pay - gross,2,Median,20100,Value,Brighton and Hove,533.2,1,E06000043,Brighton and Hove
NM_99_1,2018,2018,8,Full Time Workers,1,Weekly pay - gross,2,Median,20701,Confidence,Brighton and Hove,3.4,1,E06000043,Brighton and Hove
NM_99_1,2018,2018,8,Full Time Workers,1,Weekly pay - gross,2,Median,20100,Value,Bristol,565.9,1,E06000023,Bristol
NM_99_1,2018,2018,8,Full Time Workers,1,Weekly pay - gross,2,Median,20701,Confidence,Bristol,2.3,1,E06000023,Bristol
NM_99_1,2018,2018,8,Full Time Workers,1,Weekly pay - gross,2,Median,20100,Value,Cambridge,633.3,1,E07000008,Cambridge
NM_99_1,2018,2018,8,Full Time Workers,1,Weekly pay - gross,2,Median,20701,Confidence,Cambridge,3.9,1,E07000008,Cambridge
NM_99_1,2018,2018,8,Full Time Workers,1,Weekly pay - gross,2,Median,20100,Value,Canterbury,514.6,1,E07000106,Canterbury
NM_99_1,2018,2018,8,Full Time Workers,1,Weekly pay - gross,2,Median,20701,Confidence,Canterbury,6.8,1,E07000106,Canterbury
NM_99_1,2018,2018,8,Full Time Workers,1,Weekly pay - gross,2,Median,20100,Value,Cardiff,530.3,1,W06000015,Cardiff
NM_99_1,2018,2018,8,Full Time Workers,1,Weekly pay - gross,2,Median,20701,Confidence,Cardiff,3.1,1,W06000015,Cardiff
NM_99_1,2018,2018,8,Full Time Workers,1,Weekly pay - gross,2,Median,20100,Value,Carlisle,509.5,1,E07000028,Carlisle
NM_99_1,2018,2018,8,Full Time Workers,1,Weekly pay - gross,2,Median,20701,Confidence,Carlisle,5.2,1,E07000028,Carlisle
NM_99_1,2018,2018,8,Full Time Workers,1,Weekly pay - gross,2,Median,20100,Value,Chelmsford,583.3,1,E07000070,Chelmsford
NM_99_1,2018,2018,8,Full Time Workers,1,Weekly pay - gross,2,Median,20701,Confidence,Chelmsford,4.9,1,E07000070,Chelmsford
NM_99_1,2018,2018,8,Full Time Workers,1,Weekly pay - gross,2,Median,20100,Value,Chester,528.8,1,E06000050,Chester
NM_99_1,2018,2018,8,Full Time Workers,1,Weekly pay - gross,2,Median,20701,Confidence,Chester,4.3,1,E06000050,Chester
NM_99_1,2018,2018,8,Full Time Workers,1,Weekly pay - gross,2,Median,20100,Value,Chichester,540.4,1,E07000225,Chichester
NM_99_1,2018,2018,8,Full Time Workers,1,Weekly pay - gross,2,Median,20701,Confidence,Chichester,7.7,1,E07000225,Chichester
NM_99_1,2018,2018,8,Full Time Workers,1,Weekly pay - gross,2,Median,20100,Value,Colchester,561.1,1,E07000071,Colchester
NM_99_1,2018,2018,8,Full Time Workers,1,Weekly pay - gross,2,Median,20701,Confidence,Colchester,3.7,1,E07000071,Colchester
NM_99_1,2018,2018,8,Full Time Workers,1,Weekly pay - gross,2,Median,20100,Value,Coventry,591.5,1,E08000026,Coventry
NM_99_1,2018,2018,8,Full Time Workers,1,Weekly pay - gross,2,Median,20701,Confidence,Coventry,3.5,1,E08000026,Coventry
NM_99_1,2018,2018,8,Full Time Workers,1,Weekly pay - gross,2,Median,20100,Value,Derby,672.7,1,E06000015,Derby
NM_99_1,2018,2018,8,Full Time Workers,1,Weekly pay - gross,2,Median,20701,Confidence,Derby,4.0,1,E06000015,Derby
NM_99_1,2018,2018,8,Full Time Workers,1,Weekly pay - gross,2,Median,20100,Value,Doncaster,511.4,1,E08000017,Doncaster
NM_99_1,2018,2018,8,Full Time Workers,1,Weekly pay - gross,2,Median,20701,Confidence,Doncaster,3.7,1,E08000017,Doncaster
NM_99_1,2018,2018,8,Full Time Workers,1,Weekly pay - gross,2,Median,20100,Value,Dundee,558.0,1,S12000042,Dundee
NM_99_1,2018,2018,8,Full Time Workers,1,Weekly pay - gross,2,Median,20701,Confidence,Dundee,4.4,1,S12000042,Dundee
NM_99_1,2018,2018,8,Full Time Workers,1,Weekly pay - gross,2,Median,20100,Value,Durham,503.5,1,E06000047,Durham
NM_99_1,2018,2018,8,Full Time Workers,1,Weekly pay - gross,2,Median,20701,Confidence,Durham,3.5,1,E06000047,Durham
NM_99_1,2018,2018,8,Full Time Workers,1,Weekly pay - gross,2,Median,20100,Value,Edinburgh,613.3,1,S12000036,Edinburgh
NM_99_1,2018,2018,8,Full Time Workers,1,Weekly pay - gross,2,Median,20701,Confidence,Edinburgh,2.8,1,S12000036,Edinburgh
NM_99_1,2018,2018,8,Full Time Workers,1,Weekly pay - gross,2,Median,20100,Value,Ely,521.1,1,E07000009,Ely
NM_99_1,2018,2018,8,Full Time Workers,1,Weekly pay - gross,2,Median,20701,Confidence,Ely,6.1,1,E07000009,Ely
NM_99_1,2018,2018,8,Full Time Workers,1,Weekly pay - gross,2,Median,20100,Value,Exeter,557.2,1,E07000041,Exeter
NM_99_1,2018,2018,8,Full Time Workers,1,Weekly pay - gross,2,Median,20701,Confidence,Exeter,3.9,1,E07000041,Exeter
NM_99_1,2018,2018,8,Full Time Workers,1,Weekly pay - gross,2,Median,20100,Value,Glasgow,573.5,1,S12000046,Glasgow
NM_99_1,2018,2018,8,Full Time Workers,1,Weekly pay - gross,2,Median,20701,Confidence,Glasgow,1.9,1,S12000046,Glasgow
NM_99_1,2018,2018,8,Full Time Workers,1,Weekly pay - gross,2,Median,20100,Value,Gloucester,545.4,1,E07000081,Gloucester
NM_99_1,2018,2018,8,Full Time Workers,1,Weekly pay - gross,2,Median,20701,Confidence,Gloucester,6.0,1,E07000081,Gloucester
NM_99_1,2018,2018,8,Full Time Workers,1,Weekly pay - gross,2,Median,20100,Value,Hereford,461.3,1,E06000019,Hereford
NM_99_1,2018,2018,8,Full Time Workers,1,Weekly pay - gross,2,Median,20701,Confidence,Hereford,4.7,1,E06000019,Hereford
NM_99_1,2018,2018,8,Full Time Workers,1,Weekly pay - gross,2,Median,20100,Value,Inverness,549.9,1,S12000017,Inverness
NM_99_1,2018,2018,8,Full Time Workers,1,Weekly pay - gross,2,Median,20701,Confidence,Inverness,4.0,1,S12000017,Inverness
NM_99_1,2018,2018,8,Full Time Workers,1,Weekly pay - gross,2,Median,20100,Value,Kingston upon Hull,511.3,1,E06000010,Kingston upon Hull
NM_99_1,2018,2018,8,Full Time Workers,1,Weekly pay - gross,2,Median,20701,Confidence,Kingston upon Hull,3.8,1,E06000010,Kingston upon Hull
NM_99_1,2018,2018,8,Full Time Workers,1,Weekly pay - gross,2,Median,20100,Value,Lancaster,520.0,1,E07000121,Lancaster
NM_99_1,2018,2018,8,Full Time Workers,1,Weekly pay - gross,2,Median,20701,Confidence,Lancaster,5.2,1,E07000121,Lancaster
NM_99_1,2018,2018,8,Full Time Workers,1,Weekly pay - gross,2,Median,20100,Value,Leeds,550.9,1,E08000035,Leeds
NM_99_1,2018,2018,8,Full Time Workers,1,Weekly pay - gross,2,Median,20701,Confidence,Leeds,2.0,1,E08000035,Leeds
NM_99_1,2018,2018,8,Full Time Workers,1,Weekly pay - gross,2,Median,20100,Value,Leicester,487.8,1,E06000016,Leicester
NM_99_1,2018,2018,8,Full Time Workers,1,Weekly pay - gross,2,Median,20701,Confidence,Leicester,3.3,1,E06000016,Leicester
NM_99_1,2018,2018,8,Full Time Workers,1,Weekly pay - gross,2,Median,20100,Value,Lichfield,496.9,1,E07000194,Lichfield
NM_99_1,2018,2018,8,Full Time Workers,1,Weekly pay - gross,2,Median,20701,Confidence,Lichfield,5.3,1,E07000194,Lichfield
NM_99_1,2018,2018,8,Full Time Workers,1,Weekly pay - gross,2,Median,20100,Value,Lincoln,500.8,1,E07000138,Lincoln
NM_99_1,2018,2018,8,Full Time Workers,1,Weekly pay - gross,2,Median,20701,Confidence,Lincoln,7.1,1,E07000138,Lincoln
NM_99_1,2018,2018,8,Full Time Workers,1,Weekly pay - gross,2,Median,20100,Value,Liverpool,546.2,1,E08000012,Liverpool
NM_99_1,2018,2018,8,Full Time Workers,1,Weekly pay - gross,2,Median,20701,Confidence,Liverpool,3.8,1,E08000012,Liverpool
NM_99_1,2018,2018,8,Full Time Workers,1,Weekly pay - gross,2,Median,20100,Value,London,1054.1,1,E09000001,London
NM_99_1,2018,2018,8,Full Time Workers,1,Weekly pay - gross,2,Median,20701,Confidence,London,2.9,1,E09000001,London
NM_99_1,2018,2018,8,Full Time Workers,1,Weekly pay - gross,2,Median,20100,Value,Manchester,566.0,1,E08000003,Manchester
NM_99_1,2018,2018,8,Full Time Workers,1,Weekly pay - gross,2,Median,20701,Confidence,Manchester,2.1,1,E08000003,Manchester
NM_99_1,2018,2018,8,Full Time Workers,1,Weekly pay - gross,2,Median,20100,Value,Milton Keynes,622.6,1,E06000042,Milton Keynes
NM_99_1,2018,2018,8,Full Time Workers,1,Weekly pay - gross,2,Median,20701,Confidence,Milton Keynes,3.8,1,E06000042,Milton Keynes
NM_99_1,2018,2018,8,Full Time Workers,1,Weekly pay - gross,2,Median,20100,Value,Newcastle upon Tyne,522.9,1,E08000021,Newcastle upon Tyne
NM_99_1,2018,2018,8,Full Time Workers,1,Weekly pay - gross,2,Median,20701,Confidence,Newcastle upon Tyne,3.8,1,E08000021,Newcastle upon Tyne
NM_99_1,2018,2018,8,Full Time Workers,1,Weekly pay - gross,2,Median,20100,Value,Newport,504.0,1,W06000022,Newport
NM_99_1,2018,2018,8,Full Time Workers,1,Weekly pay - gross,2,Median,20701,Confidence,Newport,4.8,1,W06000022,Newport
NM_99_1,2018,2018,8,Full Time Workers,1,Weekly pay - gross,2,Median,20100,Value,Norwich,501.4,1,E07000148,Norwich
NM_99_1,2018,2018,8,Full Time Workers,1,Weekly pay - gross,2,Median,20701,Confidence,Norwich,5.8,1,E07000148,Norwich
NM_99_1,2018,2018,8,Full Time Workers,1,Weekly pay - gross,2,Median,20100,Value,Nottingham,505.8,1,E06000018,Nottingham
NM_99_1,2018,2018,8,Full Time Workers,1,Weekly pay - gross,2,Median,20701,Confidence,Nottingham,2.8,1,E06000018,Nottingham
NM_99_1,2018,2018,8,Full Time Workers,1,Weekly pay - gross,2,Median,20100,Value,Oxford,662.0,1,E07000178,Oxford
NM_99_1,2018,2018,8,Full Time Workers,1,Weekly pay - gross,2,Median,20701,Confidence,Oxford,3.5,1,E07000178,Oxford
NM_99_1,2018,2018,8,Full Time Workers,1,Weekly pay - gross,2,Median,20100,Value,Perth,529.4,1,S12000024,Perth
NM_99_1,2018,2018,8,Full Time Workers,1,Weekly pay - gross,2,Median,20701,Confidence,Perth,4.6,1,S12000024,Perth
NM_99_1,2018,2018,8,Full Time Workers,1,Weekly pay - gross,2,Median,20100,Value,Peterborough,502.9,1,E06000031,Peterborough
NM_99_1,2018,2018,8,Full Time Workers,1,Weekly pay - gross,2,Median,20701,Confidence,Peterborough,3.7,1,E06000031,Peterborough
NM_99_1,2018,2018,8,Full Time Workers,1,Weekly pay - gross,2,Median,20100,Value,Plymouth,530.3,1,E06000026,Plymouth
NM_99_1,2018,2018,8,Full Time Workers,1,Weekly pay - gross,2,Median,20701,Confidence,Plymouth,3.9,1,E06000026,Plymouth
NM_99_1,2018,2018,8,Full Time Workers,1,Weekly pay - gross,2,Median,20100,Value,Portsmouth,568.4,1,E06000044,Portsmouth
NM_99_1,2018,2018,8,Full Time Workers,1,Weekly pay - gross,2,Median,20701,Confidence,Portsmouth,4.1,1,E06000044,Portsmouth
NM_99_1,2018,2018,8,Full Time Workers,1,Weekly pay - gross,2,Median,20100,Value,Preston,562.0,1,E07000123,Preston
NM_99_1,2018,2018,8,Full Time Workers,1,Weekly pay - gross,2,Median,20701,Confidence,Preston,3.9,1,E07000123,Preston
NM_99_1,2018,2018,8,Full Time Workers,1,Weekly pay - gross,2,Median,20100,Value,Ripon,516.3,1,E07000165,Ripon
NM_99_1,2018,2018,8,Full Time Workers,1,Weekly pay - gross,2,Median,20701,Confidence,Ripon,5.8,1,E07000165,Ripon
NM_99_1,2018,2018,8,Full Time Workers,1,Weekly pay - gross,2,Median,20100,Value,Salford,537.8,1,E08000006,Salford
NM_99_1,2018,2018,8,Full Time Workers,1,Weekly pay - gross,2,Median,20701,Confidence,Salford,3.6,1,E08000006,Salford
NM_99_1,2018,2018,8,Full Time Workers,1,Weekly pay - gross,2,Median,20100,Value,Salisbury,534.3,1,E06000054,Salisbury
NM_99_1,2018,2018,8,Full Time Workers,1,Weekly pay - gross,2,Median,20701,Confidence,Salisbury,3.1,1,E06000054,Salisbury
NM_99_1,2018,2018,8,Full Time Workers,1,Weekly pay - gross,2,Median,20100,Value,Sheffield,541.8,1,E08000019,Sheffield
NM_99_1,2018,2018,8,Full Time Workers,1,Weekly pay - gross,2,Median,20701,Confidence,Sheffield,2.8,1,E08000019,Sheffield
NM_99_1,2018,2018,8,Full Time Workers,1,Weekly pay - gross,2,Median,20100,Value,Southampton,572.4,1,E06000045,Southampton
NM_99_1,2018,2018,8,Full Time Workers,1,Weekly pay - gross,2,Median,20701,Confidence,Southampton,3.2,1,E06000045,Southampton
NM_99_1,2018,2018,8,Full Time Workers,1,Weekly pay - gross,2,Median,20100,Value,Southend-on-Sea,506.8,1,E06000033,Southend-on-Sea
NM_99_1,2018,2018,8,Full Time Workers,1,Weekly pay - gross,2,Median,20701,Confidence,Southend-on-Sea,5.4,1,E06000033,Southend-on-Sea
NM_99_1,2018,2018,8,Full Time Workers,1,Weekly pay - gross,2,Median,20100,Value,St Albans,604.1,1,E07000240,St Albans
NM_99_1,2018,2018,8,Full Time Workers,1,Weekly pay - gross,2,Median,20701,Confidence,St Albans,5.1,1,E07000240,St Albans
NM_99_1,2018,2018,8,Full Time Workers,1,Weekly pay - gross,2,Median,20100,Value,St Asaph,504.1,1,W06000004,St Asaph
NM_99_1,2018,2018,8,Full Time Workers,1,Weekly pay - gross,2,Median,20701,Confidence,St Asaph,5.7,1,W06000004,St Asaph
NM_99_1,2018,2018,8,Full Time Workers,1,Weekly pay - gross,2,Median,20100,Value,St Davids,457.2,1,W06000009,St Davids
NM_99_1,2018,2018,8,Full Time Workers,1,Weekly pay - gross,2,Median,20701,Confidence,St Davids,9.8,1,W06000009,St Davids
NM_99_1,2018,2018,8,Full Time Workers,1,Weekly pay - gross,2,Median,20100,Value,Stirling,567.6,1,S12000030,Stirling
NM_99_1,2018,2018,8,Full Time Workers,1,Weekly pay - gross,2,Median,20701,Confidence,Stirling,7.3,1,S12000030,Stirling
NM_99_1,2018,2018,8,Full Time Workers,1,Weekly pay - gross,2,Median,20100,Value,Stoke on Trent,496.0,1,E06000021,Stoke on Trent
NM_99_1,2018,2018,8,Full Time Workers,1,Weekly pay - gross,2,Median,20701,Confidence,Stoke on Trent,3.2,1,E06000021,Stoke on Trent
NM_99_1,2018,2018,8,Full Time Workers,1,Weekly pay - gross,2,Median,20100,Value,Sunderland,517.5,1,E08000024,Sunderland
NM_99_1,2018,2018,8,Full Time Workers,1,Weekly pay - gross,2,Median,20701,Confidence,Sunderland,3.6,1,E08000024,Sunderland
NM_99_1,2018,2018,8,Full Time Workers,1,Weekly pay - gross,2,Median,20100,Value,Swansea,507.0,1,W06000011,Swansea
NM_99_1,2018,2018,8,Full Time Workers,1,Weekly pay - gross,2,Median,20701,Confidence,Swansea,3.4,1,W06000011,Swansea
NM_99_1,2018,2018,8,Full Time Workers,1,Weekly pay - gross,2,Median,20100,Value,Truro,451.2,1,E06000052,Truro
NM_99_1,2018,2018,8,Full Time Workers,1,Weekly pay - gross,2,Median,20701,Confidence,Truro,2.9,1,E06000052,Truro
NM_99_1,2018,2018,8,Full Time Workers,1,Weekly pay - gross,2,Median,20100,Value,Wakefield,523.0,1,E08000036,Wakefield
NM_99_1,2018,2018,8,Full Time Workers,1,Weekly pay - gross,2,Median,20701,Confidence,Wakefield,3.1,1,E08000036,Wakefield
NM_99_1,2018,2018,8,Full Time Workers,1,Weekly pay - gross,2,Median,20100,Value,Wells,479.8,4,E07000187|E07000188|E07000189|E07000190,Wells
NM_99_1,2018,2018,8,Full Time Workers,1,Weekly pay - gross,2,Median,20701,Confidence,Wells,6.275,4,E07000187|E07000188|E07000189|E07000190,Wells
NM_99_1,2018,2018,8,Full Time Workers,1,Weekly pay - gross,2,Median,20100,Value,Westminster,786.7,1,E09000033,Westminster
NM_99_1,2018,2018,8,Full Time Workers,1,Weekly pay - gross,2,Median,20701,Confidence,Westminster,1.8,1,E09000033,Westminster
NM_99_1,2018,2018,8,Full Time Workers,1,Weekly pay - gross,2,Median,20100,Value,Winchester,614.4,1,E07000094,Winchester
NM_99_1,2018,2018,8,Full Time Workers,1,Weekly pay - gross,2,Median,20701,Confidence,Winchester,7.1,1,E07000094,Winchester
NM_99_1,2018,2018,8,Full Time Workers,1,Weekly pay - gross,2,Median,20100,Value,Wolverhampton,519.3,1,E08000031,Wolverhampton
NM_99_1,2018,2018,8,Full Time Workers,1,Weekly pay - gross,2,Median,20701,Confidence,Wolverhampton,4.9,1,E08000031,Wolverhampton
NM_99_1,2018,2018,8,Full Time Workers,1,Weekly pay - gross,2,Median,20100,Value,Worcester,550.4,1,E07000237,Worcester
NM_99_1,2018,2018,8,Full Time Workers,1,Weekly pay - gross,2,Median,20701,Confidence,Worcester,5.7,1,E07000237,Worcester
NM_99_1,2018,2018,8,Full Time Workers,1,Weekly pay - gross,2,Median,20100,Value,Wrexham,503.6,1,W06000006,Wrexham
NM_99_1,2018,2018,8,Full Time Workers,1,Weekly pay - gross,2,Median,20701,Confidence,Wrexham,5.6,1,W06000006,Wrexham
NM_99_1,2018,2018,8,Full Time Workers,1,Weekly pay - gross,2,Median,20100,Value,York,512.6,1,E06000014,York
NM_99_1,2018,2018,8,Full Time Workers,1,Weekly pay - gross,2,Median,20701,Confidence,York,3.7,1,E06000014,York
NM_99_1,2019,2019,8,Full Time Workers,1,Weekly pay - gross,2,Median,20100,Value,Aberdeen,646.6,1,S12000033,Aberdeen
NM_99_1,2019,2019,8,Full Time Workers,1,Weekly pay - gross,2,Median,20701,Confidence,Aberdeen,4.1,1,S12000033,Aberdeen
NM_99_1,2019,2019,8,Full Time Workers,1,Weekly pay - gross,2,Median,20100,Value,Bangor,460.5,1,W06000002,Bangor
NM_99_1,2019,2019,8,Full Time Workers,1,Weekly pay - gross,2,Median,20701,Confidence,Bangor,4.5,1,W06000002,Bangor
NM_99_1,2019,2019,8,Full Time Workers,1,Weekly pay - gross,2,Median,20100,Value,Bath,583.8,1,E06000022,Bath
NM_99_1,2019,2019,8,Full Time Workers,1,Weekly pay - gross,2,Median,20701,Confidence,Bath,4.2,1,E06000022,Bath
NM_99_1,2019,2019,8,Full Time Workers,1,Weekly pay - gross,2,Median,20100,Value,Birmingham,594.0,1,E08000025,Birmingham
NM_99_1,2019,2019,8,Full Time Workers,1,Weekly pay - gross,2,Median,20701,Confidence,Birmingham,2.3,1,E08000025,Birmingham
NM_99_1,2019,2019,8,Full Time Workers,1,Weekly pay - gross,2,Median,20100,Value,Bradford,523.3,1,E08000032,Bradford
NM_99_1,2019,2019,8,Full Time Workers,1,Weekly pay - gross,2,Median,20701,Confidence,Bradford,3.0,1,E08000032,Bradford
NM_99_1,2019,2019,8,Full Time Workers,1,Weekly pay - gross,2,Median,20100,Value,Brighton and Hove,578.9,1,E06000043,Brighton and Hove
NM_99_1,2019,2019,8,Full Time Workers,1,Weekly pay - gross,2,Median,20701,Confidence,Brighton and Hove,4.2,1,E06000043,Brighton and Hove
NM_99_1,2019,2019,8,Full Time Workers,1,Weekly pay - gross,2,Median,20100,Value,Bristol,601.2,1,E06000023,Bristol
NM_99_1,2019,2019,8,Full Time Workers,1,Weekly pay - gross,2,Median,20701,Confidence,Bristol,2.5,1,E06000023,Bristol
NM_99_1,2019,2019,8,Full Time Workers,1,Weekly pay - gross,2,Median,20100,Value,Cambridge,639.6,1,E07000008,Cambridge
NM_99_1,2019,2019,8,Full Time Workers,1,Weekly pay - gross,2,Median,20701,Confidence,Cambridge,4.0,1,E07000008,Cambridge
NM_99_1,2019,2019,8,Full Time Workers,1,Weekly pay - gross,2,Median,20100,Value,Canterbury,536.4,1,E07000106,Canterbury
NM_99_1,2019,2019,8,Full Time Workers,1,Weekly pay - gross,2,Median,20701,Confidence,Canterbury,8.5,1,E07000106,Canterbury
NM_99_1,2019,2019,8,Full Time Workers,1,Weekly pay - gross,2,Median,20100,Value,Cardiff,568.0,1,W06000015,Cardiff
NM_99_1,2019,2019,8,Full Time Workers,1,Weekly pay - gross,2,Median,20701,Confidence,Cardiff,2.9,1,W06000015,Cardiff
NM_99_1,2019,2019,8,Full Time Workers,1,Weekly pay - gross,2,Median,20100,Value,Carlisle,527.6,1,E07000028,Carlisle
NM_99_1,2019,2019,8,Full Time Workers,1,Weekly pay - gross,2,Median,20701,Confidence,Carlisle,5.6,1,E07000028,Carlisle
NM_99_1,2019,2019,8,Full Time Workers,1,Weekly pay - gross,2,Median,20100,Value,Chelmsford,587.4,1,E07000070,Chelmsford
NM_99_1,2019,2019,8,Full Time Workers,1,Weekly pay - gross,2,Median,20701,Confidence,Chelmsford,3.7,1,E07000070,Chelmsford
NM_99_1,2019,2019,8,Full Time Workers,1,Weekly pay - gross,2,Median,20100,Value,Chester,558.4,1,E06000050,Chester
NM_99_1,2019,2019,8,Full Time Workers,1,Weekly pay - gross,2,Median,20701,Confidence,Chester,4.2,1,E06000050,Chester
NM_99_1,2019,2019,8,Full Time Workers,1,Weekly pay - gross,2,Median,20100,Value,Chichester,550.4,1,E07000225,Chichester
NM_99_1,2019,2019,8,Full Time Workers,1,Weekly pay - gross,2,Median,20701,Confidence,Chichester,9.0,1,E07000225,Chichester
NM_99_1,2019,2019,8,Full Time Workers,1,Weekly pay - gross,2,Median,20100,Value,Colchester,563.1,1,E07000071,Colchester
NM_99_1,2019,2019,8,Full Time Workers,1,Weekly pay - gross,2,Median,20701,Confidence,Colchester,4.7,1,E07000071,Colchester
NM_99_1,2019,2019,8,Full Time Workers,1,Weekly pay - gross,2,Median,20100,Value,Coventry,576.8,1,E08000026,Coventry
NM_99_1,2019,2019,8,Full Time Workers,1,Weekly pay - gross,2,Median,20701,Confidence,Coventry,4.0,1,E08000026,Coventry
NM_99_1,2019,2019,8,Full Time Workers,1,Weekly pay - gross,2,Median,20100,Value,Derby,706.9,1,E06000015,Derby
NM_99_1,2019,2019,8,Full Time Workers,1,Weekly pay - gross,2,Median,20701,Confidence,Derby,3.9,1,E06000015,Derby
NM_99_1,2019,2019,8,Full Time Workers,1,Weekly pay - gross,2,Median,20100,Value,Doncaster,511.8,1,E08000017,Doncaster
NM_99_1,2019,2019,8,Full Time Workers,1,Weekly pay - gross,2,Median,20701,Confidence,Doncaster,3.4,1,E08000017,Doncaster
NM_99_1,2019,2019,8,Full Time Workers,1,Weekly pay - gross,2,Median,20100,Value,Dundee,578.9,1,S12000042,Dundee
NM_99_1,2019,2019,8,Full Time Workers,1,Weekly pay - gross,2,Median,20701,Confidence,Dundee,3.7,1,S12000042,Dundee
NM_99_1,2019,2019,8,Full Time Workers,1,Weekly pay - gross,2,Median,20100,Value,Durham,523.8,1,E06000047,Durham
NM_99_1,2019,2019,8,Full Time Workers,1,Weekly pay - gross,2,Median,20701,Confidence,Durham,3.7,1,E06000047,Durham
NM_99_1,2019,2019,8,Full Time Workers,1,Weekly pay - gross,2,Median,20100,Value,Edinburgh,620.2,1,S12000036,Edinburgh
NM_99_1,2019,2019,8,Full Time Workers,1,Weekly pay - gross,2,Median,20701,Confidence,Edinburgh,2.7,1,S12000036,Edinburgh
NM_99_1,2019,2019,8,Full Time Workers,1,Weekly pay - gross,2,Median,20100,Value,Ely,543.1,1,E07000009,Ely
NM_99_1,2019,2019,8,Full Time Workers,1,Weekly pay - gross,2,Median,20701,Confidence,Ely,5.9,1,E07000009,Ely
NM_99_1,2019,2019,8,Full Time Workers,1,Weekly pay - gross,2,Median,20100,Value,Exeter,580.0,1,E07000041,Exeter
NM_99_1,2019,2019,8,Full Time Workers,1,Weekly pay - gross,2,Median,20701,Confidence,Exeter,4.0,1,E07000041,Exeter
NM_99_1,2019,2019,8,Full Time Workers,1,Weekly pay - gross,2,Median,20100,Value,Glasgow,589.5,1,S12000046,Glasgow
NM_99_1,2019,2019,8,Full Time Workers,1,Weekly pay - gross,2,Median,20701,Confidence,Glasgow,2.1,1,S12000046,Glasgow
NM_99_1,2019,2019,8,Full Time Workers,1,Weekly pay - gross,2,Median,20100,Value,Gloucester,595.3,1,E07000081,Gloucester
NM_99_1,2019,2019,8,Full Time Workers,1,Weekly pay - gross,2,Median,20701,Confidence,Gloucester,6.0,1,E07000081,Gloucester
NM_99_1,2019,2019,8,Full Time Workers,1,Weekly pay - gross,2,Median,20100,Value,Hereford,505.9,1,E06000019,Hereford
NM_99_1,2019,2019,8,Full Time Workers,1,Weekly pay - gross,2,Median,20701,Confidence,Hereford,3.9,1,E06000019,Hereford
NM_99_1,2019,2019,8,Full Time Workers,1,Weekly pay - gross,2,Median,20100,Value,Inverness,574.0,1,S12000017,Inverness
NM_99_1,2019,2019,8,Full Time Workers,1,Weekly pay - gross,2,Median,20701,Confidence,Inverness,3.2,1,S12000017,Inverness
NM_99_1,2019,2019,8,Full Time Workers,1,Weekly pay - gross,2,Median,20100,Value,Kingston upon Hull,537.3,1,E06000010,Kingston upon Hull
NM_99_1,2019,2019,8,Full Time Workers,1,Weekly pay - gross,2,Median,20701,Confidence,Kingston upon Hull,4.0,1,E06000010,Kingston upon Hull
NM_99_1,2019,2019,8,Full Time Workers,1,Weekly pay - gross,2,Median,20100,Value,Lancaster,520.1,1,E07000121,Lancaster
NM_99_1,2019,2019,8,Full Time Workers,1,Weekly pay - gross,2,Median,20701,Confidence,Lancaster,6.0,1,E07000121,Lancaster
NM_99_1,2019,2019,8,Full Time Workers,1,Weekly pay - gross,2,Median,20100,Value,Leeds,561.3,1,E08000035,Leeds
NM_99_1,2019,2019,8,Full Time Workers,1,Weekly pay - gross,2,Median,20701,Confidence,Leeds,1.9,1,E08000035,Leeds
NM_99_1,2019,2019,8,Full Time Workers,1,Weekly pay - gross,2,Median,20100,Value,Leicester,495.1,1,E06000016,Leicester
NM_99_1,2019,2019,8,Full Time Workers,1,Weekly pay - gross,2,Median,20701,Confidence,Leicester,3.8,1,E06000016,Leicester
NM_99_1,2019,2019,8,Full Time Workers,1,Weekly pay - gross,2,Median,20100,Value,Lichfield,499.8,1,E07000194,Lichfield
NM_99_1,2019,2019,8,Full Time Workers,1,Weekly pay - gross,2,Median,20701,Confidence,Lichfield,6.8,1,E07000194,Lichfield
NM_99_1,2019,2019,8,Full Time Workers,1,Weekly pay - gross,2,Median,20100,Value,Lincoln,513.6,1,E07000138,Lincoln
NM_99_1,2019,2019,8,Full Time Workers,1,Weekly pay - gross,2,Median,20701,Confidence,Lincoln,5.6,1,E07000138,Lincoln
NM_99_1,2019,2019,8,Full Time Workers,1,Weekly pay - gross,2,Median,20100,Value,Liverpool,572.0,1,E08000012,Liverpool
NM_99_1,2019,2019,8,Full Time Workers,1,Weekly pay - gross,2,Median,20701,Confidence,Liverpool,3.0,1,E08000012,Liverpool
NM_99_1,2019,2019,8,Full Time Workers,1,Weekly pay - gross,2,Median,20100,Value,London,1049.5,1,E09000001,London
NM_99_1,2019,2019,8,Full Time Workers,1,Weekly pay - gross,2,Median,20701,Confidence,London,3.1,1,E09000001,London
NM_99_1,2019,2019,8,Full Time Workers,1,Weekly pay - gross,2,Median,20100,Value,Manchester,600.6,1,E08000003,Manchester
NM_99_1,2019,2019,8,Full Time Workers,1,Weekly pay - gross,2,Median,20701,Confidence,Manchester,1.8,1,E08000003,Manchester
NM_99_1,2019,2019,8,Full Time Workers,1,Weekly pay - gross,2,Median,20100,Value,Milton Keynes,653.3,1,E06000042,Milton Keynes
NM_99_1,2019,2019,8,Full Time Workers,1,Weekly pay - gross,2,Median,20701,Confidence,Milton Keynes,3.1,1,E06000042,Milton Keynes
NM_99_1,2019,2019,8,Full Time Workers,1,Weekly pay - gross,2,Median,20100,Value,Newcastle upon Tyne,564.4,1,E08000021,Newcastle upon Tyne
NM_99_1,2019,2019,8,Full Time Workers,1,Weekly pay - gross,2,Median,20701,Confidence,Newcastle upon Tyne,3.9,1,E08000021,Newcastle upon Tyne
NM_99_1,2019,2019,8,Full Time Workers,1,Weekly pay - gross,2,Median,20100,Value,Newport,517.7,1,W06000022,Newport
NM_99_1,2019,2019,8,Full Time Workers,1,Weekly pay - gross,2,Median,20701,Confidence,Newport,5.3,1,W06000022,Newport
NM_99_1,2019,2019,8,Full Time Workers,1,Weekly pay - gross,2,Median,20100,Value,Norwich,511.5,1,E07000148,Norwich
NM_99_1,2019,2019,8,Full Time Workers,1,Weekly pay - gross,2,Median,20701,Confidence,Norwich,4.7,1,E07000148,Norwich
NM_99_1,2019,2019,8,Full Time Workers,1,Weekly pay - gross,2,Median,20100,Value,Nottingham,533.4,1,E06000018,Nottingham
NM_99_1,2019,2019,8,Full Time Workers,1,Weekly pay - gross,2,Median,20701,Confidence,Nottingham,3.5,1,E06000018,Nottingham
NM_99_1,2019,2019,8,Full Time Workers,1,Weekly pay - gross,2,Median,20100,Value,Oxford,657.6,1,E07000178,Oxford
NM_99_1,2019,2019,8,Full Time Workers,1,Weekly pay - gross,2,Median,20701,Confidence,Oxford,2.7,1,E07000178,Oxford
NM_99_1,2019,2019,8,Full Time Workers,1,Weekly pay - gross,2,Median,20100,Value,Perth,535.5,1,S12000024,Perth
NM_99_1,2019,2019,8,Full Time Workers,1,Weekly pay - gross,2,Median,20701,Confidence,Perth,4.3,1,S12000024,Perth
NM_99_1,2019,2019,8,Full Time Workers,1,Weekly pay - gross,2,Median,20100,Value,Peterborough,544.9,1,E06000031,Peterborough
NM_99_1,2019,2019,8,Full Time Workers,1,Weekly pay - gross,2,Median,20701,Confidence,Peterborough,3.7,1,E06000031,Peterborough
NM_99_1,2019,2019,8,Full Time Workers,1,Weekly pay - gross,2,Median,20100,Value,Plymouth,529.9,1,E06000026,Plymouth
NM_99_1,2019,2019,8,Full Time Workers,1,Weekly pay - gross,2,Median,20701,Confidence,Plymouth,3.7,1,E06000026,Plymouth
NM_99_1,2019,2019,8,Full Time Workers,1,Weekly pay - gross,2,Median,20100,Value,Portsmouth,590.3,1,E06000044,Portsmouth
NM_99_1,2019,2019,8,Full Time Workers,1,Weekly pay - gross,2,Median,20701,Confidence,Portsmouth,4.1,1,E06000044,Portsmouth
NM_99_1,2019,2019,8,Full Time Workers,1,Weekly pay - gross,2,Median,20100,Value,Preston,540.9,1,E07000123,Preston
NM_99_1,2019,2019,8,Full Time Workers,1,Weekly pay - gross,2,Median,20701,Confidence,Preston,4.8,1,E07000123,Preston
NM_99_1,2019,2019,8,Full Time Workers,1,Weekly pay - gross,2,Median,20100,Value,Ripon,567.0,1,E07000165,Ripon
NM_99_1,2019,2019,8,Full Time Workers,1,Weekly pay - gross,2,Median,20701,Confidence,Ripon,5.7,1,E07000165,Ripon
NM_99_1,2019,2019,8,Full Time Workers,1,Weekly pay - gross,2,Median,20100,Value,Salford,545.1,1,E08000006,Salford
NM_99_1,2019,2019,8,Full Time Workers,1,Weekly pay - gross,2,Median,20701,Confidence,Salford,4.6,1,E08000006,Salford
NM_99_1,2019,2019,8,Full Time Workers,1,Weekly pay - gross,2,Median,20100,Value,Salisbury,536.6,1,E06000054,Salisbury
NM_99_1,2019,2019,8,Full Time Workers,1,Weekly pay - gross,2,Median,20701,Confidence,Salisbury,3.1,1,E06000054,Salisbury
NM_99_1,2019,2019,8,Full Time Workers,1,Weekly pay - gross,2,Median,20100,Value,Sheffield,539.4,1,E08000019,Sheffield
NM_99_1,2019,2019,8,Full Time Workers,1,Weekly pay - gross,2,Median,20701,Confidence,Sheffield,3.0,1,E08000019,Sheffield
NM_99_1,2019,2019,8,Full Time Workers,1,Weekly pay - gross,2,Median,20100,Value,Southampton,615.0,1,E06000045,Southampton
NM_99_1,2019,2019,8,Full Time Workers,1,Weekly pay - gross,2,Median,20701,Confidence,Southampton,3.8,1,E06000045,Southampton
NM_99_1,2019,2019,8,Full Time Workers,1,Weekly pay - gross,2,Median,20100,Value,Southend-on-Sea,508.5,1,E06000033,Southend-on-Sea
NM_99_1,2019,2019,8,Full Time Workers,1,Weekly pay - gross,2,Median,20701,Confidence,Southend-on-Sea,6.4,1,E06000033,Southend-on-Sea
NM_99_1,2019,2019,8,Full Time Workers,1,Weekly pay - gross,2,Median,20100,Value,St Albans,630.2,1,E07000240,St Albans
NM_99_1,2019,2019,8,Full Time Workers,1,Weekly pay - gross,2,Median,20701,Confidence,St Albans,6.3,1,E07000240,St Albans
NM_99_1,2019,2019,8,Full Time Workers,1,Weekly pay - gross,2,Median,20100,Value,St Asaph,518.1,1,W06000004,St Asaph
NM_99_1,2019,2019,8,Full Time Workers,1,Weekly pay - gross,2,Median,20701,Confidence,St Asaph,6.6,1,W06000004,St Asaph
NM_99_1,2019,2019,8,Full Time Workers,1,Weekly pay - gross,2,Median,20100,Value,St Davids,481.9,1,W06000009,St Davids
NM_99_1,2019,2019,8,Full Time Workers,1,Weekly pay - gross,2,Median,20701,Confidence,St Davids,8.3,1,W06000009,St Davids
NM_99_1,2019,2019,8,Full Time Workers,1,Weekly pay - gross,2,Median,20100,Value,Stirling,619.4,1,S12000030,Stirling
NM_99_1,2019,2019,8,Full Time Workers,1,Weekly pay - gross,2,Median,20701,Confidence,Stirling,7.2,1,S12000030,Stirling
NM_99_1,2019,2019,8,Full Time Workers,1,Weekly pay - gross,2,Median,20100,Value,Stoke on Trent,517.4,1,E06000021,Stoke on Trent
NM_99_1,2019,2019,8,Full Time Workers,1,Weekly pay - gross,2,Median,20701,Confidence,Stoke on Trent,2.9,1,E06000021,Stoke on Trent
NM_99_1,2019,2019,8,Full Time Workers,1,Weekly pay - gross,2,Median,20100,Value,Sunderland,525.5,1,E08000024,Sunderland
NM_99_1,2019,2019,8,Full Time Workers,1,Weekly pay - gross,2,Median,20701,Confidence,Sunderland,3.1,1,E08000024,Sunderland
NM_99_1,2019,2019,8,Full Time Workers,1,Weekly pay - gross,2,Median,20100,Value,Swansea,519.0,1,W06000011,Swansea
NM_99_1,2019,2019,8,Full Time Workers,1,Weekly pay - gross,2,Median,20701,Confidence,Swansea,3.8,1,W06000011,Swansea
NM_99_1,2019,2019,8,Full Time Workers,1,Weekly pay - gross,2,Median,20100,Value,Truro,490.6,1,E06000052,Truro
NM_99_1,2019,2019,8,Full Time Workers,1,Weekly pay - gross,2,Median,20701,Confidence,Truro,3.0,1,E06000052,Truro
NM_99_1,2019,2019,8,Full Time Workers,1,Weekly pay - gross,2,Median,20100,Value,Wakefield,533.3,1,E08000036,Wakefield
NM_99_1,2019,2019,8,Full Time Workers,1,Weekly pay - gross,2,Median,20701,Confidence,Wakefield,3.3,1,E08000036,Wakefield
NM_99_1,2019,2019,8,Full Time Workers,1,Weekly pay - gross,2,Median,20100,Value,Wells,504.8666666666666,3,E07000187|E07000188|E07000189,Wells
NM_99_1,2019,2019,8,Full Time Workers,1,Weekly pay - gross,2,Median,20701,Confidence,Wells,6.766666666666667,3,E07000187|E07000188|E07000189,Wells
NM_99_1,2019,2019,8,Full Time Workers,1,Weekly pay - gross,2,Median,20100,Value,Westminster,792.6,1,E09000033,Westminster
NM_99_1,2019,2019,8,Full Time Workers,1,Weekly pay - gross,2,Median,20701,Confidence,Westminster,1.8,1,E09000033,Westminster
NM_99_1,2019,2019,8,Full Time Workers,1,Weekly pay - gross,2,Median,20100,Value,Winchester,582.2,1,E07000094,Winchester
NM_99_1,2019,2019,8,Full Time Workers,1,Weekly pay - gross,2,Median,20701,Confidence,Winchester,6.3,1,E07000094,Winchester
NM_99_1,2019,2019,8,Full Time Workers,1,Weekly pay - gross,2,Median,20100,Value,Wolverhampton,551.8,1,E08000031,Wolverhampton
NM_99_1,2019,2019,8,Full Time Workers,1,Weekly pay - gross,2,Median,20701,Confidence,Wolverhampton,4.4,1,E08000031,Wolverhampton
NM_99_1,2019,2019,8,Full Time Workers,1,Weekly pay - gross,2,Median,20100,Value,Worcester,546.3,1,E07000237,Worcester
NM_99_1,2019,2019,8,Full Time Workers,1,Weekly pay - gross,2,Median,20701,Confidence,Worcester,7.2,1,E07000237,Worcester
NM_99_1,2019,2019,8,Full Time Workers,1,Weekly pay - gross,2,Median,20100,Value,Wrexham,546.3,1,W06000006,Wrexham
NM_99_1,2019,2019,8,Full Time Workers,1,Weekly pay - gross,2,Median,20701,Confidence,Wrexham,5.1,1,W06000006,Wrexham
NM_99_1,2019,2019,8,Full Time Workers,1,Weekly pay - gross,2,Median,20100,Value,York,579.6,1,E06000014,York
NM_99_1,2019,2019,8,Full Time Workers,1,Weekly pay - gross,2,Median,20701,Confidence,York,5.2,1,E06000014,York
NM_99_1,2020,2020,8,Full Time Workers,1,Weekly pay - gross,2,Median,20100,Value,Aberdeen,643.0,1,S12000033,Aberdeen
NM_99_1,2020,2020,8,Full Time Workers,1,Weekly pay - gross,2,Median,20701,Confidence,Aberdeen,5.4,1,S12000033,Aberdeen
NM_99_1,2020,2020,8,Full Time Workers,1,Weekly pay - gross,2,Median,20100,Value,Bangor,477.3,1,W06000002,Bangor
NM_99_1,2020,2020,8,Full Time Workers,1,Weekly pay - gross,2,Median,20701,Confidence,Bangor,8.2,1,W06000002,Bangor
NM_99_1,2020,2020,8,Full Time Workers,1,Weekly pay - gross,2,Median,20100,Value,Bath,586.4,1,E06000022,Bath
NM_99_1,2020,2020,8,Full Time Workers,1,Weekly pay - gross,2,Median,20701,Confidence,Bath,5.5,1,E06000022,Bath
NM_99_1,2020,2020,8,Full Time Workers,1,Weekly pay - gross,2,Median,20100,Value,Birmingham,597.7,1,E08000025,Birmingham
NM_99_1,2020,2020,8,Full Time Workers,1,Weekly pay - gross,2,Median,20701,Confidence,Birmingham,2.9,1,E08000025,Birmingham
NM_99_1,2020,2020,8,Full Time Workers,1,Weekly pay - gross,2,Median,20100,Value,Bradford,546.8,1,E08000032,Bradford
NM_99_1,2020,2020,8,Full Time Workers,1,Weekly pay - gross,2,Median,20701,Confidence,Bradford,3.3,1,E08000032,Bradford
NM_99_1,2020,2020,8,Full Time Workers,1,Weekly pay - gross,2,Median,20100,Value,Brighton and Hove,586.4,1,E06000043,Brighton and Hove
NM_99_1,2020,2020,8,Full Time Workers,1,Weekly pay - gross,2,Median,20701,Confidence,Brighton and Hove,5.4,1,E06000043,Brighton and Hove
NM_99_1,2020,2020,8,Full Time Workers,1,Weekly pay - gross,2,Median,20100,Value,Bristol,613.3,1,E06000023,Bristol
NM_99_1,2020,2020,8,Full Time Workers,1,Weekly pay - gross,2,Median,20701,Confidence,Bristol,3.0,1,E06000023,Bristol
NM_99_1,2020,2020,8,Full Time Workers,1,Weekly pay - gross,2,Median,20100,Value,Cambridge,654.3,1,E07000008,Cambridge
NM_99_1,2020,2020,8,Full Time Workers,1,Weekly pay - gross,2,Median,20701,Confidence,Cambridge,5.5,1,E07000008,Cambridge
NM_99_1,2020,2020,8,Full Time Workers,1,Weekly pay - gross,2,Median,20100,Value,Canterbury,525.1,1,E07000106,Canterbury
NM_99_1,2020,2020,8,Full Time Workers,1,Weekly pay - gross,2,Median,20701,Confidence,Canterbury,6.7,1,E07000106,Canterbury
NM_99_1,2020,2020,8,Full Time Workers,1,Weekly pay - gross,2,Median,20100,Value,Cardiff,561.4,1,W06000015,Cardiff
NM_99_1,2020,2020,8,Full Time Workers,1,Weekly pay - gross,2,Median,20701,Confidence,Cardiff,3.5,1,W06000015,Cardiff
NM_99_1,2020,2020,8,Full Time Workers,1,Weekly pay - gross,2,Median,20100,Value,Carlisle,552.6,1,E07000028,Carlisle
NM_99_1,2020,2020,8,Full Time Workers,1,Weekly pay - gross,2,Median,20701,Confidence,Carlisle,7.8,1,E07000028,Carlisle
NM_99_1,2020,2020,8,Full Time Workers,1,Weekly pay - gross,2,Median,20100,Value,Chelmsford,568.3,1,E07000070,Chelmsford
NM_99_1,2020,2020,8,Full Time Workers,1,Weekly pay - gross,2,Median,20701,Confidence,Chelmsford,6.2,1,E07000070,Chelmsford
NM_99_1,2020,2020,8,Full Time Workers,1,Weekly pay - gross,2,Median,20100,Value,Chester,552.0,1,E06000050,Chester
NM_99_1,2020,2020,8,Full Time Workers,1,Weekly pay - gross,2,Median,20701,Confidence,Chester,4.5,1,E06000050,Chester
NM_99_1,2020,2020,8,Full Time Workers,1,Weekly pay - gross,2,Median,20100,Value,Chichester,498.7,1,E07000225,Chichester
NM_99_1,2020,2020,8,Full Time Workers,1,Weekly pay - gross,2,Median,20701,Confidence,Chichester,6.6,1,E07000225,Chichester
NM_99_1,2020,2020,8,Full Time Workers,1,Weekly pay - gross,2,Median,20100,Value,Colchester,534.1,1,E07000071,Colchester
NM_99_1,2020,2020,8,Full Time Workers,1,Weekly pay - gross,2,Median,20701,Confidence,Colchester,4.8,1,E07000071,Colchester
NM_99_1,2020,2020,8,Full Time Workers,1,Weekly pay - gross,2,Median,20100,Value,Coventry,611.5,1,E08000026,Coventry
NM_99_1,2020,2020,8,Full Time Workers,1,Weekly pay - gross,2,Median,20701,Confidence,Coventry,3.5,1,E08000026,Coventry
NM_99_1,2020,2020,8,Full Time Workers,1,Weekly pay - gross,2,Median,20100,Value,Derby,776.8,1,E06000015,Derby
NM_99_1,2020,2020,8,Full Time Workers,1,Weekly pay - gross,2,Median,20701,Confidence,Derby,3.5,1,E06000015,Derby
NM_99_1,2020,2020,8,Full Time Workers,1,Weekly pay - gross,2,Median,20100,Value,Doncaster,529.8,1,E08000017,Doncaster
NM_99_1,2020,2020,8,Full Time Workers,1,Weekly pay - gross,2,Median,20701,Confidence,Doncaster,4.1,1,E08000017,Doncaster
NM_99_1,2020,2020,8,Full Time Workers,1,Weekly pay - gross,2,Median,20100,Value,Dundee,596.5,1,S12000042,Dundee
NM_99_1,2020,2020,8,Full Time Workers,1,Weekly pay - gross,2,Median,20701,Confidence,Dundee,4.4,1,S12000042,Dundee
NM_99_1,2020,2020,8,Full Time Workers,1,Weekly pay - gross,2,Median,20100,Value,Durham,498.2,1,E06000047,Durham
NM_99_1,2020,2020,8,Full Time Workers,1,Weekly pay - gross,2,Median,20701,Confidence,Durham,3.8,1,E06000047,Durham
NM_99_1,2020,2020,8,Full Time Workers,1,Weekly pay - gross,2,Median,20100,Value,Edinburgh,647.7,1,S12000036,Edinburgh
NM_99_1,2020,2020,8,Full Time Workers,1,Weekly pay - gross,2,Median,20701,Confidence,Edinburgh,3.1,1,S12000036,Edinburgh
NM_99_1,2020,2020,8,Full Time Workers,1,Weekly pay - gross,2,Median,20100,Value,Ely,511.2,1,E07000009,Ely
NM_99_1,2020,2020,8,Full Time Workers,1,Weekly pay - gross,2,Median,20701,Confidence,Ely,7.8,1,E07000009,Ely
NM_99_1,2020,2020,8,Full Time Workers,1,Weekly pay - gross,2,Median,20100,Value,Exeter,560.5,1,E07000041,Exeter
NM_99_1,2020,2020,8,Full Time Workers,1,Weekly pay - gross,2,Median,20701,Confidence,Exeter,5.1,1,E07000041,Exeter
NM_99_1,2020,2020,8,Full Time Workers,1,Weekly pay - gross,2,Median,20100,Value,Glasgow,621.7,1,S12000046,Glasgow
NM_99_1,2020,2020,8,Full Time Workers,1,Weekly pay - gross,2,Median,20701,Confidence,Glasgow,2.5,1,S12000046,Glasgow
NM_99_1,2020,2020,8,Full Time Workers,1,Weekly pay - gross,2,Median,20100,Value,Gloucester,569.9,1,E07000081,Gloucester
NM_99_1,2020,2020,8,Full Time Workers,1,Weekly pay - gross,2,Median,20701,Confidence,Gloucester,7.3,1,E07000081,Gloucester
NM_99_1,2020,2020,8,Full Time Workers,1,Weekly pay - gross,2,Median,20100,Value,Hereford,481.1,1,E06000019,Hereford
NM_99_1,2020,2020,8,Full Time Workers,1,Weekly pay - gross,2,Median,20701,Confidence,Hereford,4.8,1,E06000019,Hereford
NM_99_1,2020,2020,8,Full Time Workers,1,Weekly pay - gross,2,Median,20100,Value,Inverness,564.0,1,S12000017,Inverness
NM_99_1,2020,2020,8,Full Time Workers,1,Weekly pay - gross,2,Median,20701,Confidence,Inverness,4.2,1,S12000017,Inverness
NM_99_1,2020,2020,8,Full Time Workers,1,Weekly pay - gross,2,Median,20100,Value,Kingston upon Hull,518.4,1,E06000010,Kingston upon Hull
NM_99_1,2020,2020,8,Full Time Workers,1,Weekly pay - gross,2,Median,20701,Confidence,Kingston upon Hull,4.3,1,E06000010,Kingston upon Hull
NM_99_1,2020,2020,8,Full Time Workers,1,Weekly pay - gross,2,Median,20100,Value,Lancaster,545.5,1,E07000121,Lancaster
NM_99_1,2020,2020,8,Full Time Workers,1,Weekly pay - gross,2,Median,20701,Confidence,Lancaster,7.9,1,E07000121,Lancaster
NM_99_1,2020,2020,8,Full Time Workers,1,Weekly pay - gross,2,Median,20100,Value,Leeds,568.0,1,E08000035,Leeds
NM_99_1,2020,2020,8,Full Time Workers,1,Weekly pay - gross,2,Median,20701,Confidence,Leeds,2.3,1,E08000035,Leeds
NM_99_1,2020,2020,8,Full Time Workers,1,Weekly pay - gross,2,Median,20100,Value,Leicester,537.0,1,E06000016,Leicester
NM_99_1,2020,2020,8,Full Time Workers,1,Weekly pay - gross,2,Median,20701,Confidence,Leicester,3.7,1,E06000016,Leicester
NM_99_1,2020,2020,8,Full Time Workers,1,Weekly pay - gross,2,Median,20100,Value,Lichfield,517.7,1,E07000194,Lichfield
NM_99_1,2020,2020,8,Full Time Workers,1,Weekly pay - gross,2,Median,20701,Confidence,Lichfield,6.3,1,E07000194,Lichfield
NM_99_1,2020,2020,8,Full Time Workers,1,Weekly pay - gross,2,Median,20100,Value,Lincoln,550.4,1,E07000138,Lincoln
NM_99_1,2020,2020,8,Full Time Workers,1,Weekly pay - gross,2,Median,20701,Confidence,Lincoln,6.6,1,E07000138,Lincoln
NM_99_1,2020,2020,8,Full Time Workers,1,Weekly pay - gross,2,Median,20100,Value,Liverpool,591.8,1,E08000012,Liverpool
NM_99_1,2020,2020,8,Full Time Workers,1,Weekly pay - gross,2,Median,20701,Confidence,Liverpool,3.4,1,E08000012,Liverpool
NM_99_1,2020,2020,8,Full Time Workers,1,Weekly pay - gross,2,Median,20100,Value,London,1080.8,1,E09000001,London
NM_99_1,2020,2020,8,Full Time Workers,1,Weekly pay - gross,2,Median,20701,Confidence,London,3.4,1,E09000001,London
NM_99_1,2020,2020,8,Full Time Workers,1,Weekly pay - gross,2,Median,20100,Value,Manchester,593.6,1,E08000003,Manchester
NM_99_1,2020,2020,8,Full Time Workers,1,Weekly pay - gross,2,Median,20701,Confidence,Manchester,2.4,1,E08000003,Manchester
NM_99_1,2020,2020,8,Full Time Workers,1,Weekly pay - gross,2,Median,20100,Value,Milton Keynes,618.9,1,E06000042,Milton Keynes
NM_99_1,2020,2020,8,Full Time Workers,1,Weekly pay - gross,2,Median,20701,Confidence,Milton Keynes,4.7,1,E06000042,Milton Keynes
NM_99_1,2020,2020,8,Full Time Workers,1,Weekly pay - gross,2,Median,20100,Value,Newcastle upon Tyne,576.0,1,E08000021,Newcastle upon Tyne
NM_99_1,2020,2020,8,Full Time Workers,1,Weekly pay - gross,2,Median,20701,Confidence,Newcastle upon Tyne,3.8,1,E08000021,Newcastle upon Tyne
NM_99_1,2020,2020,8,Full Time Workers,1,Weekly pay - gross,2,Median,20100,Value,Newport,539.1,1,W06000022,Newport
NM_99_1,2020,2020,8,Full Time Workers,1,Weekly pay - gross,2,Median,20701,Confidence,Newport,5.0,1,W06000022,Newport
NM_99_1,2020,2020,8,Full Time Workers,1,Weekly pay - gross,2,Median,20100,Value,Norwich,538.1,1,E07000148,Norwich
NM_99_1,2020,2020,8,Full Time Workers,1,Weekly pay - gross,2,Median,20701,Confidence,Norwich,5.3,1,E07000148,Norwich
NM_99_1,2020,2020,8,Full Time Workers,1,Weekly pay - gross,2,Median,20100,Value,Nottingham,555.8,1,E06000018,Nottingham
NM_99_1,2020,2020,8,Full Time Workers,1,Weekly pay - gross,2,Median,20701,Confidence,Nottingham,3.3,1,E06000018,Nottingham
NM_99_1,2020,2020,8,Full Time Workers,1,Weekly pay - gross,2,Median,20100,Value,Oxford,685.7,1,E07000178,Oxford
NM_99_1,2020,2020,8,Full Time Workers,1,Weekly pay - gross,2,Median,20701,Confidence,Oxford,3.5,1,E07000178,Oxford
NM_99_1,2020,2020,8,Full Time Workers,1,Weekly pay - gross,2,Median,20100,Value,Perth,517.0,1,S12000024,Perth
NM_99_1,2020,2020,8,Full Time Workers,1,Weekly pay - gross,2,Median,20701,Confidence,Perth,6.3,1,S12000024,Perth
NM_99_1,2020,2020,8,Full Time Workers,1,Weekly pay - gross,2,Median,20100,Value,Peterborough,549.0,1,E06000031,Peterborough
NM_99_1,2020,2020,8,Full Time Workers,1,Weekly pay - gross,2,Median,20701,Confidence,Peterborough,4.0,1,E06000031,Peterborough
NM_99_1,2020,2020,8,Full Time Workers,1,Weekly pay - gross,2,Median,20100,Value,Plymouth,558.2,1,E06000026,Plymouth
NM_99_1,2020,2020,8,Full Time Workers,1,Weekly pay - gross,2,Median,20701,Confidence,Plymouth,4.3,1,E06000026,Plymouth
NM_99_1,2020,2020,8,Full Time Workers,1,Weekly pay - gross,2,Median,20100,Value,Portsmouth,601.5,1,E06000044,Portsmouth
NM_99_1,2020,2020,8,Full Time Workers,1,Weekly pay - gross,2,Median,20701,Confidence,Portsmouth,3.5,1,E06000044,Portsmouth
NM_99_1,2020,2020,8,Full Time Workers,1,Weekly pay - gross,2,Median,20100,Value,Preston,491.4,1,E07000123,Preston
NM_99_1,2020,2020,8,Full Time Workers,1,Weekly pay - gross,2,Median,20701,Confidence,Preston,7.1,1,E07000123,Preston
NM_99_1,2020,2020,8,Full Time Workers,1,Weekly pay - gross,2,Median,20100,Value,Ripon,536.6,1,E07000165,Ripon
NM_99_1,2020,2020,8,Full Time Workers,1,Weekly pay - gross,2,Median,20701,Confidence,Ripon,6.7,1,E07000165,Ripon
NM_99_1,2020,2020,8,Full Time Workers,1,Weekly pay - gross,2,Median,20100,Value,Salford,623.7,1,E08000006,Salford
NM_99_1,2020,2020,8,Full Time Workers,1,Weekly pay - gross,2,Median,20701,Confidence,Salford,4.4,1,E08000006,Salford
NM_99_1,2020,2020,8,Full Time Workers,1,Weekly pay - gross,2,Median,20100,Value,Salisbury,536.6,1,E06000054,Salisbury
NM_99_1,2020,2020,8,Full Time Workers,1,Weekly pay - gross,2,Median,20701,Confidence,Salisbury,3.2,1,E06000054,Salisbury
NM_99_1,2020,2020,8,Full Time Workers,1,Weekly pay - gross,2,Median,20100,Value,Sheffield,555.6,1,E08000019,Sheffield
NM_99_1,2020,2020,8,Full Time Workers,1,Weekly pay - gross,2,Median,20701,Confidence,Sheffield,3.3,1,E08000019,Sheffield
NM_99_1,2020,2020,8,Full Time Workers,1,Weekly pay - gross,2,Median,20100,Value,Southampton,632.5,1,E06000045,Southampton
NM_99_1,2020,2020,8,Full Time Workers,1,Weekly pay - gross,2,Median,20701,Confidence,Southampton,4.6,1,E06000045,Southampton
NM_99_1,2020,2020,8,Full Time Workers,1,Weekly pay - gross,2,Median,20100,Value,Southend-on-Sea,550.3,1,E06000033,Southend-on-Sea
NM_99_1,2020,2020,8,Full Time Workers,1,Weekly pay - gross,2,Median,20701,Confidence,Southend-on-Sea,7.4,1,E06000033,Southend-on-Sea
NM_99_1,2020,2020,8,Full Time Workers,1,Weekly pay - gross,2,Median,20100,Value,St Albans,598.4,1,E07000240,St Albans
NM_99_1,2020,2020,8,Full Time Workers,1,Weekly pay - gross,2,Median,20701,Confidence,St Albans,7.3,1,E07000240,St Albans
NM_99_1,2020,2020,8,Full Time Workers,1,Weekly pay - gross,2,Median,20100,Value,St Asaph,543.2,1,W06000004,St Asaph
NM_99_1,2020,2020,8,Full Time Workers,1,Weekly pay - gross,2,Median,20701,Confidence,St Asaph,7.8,1,W06000004,St Asaph
NM_99_1,2020,2020,8,Full Time Workers,1,Weekly pay - gross,2,Median,20100,Value,St Davids,491.3,1,W06000009,St Davids
NM_99_1,2020,2020,8,Full Time Workers,1,Weekly pay - gross,2,Median,20701,Confidence,St Davids,8.0,1,W06000009,St Davids
NM_99_1,2020,2020,8,Full Time Workers,1,Weekly pay - gross,2,Median,20100,Value,Stirling,591.1,1,S12000030,Stirling
NM_99_1,2020,2020,8,Full Time Workers,1,Weekly pay - gross,2,Median,20701,Confidence,Stirling,6.3,1,S12000030,Stirling
NM_99_1,2020,2020,8,Full Time Workers,1,Weekly pay - gross,2,Median,20100,Value,Stoke on Trent,533.8,1,E06000021,Stoke on Trent
NM_99_1,2020,2020,8,Full Time Workers,1,Weekly pay - gross,2,Median,20701,Confidence,Stoke on Trent,3.8,1,E06000021,Stoke on Trent
NM_99_1,2020,2020,8,Full Time Workers,1,Weekly pay - gross,2,Median,20100,Value,Sunderland,525.9,1,E08000024,Sunderland
NM_99_1,2020,2020,8,Full Time Workers,1,Weekly pay - gross,2,Median,20701,Confidence,Sunderland,2.7,1,E08000024,Sunderland
NM_99_1,2020,2020,8,Full Time Workers,1,Weekly pay - gross,2,Median,20100,Value,Swansea,533.9,1,W06000011,Swansea
NM_99_1,2020,2020,8,Full Time Workers,1,Weekly pay - gross,2,Median,20701,Confidence,Swansea,3.6,1,W06000011,Swansea
NM_99_1,2020,2020,8,Full Time Workers,1,Weekly pay - gross,2,Median,20100,Value,Truro,465.2,1,E06000052,Truro
NM_99_1,2020,2020,8,Full Time Workers,1,Weekly pay - gross,2,Median,20701,Confidence,Truro,4.2,1,E06000052,Truro
NM_99_1,2020,2020,8,Full Time Workers,1,Weekly pay - gross,2,Median,20100,Value,Wakefield,537.1,1,E08000036,Wakefield
NM_99_1,2020,2020,8,Full Time Workers,1,Weekly pay - gross,2,Median,20701,Confidence,Wakefield,3.6,1,E08000036,Wakefield
NM_99_1,2020,2020,8,Full Time Workers,1,Weekly pay - gross,2,Median,20100,Value,Wells,520.7333333333333,3,E07000187|E07000188|E07000189,Wells
NM_99_1,2020,2020,8,Full Time Workers,1,Weekly pay - gross,2,Median,20701,Confidence,Wells,7.833333333333333,3,E07000187|E07000188|E07000189,Wells
NM_99_1,2020,2020,8,Full Time Workers,1,Weekly pay - gross,2,Median,20100,Value,Westminster,837.5,1,E09000033,Westminster
NM_99_1,2020,2020,8,Full Time Workers,1,Weekly pay - gross,2,Median,20701,Confidence,Westminster,2.5,1,E09000033,Westminster
NM_99_1,2020,2020,8,Full Time Workers,1,Weekly pay - gross,2,Median,20100,Value,Winchester,630.9,1,E07000094,Winchester
NM_99_1,2020,2020,8,Full Time Workers,1,Weekly pay - gross,2,Median,20701,Confidence,Winchester,6.9,1,E07000094,Winchester
NM_99_1,2020,2020,8,Full Time Workers,1,Weekly pay - gross,2,Median,20100,Value,Wolverhampton,572.2,1,E08000031,Wolverhampton
NM_99_1,2020,2020,8,Full Time Workers,1,Weekly pay - gross,2,Median,20701,Confidence,Wolverhampton,4.7,1,E08000031,Wolverhampton
NM_99_1,2020,2020,8,Full Time Workers,1,Weekly pay - gross,2,Median,20100,Value,Worcester,532.6,1,E07000237,Worcester
NM_99_1,2020,2020,8,Full Time Workers,1,Weekly pay - gross,2,Median,20701,Confidence,Worcester,8.4,1,E07000237,Worcester
NM_99_1,2020,2020,8,Full Time Workers,1,Weekly pay - gross,2,Median,20100,Value,Wrexham,564.9,1,W06000006,Wrexham
NM_99_1,2020,2020,8,Full Time Workers,1,Weekly pay - gross,2,Median,20701,Confidence,Wrexham,5.2,1,W06000006,Wrexham
NM_99_1,2020,2020,8,Full Time Workers,1,Weekly pay - gross,2,Median,20100,Value,York,578.8,1,E06000014,York
NM_99_1,2020,2020,8,Full Time Workers,1,Weekly pay - gross,2,Median,20701,Confidence,York,5.8,1,E06000014,York
NM_99_1,2021,2021,8,Full Time Workers,1,Weekly pay - gross,2,Median,20100,Value,Aberdeen,634.9,1,S12000033,Aberdeen
NM_99_1,2021,2021,8,Full Time Workers,1,Weekly pay - gross,2,Median,20701,Confidence,Aberdeen,4.6,1,S12000033,Aberdeen
NM_99_1,2021,2021,8,Full Time Workers,1,Weekly pay - gross,2,Median,20100,Value,Bangor,566.5,1,W06000002,Bangor
NM_99_1,2021,2021,8,Full Time Workers,1,Weekly pay - gross,2,Median,20701,Confidence,Bangor,7.1,1,W06000002,Bangor
NM_99_1,2021,2021,8,Full Time Workers,1,Weekly pay - gross,2,Median,20100,Value,Bath,574.9,1,E06000022,Bath
NM_99_1,2021,2021,8,Full Time Workers,1,Weekly pay - gross,2,Median,20701,Confidence,Bath,4.4,1,E06000022,Bath
NM_99_1,2021,2021,8,Full Time Workers,1,Weekly pay - gross,2,Median,20100,Value,Birmingham,615.1,1,E08000025,Birmingham
NM_99_1,2021,2021,8,Full Time Workers,1,Weekly pay - gross,2,Median,20701,Confidence,Birmingham,2.7,1,E08000025,Birmingham
NM_99_1,2021,2021,8,Full Time Workers,1,Weekly pay - gross,2,Median,20100,Value,Bradford,556.3,1,E08000032,Bradford
NM_99_1,2021,2021,8,Full Time Workers,1,Weekly pay - gross,2,Median,20701,Confidence,Bradford,2.7,1,E08000032,Bradford
NM_99_1,2021,2021,8,Full Time Workers,1,Weekly pay - gross,2,Median,20100,Value,Brighton and Hove,599.2,1,E06000043,Brighton and Hove
NM_99_1,2021,2021,8,Full Time Workers,1,Weekly pay - gross,2,Median,20701,Confidence,Brighton and Hove,3.8,1,E06000043,Brighton and Hove
NM_99_1,2021,2021,8,Full Time Workers,1,Weekly pay - gross,2,Median,20100,Value,Bristol,624.0,1,E06000023,Bristol
NM_99_1,2021,2021,8,Full Time Workers,1,Weekly pay - gross,2,Median,20701,Confidence,Bristol,3.0,1,E06000023,Bristol
NM_99_1,2021,2021,8,Full Time Workers,1,Weekly pay - gross,2,Median,20100,Value,Cambridge,687.0,1,E07000008,Cambridge
NM_99_1,2021,2021,8,Full Time Workers,1,Weekly pay - gross,2,Median,20701,Confidence,Cambridge,5.9,1,E07000008,Cambridge
NM_99_1,2021,2021,8,Full Time Workers,1,Weekly pay - gross,2,Median,20100,Value,Canterbury,520.4,1,E07000106,Canterbury
NM_99_1,2021,2021,8,Full Time Workers,1,Weekly pay - gross,2,Median,20701,Confidence,Canterbury,4.5,1,E07000106,Canterbury
NM_99_1,2021,2021,8,Full Time Workers,1,Weekly pay - gross,2,Median,20100,Value,Cardiff,587.1,1,W06000015,Cardiff
NM_99_1,2021,2021,8,Full Time Workers,1,Weekly pay - gross,2,Median,20701,Confidence,Cardiff,2.7,1,W06000015,Cardiff
NM_99_1,2021,2021,8,Full Time Workers,1,Weekly pay - gross,2,Median,20100,Value,Carlisle,545.1,1,E07000028,Carlisle
NM_99_1,2021,2021,8,Full Time Workers,1,Weekly pay - gross,2,Median,20701,Confidence,Carlisle,4.7,1,E07000028,Carlisle
NM_99_1,2021,2021,8,Full Time Workers,1,Weekly pay - gross,2,Median,20100,Value,Chelmsford,623.6,1,E07000070,Chelmsford
NM_99_1,2021,2021,8,Full Time Workers,1,Weekly pay - gross,2,Median,20701,Confidence,Chelmsford,5.1,1,E07000070,Chelmsford
NM_99_1,2021,2021,8,Full Time Workers,1,Weekly pay - gross,2,Median,20100,Value,Chester,595.5,1,E06000050,Chester
NM_99_1,2021,2021,8,Full Time Workers,1,Weekly pay - gross,2,Median,20701,Confidence,Chester,4.3,1,E06000050,Chester
NM_99_1,2021,2021,8,Full Time Workers,1,Weekly pay - gross,2,Median,20100,Value,Chichester,574.9,1,E07000225,Chichester
NM_99_1,2021,2021,8,Full Time Workers,1,Weekly pay - gross,2,Median,20701,Confidence,Chichester,9.4,1,E07000225,Chichester
NM_99_1,2021,2021,8,Full Time Workers,1,Weekly pay - gross,2,Median,20100,Value,Colchester,556.6,1,E07000071,Colchester
NM_99_1,2021,2021,8,Full Time Workers,1,Weekly pay - gross,2,Median,20701,Confidence,Colchester,5.0,1,E07000071,Colchester
NM_99_1,2021,2021,8,Full Time Workers,1,Weekly pay - gross,2,Median,20100,Value,Coventry,648.6,1,E08000026,Coventry
NM_99_1,2021,2021,8,Full Time Workers,1,Weekly pay - gross,2,Median,20701,Confidence,Coventry,5.2,1,E08000026,Coventry
NM_99_1,2021,2021,8,Full Time Workers,1,Weekly pay - gross,2,Median,20100,Value,Derby,706.7,1,E06000015,Derby
NM_99_1,2021,2021,8,Full Time Workers,1,Weekly pay - gross,2,Median,20701,Confidence,Derby,4.2,1,E06000015,Derby
NM_99_1,2021,2021,8,Full Time Workers,1,Weekly pay - gross,2,Median,20100,Value,Doncaster,536.6,1,E08000017,Doncaster
NM_99_1,2021,2021,8,Full Time Workers,1,Weekly pay - gross,2,Median,20701,Confidence,Doncaster,3.7,1,E08000017,Doncaster
NM_99_1,2021,2021,8,Full Time Workers,1,Weekly pay - gross,2,Median,20100,Value,Dundee,602.5,1,S12000042,Dundee
NM_99_1,2021,2021,8,Full Time Workers,1,Weekly pay - gross,2,Median,20701,Confidence,Dundee,4.2,1,S12000042,Dundee
NM_99_1,2021,2021,8,Full Time Workers,1,Weekly pay - gross,2,Median,20100,Value,Durham,518.2,1,E06000047,Durham
NM_99_1,2021,2021,8,Full Time Workers,1,Weekly pay - gross,2,Median,20701,Confidence,Durham,3.6,1,E06000047,Durham
NM_99_1,2021,2021,8,Full Time Workers,1,Weekly pay - gross,2,Median,20100,Value,Edinburgh,639.8,1,S12000036,Edinburgh
NM_99_1,2021,2021,8,Full Time Workers,1,Weekly pay - gross,2,Median,20701,Confidence,Edinburgh,2.8,1,S12000036,Edinburgh
NM_99_1,2021,2021,8,Full Time Workers,1,Weekly pay - gross,2,Median,20100,Value,Ely,562.9,1,E07000009,Ely
NM_99_1,2021,2021,8,Full Time Workers,1,Weekly pay - gross,2,Median,20701,Confidence,Ely,5.2,1,E07000009,Ely
NM_99_1,2021,2021,8,Full Time Workers,1,Weekly pay - gross,2,Median,20100,Value,Exeter,594.6,1,E07000041,Exeter
NM_99_1,2021,2021,8,Full Time Workers,1,Weekly pay - gross,2,Median,20701,Confidence,Exeter,5.1,1,E07000041,Exeter
NM_99_1,2021,2021,8,Full Time Workers,1,Weekly pay - gross,2,Median,20100,Value,Glasgow,638.3,1,S12000046,Glasgow
NM_99_1,2021,2021,8,Full Time Workers,1,Weekly pay - gross,2,Median,20701,Confidence,Glasgow,2.3,1,S12000046,Glasgow
NM_99_1,2021,2021,8,Full Time Workers,1,Weekly pay - gross,2,Median,20100,Value,Gloucester,540.1,1,E07000081,Gloucester
NM_99_1,2021,2021,8,Full Time Workers,1,Weekly pay - gross,2,Median,20701,Confidence,Gloucester,6.6,1,E07000081,Gloucester
NM_99_1,2021,2021,8,Full Time Workers,1,Weekly pay - gross,2,Median,20100,Value,Hereford,535.6,1,E06000019,Hereford
NM_99_1,2021,2021,8,Full Time Workers,1,Weekly pay - gross,2,Median,20701,Confidence,Hereford,3.8,1,E06000019,Hereford
NM_99_1,2021,2021,8,Full Time Workers,1,Weekly pay - gross,2,Median,20100,Value,Inverness,594.3,1,S12000017,Inverness
NM_99_1,2021,2021,8,Full Time Workers,1,Weekly pay - gross,2,Median,20701,Confidence,Inverness,5.0,1,S12000017,Inverness
NM_99_1,2021,2021,8,Full Time Workers,1,Weekly pay - gross,2,Median,20100,Value,Kingston upon Hull,568.2,1,E06000010,Kingston upon Hull
NM_99_1,2021,2021,8,Full Time Workers,1,Weekly pay - gross,2,Median,20701,Confidence,Kingston upon Hull,3.4,1,E06000010,Kingston upon Hull
NM_99_1,2021,2021,8,Full Time Workers,1,Weekly pay - gross,2,Median,20100,Value,Lancaster,569.4,1,E07000121,Lancaster
NM_99_1,2021,2021,8,Full Time Workers,1,Weekly pay - gross,2,Median,20701,Confidence,Lancaster,5.3,1,E07000121,Lancaster
NM_99_1,2021,2021,8,Full Time Workers,1,Weekly pay - gross,2,Median,20100,Value,Leeds,591.9,1,E08000035,Leeds
NM_99_1,2021,2021,8,Full Time Workers,1,Weekly pay - gross,2,Median,20701,Confidence,Leeds,2.1,1,E08000035,Leeds
NM_99_1,2021,2021,8,Full Time Workers,1,Weekly pay - gross,2,Median,20100,Value,Leicester,538.8,1,E06000016,Leicester
NM_99_1,2021,2021,8,Full Time Workers,1,Weekly pay - gross,2,Median,20701,Confidence,Leicester,3.1,1,E06000016,Leicester
NM_99_1,2021,2021,8,Full Time Workers,1,Weekly pay - gross,2,Median,20100,Value,Lichfield,521.2,1,E07000194,Lichfield
NM_99_1,2021,2021,8,Full Time Workers,1,Weekly pay - gross,2,Median,20701,Confidence,Lichfield,5.2,1,E07000194,Lichfield
NM_99_1,2021,2021,8,Full Time Workers,1,Weekly pay - gross,2,Median,20100,Value,Lincoln,567.7,1,E07000138,Lincoln
NM_99_1,2021,2021,8,Full Time Workers,1,Weekly pay - gross,2,Median,20701,Confidence,Lincoln,4.9,1,E07000138,Lincoln
NM_99_1,2021,2021,8,Full Time Workers,1,Weekly pay - gross,2,Median,20100,Value,Liverpool,596.8,1,E08000012,Liverpool
NM_99_1,2021,2021,8,Full Time Workers,1,Weekly pay - gross,2,Median,20701,Confidence,Liverpool,2.8,1,E08000012,Liverpool
NM_99_1,2021,2021,8,Full Time Workers,1,Weekly pay - gross,2,Median,20100,Value,London,1138.5,1,E09000001,London
NM_99_1,2021,2021,8,Full Time Workers,1,Weekly pay - gross,2,Median,20701,Confidence,London,3.4,1,E09000001,London
NM_99_1,2021,2021,8,Full Time Workers,1,Weekly pay - gross,2,Median,20100,Value,Manchester,607.0,1,E08000003,Manchester
NM_99_1,2021,2021,8,Full Time Workers,1,Weekly pay - gross,2,Median,20701,Confidence,Manchester,2.8,1,E08000003,Manchester
NM_99_1,2021,2021,8,Full Time Workers,1,Weekly pay - gross,2,Median,20100,Value,Milton Keynes,664.4,1,E06000042,Milton Keynes
NM_99_1,2021,2021,8,Full Time Workers,1,Weekly pay - gross,2,Median,20701,Confidence,Milton Keynes,4.6,1,E06000042,Milton Keynes
NM_99_1,2021,2021,8,Full Time Workers,1,Weekly pay - gross,2,Median,20100,Value,Newcastle upon Tyne,609.6,1,E08000021,Newcastle upon Tyne
NM_99_1,2021,2021,8,Full Time Workers,1,Weekly pay - gross,2,Median,20701,Confidence,Newcastle upon Tyne,4.4,1,E08000021,Newcastle upon Tyne
NM_99_1,2021,2021,8,Full Time Workers,1,Weekly pay - gross,2,Median,20100,Value,Newport,538.1,1,W06000022,Newport
NM_99_1,2021,2021,8,Full Time Workers,1,Weekly pay - gross,2,Median,20701,Confidence,Newport,4.6,1,W06000022,Newport
NM_99_1,2021,2021,8,Full Time Workers,1,Weekly pay - gross,2,Median,20100,Value,Norwich,600.7,1,E07000148,Norwich
NM_99_1,2021,2021,8,Full Time Workers,1,Weekly pay - gross,2,Median,20701,Confidence,Norwich,5.8,1,E07000148,Norwich
NM_99_1,2021,2021,8,Full Time Workers,1,Weekly pay - gross,2,Median,20100,Value,Nottingham,531.7,1,E06000018,Nottingham
NM_99_1,2021,2021,8,Full Time Workers,1,Weekly pay - gross,2,Median,20701,Confidence,Nottingham,3.7,1,E06000018,Nottingham
NM_99_1,2021,2021,8,Full Time Workers,1,Weekly pay - gross,2,Median,20100,Value,Oxford,689.9,1,E07000178,Oxford
NM_99_1,2021,2021,8,Full Time Workers,1,Weekly pay - gross,2,Median,20701,Confidence,Oxford,4.7,1,E07000178,Oxford
NM_99_1,2021,2021,8,Full Time Workers,1,Weekly pay - gross,2,Median,20100,Value,Perth,631.8,1,S12000024,Perth
NM_99_1,2021,2021,8,Full Time Workers,1,Weekly pay - gross,2,Median,20701,Confidence,Perth,5.0,1,S12000024,Perth
NM_99_1,2021,2021,8,Full Time Workers,1,Weekly pay - gross,2,Median,20100,Value,Peterborough,568.8,1,E06000031,Peterborough
NM_99_1,2021,2021,8,Full Time Workers,1,Weekly pay - gross,2,Median,20701,Confidence,Peterborough,3.5,1,E06000031,Peterborough
NM_99_1,2021,2021,8,Full Time Workers,1,Weekly pay - gross,2,Median,20100,Value,Plymouth,542.5,1,E06000026,Plymouth
NM_99_1,2021,2021,8,Full Time Workers,1,Weekly pay - gross,2,Median,20701,Confidence,Plymouth,4.8,1,E06000026,Plymouth
NM_99_1,2021,2021,8,Full Time Workers,1,Weekly pay - gross,2,Median,20100,Value,Portsmouth,617.8,1,E06000044,Portsmouth
NM_99_1,2021,2021,8,Full Time Workers,1,Weekly pay - gross,2,Median,20701,Confidence,Portsmouth,5.1,1,E06000044,Portsmouth
NM_99_1,2021,2021,8,Full Time Workers,1,Weekly pay - gross,2,Median,20100,Value,Preston,544.0,1,E07000123,Preston
NM_99_1,2021,2021,8,Full Time Workers,1,Weekly pay - gross,2,Median,20701,Confidence,Preston,5.2,1,E07000123,Preston
NM_99_1,2021,2021,8,Full Time Workers,1,Weekly pay - gross,2,Median,20100,Value,Ripon,560.2,1,E07000165,Ripon
NM_99_1,2021,2021,8,Full Time Workers,1,Weekly pay - gross,2,Median,20701,Confidence,Ripon,5.4,1,E07000165,Ripon
NM_99_1,2021,2021,8,Full Time Workers,1,Weekly pay - gross,2,Median,20100,Value,Salford,574.7,1,E08000006,Salford
NM_99_1,2021,2021,8,Full Time Workers,1,Weekly pay - gross,2,Median,20701,Confidence,Salford,4.8,1,E08000006,Salford
NM_99_1,2021,2021,8,Full Time Workers,1,Weekly pay - gross,2,Median,20100,Value,Salisbury,569.3,1,E06000054,Salisbury
NM_99_1,2021,2021,8,Full Time Workers,1,Weekly pay - gross,2,Median,20701,Confidence,Salisbury,3.5,1,E06000054,Salisbury
NM_99_1,2021,2021,8,Full Time Workers,1,Weekly pay - gross,2,Median,20100,Value,Sheffield,568.5,1,E08000019,Sheffield
NM_99_1,2021,2021,8,Full Time Workers,1,Weekly pay - gross,2,Median,20701,Confidence,Sheffield,3.2,1,E08000019,Sheffield
NM_99_1,2021,2021,8,Full Time Workers,1,Weekly pay - gross,2,Median,20100,Value,Southampton,643.7,1,E06000045,Southampton
NM_99_1,2021,2021,8,Full Time Workers,1,Weekly pay - gross,2,Median,20701,Confidence,Southampton,4.6,1,E06000045,Southampton
NM_99_1,2021,2021,8,Full Time Workers,1,Weekly pay - gross,2,Median,20100,Value,Southend-on-Sea,556.5,1,E06000033,Southend-on-Sea
NM_99_1,2021,2021,8,Full Time Workers,1,Weekly pay - gross,2,Median,20701,Confidence,Southend-on-Sea,5.6,1,E06000033,Southend-on-Sea
NM_99_1,2021,2021,8,Full Time Workers,1,Weekly pay - gross,2,Median,20100,Value,St Albans,621.9,1,E07000240,St Albans
NM_99_1,2021,2021,8,Full Time Workers,1,Weekly pay - gross,2,Median,20701,Confidence,St Albans,7.1,1,E07000240,St Albans
NM_99_1,2021,2021,8,Full Time Workers,1,Weekly pay - gross,2,Median,20100,Value,St Asaph,570.3,1,W06000004,St Asaph
NM_99_1,2021,2021,8,Full Time Workers,1,Weekly pay - gross,2,Median,20701,Confidence,St Asaph,6.4,1,W06000004,St Asaph
NM_99_1,2021,2021,8,Full Time Workers,1,Weekly pay - gross,2,Median,20100,Value,St Davids,534.1,1,W06000009,St Davids
NM_99_1,2021,2021,8,Full Time Workers,1,Weekly pay - gross,2,Median,20701,Confidence,St Davids,6.8,1,W06000009,St Davids
NM_99_1,2021,2021,8,Full Time Workers,1,Weekly pay - gross,2,Median,20100,Value,Stirling,656.3,1,S12000030,Stirling
NM_99_1,2021,2021,8,Full Time Workers,1,Weekly pay - gross,2,Median,20701,Confidence,Stirling,5.3,1,S12000030,Stirling
NM_99_1,2021,2021,8,Full Time Workers,1,Weekly pay - gross,2,Median,20100,Value,Stoke on Trent,551.6,1,E06000021,Stoke on Trent
NM_99_1,2021,2021,8,Full Time Workers,1,Weekly pay - gross,2,Median,20701,Confidence,Stoke on Trent,2.8,1,E06000021,Stoke on Trent
NM_99_1,2021,2021,8,Full Time Workers,1,Weekly pay - gross,2,Median,20100,Value,Sunderland,517.5,1,E08000024,Sunderland
NM_99_1,2021,2021,8,Full Time Workers,1,Weekly pay - gross,2,Median,20701,Confidence,Sunderland,3.7,1,E08000024,Sunderland
NM_99_1,2021,2021,8,Full Time Workers,1,Weekly pay - gross,2,Median,20100,Value,Swansea,549.5,1,W06000011,Swansea
NM_99_1,2021,2021,8,Full Time Workers,1,Weekly pay - gross,2,Median,20701,Confidence,Swansea,4.1,1,W06000011,Swansea
NM_99_1,2021,2021,8,Full Time Workers,1,Weekly pay - gross,2,Median,20100,Value,Truro,503.8,1,E06000052,Truro
NM_99_1,2021,2021,8,Full Time Workers,1,Weekly pay - gross,2,Median,20701,Confidence,Truro,2.5,1,E06000052,Truro
NM_99_1,2021,2021,8,Full Time Workers,1,Weekly pay - gross,2,Median,20100,Value,Wakefield,549.8,1,E08000036,Wakefield
NM_99_1,2021,2021,8,Full Time Workers,1,Weekly pay - gross,2,Median,20701,Confidence,Wakefield,3.8,1,E08000036,Wakefield
NM_99_1,2021,2021,8,Full Time Workers,1,Weekly pay - gross,2,Median,20100,Value,Wells,544.7666666666667,3,E07000187|E07000188|E07000189,Wells
NM_99_1,2021,2021,8,Full Time Workers,1,Weekly pay - gross,2,Median,20701,Confidence,Wells,5.366666666666667,3,E07000187|E07000188|E07000189,Wells
NM_99_1,2021,2021,8,Full Time Workers,1,Weekly pay - gross,2,Median,20100,Value,Westminster,850.5,1,E09000033,Westminster
NM_99_1,2021,2021,8,Full Time Workers,1,Weekly pay - gross,2,Median,20701,Confidence,Westminster,2.4,1,E09000033,Westminster
NM_99_1,2021,2021,8,Full Time Workers,1,Weekly pay - gross,2,Median,20100,Value,Winchester,631.4,1,E07000094,Winchester
NM_99_1,2021,2021,8,Full Time Workers,1,Weekly pay - gross,2,Median,20701,Confidence,Winchester,4.4,1,E07000094,Winchester
NM_99_1,2021,2021,8,Full Time Workers,1,Weekly pay - gross,2,Median,20100,Value,Wolverhampton,551.8,1,E08000031,Wolverhampton
NM_99_1,2021,2021,8,Full Time Workers,1,Weekly pay - gross,2,Median,20701,Confidence,Wolverhampton,4.7,1,E08000031,Wolverhampton
NM_99_1,2021,2021,8,Full Time Workers,1,Weekly pay - gross,2,Median,20100,Value,Worcester,570.3,1,E07000237,Worcester
NM_99_1,2021,2021,8,Full Time Workers,1,Weekly pay - gross,2,Median,20701,Confidence,Worcester,7.5,1,E07000237,Worcester
NM_99_1,2021,2021,8,Full Time Workers,1,Weekly pay - gross,2,Median,20100,Value,Wrexham,564.6,1,W06000006,Wrexham
NM_99_1,2021,2021,8,Full Time Workers,1,Weekly pay - gross,2,Median,20701,Confidence,Wrexham,5.4,1,W06000006,Wrexham
NM_99_1,2021,2021,8,Full Time Workers,1,Weekly pay - gross,2,Median,20100,Value,York,637.9,1,E06000014,York
NM_99_1,2021,2021,8,Full Time Workers,1,Weekly pay - gross,2,Median,20701,Confidence,York,6.2,1,E06000014,York
NM_99_1,2022,2022,8,Full Time Workers,1,Weekly pay - gross,2,Median,20100,Value,Aberdeen,672.6,1,S12000033,Aberdeen
NM_99_1,2022,2022,8,Full Time Workers,1,Weekly pay - gross,2,Median,20701,Confidence,Aberdeen,4.5,1,S12000033,Aberdeen
NM_99_1,2022,2022,8,Full Time Workers,1,Weekly pay - gross,2,Median,20100,Value,Bangor,562.4,1,W06000002,Bangor
NM_99_1,2022,2022,8,Full Time Workers,1,Weekly pay - gross,2,Median,20701,Confidence,Bangor,7.8,1,W06000002,Bangor
NM_99_1,2022,2022,8,Full Time Workers,1,Weekly pay - gross,2,Median,20100,Value,Bath,635.3,1,E06000022,Bath
NM_99_1,2022,2022,8,Full Time Workers,1,Weekly pay - gross,2,Median,20701,Confidence,Bath,5.2,1,E06000022,Bath
NM_99_1,2022,2022,8,Full Time Workers,1,Weekly pay - gross,2,Median,20100,Value,Birmingham,664.0,1,E08000025,Birmingham
NM_99_1,2022,2022,8,Full Time Workers,1,Weekly pay - gross,2,Median,20701,Confidence,Birmingham,2.8,1,E08000025,Birmingham
NM_99_1,2022,2022,8,Full Time Workers,1,Weekly pay - gross,2,Median,20100,Value,Bradford,597.6,1,E08000032,Bradford
NM_99_1,2022,2022,8,Full Time Workers,1,Weekly pay - gross,2,Median,20701,Confidence,Bradford,2.9,1,E08000032,Bradford
NM_99_1,2022,2022,8,Full Time Workers,1,Weekly pay - gross,2,Median,20100,Value,Brighton and Hove,619.4,1,E06000043,Brighton and Hove
NM_99_1,2022,2022,8,Full Time Workers,1,Weekly pay - gross,2,Median,20701,Confidence,Brighton and Hove,3.8,1,E06000043,Brighton and Hove
NM_99_1,2022,2022,8,Full Time Workers,1,Weekly pay - gross,2,Median,20100,Value,Bristol,670.8,1,E06000023,Bristol
NM_99_1,2022,2022,8,Full Time Workers,1,Weekly pay - gross,2,Median,20701,Confidence,Bristol,2.7,1,E06000023,Bristol
NM_99_1,2022,2022,8,Full Time Workers,1,Weekly pay - gross,2,Median,20100,Value,Cambridge,701.6,1,E07000008,Cambridge
NM_99_1,2022,2022,8,Full Time Workers,1,Weekly pay - gross,2,Median,20701,Confidence,Cambridge,3.8,1,E07000008,Cambridge
NM_99_1,2022,2022,8,Full Time Workers,1,Weekly pay - gross,2,Median,20100,Value,Canterbury,623.3,1,E07000106,Canterbury
NM_99_1,2022,2022,8,Full Time Workers,1,Weekly pay - gross,2,Median,20701,Confidence,Canterbury,6.0,1,E07000106,Canterbury
NM_99_1,2022,2022,8,Full Time Workers,1,Weekly pay - gross,2,Median,20100,Value,Cardiff,646.1,1,W06000015,Cardiff
NM_99_1,2022,2022,8,Full Time Workers,1,Weekly pay - gross,2,Median,20701,Confidence,Cardiff,2.3,1,W06000015,Cardiff
NM_99_1,2022,2022,8,Full Time Workers,1,Weekly pay - gross,2,Median,20100,Value,Chelmsford,616.1,1,E07000070,Chelmsford
NM_99_1,2022,2022,8,Full Time Workers,1,Weekly pay - gross,2,Median,20701,Confidence,Chelmsford,5.4,1,E07000070,Chelmsford
NM_99_1,2022,2022,8,Full Time Workers,1,Weekly pay - gross,2,Median,20100,Value,Chester,604.4,1,E06000050,Chester
NM_99_1,2022,2022,8,Full Time Workers,1,Weekly pay - gross,2,Median,20701,Confidence,Chester,5.3,1,E06000050,Chester
NM_99_1,2022,2022,8,Full Time Workers,1,Weekly pay - gross,2,Median,20100,Value,Chichester,571.8,1,E07000225,Chichester
NM_99_1,2022,2022,8,Full Time Workers,1,Weekly pay - gross,2,Median,20701,Confidence,Chichester,6.7,1,E07000225,Chichester
NM_99_1,2022,2022,8,Full Time Workers,1,Weekly pay - gross,2,Median,20100,Value,Colchester,632.4,1,E07000071,Colchester
NM_99_1,2022,2022,8,Full Time Workers,1,Weekly pay - gross,2,Median,20701,Confidence,Colchester,5.0,1,E07000071,Colchester
NM_99_1,2022,2022,8,Full Time Workers,1,Weekly pay - gross,2,Median,20100,Value,Coventry,651.3,1,E08000026,Coventry
NM_99_1,2022,2022,8,Full Time Workers,1,Weekly pay - gross,2,Median,20701,Confidence,Coventry,3.5,1,E08000026,Coventry
NM_99_1,2022,2022,8,Full Time Workers,1,Weekly pay - gross,2,Median,20100,Value,Derby,699.5,1,E06000015,Derby
NM_99_1,2022,2022,8,Full Time Workers,1,Weekly pay - gross,2,Median,20701,Confidence,Derby,3.8,1,E06000015,Derby
NM_99_1,2022,2022,8,Full Time Workers,1,Weekly pay - gross,2,Median,20100,Value,Doncaster,571.0,1,E08000017,Doncaster
NM_99_1,2022,2022,8,Full Time Workers,1,Weekly pay - gross,2,Median,20701,Confidence,Doncaster,3.2,1,E08000017,Doncaster
NM_99_1,2022,2022,8,Full Time Workers,1,Weekly pay - gross,2,Median,20100,Value,Dundee,630.8,1,S12000042,Dundee
NM_99_1,2022,2022,8,Full Time Workers,1,Weekly pay - gross,2,Median,20701,Confidence,Dundee,3.6,1,S12000042,Dundee
NM_99_1,2022,2022,8,Full Time Workers,1,Weekly pay - gross,2,Median,20100,Value,Durham,550.5,1,E06000047,Durham
NM_99_1,2022,2022,8,Full Time Workers,1,Weekly pay - gross,2,Median,20701,Confidence,Durham,2.9,1,E06000047,Durham
NM_99_1,2022,2022,8,Full Time Workers,1,Weekly pay - gross,2,Median,20100,Value,Edinburgh,657.9,1,S12000036,Edinburgh
NM_99_1,2022,2022,8,Full Time Workers,1,Weekly pay - gross,2,Median,20701,Confidence,Edinburgh,2.4,1,S12000036,Edinburgh
NM_99_1,2022,2022,8,Full Time Workers,1,Weekly pay - gross,2,Median,20100,Value,Ely,577.8,1,E07000009,Ely
NM_99_1,2022,2022,8,Full Time Workers,1,Weekly pay - gross,2,Median,20701,Confidence,Ely,5.9,1,E07000009,Ely
NM_99_1,2022,2022,8,Full Time Workers,1,Weekly pay - gross,2,Median,20100,Value,Exeter,629.8,1,E07000041,Exeter
NM_99_1,2022,2022,8,Full Time Workers,1,Weekly pay - gross,2,Median,20701,Confidence,Exeter,4.8,1,E07000041,Exeter
NM_99_1,2022,2022,8,Full Time Workers,1,Weekly pay - gross,2,Median,20100,Value,Gloucester,574.9,1,E07000081,Gloucester
NM_99_1,2022,2022,8,Full Time Workers,1,Weekly pay - gross,2,Median,20701,Confidence,Gloucester,7.1,1,E07000081,Gloucester
NM_99_1,2022,2022,8,Full Time Workers,1,Weekly pay - gross,2,Median,20100,Value,Hereford,543.7,1,E06000019,Hereford
NM_99_1,2022,2022,8,Full Time Workers,1,Weekly pay - gross,2,Median,20701,Confidence,Hereford,3.5,1,E06000019,Hereford
NM_99_1,2022,2022,8,Full Time Workers,1,Weekly pay - gross,2,Median,20100,Value,Inverness,634.7,1,S12000017,Inverness
NM_99_1,2022,2022,8,Full Time Workers,1,Weekly pay - gross,2,Median,20701,Confidence,Inverness,3.4,1,S12000017,Inverness
NM_99_1,2022,2022,8,Full Time Workers,1,Weekly pay - gross,2,Median,20100,Value,Kingston upon Hull,578.7,1,E06000010,Kingston upon Hull
NM_99_1,2022,2022,8,Full Time Workers,1,Weekly pay - gross,2,Median,20701,Confidence,Kingston upon Hull,4.0,1,E06000010,Kingston upon Hull
NM_99_1,2022,2022,8,Full Time Workers,1,Weekly pay - gross,2,Median,20100,Value,Lancaster,586.7,1,E07000121,Lancaster
NM_99_1,2022,2022,8,Full Time Workers,1,Weekly pay - gross,2,Median,20701,Confidence,Lancaster,5.5,1,E07000121,Lancaster
NM_99_1,2022,2022,8,Full Time Workers,1,Weekly pay - gross,2,Median,20100,Value,Leeds,621.0,1,E08000035,Leeds
NM_99_1,2022,2022,8,Full Time Workers,1,Weekly pay - gross,2,Median,20701,Confidence,Leeds,2.5,1,E08000035,Leeds
NM_99_1,2022,2022,8,Full Time Workers,1,Weekly pay - gross,2,Median,20100,Value,Leicester,568.4,1,E06000016,Leicester
NM_99_1,2022,2022,8,Full Time Workers,1,Weekly pay - gross,2,Median,20701,Confidence,Leicester,3.7,1,E06000016,Leicester
NM_99_1,2022,2022,8,Full Time Workers,1,Weekly pay - gross,2,Median,20100,Value,Lichfield,535.8,1,E07000194,Lichfield
NM_99_1,2022,2022,8,Full Time Workers,1,Weekly pay - gross,2,Median,20701,Confidence,Lichfield,4.6,1,E07000194,Lichfield
NM_99_1,2022,2022,8,Full Time Workers,1,Weekly pay - gross,2,Median,20100,Value,Lincoln,600.7,1,E07000138,Lincoln
NM_99_1,2022,2022,8,Full Time Workers,1,Weekly pay - gross,2,Median,20701,Confidence,Lincoln,6.3,1,E07000138,Lincoln
NM_99_1,2022,2022,8,Full Time Workers,1,Weekly pay - gross,2,Median,20100,Value,Liverpool,616.5,1,E08000012,Liverpool
NM_99_1,2022,2022,8,Full Time Workers,1,Weekly pay - gross,2,Median,20701,Confidence,Liverpool,2.8,1,E08000012,Liverpool
NM_99_1,2022,2022,8,Full Time Workers,1,Weekly pay - gross,2,Median,20100,Value,London,1102.4,1,E09000001,London
NM_99_1,2022,2022,8,Full Time Workers,1,Weekly pay - gross,2,Median,20701,Confidence,London,2.2,1,E09000001,London
NM_99_1,2022,2022,8,Full Time Workers,1,Weekly pay - gross,2,Median,20100,Value,Manchester,652.5,1,E08000003,Manchester
NM_99_1,2022,2022,8,Full Time Workers,1,Weekly pay - gross,2,Median,20701,Confidence,Manchester,2.6,1,E08000003,Manchester
NM_99_1,2022,2022,8,Full Time Workers,1,Weekly pay - gross,2,Median,20100,Value,Milton Keynes,707.4,1,E06000042,Milton Keynes
NM_99_1,2022,2022,8,Full Time Workers,1,Weekly pay - gross,2,Median,20701,Confidence,Milton Keynes,3.5,1,E06000042,Milton Keynes
NM_99_1,2022,2022,8,Full Time Workers,1,Weekly pay - gross,2,Median,20100,Value,Newcastle upon Tyne,610.3,1,E08000021,Newcastle upon Tyne
NM_99_1,2022,2022,8,Full Time Workers,1,Weekly pay - gross,2,Median,20701,Confidence,Newcastle upon Tyne,2.9,1,E08000021,Newcastle upon Tyne
NM_99_1,2022,2022,8,Full Time Workers,1,Weekly pay - gross,2,Median,20100,Value,Newport,608.0,1,W06000022,Newport
NM_99_1,2022,2022,8,Full Time Workers,1,Weekly pay - gross,2,Median,20701,Confidence,Newport,5.7,1,W06000022,Newport
NM_99_1,2022,2022,8,Full Time Workers,1,Weekly pay - gross,2,Median,20100,Value,Norwich,563.7,1,E07000148,Norwich
NM_99_1,2022,2022,8,Full Time Workers,1,Weekly pay - gross,2,Median,20701,Confidence,Norwich,4.3,1,E07000148,Norwich
NM_99_1,2022,2022,8,Full Time Workers,1,Weekly pay - gross,2,Median,20100,Value,Nottingham,557.8,1,E06000018,Nottingham
NM_99_1,2022,2022,8,Full Time Workers,1,Weekly pay - gross,2,Median,20701,Confidence,Nottingham,3.2,1,E06000018,Nottingham
NM_99_1,2022,2022,8,Full Time Workers,1,Weekly pay - gross,2,Median,20100,Value,Oxford,718.1,1,E07000178,Oxford
NM_99_1,2022,2022,8,Full Time Workers,1,Weekly pay - gross,2,Median,20701,Confidence,Oxford,3.5,1,E07000178,Oxford
NM_99_1,2022,2022,8,Full Time Workers,1,Weekly pay - gross,2,Median,20100,Value,Peterborough,570.7,1,E06000031,Peterborough
NM_99_1,2022,2022,8,Full Time Workers,1,Weekly pay - gross,2,Median,20701,Confidence,Peterborough,4.6,1,E06000031,Peterborough
NM_99_1,2022,2022,8,Full Time Workers,1,Weekly pay - gross,2,Median,20100,Value,Plymouth,593.0,1,E06000026,Plymouth
NM_99_1,2022,2022,8,Full Time Workers,1,Weekly pay - gross,2,Median,20701,Confidence,Plymouth,3.7,1,E06000026,Plymouth
NM_99_1,2022,2022,8,Full Time Workers,1,Weekly pay - gross,2,Median,20100,Value,Portsmouth,635.3,1,E06000044,Portsmouth
NM_99_1,2022,2022,8,Full Time Workers,1,Weekly pay - gross,2,Median,20701,Confidence,Portsmouth,4.0,1,E06000044,Portsmouth
NM_99_1,2022,2022,8,Full Time Workers,1,Weekly pay - gross,2,Median,20100,Value,Preston,589.6,1,E07000123,Preston
NM_99_1,2022,2022,8,Full Time Workers,1,Weekly pay - gross,2,Median,20701,Confidence,Preston,5.1,1,E07000123,Preston
NM_99_1,2022,2022,8,Full Time Workers,1,Weekly pay - gross,2,Median,20100,Value,Salford,619.8,1,E08000006,Salford
NM_99_1,2022,2022,8,Full Time Workers,1,Weekly pay - gross,2,Median,20701,Confidence,Salford,3.5,1,E08000006,Salford
NM_99_1,2022,2022,8,Full Time Workers,1,Weekly pay - gross,2,Median,20100,Value,Salisbury,610.8,1,E06000054,Salisbury
NM_99_1,2022,2022,8,Full Time Workers,1,Weekly pay - gross,2,Median,20701,Confidence,Salisbury,3.2,1,E06000054,Salisbury
NM_99_1,2022,2022,8,Full Time Workers,1,Weekly pay - gross,2,Median,20100,Value,Sheffield,574.9,1,E08000019,Sheffield
NM_99_1,2022,2022,8,Full Time Workers,1,Weekly pay - gross,2,Median,20701,Confidence,Sheffield,3.0,1,E08000019,Sheffield
NM_99_1,2022,2022,8,Full Time Workers,1,Weekly pay - gross,2,Median,20100,Value,Southampton,679.2,1,E06000045,Southampton
NM_99_1,2022,2022,8,Full Time Workers,1,Weekly pay - gross,2,Median,20701,Confidence,Southampton,3.9,1,E06000045,Southampton
NM_99_1,2022,2022,8,Full Time Workers,1,Weekly pay - gross,2,Median,20100,Value,Southend-on-Sea,591.8,1,E06000033,Southend-on-Sea
NM_99_1,2022,2022,8,Full Time Workers,1,Weekly pay - gross,2,Median,20701,Confidence,Southend-on-Sea,6.8,1,E06000033,Southend-on-Sea
NM_99_1,2022,2022,8,Full Time Workers,1,Weekly pay - gross,2,Median,20100,Value,St Albans,616.1,1,E07000240,St Albans
NM_99_1,2022,2022,8,Full Time Workers,1,Weekly pay - gross,2,Median,20701,Confidence,St Albans,6.9,1,E07000240,St Albans
NM_99_1,2022,2022,8,Full Time Workers,1,Weekly pay - gross,2,Median,20100,Value,St Asaph,543.3,1,W06000004,St Asaph
NM_99_1,2022,2022,8,Full Time Workers,1,Weekly pay - gross,2,Median,20701,Confidence,St Asaph,5.3,1,W06000004,St Asaph
NM_99_1,2022,2022,8,Full Time Workers,1,Weekly pay - gross,2,Median,20100,Value,St Davids,612.0,1,W06000009,St Davids
NM_99_1,2022,2022,8,Full Time Workers,1,Weekly pay - gross,2,Median,20701,Confidence,St Davids,9.9,1,W06000009,St Davids
NM_99_1,2022,2022,8,Full Time Workers,1,Weekly pay - gross,2,Median,20100,Value,Stirling,659.9,1,S12000030,Stirling
NM_99_1,2022,2022,8,Full Time Workers,1,Weekly pay - gross,2,Median,20701,Confidence,Stirling,5.2,1,S12000030,Stirling
NM_99_1,2022,2022,8,Full Time Workers,1,Weekly pay - gross,2,Median,20100,Value,Stoke on Trent,574.5,1,E06000021,Stoke on Trent
NM_99_1,2022,2022,8,Full Time Workers,1,Weekly pay - gross,2,Median,20701,Confidence,Stoke on Trent,3.7,1,E06000021,Stoke on Trent
NM_99_1,2022,2022,8,Full Time Workers,1,Weekly pay - gross,2,Median,20100,Value,Sunderland,541.0,1,E08000024,Sunderland
NM_99_1,2022,2022,8,Full Time Workers,1,Weekly pay - gross,2,Median,20701,Confidence,Sunderland,3.7,1,E08000024,Sunderland
NM_99_1,2022,2022,8,Full Time Workers,1,Weekly pay - gross,2,Median,20100,Value,Swansea,581.9,1,W06000011,Swansea
NM_99_1,2022,2022,8,Full Time Workers,1,Weekly pay - gross,2,Median,20701,Confidence,Swansea,2.7,1,W06000011,Swansea
NM_99_1,2022,2022,8,Full Time Workers,1,Weekly pay - gross,2,Median,20100,Value,Truro,565.5,1,E06000052,Truro
NM_99_1,2022,2022,8,Full Time Workers,1,Weekly pay - gross,2,Median,20701,Confidence,Truro,3.1,1,E06000052,Truro
NM_99_1,2022,2022,8,Full Time Workers,1,Weekly pay - gross,2,Median,20100,Value,Wakefield,605.0,1,E08000036,Wakefield
NM_99_1,2022,2022,8,Full Time Workers,1,Weekly pay - gross,2,Median,20701,Confidence,Wakefield,4.1,1,E08000036,Wakefield
NM_99_1,2022,2022,8,Full Time Workers,1,Weekly pay - gross,2,Median,20100,Value,Westminster,862.4,1,E09000033,Westminster
NM_99_1,2022,2022,8,Full Time Workers,1,Weekly pay - gross,2,Median,20701,Confidence,Westminster,2.6,1,E09000033,Westminster
NM_99_1,2022,2022,8,Full Time Workers,1,Weekly pay - gross,2,Median,20100,Value,Winchester,670.8,1,E07000094,Winchester
NM_99_1,2022,2022,8,Full Time Workers,1,Weekly pay - gross,2,Median,20701,Confidence,Winchester,4.6,1,E07000094,Winchester
NM_99_1,2022,2022,8,Full Time Workers,1,Weekly pay - gross,2,Median,20100,Value,Wolverhampton,589.6,1,E08000031,Wolverhampton
NM_99_1,2022,2022,8,Full Time Workers,1,Weekly pay - gross,2,Median,20701,Confidence,Wolverhampton,3.2,1,E08000031,Wolverhampton
NM_99_1,2022,2022,8,Full Time Workers,1,Weekly pay - gross,2,Median,20100,Value,Worcester,680.1,1,E07000237,Worcester
NM_99_1,2022,2022,8,Full Time Workers,1,Weekly pay - gross,2,Median,20701,Confidence,Worcester,9.1,1,E07000237,Worcester
NM_99_1,2022,2022,8,Full Time Workers,1,Weekly pay - gross,2,Median,20100,Value,Wrexham,613.7,1,W06000006,Wrexham
NM_99_1,2022,2022,8,Full Time Workers,1,Weekly pay - gross,2,Median,20701,Confidence,Wrexham,5.4,1,W06000006,Wrexham
NM_99_1,2022,2022,8,Full Time Workers,1,Weekly pay - gross,2,Median,20100,Value,York,622.2,1,E06000014,York
NM_99_1,2022,2022,8,Full Time Workers,1,Weekly pay - gross,2,Median,20701,Confidence,York,5.7,1,E06000014,York
