nomis_dataset,DATE,DATE_NAME,DATE_CODE,DATE_TYPE,DATE_TYPECODE,DATE_SORTORDER,GEOGRAPHY,GEOGRAPHY_NAME,GEOGRAPHY_CODE,GEOGRAPHY_TYPE,GEOGRAPHY_TYPECODE,GEOGRAPHY_SORTORDER,SEX,SEX_NAME,SEX_CODE,SEX_TYPE,SEX_TYPECODE,SEX_SORTORDER,PAY,PAY_NAME,PAY_CODE,PAY_TYPE,PAY_TYPECODE,PAY_SORTORDER,ITEM,ITEM_NAME,ITEM_CODE,ITEM_TYPE,ITEM_TYPECODE,ITEM_SORTORDER,MEASURES,MEASURES_NAME,OBS_VALUE,OBS_STATUS,OBS_STATUS_NAME,OBS_CONF,OBS_CONF_NAME,URN,RECORD_OFFSET,RECORD_COUNT
NM_99_1,1997,1997,1997,date,0,0,2013265921,North East,E12000001,regions,480,0,8,Full Time Workers,8,sex,0,0,1,Weekly pay - gross,1,item,0,0,2,Median,2,item,0,0,20100,Value,299.4,A,Normal Value,F,Free (free for publication),Nm-99d1d31952e0d2013265921d8d1d2d20100,0,120
NM_99_1,1997,1997,1997,date,0,0,2013265921,North East,E12000001,regions,480,0,8,Full Time Workers,8,sex,0,0,1,Weekly pay - gross,1,item,0,0,2,Median,2,item,0,0,20701,Confidence,1.5,A,Normal Value,F,Free (free for publication),Nm-99d1d31952e0d2013265921d8d1d2d20701,1,120
NM_99_1,1997,1997,1997,date,0,0,2013265922,North West,E12000002,regions,480,1,8,Full Time Workers,8,sex,0,0,1,Weekly pay - gross,1,item,0,0,2,Median,2,item,0,0,20100,Value,308.7,A,Normal Value,F,Free (free for publication),Nm-99d1d31952e0d2013265922d8d1d2d20100,2,120
NM_99_1,1997,1997,1997,date,0,0,2013265922,North West,E12000002,regions,480,1,8,Full Time Workers,8,sex,0,0,1,Weekly pay - gross,1,item,0,0,2,Median,2,item,0,0,20701,Confidence,0.9,A,Normal Value,F,Free (free for publication),Nm-99d1d31952e0d2013265922d8d1d2d20701,3,120
NM_99_1,1997,1997,1997,date,0,0,2013265923,Yorkshire and The Humber,E12000003,regions,480,2,8,Full Time Workers,8,sex,0,0,1,Weekly pay - gross,1,item,0,0,2,Median,2,item,0,0,20100,Value,297.8,A,Normal Value,F,Free (free for publication),Nm-99d1d31952e0d2013265923d8d1d2d20100,4,120
NM_99_1,1997,1997,1997,date,0,0,2013265923,Yorkshire and The Humber,E12000003,regions,480,2,8,Full Time Workers,8,sex,0,0,1,Weekly pay - gross,1,item,0,0,2,Median,2,item,0,0,20701,Confidence,1.1,A,Normal Value,F,Free (free for publication),Nm-99d1d31952e0d2013265923d8d1d2d20701,5,120
NM_99_1,1997,1997,1997,date,0,0,2013265924,East Midlands,E12000004,regions,480,3,8,Full Time Workers,8,sex,0,0,1,Weekly pay - gross,1,item,0,0,2,Median,2,item,0,0,20100,Value,302.3,A,Normal Value,F,Free (free for publication),Nm-99d1d31952e0d2013265924d8d1d2d20100,6,120
NM_99_1,1997,1997,1997,date,0,0,2013265924,East Midlands,E12000004,regions,480,3,8,Full Time Workers,8,sex,0,0,1,Weekly pay - gross,1,item,0,0,2,Median,2,item,0,0,20701,Confidence,1.1,A,Normal Value,F,Free (free for publication),Nm-99d1d31952e0d2013265924d8d1d2d20701,7,120
NM_99_1,1997,1997,1997,date,0,0,2013265925,West Midlands,E12000005,regions,480,4,8,Full Time Workers,8,sex,0,0,1,Weekly pay - gross,1,item,0,0,2,Median,2,item,0,0,20100,Value,304.3,A,Normal Value,F,Free (free for publication),Nm-99d1d31952e0d2013265925d8d1d2d20100,8,120
NM_99_1,1997,1997,1997,date,0,0,2013265925,West Midlands,E12000005,regions,480,4,8,Full Time Workers,8,sex,0,0,1,Weekly pay - gross,1,item,0,0,2,Median,2,item,0,0,20701,Confidence,0.8,A,Normal Value,F,Free (free for publication),Nm-99d1d31952e0d2013265925d8d1d2d20701,9,120
NM_99_1,1997,1997,1997,date,0,0,2013265926,East,E12000006,regions,480,5,8,Full Time Workers,8,sex,0,0,1,Weekly pay - gross,1,item,0,0,2,Median,2,item,0,0,20100,Value,323.1,A,Normal Value,F,Free (free for publication),Nm-99d1d31952e0d2013265926d8d1d2d20100,10,120
NM_99_1,1997,1997,1997,date,0,0,2013265926,East,E12000006,regions,480,5,8,Full Time Workers,8,sex,0,0,1,Weekly pay - gross,1,item,0,0,2,Median,2,item,0,0,20701,Confidence,1.1,A,Normal Value,F,Free (free for publication),Nm-99d1d31952e0d2013265926d8d1d2d20701,11,120
NM_99_1,1997,1997,1997,date,0,0,2013265927,London,E12000007,regions,480,6,8,Full Time Workers,8,sex,0,0,1,Weekly pay - gross,1,item,0,0,2,Median,2,item,0,0,20100,Value,400.0,A,Normal Value,F,Free (free for publication),Nm-99d1d31952e0d2013265927d8d1d2d20100,12,120
NM_99_1,1997,1997,1997,date,0,0,2013265927,London,E12000007,regions,480,6,8,Full Time Workers,8,sex,0,0,1,Weekly pay - gross,1,item,0,0,2,Median,2,item,0,0,20701,Confidence,0.6,A,Normal Value,F,Free (free for publication),Nm-99d1d31952e0d2013265927d8d1d2d20701,13,120
NM_99_1,1997,1997,1997,date,0,0,2013265928,South East,E12000008,regions,480,7,8,Full Time Workers,8,sex,0,0,1,Weekly pay - gross,1,item,0,0,2,Median,2,item,0,0,20100,Value,333.0,A,Normal Value,F,Free (free for publication),Nm-99d1d31952e0d2013265928d8d1d2d20100,14,120
NM_99_1,1997,1997,1997,date,0,0,2013265928,South East,E12000008,regions,480,7,8,Full Time Workers,8,sex,0,0,1,Weekly pay - gross,1,item,0,0,2,Median,2,item,0,0,20701,Confidence,0.8,A,Normal Value,F,Free (free for publication),Nm-99d1d31952e0d2013265928d8d1d2d20701,15,120
NM_99_1,1997,1997,1997,date,0,0,2013265929,South West,E12000009,regions,480,8,8,Full Time Workers,8,sex,0,0,1,Weekly pay - gross,1,item,0,0,2,Median,2,item,0,0,20100,Value,303.6,A,Normal Value,F,Free (free for publication),Nm-99d1d31952e0d2013265929d8d1d2d20100,16,120
NM_99_1,1997,1997,1997,date,0,0,2013265929,South West,E12000009,regions,480,8,8,Full Time Workers,8,sex,0,0,1,Weekly pay - gross,1,item,0,0,2,Median,2,item,0,0,20701,Confidence,1.0,A,Normal Value,F,Free (free for publication),Nm-99d1d31952e0d2013265929d8d1d2d20701,17,120
NM_99_1,1997,1997,1997,date,0,0,2013265930,Wales,W92000004,regions,480,9,8,Full Time Workers,8,sex,0,0,1,Weekly pay - gross,1,item,0,0,2,Median,2,item,0,0,20100,Value,300.5,A,Normal Value,F,Free (free for publication),Nm-99d1d31952e0d2013265930d8d1d2d20100,18,120
NM_99_1,1997,1997,1997,date,0,0,2013265930,Wales,W92000004,regions,480,9,8,Full Time Workers,8,sex,0,0,1,Weekly pay - gross,1,item,0,0,2,Median,2,item,0,0,20701,Confidence,1.5,A,Normal Value,F,Free (free for publication),Nm-99d1d31952e0d2013265930d8d1d2d20701,19,120
NM_99_1,1997,1997,1997,date,0,0,2013265931,Scotland,S92000003,regions,480,10,8,Full Time Workers,8,sex,0,0,1,Weekly pay - gross,1,item,0,0,2,Median,2,item,0,0,20100,Value,301.3,A,Normal Value,F,Free (free for publication),Nm-99d1d31952e0d2013265931d8d1d2d20100,20,120
NM_99_1,1997,1997,1997,date,0,0,2013265931,Scotland,S92000003,regions,480,10,8,Full Time Workers,8,sex,0,0,1,Weekly pay - gross,1,item,0,0,2,Median,2,item,0,0,20701,Confidence,1.0,A,Normal Value,F,Free (free for publication),Nm-99d1d31952e0d2013265931d8d1d2d20701,21,120
NM_99_1,1997,1997,1997,date,0,0,2013265932,Northern Ireland,N92000002,regions,480,11,8,Full Time Workers,8,sex,0,0,1,Weekly pay - gross,1,item,0,0,2,Median,2,item,0,0,20100,Value,286.7,A,Normal Value,F,Free (free for publication),Nm-99d1d31952e0d2013265932d8d1d2d20100,22,120
NM_99_1,1997,1997,1997,date,0,0,2013265932,Northern Ireland,N92000002,regions,480,11,8,Full Time Workers,8,sex,0,0,1,Weekly pay - gross,1,item,0,0,2,Median,2,item,0,0,20701,Confidence,2.0,A,Normal Value,F,Free (free for publication),Nm-99d1d31952e0d2013265932d8d1d2d20701,23,120
NM_99_1,1998,1998,1998,date,0,1,2013265921,North East,E12000001,regions,480,0,8,Full Time Workers,8,sex,0,0,1,Weekly pay - gross,1,item,0,0,2,Median,2,item,0,0,20100,Value,302.4,A,Normal Value,F,Free (free for publication),Nm-99d1d31968e0d2013265921d8d1d2d20100,24,120
NM_99_1,1998,1998,1998,date,0,1,2013265921,North East,E12000001,regions,480,0,8,Full Time Workers,8,sex,0,0,1,Weekly pay - gross,1,item,0,0,2,Median,2,item,0,0,20701,Confidence,1.6,A,Normal Value,F,Free (free for publication),Nm-99d1d31968e0d2013265921d8d1d2d20701,25,120
NM_99_1,1998,1998,1998,date,0,1,2013265922,North West,E12000002,regions,480,1,8,Full Time Workers,8,sex,0,0,1,Weekly pay - gross,1,item,0,0,2,Median,2,item,0,0,20100,Value,317.9,A,Normal Value,F,Free (free for publication),Nm-99d1d31968e0d2013265922d8d1d2d20100,26,120
NM_99_1,1998,1998,1998,date,0,1,2013265922,North West,E12000002,regions,480,1,8,Full Time Workers,8,sex,0,0,1,Weekly pay - gross,1,item,0,0,2,Median,2,item,0,0,20701,Confidence,0.9,A,Normal Value,F,Free (free for publication),Nm-99d1d31968e0d2013265922d8d1d2d20701,27,120
NM_99_1,1998,1998,1998,date,0,1,2013265923,Yorkshire and The Humber,E12000003,regions,480,2,8,Full Time Workers,8,sex,0,0,1,Weekly pay - gross,1,item,0,0,2,Median,2,item,0,0,20100,Value,313.7,A,Normal Value,F,Free (free for publication),Nm-99d1d31968e0d2013265923d8d1d2d20100,28,120
NM_99_1,1998,1998,1998,date,0,1,2013265923,Yorkshire and The Humber,E12000003,regions,480,2,8,Full Time Workers,8,sex,0,0,1,Weekly pay - gross,1,item,0,0,2,Median,2,item,0,0,20701,Confidence,1.1,A,Normal Value,F,Free (free for publication),Nm-99d1d31968e0d2013265923d8d1d2d20701,29,120
NM_99_1,1998,1998,1998,date,0,1,2013265924,East Midlands,E12000004,regions,480,3,8,Full Time Workers,8,sex,0,0,1,Weekly pay - gross,1,item,0,0,2,Median,2,item,0,0,20100,Value,312.0,A,Normal Value,F,Free (free for publication),Nm-99d1d31968e0d2013265924d8d1d2d20100,30,120
NM_99_1,1998,1998,1998,date,0,1,2013265924,East Midlands,E12000004,regions,480,3,8,Full Time Workers,8,sex,0,0,1,Weekly pay - gross,1,item,0,0,2,Median,2,item,0,0,20701,Confidence,1.0,A,Normal Value,F,Free (free for publication),Nm-99d1d31968e0d2013265924d8d1d2d20701,31,120
NM_99_1,1998,1998,1998,date,0,1,2013265925,West Midlands,E12000005,regions,480,4,8,Full Time Workers,8,sex,0,0,1,Weekly pay - gross,1,item,0,0,2,Median,2,item,0,0,20100,Value,320.4,A,Normal Value,F,Free (free for publication),Nm-99d1d31968e0d2013265925d8d1d2d20100,32,120
NM_99_1,1998,1998,1998,date,0,1,2013265925,West Midlands,E12000005,regions,480,4,8,Full Time Workers,8,sex,0,0,1,Weekly pay - gross,1,item,0,0,2,Median,2,item,0,0,20701,Confidence,0.9,A,Normal Value,F,Free (free for publication),Nm-99d1d31968e0d2013265925d8d1d2d20701,33,120
NM_99_1,1998,1998,1998,date,0,1,2013265926,East,E12000006,regions,480,5,8,Full Time Workers,8,sex,0,0,1,Weekly pay - gross,1,item,0,0,2,Median,2,item,0,0,20100,Value,337.0,A,Normal Value,F,Free (free for publication),Nm-99d1d31968e0d2013265926d8d1d2d20100,34,120
NM_99_1,1998,1998,1998,date,0,1,2013265926,East,E12000006,regions,480,5,8,Full Time Workers,8,sex,0,0,1,Weekly pay - gross,1,item,0,0,2,Median,2,item,0,0,20701,Confidence,1.1,A,Normal Value,F,Free (free for publication),Nm-99d1d31968e0d2013265926d8d1d2d20701,35,120
NM_99_1,1998,1998,1998,date,0,1,2013265927,London,E12000007,regions,480,6,8,Full Time Workers,8,sex,0,0,1,Weekly pay - gross,1,item,0,0,2,Median,2,item,0,0,20100,Value,419.0,A,Normal Value,F,Free (free for publication),Nm-99d1d31968e0d2013265927d8d1d2d20100,36,120
NM_99_1,1998,1998,1998,date,0,1,2013265927,London,E12000007,regions,480,6,8,Full Time Workers,8,sex,0,0,1,Weekly pay - gross,1,item,0,0,2,Median,2,item,0,0,20701,Confidence,0.6,A,Normal Value,F,Free (free for publication),Nm-99d1d31968e0d2013265927d8d1d2d20701,37,120
NM_99_1,1998,1998,1998,date,0,1,2013265928,South East,E12000008,regions,480,7,8,Full Time Workers,8,sex,0,0,1,Weekly pay - gross,1,item,0,0,2,Median,2,item,0,0,20100,Value,350.3,A,Normal Value,F,Free (free for publication),Nm-99d1d31968e0d2013265928d8d1d2d20100,38,120
NM_99_1,1998,1998,1998,date,0,1,2013265928,South East,E12000008,regions,480,7,8,Full Time Workers,8,sex,0,0,1,Weekly pay - gross,1,item,0,0,2,Median,2,item,0,0,20701,Confidence,0.8,A,Normal Value,F,Free (free for publication),Nm-99d1d31968e0d2013265928d8d1d2d20701,39,120
NM_99_1,1998,1998,1998,date,0,1,2013265929,South West,E12000009,regions,480,8,8,Full Time Workers,8,sex,0,0,1,Weekly pay - gross,1,item,0,0,2,Median,2,item,0,0,20100,Value,314.8,A,Normal Value,F,Free (free for publication),Nm-99d1d31968e0d2013265929d8d1d2d20100,40,120
NM_99_1,1998,1998,1998,date,0,1,2013265929,South West,E12000009,regions,480,8,8,Full Time Workers,8,sex,0,0,1,Weekly pay - gross,1,item,0,0,2,Median,2,item,0,0,20701,Confidence,1.0,A,Normal Value,F,Free (free for publication),Nm-99d1d31968e0d2013265929d8d1d2d20701,41,120
NM_99_1,1998,1998,1998,date,0,1,2013265930,Wales,W92000004,regions,480,9,8,Full Time Workers,8,sex,0,0,1,Weekly pay - gross,1,item,0,0,2,Median,2,item,0,0,20100,Value,308.9,A,Normal Value,F,Free (free for publication),Nm-99d1d31968e0d2013265930d8d1d2d20100,42,120
NM_99_1,1998,1998,1998,date,0,1,2013265930,Wales,W92000004,regions,480,9,8,Full Time Workers,8,sex,0,0,1,Weekly pay - gross,1,item,0,0,2,Median,2,item,0,0,20701,Confidence,1.5,A,Normal Value,F,Free (free for publication),Nm-99d1d31968e0d2013265930d8d1d2d20701,43,120
NM_99_1,1998,1998,1998,date,0,1,2013265931,Scotland,S92000003,regions,480,10,8,Full Time Workers,8,sex,0,0,1,Weekly pay - gross,1,item,0,0,2,Median,2,item,0,0,20100,Value,313.8,A,Normal Value,F,Free (free for publication),Nm-99d1d31968e0d2013265931d8d1d2d20100,44,120
NM_99_1,1998,1998,1998,date,0,1,2013265931,Scotland,S92000003,regions,480,10,8,Full Time Workers,8,sex,0,0,1,Weekly pay - gross,1,item,0,0,2,Median,2,item,0,0,20701,Confidence,1.1,A,Normal Value,F,Free (free for publication),Nm-99d1d31968e0d2013265931d8d1d2d20701,45,120
NM_99_1,1998,1998,1998,date,0,1,2013265932,Northern Ireland,N92000002,regions,480,11,8,Full Time Workers,8,sex,0,0,1,Weekly pay - gross,1,item,0,0,2,Median,2,item,0,0,20100,Value,298.1,A,Normal Value,F,Free (free for publication),Nm-99d1d31968e0d2013265932d8d1d2d20100,46,120
NM_99_1,1998,1998,1998,date,0,1,2013265932,Northern Ireland,N92000002,regions,480,11,8,Full Time Workers,8,sex,0,0,1,Weekly pay - gross,1,item,0,0,2,Median,2,item,0,0,20701,Confidence,1.8,A,Normal Value,F,Free (free for publication),Nm-99d1d31968e0d2013265932d8d1d2d20701,47,120
NM_99_1,1999,1999,1999,date,0,2,2013265921,North East,E12000001,regions,480,0,8,Full Time Workers,8,sex,0,0,1,Weekly pay - gross,1,item,0,0,2,Median,2,item,0,0,20100,Value,314.0,A,Normal Value,F,Free (free for publication),Nm-99d1d31984e0d2013265921d8d1d2d20100,48,120
NM_99_1,1999,1999,1999,date,0,2,2013265921,North East,E12000001,regions,480,0,8,Full Time Workers,8,sex,0,0,1,Weekly pay - gross,1,item,0,0,2,Median,2,item,0,0,20701,Confidence,1.6,A,Normal Value,F,Free (free for publication),Nm-99d1d31984e0d2013265921d8d1d2d20701,49,120
NM_99_1,1999,1999,1999,date,0,2,2013265922,North West,E12000002,regions,480,1,8,Full Time Workers,8,sex,0,0,1,Weekly pay - gross,1,item,0,0,2,Median,2,item,0,0,20100,Value,327.9,A,Normal Value,F,Free (free for publication),Nm-99d1d31984e0d2013265922d8d1d2d20100,50,120
NM_99_1,1999,1999,1999,date,0,2,2013265922,North West,E12000002,regions,480,1,8,Full Time Workers,8,sex,0,0,1,Weekly pay - gross,1,item,0,0,2,Median,2,item,0,0,20701,Confidence,0.8,A,Normal Value,F,Free (free for publication),Nm-99d1d31984e0d2013265922d8d1d2d20701,51,120
NM_99_1,1999,1999,1999,date,0,2,2013265923,Yorkshire and The Humber,E12000003,regions,480,2,8,Full Time Workers,8,sex,0,0,1,Weekly pay - gross,1,item,0,0,2,Median,2,item,0,0,20100,Value,320.8,A,Normal Value,F,Free (free for publication),Nm-99d1d31984e0d2013265923d8d1d2d20100,52,120
NM_99_1,1999,1999,1999,date,0,2,2013265923,Yorkshire and The Humber,E12000003,regions,480,2,8,Full Time Workers,8,sex,0,0,1,Weekly pay - gross,1,item,0,0,2,Median,2,item,0,0,20701,Confidence,1.1,A,Normal Value,F,Free (free for publication),Nm-99d1d31984e0d2013265923d8d1d2d20701,53,120
NM_99_1,1999,1999,1999,date,0,2,2013265924,East Midlands,E12000004,regions,480,3,8,Full Time Workers,8,sex,0,0,1,Weekly pay - gross,1,item,0,0,2,Median,2,item,0,0,20100,Value,323.8,A,Normal Value,F,Free (free for publication),Nm-99d1d31984e0d2013265924d8d1d2d20100,54,120
NM_99_1,1999,1999,1999,date,0,2,2013265924,East Midlands,E12000004,regions,480,3,8,Full Time Workers,8,sex,0,0,1,Weekly pay - gross,1,item,0,0,2,Median,2,item,0,0,20701,Confidence,1.1,A,Normal Value,F,Free (free for publication),Nm-99d1d31984e0d2013265924d8d1d2d20701,55,120
NM_99_1,1999,1999,1999,date,0,2,2013265925,West Midlands,E12000005,regions,480,4,8,Full Time Workers,8,sex,0,0,1,Weekly pay - gross,1,item,0,0,2,Median,2,item,0,0,20100,Value,329.9,A,Normal Value,F,Free (free for publication),Nm-99d1d31984e0d2013265925d8d1d2d20100,56,120
NM_99_1,1999,1999,1999,date,0,2,2013265925,West Midlands,E12000005,regions,480,4,8,Full Time Workers,8,sex,0,0,1,Weekly pay - gross,1,item,0,0,2,Median,2,item,0,0,20701,Confidence,0.8,A,Normal Value,F,Free (free for publication),Nm-99d1d31984e0d2013265925d8d1d2d20701,57,120
NM_99_1,1999,1999,1999,date,0,2,2013265926,East,E12000006,regions,480,5,8,Full Time Workers,8,sex,0,0,1,Weekly pay - gross,1,item,0,0,2,Median,2,item,0,0,20100,Value,348.3,A,Normal Value,F,Free (free for publication),Nm-99d1d31984e0d2013265926d8d1d2d20100,58,120
NM_99_1,1999,1999,1999,date,0,2,2013265926,East,E12000006,regions,480,5,8,Full Time Workers,8,sex,0,0,1,Weekly pay - gross,1,item,0,0,2,Median,2,item,0,0,20701,Confidence,1.0,A,Normal Value,F,Free (free for publication),Nm-99d1d31984e0d2013265926d8d1d2d20701,59,120
NM_99_1,1999,1999,1999,date,0,2,2013265927,London,E12000007,regions,480,6,8,Full Time Workers,8,sex,0,0,1,Weekly pay - gross,1,item,0,0,2,Median,2,item,0,0,20100,Value,433.0,A,Normal Value,F,Free (free for publication),Nm-99d1d31984e0d2013265927d8d1d2d20100,60,120
NM_99_1,1999,1999,1999,date,0,2,2013265927,London,E12000007,regions,480,6,8,Full Time Workers,8,sex,0,0,1,Weekly pay - gross,1,item,0,0,2,Median,2,item,0,0,20701,Confidence,0.8,A,Normal Value,F,Free (free for publication),Nm-99d1d31984e0d2013265927d8d1d2d20701,61,120
NM_99_1,1999,1999,1999,date,0,2,2013265928,South East,E12000008,regions,480,7,8,Full Time Workers,8,sex,0,0,1,Weekly pay - gross,1,item,0,0,2,Median,2,item,0,0,20100,Value,360.8,A,Normal Value,F,Free (free for publication),Nm-99d1d31984e0d2013265928d8d1d2d20100,62,120
NM_99_1,1999,1999,1999,date,0,2,2013265928,South East,E12000008,regions,480,7,8,Full Time Workers,8,sex,0,0,1,Weekly pay - gross,1,item,0,0,2,Median,2,item,0,0,20701,Confidence,0.8,A,Normal Value,F,Free (free for publication),Nm-99d1d31984e0d2013265928d8d1d2d20701,63,120
NM_99_1,1999,1999,1999,date,0,2,2013265929,South West,E12000009,regions,480,8,8,Full Time Workers,8,sex,0,0,1,Weekly pay - gross,1,item,0,0,2,Median,2,item,0,0,20100,Value,323.9,A,Normal Value,F,Free (free for publication),Nm-99d1d31984e0d2013265929d8d1d2d20100,64,120
NM_99_1,1999,1999,1999,date,0,2,2013265929,South West,E12000009,regions,480,8,8,Full Time Workers,8,sex,0,0,1,Weekly pay - gross,1,item,0,0,2,Median,2,item,0,0,20701,Confidence,1.0,A,Normal Value,F,Free (free for publication),Nm-99d1d31984e0d2013265929d8d1d2d20701,65,120
NM_99_1,1999,1999,1999,date,0,2,2013265930,Wales,W92000004,regions,480,9,8,Full Time Workers,8,sex,0,0,1,Weekly pay - gross,1,item,0,0,2,Median,2,item,0,0,20100,Value,316.8,A,Normal Value,F,Free (free for publication),Nm-99d1d31984e0d2013265930d8d1d2d20100,66,120
NM_99_1,1999,1999,1999,date,0,2,2013265930,Wales,W92000004,regions,480,9,8,Full Time Workers,8,sex,0,0,1,Weekly pay - gross,1,item,0,0,2,Median,2,item,0,0,20701,Confidence,1.4,A,Normal Value,F,Free (free for publication),Nm-99d1d31984e0d2013265930d8d1d2d20701,67,120
NM_99_1,1999,1999,1999,date,0,2,2013265931,Scotland,S92000003,regions,480,10,8,Full Time Workers,8,sex,0,0,1,Weekly pay - gross,1,item,0,0,2,Median,2,item,0,0,20100,Value,329.0,A,Normal Value,F,Free (free for publication),Nm-99d1d31984e0d2013265931d8d1d2d20100,68,120
NM_99_1,1999,1999,1999,date,0,2,2013265931,Scotland,S92000003,regions,480,10,8,Full Time Workers,8,sex,0,0,1,Weekly pay - gross,1,item,0,0,2,Median,2,item,0,0,20701,Confidence,0.9,A,Normal Value,F,Free (free for publication),Nm-99d1d31984e0d2013265931d8d1d2d20701,69,120
NM_99_1,1999,1999,1999,date,0,2,2013265932,Northern Ireland,N92000002,regions,480,11,8,Full Time Workers,8,sex,0,0,1,Weekly pay - gross,1,item,0,0,2,Median,2,item,0,0,20100,Value,310.5,A,Normal Value,F,Free (free for publication),Nm-99d1d31984e0d2013265932d8d1d2d20100,70,120
NM_99_1,1999,1999,1999,date,0,2,2013265932,Northern Ireland,N92000002,regions,480,11,8,Full Time Workers,8,sex,0,0,1,Weekly pay - gross,1,item,0,0,2,Median,2,item,0,0,20701,Confidence,2.0,A,Normal Value,F,Free (free for publication),Nm-99d1d31984e0d2013265932d8d1d2d20701,71,120
NM_99_1,2000,2000,2000,date,0,3,2013265921,North East,E12000001,regions,480,0,8,Full Time Workers,8,sex,0,0,1,Weekly pay - gross,1,item,0,0,2,Median,2,item,0,0,20100,Value,329.3,A,Normal Value,F,Free (free for publication),Nm-99d1d32000e0d2013265921d8d1d2d20100,72,120
NM_99_1,2000,2000,2000,date,0,3,2013265921,North East,E12000001,regions,480,0,8,Full Time Workers,8,sex,0,0,1,Weekly pay - gross,1,item,0,0,2,Median,2,item,0,0,20701,Confidence,1.6,A,Normal Value,F,Free (free for publication),Nm-99d1d32000e0d2013265921d8d1d2d20701,73,120
NM_99_1,2000,2000,2000,date,0,3,2013265922,North West,E12000002,regions,480,1,8,Full Time Workers,8,sex,0,0,1,Weekly pay - gross,1,item,0,0,2,Median,2,item,0,0,20100,Value,340.9,A,Normal Value,F,Free (free for publication),Nm-99d1d32000e0d2013265922d8d1d2d20100,74,120
NM_99_1,2000,2000,2000,date,0,3,2013265922,North West,E12000002,regions,480,1,8,Full Time Workers,8,sex,0,0,1,Weekly pay - gross,1,item,0,0,2,Median,2,item,0,0,20701,Confidence,0.8,A,Normal Value,F,Free (free for publication),Nm-99d1d32000e0d2013265922d8d1d2d20701,75,120
NM_99_1,2000,2000,2000,date,0,3,2013265923,Yorkshire and The Humber,E12000003,regions,480,2,8,Full Time Workers,8,sex,0,0,1,Weekly pay - gross,1,item,0,0,2,Median,2,item,0,0,20100,Value,335.0,A,Normal Value,F,Free (free for publication),Nm-99d1d32000e0d2013265923d8d1d2d20100,76,120
NM_99_1,2000,2000,2000,date,0,3,2013265923,Yorkshire and The Humber,E12000003,regions,480,2,8,Full Time Workers,8,sex,0,0,1,Weekly pay - gross,1,item,0,0,2,Median,2,item,0,0,20701,Confidence,1.2,A,Normal Value,F,Free (free for publication),Nm-99d1d32000e0d2013265923d8d1d2d20701,77,120
NM_99_1,2000,2000,2000,date,0,3,2013265924,East Midlands,E12000004,regions,480,3,8,Full Time Workers,8,sex,0,0,1,Weekly pay - gross,1,item,0,0,2,Median,2,item,0,0,20100,Value,330.8,A,Normal Value,F,Free (free for publication),Nm-99d1d32000e0d2013265924d8d1d2d20100,78,120
NM_99_1,2000,2000,2000,date,0,3,2013265924,East Midlands,E12000004,regions,480,3,8,Full Time Workers,8,sex,0,0,1,Weekly pay - gross,1,item,0,0,2,Median,2,item,0,0,20701,Confidence,0.9,A,Normal Value,F,Free (free for publication),Nm-99d1d32000e0d2013265924d8d1d2d20701,79,120
NM_99_1,2000,2000,2000,date,0,3,2013265925,West Midlands,E12000005,regions,480,4,8,Full Time Workers,8,sex,0,0,1,Weekly pay - gross,1,item,0,0,2,Median,2,item,0,0,20100,Value,340.9,A,Normal Value,F,Free (free for publication),Nm-99d1d32000e0d2013265925d8d1d2d20100,80,120
NM_99_1,2000,2000,2000,date,0,3,2013265925,West Midlands,E12000005,regions,480,4,8,Full Time Workers,8,sex,0,0,1,Weekly pay - gross,1,item,0,0,2,Median,2,item,0,0,20701,Confidence,0.9,A,Normal Value,F,Free (free for publication),Nm-99d1d32000e0d2013265925d8d1d2d20701,81,120
NM_99_1,2000,2000,2000,date,0,3,2013265926,East,E12000006,regions,480,5,8,Full Time Workers,8,sex,0,0,1,Weekly pay - gross,1,item,0,0,2,Median,2,item,0,0,20100,Value,358.1,A,Normal Value,F,Free (free for publication),Nm-99d1d32000e0d2013265926d8d1d2d20100,82,120
NM_99_1,2000,2000,2000,date,0,3,2013265926,East,E12000006,regions,480,5,8,Full Time Workers,8,sex,0,0,1,Weekly pay - gross,1,item,0,0,2,Median,2,item,0,0,20701,Confidence,1.0,A,Normal Value,F,Free (free for publication),Nm-99d1d32000e0d2013265926d8d1d2d20701,83,120
NM_99_1,2000,2000,2000,date,0,3,2013265927,London,E12000007,regions,480,6,8,Full Time Workers,8,sex,0,0,1,Weekly pay - gross,1,item,0,0,2,Median,2,item,0,0,20100,Value,460.0,A,Normal Value,F,Free (free for publication),Nm-99d1d32000e0d2013265927d8d1d2d20100,84,120
NM_99_1,2000,2000,2000,date,0,3,2013265927,London,E12000007,regions,480,6,8,Full Time Workers,8,sex,0,0,1,Weekly pay - gross,1,item,0,0,2,Median,2,item,0,0,20701,Confidence,0.6,A,Normal Value,F,Free (free for publication),Nm-99d1d32000e0d2013265927d8d1d2d20701,85,120
NM_99_1,2000,2000,2000,date,0,3,2013265928,South East,E12000008,regions,480,7,8,Full Time Workers,8,sex,0,0,1,Weekly pay - gross,1,item,0,0,2,Median,2,item,0,0,20100,Value,377.3,A,Normal Value,F,Free (free for publication),Nm-99d1d32000e0d2013265928d8d1d2d20100,86,120
NM_99_1,2000,2000,2000,date,0,3,2013265928,South East,E12000008,regions,480,7,8,Full Time Workers,8,sex,0,0,1,Weekly pay - gross,1,item,0,0,2,Median,2,item,0,0,20701,Confidence,0.9,A,Normal Value,F,Free (free for publication),Nm-99d1d32000e0d2013265928d8d1d2d20701,87,120
NM_99_1,2000,2000,2000,date,0,3,2013265929,South West,E12000009,regions,480,8,8,Full Time Workers,8,sex,0,0,1,Weekly pay - gross,1,item,0,0,2,Median,2,item,0,0,20100,Value,336.0,A,Normal Value,F,Free (free for publication),Nm-99d1d32000e0d2013265929d8d1d2d20100,88,120
NM_99_1,2000,2000,2000,date,0,3,2013265929,South West,E12000009,regions,480,8,8,Full Time Workers,8,sex,0,0,1,Weekly pay - gross,1,item,0,0,2,Median,2,item,0,0,20701,Confidence,1.1,A,Normal Value,F,Free (free for publication),Nm-99d1d32000e0d2013265929d8d1d2d20701,89,120
NM_99_1,2000,2000,2000,date,0,3,2013265930,Wales,W92000004,regions,480,9,8,Full Time Workers,8,sex,0,0,1,Weekly pay - gross,1,item,0,0,2,Median,2,item,0,0,20100,Value,327.5,A,Normal Value,F,Free (free for publication),Nm-99d1d32000e0d2013265930d8d1d2d20100,90,120
NM_99_1,2000,2000,2000,date,0,3,2013265930,Wales,W92000004,regions,480,9,8,Full Time Workers,8,sex,0,0,1,Weekly pay - gross,1,item,0,0,2,Median,2,item,0,0,20701,Confidence,1.4,A,Normal Value,F,Free (free for publication),Nm-99d1d32000e0d2013265930d8d1d2d20701,91,120
NM_99_1,2000,2000,2000,date,0,3,2013265931,Scotland,S92000003,regions,480,10,8,Full Time Workers,8,sex,0,0,1,Weekly pay - gross,1,item,0,0,2,Median,2,item,0,0,20100,Value,338.4,A,Normal Value,F,Free (free for publication),Nm-99d1d32000e0d2013265931d8d1d2d20100,92,120
NM_99_1,2000,2000,2000,date,0,3,2013265931,Scotland,S92000003,regions,480,10,8,Full Time Workers,8,sex,0,0,1,Weekly pay - gross,1,item,0,0,2,Median,2,item,0,0,20701,Confidence,1.1,A,Normal Value,F,Free (free for publication),Nm-99d1d32000e0d2013265931d8d1d2d20701,93,120
NM_99_1,2000,2000,2000,date,0,3,2013265932,Northern Ireland,N92000002,regions,480,11,8,Full Time Workers,8,sex,0,0,1,Weekly pay - gross,1,item,0,0,2,Median,2,item,0,0,20100,Value,320.2,A,Normal Value,F,Free (free for publication),Nm-99d1d32000e0d2013265932d8d1d2d20100,94,120
NM_99_1,2000,2000,2000,date,0,3,2013265932,Northern Ireland,N92000002,regions,480,11,8,Full Time Workers,8,sex,0,0,1,Weekly pay - gross,1,item,0,0,2,Median,2,item,0,0,20701,Confidence,2.1,A,Normal Value,F,Free (free for publication),Nm-99d1d32000e0d2013265932d8d1d2d20701,95,120
NM_99_1,2001,2001,2001,date,0,4,2013265921,North East,E12000001,regions,480,0,8,Full Time Workers,8,sex,0,0,1,Weekly pay - gross,1,item,0,0,2,Median,2,item,0,0,20100,Value,333.7,A,Normal Value,F,Free (free for publication),Nm-99d1d32016e0d2013265921d8d1d2d20100,96,120
NM_99_1,2001,2001,2001,date,0,4,2013265921,North East,E12000001,regions,480,0,8,Full Time Workers,8,sex,0,0,1,Weekly pay - gross,1,item,0,0,2,Median,2,item,0,0,20701,Confidence,1.6,A,Normal Value,F,Free (free for publication),Nm-99d1d32016e0d2013265921d8d1d2d20701,97,120
NM_99_1,2001,2001,2001,date,0,4,2013265922,North West,E12000002,regions,480,1,8,Full Time Workers,8,sex,0,0,1,Weekly pay - gross,1,item,0,0,2,Median,2,item,0,0,20100,Value,354.2,A,Normal Value,F,Free (free for publication),Nm-99d1d32016e0d2013265922d8d1d2d20100,98,120
NM_99_1,2001,2001,2001,date,0,4,2013265922,North West,E12000002,regions,480,1,8,Full Time Workers,8,sex,0,0,1,Weekly pay - gross,1,item,0,0,2,Median,2,item,0,0,20701,Confidence,0.9,A,Normal Value,F,Free (free for publication),Nm-99d1d32016e0d2013265922d8d1d2d20701,99,120
NM_99_1,2001,2001,2001,date,0,4,2013265923,Yorkshire and The Humber,E12000003,regions,480,2,8,Full Time Workers,8,sex,0,0,1,Weekly pay - gross,1,item,0,0,2,Median,2,item,0,0,20100,Value,345.5,A,Normal Value,F,Free (free for publication),Nm-99d1d32016e0d2013265923d8d1d2d20100,100,120
NM_99_1,2001,2001,2001,date,0,4,2013265923,Yorkshire and The Humber,E12000003,regions,480,2,8,Full Time Workers,8,sex,0,0,1,Weekly pay - gross,1,item,0,0,2,Median,2,item,0,0,20701,Confidence,1.0,A,Normal Value,F,Free (free for publication),Nm-99d1d32016e0d2013265923d8d1d2d20701,101,120
NM_99_1,2001,2001,2001,date,0,4,2013265924,East Midlands,E12000004,regions,480,3,8,Full Time Workers,8,sex,0,0,1,Weekly pay - gross,1,item,0,0,2,Median,2,item,0,0,20100,Value,346.6,A,Normal Value,F,Free (free for publication),Nm-99d1d32016e0d2013265924d8d1d2d20100,102,120
NM_99_1,2001,2001,2001,date,0,4,2013265924,East Midlands,E12000004,regions,480,3,8,Full Time Workers,8,sex,0,0,1,Weekly pay - gross,1,item,0,0,2,Median,2,item,0,0,20701,Confidence,1.0,A,Normal Value,F,Free (free for publication),Nm-99d1d32016e0d2013265924d8d1d2d20701,103,120
NM_99_1,2001,2001,2001,date,0,4,2013265925,West Midlands,E12000005,regions,480,4,8,Full Time Workers,8,sex,0,0,1,Weekly pay - gross,1,item,0,0,2,Median,2,item,0,0,20100,Value,357.9,A,Normal Value,F,Free (free for publication),Nm-99d1d32016e0d2013265925d8d1d2d20100,104,120
NM_99_1,2001,2001,2001,date,0,4,2013265925,West Midlands,E12000005,regions,480,4,8,Full Time Workers,8,sex,0,0,1,Weekly pay - gross,1,item,0,0,2,Median,2,item,0,0,20701,Confidence,0.9,A,Normal Value,F,Free (free for publication),Nm-99d1d32016e0d2013265925d8d1d2d20701,105,120
NM_99_1,2001,2001,2001,date,0,4,2013265926,East,E12000006,regions,480,5,8,Full Time Workers,8,sex,0,0,1,Weekly pay - gross,1,item,0,0,2,Median,2,item,0,0,20100,Value,379.1,A,Normal Value,F,Free (free for publication),Nm-99d1d32016e0d2013265926d8d1d2d20100,106,120
NM_99_1,2001,2001,2001,date,0,4,2013265926,East,E12000006,regions,480,5,8,Full Time Workers,8,sex,0,0,1,Weekly pay - gross,1,item,0,0,2,Median,2,item,0,0,20701,Confidence,1.0,A,Normal Value,F,Free (free for publication),Nm-99d1d32016e0d2013265926d8d1d2d20701,107,120
NM_99_1,2001,2001,2001,date,0,4,2013265927,London,E12000007,regions,480,6,8,Full Time Workers,8,sex,0,0,1,Weekly pay - gross,1,item,0,0,2,Median,2,item,0,0,20100,Value,479.9,A,Normal Value,F,Free (free for publication),Nm-99d1d32016e0d2013265927d8d1d2d20100,108,120
NM_99_1,2001,2001,2001,date,0,4,2013265927,London,E12000007,regions,480,6,8,Full Time Workers,8,sex,0,0,1,Weekly pay - gross,1,item,0,0,2,Median,2,item,0,0,20701,Confidence,0.6,A,Normal Value,F,Free (free for publication),Nm-99d1d32016e0d2013265927d8d1d2d20701,109,120
NM_99_1,2001,2001,2001,date,0,4,2013265928,South East,E12000008,regions,480,7,8,Full Time Workers,8,sex,0,0,1,Weekly pay - gross,1,item,0,0,2,Median,2,item,0,0,20100,Value,398.3,A,Normal Value,F,Free (free for publication),Nm-99d1d32016e0d2013265928d8d1d2d20100,110,120
NM_99_1,2001,2001,2001,date,0,4,2013265928,South East,E12000008,regions,480,7,8,Full Time Workers,8,sex,0,0,1,Weekly pay - gross,1,item,0,0,2,Median,2,item,0,0,20701,Confidence,0.7,A,Normal Value,F,Free (free for publication),Nm-99d1d32016e0d2013265928d8d1d2d20701,111,120
NM_99_1,2001,2001,2001,date,0,4,2013265929,South West,E12000009,regions,480,8,8,Full Time Workers,8,sex,0,0,1,Weekly pay - gross,1,item,0,0,2,Median,2,item,0,0,20100,Value,352.3,A,Normal Value,F,Free (free for publication),Nm-99d1d32016e0d2013265929d8d1d2d20100,112,120
NM_99_1,2001,2001,2001,date,0,4,2013265929,South West,E12000009,regions,480,8,8,Full Time Workers,8,sex,0,0,1,Weekly pay - gross,1,item,0,0,2,Median,2,item,0,0,20701,Confidence,1.1,A,Normal Value,F,Free (free for publication),Nm-99d1d32016e0d2013265929d8d1d2d20701,113,120
NM_99_1,2001,2001,2001,date,0,4,2013265930,Wales,W92000004,regions,480,9,8,Full Time Workers,8,sex,0,0,1,Weekly pay - gross,1,item,0,0,2,Median,2,item,0,0,20100,Value,341.3,A,Normal Value,F,Free (free for publication),Nm-99d1d32016e0d2013265930d8d1d2d20100,114,120
NM_99_1,2001,2001,2001,date,0,4,2013265930,Wales,W92000004,regions,480,9,8,Full Time Workers,8,sex,0,0,1,Weekly pay - gross,1,item,0,0,2,Median,2,item,0,0,20701,Confidence,1.4,A,Normal Value,F,Free (free for publication),Nm-99d1d32016e0d2013265930d8d1d2d20701,115,120
NM_99_1,2001,2001,2001,date,0,4,2013265931,Scotland,S92000003,regions,480,10,8,Full Time Workers,8,sex,0,0,1,Weekly pay - gross,1,item,0,0,2,Median,2,item,0,0,20100,Value,355.1,A,Normal Value,F,Free (free for publication),Nm-99d1d32016e0d2013265931d8d1d2d20100,116,120
NM_99_1,2001,2001,2001,date,0,4,2013265931,Scotland,S92000003,regions,480,10,8,Full Time Workers,8,sex,0,0,1,Weekly pay - gross,1,item,0,0,2,Median,2,item,0,0,20701,Confidence,1.1,A,Normal Value,F,Free (free for publication),Nm-99d1d32016e0d2013265931d8d1d2d20701,117,120
NM_99_1,2001,2001,2001,date,0,4,2013265932,Northern Ireland,N92000002,regions,480,11,8,Full Time Workers,8,sex,0,0,1,Weekly pay - gross,1,item,0,0,2,Median,2,item,0,0,20100,Value,330.5,A,Normal Value,F,Free (free for publication),Nm-99d1d32016e0d2013265932d8d1d2d20100,118,120
NM_99_1,2001,2001,2001,date,0,4,2013265932,Northern Ireland,N92000002,regions,480,11,8,Full Time Workers,8,sex,0,0,1,Weekly pay - gross,1,item,0,0,2,Median,2,item,0,0,20701,Confidence,2.1,A,Normal Value,F,Free (free for publication),Nm-99d1d32016e0d2013265932d8d1d2d20701,119,120
NM_99_1,2002,2002,2002,date,0,0,2013265921,North East,E12000001,regions,480,0,8,Full Time Workers,8,sex,0,0,1,Weekly pay - gross,1,item,0,0,2,Median,2,item,0,0,20100,Value,344.8,A,Normal Value,F,Free (free for publication),Nm-99d1d32032e0d2013265921d8d1d2d20100,0,120
NM_99_1,2002,2002,2002,date,0,0,2013265921,North East,E12000001,regions,480,0,8,Full Time Workers,8,sex,0,0,1,Weekly pay - gross,1,item,0,0,2,Median,2,item,0,0,20701,Confidence,1.5,A,Normal Value,F,Free (free for publication),Nm-99d1d32032e0d2013265921d8d1d2d20701,1,120
NM_99_1,2002,2002,2002,date,0,0,2013265922,North West,E12000002,regions,480,1,8,Full Time Workers,8,sex,0,0,1,Weekly pay - gross,1,item,0,0,2,Median,2,item,0,0,20100,Value,368.5,A,Normal Value,F,Free (free for publication),Nm-99d1d32032e0d2013265922d8d1d2d20100,2,120
NM_99_1,2002,2002,2002,date,0,0,2013265922,North West,E12000002,regions,480,1,8,Full Time Workers,8,sex,0,0,1,Weekly pay - gross,1,item,0,0,2,Median,2,item,0,0,20701,Confidence,0.9,A,Normal Value,F,Free (free for publication),Nm-99d1d32032e0d2013265922d8d1d2d20701,3,120
NM_99_1,2002,2002,2002,date,0,0,2013265923,Yorkshire and The Humber,E12000003,regions,480,2,8,Full Time Workers,8,sex,0,0,1,Weekly pay - gross,1,item,0,0,2,Median,2,item,0,0,20100,Value,360.0,A,Normal Value,F,Free (free for publication),Nm-99d1d32032e0d2013265923d8d1d2d20100,4,120
NM_99_1,2002,2002,2002,date,0,0,2013265923,Yorkshire and The Humber,E12000003,regions,480,2,8,Full Time Workers,8,sex,0,0,1,Weekly pay - gross,1,item,0,0,2,Median,2,item,0,0,20701,Confidence,0.8,A,Normal Value,F,Free (free for publication),Nm-99d1d32032e0d2013265923d8d1d2d20701,5,120
NM_99_1,2002,2002,2002,date,0,0,2013265924,East Midlands,E12000004,regions,480,3,8,Full Time Workers,8,sex,0,0,1,Weekly pay - gross,1,item,0,0,2,Median,2,item,0,0,20100,Value,362.3,A,Normal Value,F,Free (free for publication),Nm-99d1d32032e0d2013265924d8d1d2d20100,6,120
NM_99_1,2002,2002,2002,date,0,0,2013265924,East Midlands,E12000004,regions,480,3,8,Full Time Workers,8,sex,0,0,1,Weekly pay - gross,1,item,0,0,2,Median,2,item,0,0,20701,Confidence,0.9,A,Normal Value,F,Free (free for publication),Nm-99d1d32032e0d2013265924d8d1d2d20701,7,120
NM_99_1,2002,2002,2002,date,0,0,2013265925,West Midlands,E12000005,regions,480,4,8,Full Time Workers,8,sex,0,0,1,Weekly pay - gross,1,item,0,0,2,Median,2,item,0,0,20100,Value,366.6,A,Normal Value,F,Free (free for publication),Nm-99d1d32032e0d2013265925d8d1d2d20100,8,120
NM_99_1,2002,2002,2002,date,0,0,2013265925,West Midlands,E12000005,regions,480,4,8,Full Time Workers,8,sex,0,0,1,Weekly pay - gross,1,item,0,0,2,Median,2,item,0,0,20701,Confidence,1.0,A,Normal Value,F,Free (free for publication),Nm-99d1d32032e0d2013265925d8d1d2d20701,9,120
NM_99_1,2002,2002,2002,date,0,0,2013265926,East,E12000006,regions,480,5,8,Full Time Workers,8,sex,0,0,1,Weekly pay - gross,1,item,0,0,2,Median,2,item,0,0,20100,Value,392.6,A,Normal Value,F,Free (free for publication),Nm-99d1d32032e0d2013265926d8d1d2d20100,10,120
NM_99_1,2002,2002,2002,date,0,0,2013265926,East,E12000006,regions,480,5,8,Full Time Workers,8,sex,0,0,1,Weekly pay - gross,1,item,0,0,2,Median,2,item,0,0,20701,Confidence,1.1,A,Normal Value,F,Free (free for publication),Nm-99d1d32032e0d2013265926d8d1d2d20701,11,120
NM_99_1,2002,2002,2002,date,0,0,2013265927,London,E12000007,regions,480,6,8,Full Time Workers,8,sex,0,0,1,Weekly pay - gross,1,item,0,0,2,Median,2,item,0,0,20100,Value,501.1,A,Normal Value,F,Free (free for publication),Nm-99d1d32032e0d2013265927d8d1d2d20100,12,120
NM_99_1,2002,2002,2002,date,0,0,2013265927,London,E12000007,regions,480,6,8,Full Time Workers,8,sex,0,0,1,Weekly pay - gross,1,item,0,0,2,Median,2,item,0,0,20701,Confidence,0.6,A,Normal Value,F,Free (free for publication),Nm-99d1d32032e0d2013265927d8d1d2d20701,13,120
NM_99_1,2002,2002,2002,date,0,0,2013265928,South East,E12000008,regions,480,7,8,Full Time Workers,8,sex,0,0,1,Weekly pay - gross,1,item,0,0,2,Median,2,item,0,0,20100,Value,419.9,A,Normal Value,F,Free (free for publication),Nm-99d1d32032e0d2013265928d8d1d2d20100,14,120
NM_99_1,2002,2002,2002,date,0,0,2013265928,South East,E12000008,regions,480,7,8,Full Time Workers,8,sex,0,0,1,Weekly pay - gross,1,item,0,0,2,Median,2,item,0,0,20701,Confidence,0.8,A,Normal Value,F,Free (free for publication),Nm-99d1d32032e0d2013265928d8d1d2d20701,15,120
NM_99_1,2002,2002,2002,date,0,0,2013265929,South West,E12000009,regions,480,8,8,Full Time Workers,8,sex,0,0,1,Weekly pay - gross,1,item,0,0,2,Median,2,item,0,0,20100,Value,364.9,A,Normal Value,F,Free (free for publication),Nm-99d1d32032e0d2013265929d8d1d2d20100,16,120
NM_99_1,2002,2002,2002,date,0,0,2013265929,South West,E12000009,regions,480,8,8,Full Time Workers,8,sex,0,0,1,Weekly pay - gross,1,item,0,0,2,Median,2,item,0,0,20701,Confidence,1.1,A,Normal Value,F,Free (free for publication),Nm-99d1d32032e0d2013265929d8d1d2d20701,17,120
NM_99_1,2002,2002,2002,date,0,0,2013265930,Wales,W92000004,regions,480,9,8,Full Time Workers,8,sex,0,0,1,Weekly pay - gross,1,item,0,0,2,Median,2,item,0,0,20100,Value,349.4,A,Normal Value,F,Free (free for publication),Nm-99d1d32032e0d2013265930d8d1d2d20100,18,120
NM_99_1,2002,2002,2002,date,0,0,2013265930,Wales,W92000004,regions,480,9,8,Full Time Workers,8,sex,0,0,1,Weekly pay - gross,1,item,0,0,2,Median,2,item,0,0,20701,Confidence,1.4,A,Normal Value,F,Free (free for publication),Nm-99d1d32032e0d2013265930d8d1d2d20701,19,120
NM_99_1,2002,2002,2002,date,0,0,2013265931,Scotland,S92000003,regions,480,10,8,Full Time Workers,8,sex,0,0,1,Weekly pay - gross,1,item,0,0,2,Median,2,item,0,0,20100,Value,371.7,A,Normal Value,F,Free (free for publication),Nm-99d1d32032e0d2013265931d8d1d2d20100,20,120
NM_99_1,2002,2002,2002,date,0,0,2013265931,Scotland,S92000003,regions,480,10,8,Full Time Workers,8,sex,0,0,1,Weekly pay - gross,1,item,0,0,2,Median,2,item,0,0,20701,Confidence,1.1,A,Normal Value,F,Free (free for publication),Nm-99d1d32032e0d2013265931d8d1d2d20701,21,120
NM_99_1,2002,2002,2002,date,0,0,2013265932,Northern Ireland,N92000002,regions,480,11,8,Full Time Workers,8,sex,0,0,1,Weekly pay - gross,1,item,0,0,2,Median,2,item,0,0,20100,Value,342.0,A,Normal Value,F,Free (free for publication),Nm-99d1d32032e0d2013265932d8d1d2d20100,22,120
NM_99_1,2002,2002,2002,date,0,0,2013265932,Northern Ireland,N92000002,regions,480,11,8,Full Time Workers,8,sex,0,0,1,Weekly pay - gross,1,item,0,0,2,Median,2,item,0,0,20701,Confidence,1.9,A,Normal Value,F,Free (free for publication),Nm-99d1d32032e0d2013265932d8d1d2d20701,23,120
NM_99_1,2003,2003,2003,date,0,1,2013265921,North East,E12000001,regions,480,0,8,Full Time Workers,8,sex,0,0,1,Weekly pay - gross,1,item,0,0,2,Median,2,item,0,0,20100,Value,348.4,A,Normal Value,F,Free (free for publication),Nm-99d1d32048e0d2013265921d8d1d2d20100,24,120
NM_99_1,2003,2003,2003,date,0,1,2013265921,North East,E12000001,regions,480,0,8,Full Time Workers,8,sex,0,0,1,Weekly pay - gross,1,item,0,0,2,Median,2,item,0,0,20701,Confidence,1.3,A,Normal Value,F,Free (free for publication),Nm-99d1d32048e0d2013265921d8d1d2d20701,25,120
NM_99_1,2003,2003,2003,date,0,1,2013265922,North West,E12000002,regions,480,1,8,Full Time Workers,8,sex,0,0,1,Weekly pay - gross,1,item,0,0,2,Median,2,item,0,0,20100,Value,379.7,A,Normal Value,F,Free (free for publication),Nm-99d1d32048e0d2013265922d8d1d2d20100,26,120
NM_99_1,2003,2003,2003,date,0,1,2013265922,North West,E12000002,regions,480,1,8,Full Time Workers,8,sex,0,0,1,Weekly pay - gross,1,item,0,0,2,Median,2,item,0,0,20701,Confidence,0.9,A,Normal Value,F,Free (free for publication),Nm-99d1d32048e0d2013265922d8d1d2d20701,27,120
NM_99_1,2003,2003,2003,date,0,1,2013265923,Yorkshire and The Humber,E12000003,regions,480,2,8,Full Time Workers,8,sex,0,0,1,Weekly pay - gross,1,item,0,0,2,Median,2,item,0,0,20100,Value,375.6,A,Normal Value,F,Free (free for publication),Nm-99d1d32048e0d2013265923d8d1d2d20100,28,120
NM_99_1,2003,2003,2003,date,0,1,2013265923,Yorkshire and The Humber,E12000003,regions,480,2,8,Full Time Workers,8,sex,0,0,1,Weekly pay - gross,1,item,0,0,2,Median,2,item,0,0,20701,Confidence,1.0,A,Normal Value,F,Free (free for publication),Nm-99d1d32048e0d2013265923d8d1d2d20701,29,120
NM_99_1,2003,2003,2003,date,0,1,2013265924,East Midlands,E12000004,regions,480,3,8,Full Time Workers,8,sex,0,0,1,Weekly pay - gross,1,item,0,0,2,Median,2,item,0,0,20100,Value,379.6,A,Normal Value,F,Free (free for publication),Nm-99d1d32048e0d2013265924d8d1d2d20100,30,120
NM_99_1,2003,2003,2003,date,0,1,2013265924,East Midlands,E12000004,regions,480,3,8,Full Time Workers,8,sex,0,0,1,Weekly pay - gross,1,item,0,0,2,Median,2,item,0,0,20701,Confidence,1.2,A,Normal Value,F,Free (free for publication),Nm-99d1d32048e0d2013265924d8d1d2d20701,31,120
NM_99_1,2003,2003,2003,date,0,1,2013265925,West Midlands,E12000005,regions,480,4,8,Full Time Workers,8,sex,0,0,1,Weekly pay - gross,1,item,0,0,2,Median,2,item,0,0,20100,Value,378.0,A,Normal Value,F,Free (free for publication),Nm-99d1d32048e0d2013265925d8d1d2d20100,32,120
NM_99_1,2003,2003,2003,date,0,1,2013265925,West Midlands,E12000005,regions,480,4,8,Full Time Workers,8,sex,0,0,1,Weekly pay - gross,1,item,0,0,2,Median,2,item,0,0,20701,Confidence,0.9,A,Normal Value,F,Free (free for publication),Nm-99d1d32048e0d2013265925d8d1d2d20701,33,120
NM_99_1,2003,2003,2003,date,0,1,2013265926,East,E12000006,regions,480,5,8,Full Time Workers,8,sex,0,0,1,Weekly pay - gross,1,item,0,0,2,Median,2,item,0,0,20100,Value,407.6,A,Normal Value,F,Free (free for publication),Nm-99d1d32048e0d2013265926d8d1d2d20100,34,120
NM_99_1,2003,2003,2003,date,0,1,2013265926,East,E12000006,regions,480,5,8,Full Time Workers,8,sex,0,0,1,Weekly pay - gross,1,item,0,0,2,Median,2,item,0,0,20701,Confidence,1.0,A,Normal Value,F,Free (free for publication),Nm-99d1d32048e0d2013265926d8d1d2d20701,35,120
NM_99_1,2003,2003,2003,date,0,1,2013265927,London,E12000007,regions,480,6,8,Full Time Workers,8,sex,0,0,1,Weekly pay - gross,1,item,0,0,2,Median,2,item,0,0,20100,Value,521.4,A,Normal Value,F,Free (free for publication),Nm-99d1d32048e0d2013265927d8d1d2d20100,36,120
NM_99_1,2003,2003,2003,date,0,1,2013265927,London,E12000007,regions,480,6,8,Full Time Workers,8,sex,0,0,1,Weekly pay - gross,1,item,0,0,2,Median,2,item,0,0,20701,Confidence,0.6,A,Normal Value,F,Free (free for publication),Nm-99d1d32048e0d2013265927d8d1d2d20701,37,120
NM_99_1,2003,2003,2003,date,0,1,2013265928,South East,E12000008,regions,480,7,8,Full Time Workers,8,sex,0,0,1,Weekly pay - gross,1,item,0,0,2,Median,2,item,0,0,20100,Value,434.8,A,Normal Value,F,Free (free for publication),Nm-99d1d32048e0d2013265928d8d1d2d20100,38,120
NM_99_1,2003,2003,2003,date,0,1,2013265928,South East,E12000008,regions,480,7,8,Full Time Workers,8,sex,0,0,1,Weekly pay - gross,1,item,0,0,2,Median,2,item,0,0,20701,Confidence,0.8,A,Normal Value,F,Free (free for publication),Nm-99d1d32048e0d2013265928d8d1d2d20701,39,120
NM_99_1,2003,2003,2003,date,0,1,2013265929,South West,E12000009,regions,480,8,8,Full Time Workers,8,sex,0,0,1,Weekly pay - gross,1,item,0,0,2,Median,2,item,0,0,20100,Value,382.0,A,Normal Value,F,Free (free for publication),Nm-99d1d32048e0d2013265929d8d1d2d20100,40,120
NM_99_1,2003,2003,2003,date,0,1,2013265929,South West,E12000009,regions,480,8,8,Full Time Workers,8,sex,0,0,1,Weekly pay - gross,1,item,0,0,2,Median,2,item,0,0,20701,Confidence,1.0,A,Normal Value,F,Free (free for publication),Nm-99d1d32048e0d2013265929d8d1d2d20701,41,120
NM_99_1,2003,2003,2003,date,0,1,2013265930,Wales,W92000004,regions,480,9,8,Full Time Workers,8,sex,0,0,1,Weekly pay - gross,1,item,0,0,2,Median,2,item,0,0,20100,Value,363.6,A,Normal Value,F,Free (free for publication),Nm-99d1d32048e0d2013265930d8d1d2d20100,42,120
NM_99_1,2003,2003,2003,date,0,1,2013265930,Wales,W92000004,regions,480,9,8,Full Time Workers,8,sex,0,0,1,Weekly pay - gross,1,item,0,0,2,Median,2,item,0,0,20701,Confidence,1.6,A,Normal Value,F,Free (free for publication),Nm-99d1d32048e0d2013265930d8d1d2d20701,43,120
NM_99_1,2003,2003,2003,date,0,1,2013265931,Scotland,S92000003,regions,480,10,8,Full Time Workers,8,sex,0,0,1,Weekly pay - gross,1,item,0,0,2,Median,2,item,0,0,20100,Value,381.3,A,Normal Value,F,Free (free for publication),Nm-99d1d32048e0d2013265931d8d1d2d20100,44,120
NM_99_1,2003,2003,2003,date,0,1,2013265931,Scotland,S92000003,regions,480,10,8,Full Time Workers,8,sex,0,0,1,Weekly pay - gross,1,item,0,0,2,Median,2,item,0,0,20701,Confidence,1.0,A,Normal Value,F,Free (free for publication),Nm-99d1d32048e0d2013265931d8d1d2d20701,45,120
NM_99_1,2003,2003,2003,date,0,1,2013265932,Northern Ireland,N92000002,regions,480,11,8,Full Time Workers,8,sex,0,0,1,Weekly pay - gross,1,item,0,0,2,Median,2,item,0,0,20100,Value,352.0,A,Normal Value,F,Free (free for publication),Nm-99d1d32048e0d2013265932d8d1d2d20100,46,120
NM_99_1,2003,2003,2003,date,0,1,2013265932,Northern Ireland,N92000002,regions,480,11,8,Full Time Workers,8,sex,0,0,1,Weekly pay - gross,1,item,0,0,2,Median,2,item,0,0,20701,Confidence,1.9,A,Normal Value,F,Free (free for publication),Nm-99d1d32048e0d2013265932d8d1d2d20701,47,120
NM_99_1,2004,2004,2004,date,0,2,2013265921,North East,E12000001,regions,480,0,8,Full Time Workers,8,sex,0,0,1,Weekly pay - gross,1,item,0,0,2,Median,2,item,0,0,20100,Value,370.2,A,Normal Value,F,Free (free for publication),Nm-99d1d32064e1d2013265921d8d1d2d20100,48,120
NM_99_1,2004,2004,2004,date,0,2,2013265921,North East,E12000001,regions,480,0,8,Full Time Workers,8,sex,0,0,1,Weekly pay - gross,1,item,0,0,2,Median,2,item,0,0,20701,Confidence,1.5,A,Normal Value,F,Free (free for publication),Nm-99d1d32064e1d2013265921d8d1d2d20701,49,120
NM_99_1,2004,2004,2004,date,0,2,2013265922,North West,E12000002,regions,480,1,8,Full Time Workers,8,sex,0,0,1,Weekly pay - gross,1,item,0,0,2,Median,2,item,0,0,20100,Value,394.1,A,Normal Value,F,Free (free for publication),Nm-99d1d32064e1d2013265922d8d1d2d20100,50,120
NM_99_1,2004,2004,2004,date,0,2,2013265922,North West,E12000002,regions,480,1,8,Full Time Workers,8,sex,0,0,1,Weekly pay - gross,1,item,0,0,2,Median,2,item,0,0,20701,Confidence,0.9,A,Normal Value,F,Free (free for publication),Nm-99d1d32064e1d2013265922d8d1d2d20701,51,120
NM_99_1,2004,2004,2004,date,0,2,2013265923,Yorkshire and The Humber,E12000003,regions,480,2,8,Full Time Workers,8,sex,0,0,1,Weekly pay - gross,1,item,0,0,2,Median,2,item,0,0,20100,Value,389.4,A,Normal Value,F,Free (free for publication),Nm-99d1d32064e1d2013265923d8d1d2d20100,52,120
NM_99_1,2004,2004,2004,date,0,2,2013265923,Yorkshire and The Humber,E12000003,regions,480,2,8,Full Time Workers,8,sex,0,0,1,Weekly pay - gross,1,item,0,0,2,Median,2,item,0,0,20701,Confidence,1.0,A,Normal Value,F,Free (free for publication),Nm-99d1d32064e1d2013265923d8d1d2d20701,53,120
NM_99_1,2004,2004,2004,date,0,2,2013265924,East Midlands,E12000004,regions,480,3,8,Full Time Workers,8,sex,0,0,1,Weekly pay - gross,1,item,0,0,2,Median,2,item,0,0,20100,Value,383.6,A,Normal Value,F,Free (free for publication),Nm-99d1d32064e1d2013265924d8d1d2d20100,54,120
NM_99_1,2004,2004,2004,date,0,2,2013265924,East Midlands,E12000004,regions,480,3,8,Full Time Workers,8,sex,0,0,1,Weekly pay - gross,1,item,0,0,2,Median,2,item,0,0,20701,Confidence,1.1,A,Normal Value,F,Free (free for publication),Nm-99d1d32064e1d2013265924d8d1d2d20701,55,120
NM_99_1,2004,2004,2004,date,0,2,2013265925,West Midlands,E12000005,regions,480,4,8,Full Time Workers,8,sex,0,0,1,Weekly pay - gross,1,item,0,0,2,Median,2,item,0,0,20100,Value,392.0,A,Normal Value,F,Free (free for publication),Nm-99d1d32064e1d2013265925d8d1d2d20100,56,120
NM_99_1,2004,2004,2004,date,0,2,2013265925,West Midlands,E12000005,regions,480,4,8,Full Time Workers,8,sex,0,0,1,Weekly pay - gross,1,item,0,0,2,Median,2,item,0,0,20701,Confidence,1.0,A,Normal Value,F,Free (free for publication),Nm-99d1d32064e1d2013265925d8d1d2d20701,57,120
NM_99_1,2004,2004,2004,date,0,2,2013265926,East,E12000006,regions,480,5,8,Full Time Workers,8,sex,0,0,1,Weekly pay - gross,1,item,0,0,2,Median,2,item,0,0,20100,Value,419.1,A,Normal Value,F,Free (free for publication),Nm-99d1d32064e1d2013265926d8d1d2d20100,58,120
NM_99_1,2004,2004,2004,date,0,2,2013265926,East,E12000006,regions,480,5,8,Full Time Workers,8,sex,0,0,1,Weekly pay - gross,1,item,0,0,2,Median,2,item,0,0,20701,Confidence,1.1,A,Normal Value,F,Free (free for publication),Nm-99d1d32064e1d2013265926d8d1d2d20701,59,120
NM_99_1,2004,2004,2004,date,0,2,2013265927,London,E12000007,regions,480,6,8,Full Time Workers,8,sex,0,0,1,Weekly pay - gross,1,item,0,0,2,Median,2,item,0,0,20100,Value,537.4,A,Normal Value,F,Free (free for publication),Nm-99d1d32064e1d2013265927d8d1d2d20100,60,120
NM_99_1,2004,2004,2004,date,0,2,2013265927,London,E12000007,regions,480,6,8,Full Time Workers,8,sex,0,0,1,Weekly pay - gross,1,item,0,0,2,Median,2,item,0,0,20701,Confidence,0.6,A,Normal Value,F,Free (free for publication),Nm-99d1d32064e1d2013265927d8d1d2d20701,61,120
NM_99_1,2004,2004,2004,date,0,2,2013265928,South East,E12000008,regions,480,7,8,Full Time Workers,8,sex,0,0,1,Weekly pay - gross,1,item,0,0,2,Median,2,item,0,0,20100,Value,447.2,A,Normal Value,F,Free (free for publication),Nm-99d1d32064e1d2013265928d8d1d2d20100,62,120
NM_99_1,2004,2004,2004,date,0,2,2013265928,South East,E12000008,regions,480,7,8,Full Time Workers,8,sex,0,0,1,Weekly pay - gross,1,item,0,0,2,Median,2,item,0,0,20701,Confidence,0.7,A,Normal Value,F,Free (free for publication),Nm-99d1d32064e1d2013265928d8d1d2d20701,63,120
NM_99_1,2004,2004,2004,date,0,2,2013265929,South West,E12000009,regions,480,8,8,Full Time Workers,8,sex,0,0,1,Weekly pay - gross,1,item,0,0,2,Median,2,item,0,0,20100,Value,392.6,A,Normal Value,F,Free (free for publication),Nm-99d1d32064e1d2013265929d8d1d2d20100,64,120
NM_99_1,2004,2004,2004,date,0,2,2013265929,South West,E12000009,regions,480,8,8,Full Time Workers,8,sex,0,0,1,Weekly pay - gross,1,item,0,0,2,Median,2,item,0,0,20701,Confidence,1.0,A,Normal Value,F,Free (free for publication),Nm-99d1d32064e1d2013265929d8d1d2d20701,65,120
NM_99_1,2004,2004,2004,date,0,2,2013265930,Wales,W92000004,regions,480,9,8,Full Time Workers,8,sex,0,0,1,Weekly pay - gross,1,item,0,0,2,Median,2,item,0,0,20100,Value,381.3,A,Normal Value,F,Free (free for publication),Nm-99d1d32064e1d2013265930d8d1d2d20100,66,120
NM_99_1,2004,2004,2004,date,0,2,2013265930,Wales,W92000004,regions,480,9,8,Full Time Workers,8,sex,0,0,1,Weekly pay - gross,1,item,0,0,2,Median,2,item,0,0,20701,Confidence,1.5,A,Normal Value,F,Free (free for publication),Nm-99d1d32064e1d2013265930d8d1d2d20701,67,120
NM_99_1,2004,2004,2004,date,0,2,2013265931,Scotland,S92000003,regions,480,10,8,Full Time Workers,8,sex,0,0,1,Weekly pay - gross,1,item,0,0,2,Median,2,item,0,0,20100,Value,390.4,A,Normal Value,F,Free (free for publication),Nm-99d1d32064e1d2013265931d8d1d2d20100,68,120
NM_99_1,2004,2004,2004,date,0,2,2013265931,Scotland,S92000003,regions,480,10,8,Full Time Workers,8,sex,0,0,1,Weekly pay - gross,1,item,0,0,2,Median,2,item,0,0,20701,Confidence,1.1,A,Normal Value,F,Free (free for publication),Nm-99d1d32064e1d2013265931d8d1d2d20701,69,120
NM_99_1,2004,2004,2004,date,0,2,2013265932,Northern Ireland,N92000002,regions,480,11,8,Full Time Workers,8,sex,0,0,1,Weekly pay - gross,1,item,0,0,2,Median,2,item,0,0,20100,Value,372.6,A,Normal Value,F,Free (free for publication),Nm-99d1d32064e1d2013265932d8d1d2d20100,70,120
NM_99_1,2004,2004,2004,date,0,2,2013265932,Northern Ireland,N92000002,regions,480,11,8,Full Time Workers,8,sex,0,0,1,Weekly pay - gross,1,item,0,0,2,Median,2,item,0,0,20701,Confidence,2.0,A,Normal Value,F,Free (free for publication),Nm-99d1d32064e1d2013265932d8d1d2d20701,71,120
NM_99_1,2005,2005,2005,date,0,3,2013265921,North East,E12000001,regions,480,0,8,Full Time Workers,8,sex,0,0,1,Weekly pay - gross,1,item,0,0,2,Median,2,item,0,0,20100,Value,383.7,A,Normal Value,F,Free (free for publication),Nm-99d1d32080e1d2013265921d8d1d2d20100,72,120
NM_99_1,2005,2005,2005,date,0,3,2013265921,North East,E12000001,regions,480,0,8,Full Time Workers,8,sex,0,0,1,Weekly pay - gross,1,item,0,0,2,Median,2,item,0,0,20701,Confidence,1.3,A,Normal Value,F,Free (free for publication),Nm-99d1d32080e1d2013265921d8d1d2d20701,73,120
NM_99_1,2005,2005,2005,date,0,3,2013265922,North West,E12000002,regions,480,1,8,Full Time Workers,8,sex,0,0,1,Weekly pay - gross,1,item,0,0,2,Median,2,item,0,0,20100,Value,406.4,A,Normal Value,F,Free (free for publication),Nm-99d1d32080e1d2013265922d8d1d2d20100,74,120
NM_99_1,2005,2005,2005,date,0,3,2013265922,North West,E12000002,regions,480,1,8,Full Time Workers,8,sex,0,0,1,Weekly pay - gross,1,item,0,0,2,Median,2,item,0,0,20701,Confidence,0.9,A,Normal Value,F,Free (free for publication),Nm-99d1d32080e1d2013265922d8d1d2d20701,75,120
NM_99_1,2005,2005,2005,date,0,3,2013265923,Yorkshire and The Humber,E12000003,regions,480,2,8,Full Time Workers,8,sex,0,0,1,Weekly pay - gross,1,item,0,0,2,Median,2,item,0,0,20100,Value,398.8,A,Normal Value,F,Free (free for publication),Nm-99d1d32080e1d2013265923d8d1d2d20100,76,120
NM_99_1,2005,2005,2005,date,0,3,2013265923,Yorkshire and The Humber,E12000003,regions,480,2,8,Full Time Workers,8,sex,0,0,1,Weekly pay - gross,1,item,0,0,2,Median,2,item,0,0,20701,Confidence,0.8,A,Normal Value,F,Free (free for publication),Nm-99d1d32080e1d2013265923d8d1d2d20701,77,120
NM_99_1,2005,2005,2005,date,0,3,2013265924,East Midlands,E12000004,regions,480,3,8,Full Time Workers,8,sex,0,0,1,Weekly pay - gross,1,item,0,0,2,Median,2,item,0,0,20100,Value,405.2,A,Normal Value,F,Free (free for publication),Nm-99d1d32080e1d2013265924d8d1d2d20100,78,120
NM_99_1,2005,2005,2005,date,0,3,2013265924,East Midlands,E12000004,regions,480,3,8,Full Time Workers,8,sex,0,0,1,Weekly pay - gross,1,item,0,0,2,Median,2,item,0,0,20701,Confidence,1.1,A,Normal Value,F,Free (free for publication),Nm-99d1d32080e1d2013265924d8d1d2d20701,79,120
NM_99_1,2005,2005,2005,date,0,3,2013265925,West Midlands,E12000005,regions,480,4,8,Full Time Workers,8,sex,0,0,1,Weekly pay - gross,1,item,0,0,2,Median,2,item,0,0,20100,Value,402.4,A,Normal Value,F,Free (free for publication),Nm-99d1d32080e1d2013265925d8d1d2d20100,80,120
NM_99_1,2005,2005,2005,date,0,3,2013265925,West Midlands,E12000005,regions,480,4,8,Full Time Workers,8,sex,0,0,1,Weekly pay - gross,1,item,0,0,2,Median,2,item,0,0,20701,Confidence,0.9,A,Normal Value,F,Free (free for publication),Nm-99d1d32080e1d2013265925d8d1d2d20701,81,120
NM_99_1,2005,2005,2005,date,0,3,2013265926,East,E12000006,regions,480,5,8,Full Time Workers,8,sex,0,0,1,Weekly pay - gross,1,item,0,0,2,Median,2,item,0,0,20100,Value,427.7,A,Normal Value,F,Free (free for publication),Nm-99d1d32080e1d2013265926d8d1d2d20100,82,120
NM_99_1,2005,2005,2005,date,0,3,2013265926,East,E12000006,regions,480,5,8,Full Time Workers,8,sex,0,0,1,Weekly pay - gross,1,item,0,0,2,Median,2,item,0,0,20701,Confidence,0.9,A,Normal Value,F,Free (free for publication),Nm-99d1d32080e1d2013265926d8d1d2d20701,83,120
NM_99_1,2005,2005,2005,date,0,3,2013265927,London,E12000007,regions,480,6,8,Full Time Workers,8,sex,0,0,1,Weekly pay - gross,1,item,0,0,2,Median,2,item,0,0,20100,Value,555.9,A,Normal Value,F,Free (free for publication),Nm-99d1d32080e1d2013265927d8d1d2d20100,84,120
NM_99_1,2005,2005,2005,date,0,3,2013265927,London,E12000007,regions,480,6,8,Full Time Workers,8,sex,0,0,1,Weekly pay - gross,1,item,0,0,2,Median,2,item,0,0,20701,Confidence,0.8,A,Normal Value,F,Free (free for publication),Nm-99d1d32080e1d2013265927d8d1d2d20701,85,120
NM_99_1,2005,2005,2005,date,0,3,2013265928,South East,E12000008,regions,480,7,8,Full Time Workers,8,sex,0,0,1,Weekly pay - gross,1,item,0,0,2,Median,2,item,0,0,20100,Value,450.4,A,Normal Value,F,Free (free for publication),Nm-99d1d32080e1d2013265928d8d1d2d20100,86,120
NM_99_1,2005,2005,2005,date,0,3,2013265928,South East,E12000008,regions,480,7,8,Full Time Workers,8,sex,0,0,1,Weekly pay - gross,1,item,0,0,2,Median,2,item,0,0,20701,Confidence,0.7,A,Normal Value,F,Free (free for publication),Nm-99d1d32080e1d2013265928d8d1d2d20701,87,120
NM_99_1,2005,2005,2005,date,0,3,2013265929,South West,E12000009,regions,480,8,8,Full Time Workers,8,sex,0,0,1,Weekly pay - gross,1,item,0,0,2,Median,2,item,0,0,20100,Value,400.0,A,Normal Value,F,Free (free for publication),Nm-99d1d32080e1d2013265929d8d1d2d20100,88,120
NM_99_1,2005,2005,2005,date,0,3,2013265929,South West,E12000009,regions,480,8,8,Full Time Workers,8,sex,0,0,1,Weekly pay - gross,1,item,0,0,2,Median,2,item,0,0,20701,Confidence,1.0,A,Normal Value,F,Free (free for publication),Nm-99d1d32080e1d2013265929d8d1d2d20701,89,120
NM_99_1,2005,2005,2005,date,0,3,2013265930,Wales,W92000004,regions,480,9,8,Full Time Workers,8,sex,0,0,1,Weekly pay - gross,1,item,0,0,2,Median,2,item,0,0,20100,Value,389.7,A,Normal Value,F,Free (free for publication),Nm-99d1d32080e1d2013265930d8d1d2d20100,90,120
NM_99_1,2005,2005,2005,date,0,3,2013265930,Wales,W92000004,regions,480,9,8,Full Time Workers,8,sex,0,0,1,Weekly pay - gross,1,item,0,0,2,Median,2,item,0,0,20701,Confidence,1.4,A,Normal Value,F,Free (free for publication),Nm-99d1d32080e1d2013265930d8d1d2d20701,91,120
NM_99_1,2005,2005,2005,date,0,3,2013265931,Scotland,S92000003,regions,480,10,8,Full Time Workers,8,sex,0,0,1,Weekly pay - gross,1,item,0,0,2,Median,2,item,0,0,20100,Value,408.6,A,Normal Value,F,Free (free for publication),Nm-99d1d32080e1d2013265931d8d1d2d20100,92,120
NM_99_1,2005,2005,2005,date,0,3,2013265931,Scotland,S92000003,regions,480,10,8,Full Time Workers,8,sex,0,0,1,Weekly pay - gross,1,item,0,0,2,Median,2,item,0,0,20701,Confidence,1.1,A,Normal Value,F,Free (free for publication),Nm-99d1d32080e1d2013265931d8d1d2d20701,93,120
NM_99_1,2005,2005,2005,date,0,3,2013265932,Northern Ireland,N92000002,regions,480,11,8,Full Time Workers,8,sex,0,0,1,Weekly pay - gross,1,item,0,0,2,Median,2,item,0,0,20100,Value,385.2,A,Normal Value,F,Free (free for publication),Nm-99d1d32080e1d2013265932d8d1d2d20100,94,120
NM_99_1,2005,2005,2005,date,0,3,2013265932,Northern Ireland,N92000002,regions,480,11,8,Full Time Workers,8,sex,0,0,1,Weekly pay - gross,1,item,0,0,2,Median,2,item,0,0,20701,Confidence,1.8,A,Normal Value,F,Free (free for publication),Nm-99d1d32080e1d2013265932d8d1d2d20701,95,120
NM_99_1,2006,2006,2006,date,0,4,2013265921,North East,E12000001,regions,480,0,8,Full Time Workers,8,sex,0,0,1,Weekly pay - gross,1,item,0,0,2,Median,2,item,0,0,20100,Value,394.8,A,Normal Value,F,Free (free for publication),Nm-99d1d32096e1d2013265921d8d1d2d20100,96,120
NM_99_1,2006,2006,2006,date,0,4,2013265921,North East,E12000001,regions,480,0,8,Full Time Workers,8,sex,0,0,1,Weekly pay - gross,1,item,0,0,2,Median,2,item,0,0,20701,Confidence,1.5,A,Normal Value,F,Free (free for publication),Nm-99d1d32096e1d2013265921d8d1d2d20701,97,120
NM_99_1,2006,2006,2006,date,0,4,2013265922,North West,E12000002,regions,480,1,8,Full Time Workers,8,sex,0,0,1,Weekly pay - gross,1,item,0,0,2,Median,2,item,0,0,20100,Value,416.8,A,Normal Value,F,Free (free for publication),Nm-99d1d32096e1d2013265922d8d1d2d20100,98,120
NM_99_1,2006,2006,2006,date,0,4,2013265922,North West,E12000002,regions,480,1,8,Full Time Workers,8,sex,0,0,1,Weekly pay - gross,1,item,0,0,2,Median,2,item,0,0,20701,Confidence,0.9,A,Normal Value,F,Free (free for publication),Nm-99d1d32096e1d2013265922d8d1d2d20701,99,120
NM_99_1,2006,2006,2006,date,0,4,2013265923,Yorkshire and The Humber,E12000003,regions,480,2,8,Full Time Workers,8,sex,0,0,1,Weekly pay - gross,1,item,0,0,2,Median,2,item,0,0,20100,Value,409.0,A,Normal Value,F,Free (free for publication),Nm-99d1d32096e1d2013265923d8d1d2d20100,100,120
NM_99_1,2006,2006,2006,date,0,4,2013265923,Yorkshire and The Humber,E12000003,regions,480,2,8,Full Time Workers,8,sex,0,0,1,Weekly pay - gross,1,item,0,0,2,Median,2,item,0,0,20701,Confidence,0.9,A,Normal Value,F,Free (free for publication),Nm-99d1d32096e1d2013265923d8d1d2d20701,101,120
NM_99_1,2006,2006,2006,date,0,4,2013265924,East Midlands,E12000004,regions,480,3,8,Full Time Workers,8,sex,0,0,1,Weekly pay - gross,1,item,0,0,2,Median,2,item,0,0,20100,Value,419.1,A,Normal Value,F,Free (free for publication),Nm-99d1d32096e1d2013265924d8d1d2d20100,102,120
NM_99_1,2006,2006,2006,date,0,4,2013265924,East Midlands,E12000004,regions,480,3,8,Full Time Workers,8,sex,0,0,1,Weekly pay - gross,1,item,0,0,2,Median,2,item,0,0,20701,Confidence,1.0,A,Normal Value,F,Free (free for publication),Nm-99d1d32096e1d2013265924d8d1d2d20701,103,120
NM_99_1,2006,2006,2006,date,0,4,2013265925,West Midlands,E12000005,regions,480,4,8,Full Time Workers,8,sex,0,0,1,Weekly pay - gross,1,item,0,0,2,Median,2,item,0,0,20100,Value,412.5,A,Normal Value,F,Free (free for publication),Nm-99d1d32096e1d2013265925d8d1d2d20100,104,120
NM_99_1,2006,2006,2006,date,0,4,2013265925,West Midlands,E12000005,regions,480,4,8,Full Time Workers,8,sex,0,0,1,Weekly pay - gross,1,item,0,0,2,Median,2,item,0,0,20701,Confidence,1.0,A,Normal Value,F,Free (free for publication),Nm-99d1d32096e1d2013265925d8d1d2d20701,105,120
NM_99_1,2006,2006,2006,date,0,4,2013265926,East,E12000006,regions,480,5,8,Full Time Workers,8,sex,0,0,1,Weekly pay - gross,1,item,0,0,2,Median,2,item,0,0,20100,Value,440.6,A,Normal Value,F,Free (free for publication),Nm-99d1d32096e1d2013265926d8d1d2d20100,106,120
NM_99_1,2006,2006,2006,date,0,4,2013265926,East,E12000006,regions,480,5,8,Full Time Workers,8,sex,0,0,1,Weekly pay - gross,1,item,0,0,2,Median,2,item,0,0,20701,Confidence,1.0,A,Normal Value,F,Free (free for publication),Nm-99d1d32096e1d2013265926d8d1d2d20701,107,120
NM_99_1,2006,2006,2006,date,0,4,2013265927,London,E12000007,regions,480,6,8,Full Time Workers,8,sex,0,0,1,Weekly pay - gross,1,item,0,0,2,Median,2,item,0,0,20100,Value,569.2,A,Normal Value,F,Free (free for publication),Nm-99d1d32096e1d2013265927d8d1d2d20100,108,120
NM_99_1,2006,2006,2006,date,0,4,2013265927,London,E12000007,regions,480,6,8,Full Time Workers,8,sex,0,0,1,Weekly pay - gross,1,item,0,0,2,Median,2,item,0,0,20701,Confidence,0.7,A,Normal Value,F,Free (free for publication),Nm-99d1d32096e1d2013265927d8d1d2d20701,109,120
NM_99_1,2006,2006,2006,date,0,4,2013265928,South East,E12000008,regions,480,7,8,Full Time Workers,8,sex,0,0,1,Weekly pay - gross,1,item,0,0,2,Median,2,item,0,0,20100,Value,469.0,A,Normal Value,F,Free (free for publication),Nm-99d1d32096e1d2013265928d8d1d2d20100,110,120
NM_99_1,2006,2006,2006,date,0,4,2013265928,South East,E12000008,regions,480,7,8,Full Time Workers,8,sex,0,0,1,Weekly pay - gross,1,item,0,0,2,Median,2,item,0,0,20701,Confidence,0.8,A,Normal Value,F,Free (free for publication),Nm-99d1d32096e1d2013265928d8d1d2d20701,111,120
NM_99_1,2006,2006,2006,date,0,4,2013265929,South West,E12000009,regions,480,8,8,Full Time Workers,8,sex,0,0,1,Weekly pay - gross,1,item,0,0,2,Median,2,item,0,0,20100,Value,413.7,A,Normal Value,F,Free (free for publication),Nm-99d1d32096e1d2013265929d8d1d2d20100,112,120
NM_99_1,2006,2006,2006,date,0,4,2013265929,South West,E12000009,regions,480,8,8,Full Time Workers,8,sex,0,0,1,Weekly pay - gross,1,item,0,0,2,Median,2,item,0,0,20701,Confidence,1.0,A,Normal Value,F,Free (free for publication),Nm-99d1d32096e1d2013265929d8d1d2d20701,113,120
NM_99_1,2006,2006,2006,date,0,4,2013265930,Wales,W92000004,regions,480,9,8,Full Time Workers,8,sex,0,0,1,Weekly pay - gross,1,item,0,0,2,Median,2,item,0,0,20100,Value,400.0,A,Normal Value,F,Free (free for publication),Nm-99d1d32096e1d2013265930d8d1d2d20100,114,120
NM_99_1,2006,2006,2006,date,0,4,2013265930,Wales,W92000004,regions,480,9,8,Full Time Workers,8,sex,0,0,1,Weekly pay - gross,1,item,0,0,2,Median,2,item,0,0,20701,Confidence,1.4,A,Normal Value,F,Free (free for publication),Nm-99d1d32096e1d2013265930d8d1d2d20701,115,120
NM_99_1,2006,2006,2006,date,0,4,2013265931,Scotland,S92000003,regions,480,10,8,Full Time Workers,8,sex,0,0,1,Weekly pay - gross,1,item,0,0,2,Median,2,item,0,0,20100,Value,428.1,A,Normal Value,F,Free (free for publication),Nm-99d1d32096e1d2013265931d8d1d2d20100,116,120
NM_99_1,2006,2006,2006,date,0,4,2013265931,Scotland,S92000003,regions,480,10,8,Full Time Workers,8,sex,0,0,1,Weekly pay - gross,1,item,0,0,2,Median,2,item,0,0,20701,Confidence,0.9,A,Normal Value,F,Free (free for publication),Nm-99d1d32096e1d2013265931d8d1d2d20701,117,120
NM_99_1,2006,2006,2006,date,0,4,2013265932,Northern Ireland,N92000002,regions,480,11,8,Full Time Workers,8,sex,0,0,1,Weekly pay - gross,1,item,0,0,2,Median,2,item,0,0,20100,Value,402.5,A,Normal Value,F,Free (free for publication),Nm-99d1d32096e1d2013265932d8d1d2d20100,118,120
NM_99_1,2006,2006,2006,date,0,4,2013265932,Northern Ireland,N92000002,regions,480,11,8,Full Time Workers,8,sex,0,0,1,Weekly pay - gross,1,item,0,0,2,Median,2,item,0,0,20701,Confidence,1.8,A,Normal Value,F,Free (free for publication),Nm-99d1d32096e1d2013265932d8d1d2d20701,119,120
NM_99_1,2007,2007,2007,date,0,0,2013265921,North East,E12000001,regions,480,0,8,Full Time Workers,8,sex,0,0,1,Weekly pay - gross,1,item,0,0,2,Median,2,item,0,0,20100,Value,404.3,A,Normal Value,F,Free (free for publication),Nm-99d1d32112e1d2013265921d8d1d2d20100,0,120
NM_99_1,2007,2007,2007,date,0,0,2013265921,North East,E12000001,regions,480,0,8,Full Time Workers,8,sex,0,0,1,Weekly pay - gross,1,item,0,0,2,Median,2,item,0,0,20701,Confidence,1.5,A,Normal Value,F,Free (free for publication),Nm-99d1d32112e1d2013265921d8d1d2d20701,1,120
NM_99_1,2007,2007,2007,date,0,0,2013265922,North West,E12000002,regions,480,1,8,Full Time Workers,8,sex,0,0,1,Weekly pay - gross,1,item,0,0,2,Median,2,item,0,0,20100,Value,434.9,A,Normal Value,F,Free (free for publication),Nm-99d1d32112e1d2013265922d8d1d2d20100,2,120
NM_99_1,2007,2007,2007,date,0,0,2013265922,North West,E12000002,regions,480,1,8,Full Time Workers,8,sex,0,0,1,Weekly pay - gross,1,item,0,0,2,Median,2,item,0,0,20701,Confidence,0.9,A,Normal Value,F,Free (free for publication),Nm-99d1d32112e1d2013265922d8d1d2d20701,3,120
NM_99_1,2007,2007,2007,date,0,0,2013265923,Yorkshire and The Humber,E12000003,regions,480,2,8,Full Time Workers,8,sex,0,0,1,Weekly pay - gross,1,item,0,0,2,Median,2,item,0,0,20100,Value,422.6,A,Normal Value,F,Free (free for publication),Nm-99d1d32112e1d2013265923d8d1d2d20100,4,120
NM_99_1,2007,2007,2007,date,0,0,2013265923,Yorkshire and The Humber,E12000003,regions,480,2,8,Full Time Workers,8,sex,0,0,1,Weekly pay - gross,1,item,0,0,2,Median,2,item,0,0,20701,Confidence,1.1,A,Normal Value,F,Free (free for publication),Nm-99d1d32112e1d2013265923d8d1d2d20701,5,120
NM_99_1,2007,2007,2007,date,0,0,2013265924,East Midlands,E12000004,regions,480,3,8,Full Time Workers,8,sex,0,0,1,Weekly pay - gross,1,item,0,0,2,Median,2,item,0,0,20100,Value,421.6,A,Normal Value,F,Free (free for publication),Nm-99d1d32112e1d2013265924d8d1d2d20100,6,120
NM_99_1,2007,2007,2007,date,0,0,2013265924,East Midlands,E12000004,regions,480,3,8,Full Time Workers,8,sex,0,0,1,Weekly pay - gross,1,item,0,0,2,Median,2,item,0,0,20701,Confidence,1.2,A,Normal Value,F,Free (free for publication),Nm-99d1d32112e1d2013265924d8d1d2d20701,7,120
NM_99_1,2007,2007,2007,date,0,0,2013265925,West Midlands,E12000005,regions,480,4,8,Full Time Workers,8,sex,0,0,1,Weekly pay - gross,1,item,0,0,2,Median,2,item,0,0,20100,Value,430.1,A,Normal Value,F,Free (free for publication),Nm-99d1d32112e1d2013265925d8d1d2d20100,8,120
NM_99_1,2007,2007,2007,date,0,0,2013265925,West Midlands,E12000005,regions,480,4,8,Full Time Workers,8,sex,0,0,1,Weekly pay - gross,1,item,0,0,2,Median,2,item,0,0,20701,Confidence,1.0,A,Normal Value,F,Free (free for publication),Nm-99d1d32112e1d2013265925d8d1d2d20701,9,120
NM_99_1,2007,2007,2007,date,0,0,2013265926,East,E12000006,regions,480,5,8,Full Time Workers,8,sex,0,0,1,Weekly pay - gross,1,item,0,0,2,Median,2,item,0,0,20100,Value,450.5,A,Normal Value,F,Free (free for publication),Nm-99d1d32112e1d2013265926d8d1d2d20100,10,120
NM_99_1,2007,2007,2007,date,0,0,2013265926,East,E12000006,regions,480,5,8,Full Time Workers,8,sex,0,0,1,Weekly pay - gross,1,item,0,0,2,Median,2,item,0,0,20701,Confidence,1.0,A,Normal Value,F,Free (free for publication),Nm-99d1d32112e1d2013265926d8d1d2d20701,11,120
NM_99_1,2007,2007,2007,date,0,0,2013265927,London,E12000007,regions,480,6,8,Full Time Workers,8,sex,0,0,1,Weekly pay - gross,1,item,0,0,2,Median,2,item,0,0,20100,Value,586.3,A,Normal Value,F,Free (free for publication),Nm-99d1d32112e1d2013265927d8d1d2d20100,12,120
NM_99_1,2007,2007,2007,date,0,0,2013265927,London,E12000007,regions,480,6,8,Full Time Workers,8,sex,0,0,1,Weekly pay - gross,1,item,0,0,2,Median,2,item,0,0,20701,Confidence,0.8,A,Normal Value,F,Free (free for publication),Nm-99d1d32112e1d2013265927d8d1d2d20701,13,120
NM_99_1,2007,2007,2007,date,0,0,2013265928,South East,E12000008,regions,480,7,8,Full Time Workers,8,sex,0,0,1,Weekly pay - gross,1,item,0,0,2,Median,2,item,0,0,20100,Value,481.9,A,Normal Value,F,Free (free for publication),Nm-99d1d32112e1d2013265928d8d1d2d20100,14,120
NM_99_1,2007,2007,2007,date,0,0,2013265928,South East,E12000008,regions,480,7,8,Full Time Workers,8,sex,0,0,1,Weekly pay - gross,1,item,0,0,2,Median,2,item,0,0,20701,Confidence,0.7,A,Normal Value,F,Free (free for publication),Nm-99d1d32112e1d2013265928d8d1d2d20701,15,120
NM_99_1,2007,2007,2007,date,0,0,2013265929,South West,E12000009,regions,480,8,8,Full Time Workers,8,sex,0,0,1,Weekly pay - gross,1,item,0,0,2,Median,2,item,0,0,20100,Value,429.6,A,Normal Value,F,Free (free for publication),Nm-99d1d32112e1d2013265929d8d1d2d20100,16,120
NM_99_1,2007,2007,2007,date,0,0,2013265929,South West,E12000009,regions,480,8,8,Full Time Workers,8,sex,0,0,1,Weekly pay - gross,1,item,0,0,2,Median,2,item,0,0,20701,Confidence,1.1,A,Normal Value,F,Free (free for publication),Nm-99d1d32112e1d2013265929d8d1d2d20701,17,120
NM_99_1,2007,2007,2007,date,0,0,2013265930,Wales,W92000004,regions,480,9,8,Full Time Workers,8,sex,0,0,1,Weekly pay - gross,1,item,0,0,2,Median,2,item,0,0,20100,Value,404.3,A,Normal Value,F,Free (free for publication),Nm-99d1d32112e1d2013265930d8d1d2d20100,18,120
NM_99_1,2007,2007,2007,date,0,0,2013265930,Wales,W92000004,regions,480,9,8,Full Time Workers,8,sex,0,0,1,Weekly pay - gross,1,item,0,0,2,Median,2,item,0,0,20701,Confidence,1.6,A,Normal Value,F,Free (free for publication),Nm-99d1d32112e1d2013265930d8d1d2d20701,19,120
NM_99_1,2007,2007,2007,date,0,0,2013265931,Scotland,S92000003,regions,480,10,8,Full Time Workers,8,sex,0,0,1,Weekly pay - gross,1,item,0,0,2,Median,2,item,0,0,20100,Value,441.7,A,Normal Value,F,Free (free for publication),Nm-99d1d32112e1d2013265931d8d1d2d20100,20,120
NM_99_1,2007,2007,2007,date,0,0,2013265931,Scotland,S92000003,regions,480,10,8,Full Time Workers,8,sex,0,0,1,Weekly pay - gross,1,item,0,0,2,Median,2,item,0,0,20701,Confidence,1.0,A,Normal Value,F,Free (free for publication),Nm-99d1d32112e1d2013265931d8d1d2d20701,21,120
NM_99_1,2007,2007,2007,date,0,0,2013265932,Northern Ireland,N92000002,regions,480,11,8,Full Time Workers,8,sex,0,0,1,Weekly pay - gross,1,item,0,0,2,Median,2,item,0,0,20100,Value,400.3,A,Normal Value,F,Free (free for publication),Nm-99d1d32112e1d2013265932d8d1d2d20100,22,120
NM_99_1,2007,2007,2007,date,0,0,2013265932,Northern Ireland,N92000002,regions,480,11,8,Full Time Workers,8,sex,0,0,1,Weekly pay - gross,1,item,0,0,2,Median,2,item,0,0,20701,Confidence,1.6,A,Normal Value,F,Free (free for publication),Nm-99d1d32112e1d2013265932d8d1d2d20701,23,120
NM_99_1,2008,2008,2008,date,0,1,2013265921,North East,E12000001,regions,480,0,8,Full Time Workers,8,sex,0,0,1,Weekly pay - gross,1,item,0,0,2,Median,2,item,0,0,20100,Value,420.8,A,Normal Value,F,Free (free for publication),Nm-99d1d32128e1d2013265921d8d1d2d20100,24,120
NM_99_1,2008,2008,2008,date,0,1,2013265921,North East,E12000001,regions,480,0,8,Full Time Workers,8,sex,0,0,1,Weekly pay - gross,1,item,0,0,2,Median,2,item,0,0,20701,Confidence,1.7,A,Normal Value,F,Free (free for publication),Nm-99d1d32128e1d2013265921d8d1d2d20701,25,120
NM_99_1,2008,2008,2008,date,0,1,2013265922,North West,E12000002,regions,480,1,8,Full Time Workers,8,sex,0,0,1,Weekly pay - gross,1,item,0,0,2,Median,2,item,0,0,20100,Value,450.0,A,Normal Value,F,Free (free for publication),Nm-99d1d32128e1d2013265922d8d1d2d20100,26,120
NM_99_1,2008,2008,2008,date,0,1,2013265922,North West,E12000002,regions,480,1,8,Full Time Workers,8,sex,0,0,1,Weekly pay - gross,1,item,0,0,2,Median,2,item,0,0,20701,Confidence,0.9,A,Normal Value,F,Free (free for publication),Nm-99d1d32128e1d2013265922d8d1d2d20701,27,120
NM_99_1,2008,2008,2008,date,0,1,2013265923,Yorkshire and The Humber,E12000003,regions,480,2,8,Full Time Workers,8,sex,0,0,1,Weekly pay - gross,1,item,0,0,2,Median,2,item,0,0,20100,Value,442.1,A,Normal Value,F,Free (free for publication),Nm-99d1d32128e1d2013265923d8d1d2d20100,28,120
NM_99_1,2008,2008,2008,date,0,1,2013265923,Yorkshire and The Humber,E12000003,regions,480,2,8,Full Time Workers,8,sex,0,0,1,Weekly pay - gross,1,item,0,0,2,Median,2,item,0,0,20701,Confidence,1.0,A,Normal Value,F,Free (free for publication),Nm-99d1d32128e1d2013265923d8d1d2d20701,29,120
NM_99_1,2008,2008,2008,date,0,1,2013265924,East Midlands,E12000004,regions,480,3,8,Full Time Workers,8,sex,0,0,1,Weekly pay - gross,1,item,0,0,2,Median,2,item,0,0,20100,Value,445.1,A,Normal Value,F,Free (free for publication),Nm-99d1d32128e1d2013265924d8d1d2d20100,30,120
NM_99_1,2008,2008,2008,date,0,1,2013265924,East Midlands,E12000004,regions,480,3,8,Full Time Workers,8,sex,0,0,1,Weekly pay - gross,1,item,0,0,2,Median,2,item,0,0,20701,Confidence,1.2,A,Normal Value,F,Free (free for publication),Nm-99d1d32128e1d2013265924d8d1d2d20701,31,120
NM_99_1,2008,2008,2008,date,0,1,2013265925,West Midlands,E12000005,regions,480,4,8,Full Time Workers,8,sex,0,0,1,Weekly pay - gross,1,item,0,0,2,Median,2,item,0,0,20100,Value,448.9,A,Normal Value,F,Free (free for publication),Nm-99d1d32128e1d2013265925d8d1d2d20100,32,120
NM_99_1,2008,2008,2008,date,0,1,2013265925,West Midlands,E12000005,regions,480,4,8,Full Time Workers,8,sex,0,0,1,Weekly pay - gross,1,item,0,0,2,Median,2,item,0,0,20701,Confidence,1.0,A,Normal Value,F,Free (free for publication),Nm-99d1d32128e1d2013265925d8d1d2d20701,33,120
NM_99_1,2008,2008,2008,date,0,1,2013265926,East,E12000006,regions,480,5,8,Full Time Workers,8,sex,0,0,1,Weekly pay - gross,1,item,0,0,2,Median,2,item,0,0,20100,Value,469.1,A,Normal Value,F,Free (free for publication),Nm-99d1d32128e1d2013265926d8d1d2d20100,34,120
NM_99_1,2008,2008,2008,date,0,1,2013265926,East,E12000006,regions,480,5,8,Full Time Workers,8,sex,0,0,1,Weekly pay - gross,1,item,0,0,2,Median,2,item,0,0,20701,Confidence,1.0,A,Normal Value,F,Free (free for publication),Nm-99d1d32128e1d2013265926d8d1d2d20701,35,120
NM_99_1,2008,2008,2008,date,0,1,2013265927,London,E12000007,regions,480,6,8,Full Time Workers,8,sex,0,0,1,Weekly pay - gross,1,item,0,0,2,Median,2,item,0,0,20100,Value,613.3,A,Normal Value,F,Free (free for publication),Nm-99d1d32128e1d2013265927d8d1d2d20100,36,120
NM_99_1,2008,2008,2008,date,0,1,2013265927,London,E12000007,regions,480,6,8,Full Time Workers,8,sex,0,0,1,Weekly pay - gross,1,item,0,0,2,Median,2,item,0,0,20701,Confidence,0.7,A,Normal Value,F,Free (free for publication),Nm-99d1d32128e1d2013265927d8d1d2d20701,37,120
NM_99_1,2008,2008,2008,date,0,1,2013265928,South East,E12000008,regions,480,7,8,Full Time Workers,8,sex,0,0,1,Weekly pay - gross,1,item,0,0,2,Median,2,item,0,0,20100,Value,500.9,A,Normal Value,F,Free (free for publication),Nm-99d1d32128e1d2013265928d8d1d2d20100,38,120
NM_99_1,2008,2008,2008,date,0,1,2013265928,South East,E12000008,regions,480,7,8,Full Time Workers,8,sex,0,0,1,Weekly pay - gross,1,item,0,0,2,Median,2,item,0,0,20701,Confidence,0.8,A,Normal Value,F,Free (free for publication),Nm-99d1d32128e1d2013265928d8d1d2d20701,39,120
NM_99_1,2008,2008,2008,date,0,1,2013265929,South West,E12000009,regions,480,8,8,Full Time Workers,8,sex,0,0,1,Weekly pay - gross,1,item,0,0,2,Median,2,item,0,0,20100,Value,446.9,A,Normal Value,F,Free (free for publication),Nm-99d1d32128e1d2013265929d8d1d2d20100,40,120
NM_99_1,2008,2008,2008,date,0,1,2013265929,South West,E12000009,regions,480,8,8,Full Time Workers,8,sex,0,0,1,Weekly pay - gross,1,item,0,0,2,Median,2,item,0,0,20701,Confidence,1.1,A,Normal Value,F,Free (free for publication),Nm-99d1d32128e1d2013265929d8d1d2d20701,41,120
NM_99_1,2008,2008,2008,date,0,1,2013265930,Wales,W92000004,regions,480,9,8,Full Time Workers,8,sex,0,0,1,Weekly pay - gross,1,item,0,0,2,Median,2,item,0,0,20100,Value,420.1,A,Normal Value,F,Free (free for publication),Nm-99d1d32128e1d2013265930d8d1d2d20100,42,120
NM_99_1,2008,2008,2008,date,0,1,2013265930,Wales,W92000004,regions,480,9,8,Full Time Workers,8,sex,0,0,1,Weekly pay - gross,1,item,0,0,2,Median,2,item,0,0,20701,Confidence,1.5,A,Normal Value,F,Free (free for publication),Nm-99d1d32128e1d2013265930d8d1d2d20701,43,120
NM_99_1,2008,2008,2008,date,0,1,2013265931,Scotland,S92000003,regions,480,10,8,Full Time Workers,8,sex,0,0,1,Weekly pay - gross,1,item,0,0,2,Median,2,item,0,0,20100,Value,462.6,A,Normal Value,F,Free (free for publication),Nm-99d1d32128e1d2013265931d8d1d2d20100,44,120
NM_99_1,2008,2008,2008,date,0,1,2013265931,Scotland,S92000003,regions,480,10,8,Full Time Workers,8,sex,0,0,1,Weekly pay - gross,1,item,0,0,2,Median,2,item,0,0,20701,Confidence,1.0,A,Normal Value,F,Free (free for publication),Nm-99d1d32128e1d2013265931d8d1d2d20701,45,120
NM_99_1,2008,2008,2008,date,0,1,2013265932,Northern Ireland,N92000002,regions,480,11,8,Full Time Workers,8,sex,0,0,1,Weekly pay - gross,1,item,0,0,2,Median,2,item,0,0,20100,Value,417.7,A,Normal Value,F,Free (free for publication),Nm-99d1d32128e1d2013265932d8d1d2d20100,46,120
NM_99_1,2008,2008,2008,date,0,1,2013265932,Northern Ireland,N92000002,regions,480,11,8,Full Time Workers,8,sex,0,0,1,Weekly pay - gross,1,item,0,0,2,Median,2,item,0,0,20701,Confidence,1.7,A,Normal Value,F,Free (free for publication),Nm-99d1d32128e1d2013265932d8d1d2d20701,47,120
NM_99_1,2009,2009,2009,date,0,2,2013265921,North East,E12000001,regions,480,0,8,Full Time Workers,8,sex,0,0,1,Weekly pay - gross,1,item,0,0,2,Median,2,item,0,0,20100,Value,435.6,A,Normal Value,F,Free (free for publication),Nm-99d1d32144e1d2013265921d8d1d2d20100,48,120
NM_99_1,2009,2009,2009,date,0,2,2013265921,North East,E12000001,regions,480,0,8,Full Time Workers,8,sex,0,0,1,Weekly pay - gross,1,item,0,0,2,Median,2,item,0,0,20701,Confidence,1.7,A,Normal Value,F,Free (free for publication),Nm-99d1d32144e1d2013265921d8d1d2d20701,49,120
NM_99_1,2009,2009,2009,date,0,2,2013265922,North West,E12000002,regions,480,1,8,Full Time Workers,8,sex,0,0,1,Weekly pay - gross,1,item,0,0,2,Median,2,item,0,0,20100,Value,459.8,A,Normal Value,F,Free (free for publication),Nm-99d1d32144e1d2013265922d8d1d2d20100,50,120
NM_99_1,2009,2009,2009,date,0,2,2013265922,North West,E12000002,regions,480,1,8,Full Time Workers,8,sex,0,0,1,Weekly pay - gross,1,item,0,0,2,Median,2,item,0,0,20701,Confidence,0.8,A,Normal Value,F,Free (free for publication),Nm-99d1d32144e1d2013265922d8d1d2d20701,51,120
NM_99_1,2009,2009,2009,date,0,2,2013265923,Yorkshire and The Humber,E12000003,regions,480,2,8,Full Time Workers,8,sex,0,0,1,Weekly pay - gross,1,item,0,0,2,Median,2,item,0,0,20100,Value,451.0,A,Normal Value,F,Free (free for publication),Nm-99d1d32144e1d2013265923d8d1d2d20100,52,120
NM_99_1,2009,2009,2009,date,0,2,2013265923,Yorkshire and The Humber,E12000003,regions,480,2,8,Full Time Workers,8,sex,0,0,1,Weekly pay - gross,1,item,0,0,2,Median,2,item,0,0,20701,Confidence,1.0,A,Normal Value,F,Free (free for publication),Nm-99d1d32144e1d2013265923d8d1d2d20701,53,120
NM_99_1,2009,2009,2009,date,0,2,2013265924,East Midlands,E12000004,regions,480,3,8,Full Time Workers,8,sex,0,0,1,Weekly pay - gross,1,item,0,0,2,Median,2,item,0,0,20100,Value,456.1,A,Normal Value,F,Free (free for publication),Nm-99d1d32144e1d2013265924d8d1d2d20100,54,120
NM_99_1,2009,2009,2009,date,0,2,2013265924,East Midlands,E12000004,regions,480,3,8,Full Time Workers,8,sex,0,0,1,Weekly pay - gross,1,item,0,0,2,Median,2,item,0,0,20701,Confidence,1.0,A,Normal Value,F,Free (free for publication),Nm-99d1d32144e1d2013265924d8d1d2d20701,55,120
NM_99_1,2009,2009,2009,date,0,2,2013265925,West Midlands,E12000005,regions,480,4,8,Full Time Workers,8,sex,0,0,1,Weekly pay - gross,1,item,0,0,2,Median,2,item,0,0,20100,Value,456.2,A,Normal Value,F,Free (free for publication),Nm-99d1d32144e1d2013265925d8d1d2d20100,56,120
NM_99_1,2009,2009,2009,date,0,2,2013265925,West Midlands,E12000005,regions,480,4,8,Full Time Workers,8,sex,0,0,1,Weekly pay - gross,1,item,0,0,2,Median,2,item,0,0,20701,Confidence,0.8,A,Normal Value,F,Free (free for publication),Nm-99d1d32144e1d2013265925d8d1d2d20701,57,120
NM_99_1,2009,2009,2009,date,0,2,2013265926,East,E12000006,regions,480,5,8,Full Time Workers,8,sex,0,0,1,Weekly pay - gross,1,item,0,0,2,Median,2,item,0,0,20100,Value,478.6,A,Normal Value,F,Free (free for publication),Nm-99d1d32144e1d2013265926d8d1d2d20100,58,120
NM_99_1,2009,2009,2009,date,0,2,2013265926,East,E12000006,regions,480,5,8,Full Time Workers,8,sex,0,0,1,Weekly pay - gross,1,item,0,0,2,Median,2,item,0,0,20701,Confidence,1.0,A,Normal Value,F,Free (free for publication),Nm-99d1d32144e1d2013265926d8d1d2d20701,59,120
NM_99_1,2009,2009,2009,date,0,2,2013265927,London,E12000007,regions,480,6,8,Full Time Workers,8,sex,0,0,1,Weekly pay - gross,1,item,0,0,2,Median,2,item,0,0,20100,Value,627.4,A,Normal Value,F,Free (free for publication),Nm-99d1d32144e1d2013265927d8d1d2d20100,60,120
NM_99_1,2009,2009,2009,date,0,2,2013265927,London,E12000007,regions,480,6,8,Full Time Workers,8,sex,0,0,1,Weekly pay - gross,1,item,0,0,2,Median,2,item,0,0,20701,Confidence,0.6,A,Normal Value,F,Free (free for publication),Nm-99d1d32144e1d2013265927d8d1d2d20701,61,120
NM_99_1,2009,2009,2009,date,0,2,2013265928,South East,E12000008,regions,480,7,8,Full Time Workers,8,sex,0,0,1,Weekly pay - gross,1,item,0,0,2,Median,2,item,0,0,20100,Value,513.3,A,Normal Value,F,Free (free for publication),Nm-99d1d32144e1d2013265928d8d1d2d20100,62,120
NM_99_1,2009,2009,2009,date,0,2,2013265928,South East,E12000008,regions,480,7,8,Full Time Workers,8,sex,0,0,1,Weekly pay - gross,1,item,0,0,2,Median,2,item,0,0,20701,Confidence,0.7,A,Normal Value,F,Free (free for publication),Nm-99d1d32144e1d2013265928d8d1d2d20701,63,120
NM_99_1,2009,2009,2009,date,0,2,2013265929,South West,E12000009,regions,480,8,8,Full Time Workers,8,sex,0,0,1,Weekly pay - gross,1,item,0,0,2,Median,2,item,0,0,20100,Value,454.0,A,Normal Value,F,Free (free for publication),Nm-99d1d32144e1d2013265929d8d1d2d20100,64,120
NM_99_1,2009,2009,2009,date,0,2,2013265929,South West,E12000009,regions,480,8,8,Full Time Workers,8,sex,0,0,1,Weekly pay - gross,1,item,0,0,2,Median,2,item,0,0,20701,Confidence,0.8,A,Normal Value,F,Free (free for publication),Nm-99d1d32144e1d2013265929d8d1d2d20701,65,120
NM_99_1,2009,2009,2009,date,0,2,2013265930,Wales,W92000004,regions,480,9,8,Full Time Workers,8,sex,0,0,1,Weekly pay - gross,1,item,0,0,2,Median,2,item,0,0,20100,Value,440.4,A,Normal Value,F,Free (free for publication),Nm-99d1d32144e1d2013265930d8d1d2d20100,66,120
NM_99_1,2009,2009,2009,date,0,2,2013265930,Wales,W92000004,regions,480,9,8,Full Time Workers,8,sex,0,0,1,Weekly pay - gross,1,item,0,0,2,Median,2,item,0,0,20701,Confidence,1.4,A,Normal Value,F,Free (free for publication),Nm-99d1d32144e1d2013265930d8d1d2d20701,67,120
NM_99_1,2009,2009,2009,date,0,2,2013265931,Scotland,S92000003,regions,480,10,8,Full Time Workers,8,sex,0,0,1,Weekly pay - gross,1,item,0,0,2,Median,2,item,0,0,20100,Value,472.8,A,Normal Value,F,Free (free for publication),Nm-99d1d32144e1d2013265931d8d1d2d20100,68,120
NM_99_1,2009,2009,2009,date,0,2,2013265931,Scotland,S92000003,regions,480,10,8,Full Time Workers,8,sex,0,0,1,Weekly pay - gross,1,item,0,0,2,Median,2,item,0,0,20701,Confidence,0.9,A,Normal Value,F,Free (free for publication),Nm-99d1d32144e1d2013265931d8d1d2d20701,69,120
NM_99_1,2009,2009,2009,date,0,2,2013265932,Northern Ireland,N92000002,regions,480,11,8,Full Time Workers,8,sex,0,0,1,Weekly pay - gross,1,item,0,0,2,Median,2,item,0,0,20100,Value,437.1,A,Normal Value,F,Free (free for publication),Nm-99d1d32144e1d2013265932d8d1d2d20100,70,120
NM_99_1,2009,2009,2009,date,0,2,2013265932,Northern Ireland,N92000002,regions,480,11,8,Full Time Workers,8,sex,0,0,1,Weekly pay - gross,1,item,0,0,2,Median,2,item,0,0,20701,Confidence,1.9,A,Normal Value,F,Free (free for publication),Nm-99d1d32144e1d2013265932d8d1d2d20701,71,120
NM_99_1,2010,2010,2010,date,0,3,2013265921,North East,E12000001,regions,480,0,8,Full Time Workers,8,sex,0,0,1,Weekly pay - gross,1,item,0,0,2,Median,2,item,0,0,20100,Value,443.1,A,Normal Value,F,Free (free for publication),Nm-99d1d32160e1d2013265921d8d1d2d20100,72,120
NM_99_1,2010,2010,2010,date,0,3,2013265921,North East,E12000001,regions,480,0,8,Full Time Workers,8,sex,0,0,1,Weekly pay - gross,1,item,0,0,2,Median,2,item,0,0,20701,Confidence,1.2,A,Normal Value,F,Free (free for publication),Nm-99d1d32160e1d2013265921d8d1d2d20701,73,120
NM_99_1,2010,2010,2010,date,0,3,2013265922,North West,E12000002,regions,480,1,8,Full Time Workers,8,sex,0,0,1,Weekly pay - gross,1,item,0,0,2,Median,2,item,0,0,20100,Value,466.9,A,Normal Value,F,Free (free for publication),Nm-99d1d32160e1d2013265922d8d1d2d20100,74,120
NM_99_1,2010,2010,2010,date,0,3,2013265922,North West,E12000002,regions,480,1,8,Full Time Workers,8,sex,0,0,1,Weekly pay - gross,1,item,0,0,2,Median,2,item,0,0,20701,Confidence,0.8,A,Normal Value,F,Free (free for publication),Nm-99d1d32160e1d2013265922d8d1d2d20701,75,120
NM_99_1,2010,2010,2010,date,0,3,2013265923,Yorkshire and The Humber,E12000003,regions,480,2,8,Full Time Workers,8,sex,0,0,1,Weekly pay - gross,1,item,0,0,2,Median,2,item,0,0,20100,Value,460.0,A,Normal Value,F,Free (free for publication),Nm-99d1d32160e1d2013265923d8d1d2d20100,76,120
NM_99_1,2010,2010,2010,date,0,3,2013265923,Yorkshire and The Humber,E12000003,regions,480,2,8,Full Time Workers,8,sex,0,0,1,Weekly pay - gross,1,item,0,0,2,Median,2,item,0,0,20701,Confidence,1.0,A,Normal Value,F,Free (free for publication),Nm-99d1d32160e1d2013265923d8d1d2d20701,77,120
NM_99_1,2010,2010,2010,date,0,3,2013265924,East Midlands,E12000004,regions,480,3,8,Full Time Workers,8,sex,0,0,1,Weekly pay - gross,1,item,0,0,2,Median,2,item,0,0,20100,Value,465.0,A,Normal Value,F,Free (free for publication),Nm-99d1d32160e1d2013265924d8d1d2d20100,78,120
NM_99_1,2010,2010,2010,date,0,3,2013265924,East Midlands,E12000004,regions,480,3,8,Full Time Workers,8,sex,0,0,1,Weekly pay - gross,1,item,0,0,2,Median,2,item,0,0,20701,Confidence,1.1,A,Normal Value,F,Free (free for publication),Nm-99d1d32160e1d2013265924d8d1d2d20701,79,120
NM_99_1,2010,2010,2010,date,0,3,2013265925,West Midlands,E12000005,regions,480,4,8,Full Time Workers,8,sex,0,0,1,Weekly pay - gross,1,item,0,0,2,Median,2,item,0,0,20100,Value,467.4,A,Normal Value,F,Free (free for publication),Nm-99d1d32160e1d2013265925d8d1d2d20100,80,120
NM_99_1,2010,2010,2010,date,0,3,2013265925,West Midlands,E12000005,regions,480,4,8,Full Time Workers,8,sex,0,0,1,Weekly pay - gross,1,item,0,0,2,Median,2,item,0,0,20701,Confidence,0.9,A,Normal Value,F,Free (free for publication),Nm-99d1d32160e1d2013265925d8d1d2d20701,81,120
NM_99_1,2010,2010,2010,date,0,3,2013265926,East,E12000006,regions,480,5,8,Full Time Workers,8,sex,0,0,1,Weekly pay - gross,1,item,0,0,2,Median,2,item,0,0,20100,Value,488.7,A,Normal Value,F,Free (free for publication),Nm-99d1d32160e1d2013265926d8d1d2d20100,82,120
NM_99_1,2010,2010,2010,date,0,3,2013265926,East,E12000006,regions,480,5,8,Full Time Workers,8,sex,0,0,1,Weekly pay - gross,1,item,0,0,2,Median,2,item,0,0,20701,Confidence,0.9,A,Normal Value,F,Free (free for publication),Nm-99d1d32160e1d2013265926d8d1d2d20701,83,120
NM_99_1,2010,2010,2010,date,0,3,2013265927,London,E12000007,regions,480,6,8,Full Time Workers,8,sex,0,0,1,Weekly pay - gross,1,item,0,0,2,Median,2,item,0,0,20100,Value,642.2,A,Normal Value,F,Free (free for publication),Nm-99d1d32160e1d2013265927d8d1d2d20100,84,120
NM_99_1,2010,2010,2010,date,0,3,2013265927,London,E12000007,regions,480,6,8,Full Time Workers,8,sex,0,0,1,Weekly pay - gross,1,item,0,0,2,Median,2,item,0,0,20701,Confidence,0.7,A,Normal Value,F,Free (free for publication),Nm-99d1d32160e1d2013265927d8d1d2d20701,85,120
NM_99_1,2010,2010,2010,date,0,3,2013265928,South East,E12000008,regions,480,7,8,Full Time Workers,8,sex,0,0,1,Weekly pay - gross,1,item,0,0,2,Median,2,item,0,0,20100,Value,523.8,A,Normal Value,F,Free (free for publication),Nm-99d1d32160e1d2013265928d8d1d2d20100,86,120
NM_99_1,2010,2010,2010,date,0,3,2013265928,South East,E12000008,regions,480,7,8,Full Time Workers,8,sex,0,0,1,Weekly pay - gross,1,item,0,0,2,Median,2,item,0,0,20701,Confidence,0.7,A,Normal Value,F,Free (free for publication),Nm-99d1d32160e1d2013265928d8d1d2d20701,87,120
NM_99_1,2010,2010,2010,date,0,3,2013265929,South West,E12000009,regions,480,8,8,Full Time Workers,8,sex,0,0,1,Weekly pay - gross,1,item,0,0,2,Median,2,item,0,0,20100,Value,460.3,A,Normal Value,F,Free (free for publication),Nm-99d1d32160e1d2013265929d8d1d2d20100,88,120
NM_99_1,2010,2010,2010,date,0,3,2013265929,South West,E12000009,regions,480,8,8,Full Time Workers,8,sex,0,0,1,Weekly pay - gross,1,item,0,0,2,Median,2,item,0,0,20701,Confidence,1.0,A,Normal Value,F,Free (free for publication),Nm-99d1d32160e1d2013265929d8d1d2d20701,89,120
NM_99_1,2010,2010,2010,date,0,3,2013265930,Wales,W92000004,regions,480,9,8,Full Time Workers,8,sex,0,0,1,Weekly pay - gross,1,item,0,0,2,Median,2,item,0,0,20100,Value,450.8,A,Normal Value,F,Free (free for publication),Nm-99d1d32160e1d2013265930d8d1d2d20100,90,120
NM_99_1,2010,2010,2010,date,0,3,2013265930,Wales,W92000004,regions,480,9,8,Full Time Workers,8,sex,0,0,1,Weekly pay - gross,1,item,0,0,2,Median,2,item,0,0,20701,Confidence,1.2,A,Normal Value,F,Free (free for publication),Nm-99d1d32160e1d2013265930d8d1d2d20701,91,120
NM_99_1,2010,2010,2010,date,0,3,2013265931,Scotland,S92000003,regions,480,10,8,Full Time Workers,8,sex,0,0,1,Weekly pay - gross,1,item,0,0,2,Median,2,item,0,0,20100,Value,488.0,A,Normal Value,F,Free (free for publication),Nm-99d1d32160e1d2013265931d8d1d2d20100,92,120
NM_99_1,2010,2010,2010,date,0,3,2013265931,Scotland,S92000003,regions,480,10,8,Full Time Workers,8,sex,0,0,1,Weekly pay - gross,1,item,0,0,2,Median,2,item,0,0,20701,Confidence,0.8,A,Normal Value,F,Free (free for publication),Nm-99d1d32160e1d2013265931d8d1d2d20701,93,120
NM_99_1,2010,2010,2010,date,0,3,2013265932,Northern Ireland,N92000002,regions,480,11,8,Full Time Workers,8,sex,0,0,1,Weekly pay - gross,1,item,0,0,2,Median,2,item,0,0,20100,Value,437.3,A,Normal Value,F,Free (free for publication),Nm-99d1d32160e1d2013265932d8d1d2d20100,94,120
NM_99_1,2010,2010,2010,date,0,3,2013265932,Northern Ireland,N92000002,regions,480,11,8,Full Time Workers,8,sex,0,0,1,Weekly pay - gross,1,item,0,0,2,Median,2,item,0,0,20701,Confidence,1.9,A,Normal Value,F,Free (free for publication),Nm-99d1d32160e1d2013265932d8d1d2d20701,95,120
NM_99_1,2011,2011,2011,date,0,4,2013265921,North East,E12000001,regions,480,0,8,Full Time Workers,8,sex,0,0,1,Weekly pay - gross,1,item,0,0,2,Median,2,item,0,0,20100,Value,449.1,A,Normal Value,F,Free (free for publication),Nm-99d1d32176e1d2013265921d8d1d2d20100,96,120
NM_99_1,2011,2011,2011,date,0,4,2013265921,North East,E12000001,regions,480,0,8,Full Time Workers,8,sex,0,0,1,Weekly pay - gross,1,item,0,0,2,Median,2,item,0,0,20701,Confidence,1.2,A,Normal Value,F,Free (free for publication),Nm-99d1d32176e1d2013265921d8d1d2d20701,97,120
NM_99_1,2011,2011,2011,date,0,4,2013265922,North West,E12000002,regions,480,1,8,Full Time Workers,8,sex,0,0,1,Weekly pay - gross,1,item,0,0,2,Median,2,item,0,0,20100,Value,459.5,A,Normal Value,F,Free (free for publication),Nm-99d1d32176e1d2013265922d8d1d2d20100,98,120
NM_99_1,2011,2011,2011,date,0,4,2013265922,North West,E12000002,regions,480,1,8,Full Time Workers,8,sex,0,0,1,Weekly pay - gross,1,item,0,0,2,Median,2,item,0,0,20701,Confidence,0.8,A,Normal Value,F,Free (free for publication),Nm-99d1d32176e1d2013265922d8d1d2d20701,99,120
NM_99_1,2011,2011,2011,date,0,4,2013265923,Yorkshire and The Humber,E12000003,regions,480,2,8,Full Time Workers,8,sex,0,0,1,Weekly pay - gross,1,item,0,0,2,Median,2,item,0,0,20100,Value,460.6,A,Normal Value,F,Free (free for publication),Nm-99d1d32176e1d2013265923d8d1d2d20100,100,120
NM_99_1,2011,2011,2011,date,0,4,2013265923,Yorkshire and The Humber,E12000003,regions,480,2,8,Full Time Workers,8,sex,0,0,1,Weekly pay - gross,1,item,0,0,2,Median,2,item,0,0,20701,Confidence,0.9,A,Normal Value,F,Free (free for publication),Nm-99d1d32176e1d2013265923d8d1d2d20701,101,120
NM_99_1,2011,2011,2011,date,0,4,2013265924,East Midlands,E12000004,regions,480,3,8,Full Time Workers,8,sex,0,0,1,Weekly pay - gross,1,item,0,0,2,Median,2,item,0,0,20100,Value,458.3,A,Normal Value,F,Free (free for publication),Nm-99d1d32176e1d2013265924d8d1d2d20100,102,120
NM_99_1,2011,2011,2011,date,0,4,2013265924,East Midlands,E12000004,regions,480,3,8,Full Time Workers,8,sex,0,0,1,Weekly pay - gross,1,item,0,0,2,Median,2,item,0,0,20701,Confidence,1.0,A,Normal Value,F,Free (free for publication),Nm-99d1d32176e1d2013265924d8d1d2d20701,103,120
NM_99_1,2011,2011,2011,date,0,4,2013265925,West Midlands,E12000005,regions,480,4,8,Full Time Workers,8,sex,0,0,1,Weekly pay - gross,1,item,0,0,2,Median,2,item,0,0,20100,Value,464.4,A,Normal Value,F,Free (free for publication),Nm-99d1d32176e1d2013265925d8d1d2d20100,104,120
NM_99_1,2011,2011,2011,date,0,4,2013265925,West Midlands,E12000005,regions,480,4,8,Full Time Workers,8,sex,0,0,1,Weekly pay - gross,1,item,0,0,2,Median,2,item,0,0,20701,Confidence,1.0,A,Normal Value,F,Free (free for publication),Nm-99d1d32176e1d2013265925d8d1d2d20701,105,120
NM_99_1,2011,2011,2011,date,0,4,2013265926,East,E12000006,regions,480,5,8,Full Time Workers,8,sex,0,0,1,Weekly pay - gross,1,item,0,0,2,Median,2,item,0,0,20100,Value,489.3,A,Normal Value,F,Free (free for publication),Nm-99d1d32176e1d2013265926d8d1d2d20100,106,120
NM_99_1,2011,2011,2011,date,0,4,2013265926,East,E12000006,regions,480,5,8,Full Time Workers,8,sex,0,0,1,Weekly pay - gross,1,item,0,0,2,Median,2,item,0,0,20701,Confidence,0.9,A,Normal Value,F,Free (free for publication),Nm-99d1d32176e1d2013265926d8d1d2d20701,107,120
NM_99_1,2011,2011,2011,date,0,4,2013265927,London,E12000007,regions,480,6,8,Full Time Workers,8,sex,0,0,1,Weekly pay - gross,1,item,0,0,2,Median,2,item,0,0,20100,Value,648.4,A,Normal Value,F,Free (free for publication),Nm-99d1d32176e1d2013265927d8d1d2d20100,108,120
NM_99_1,2011,2011,2011,date,0,4,2013265927,London,E12000007,regions,480,6,8,Full Time Workers,8,sex,0,0,1,Weekly pay - gross,1,item,0,0,2,Median,2,item,0,0,20701,Confidence,0.6,A,Normal Value,F,Free (free for publication),Nm-99d1d32176e1d2013265927d8d1d2d20701,109,120
NM_99_1,2011,2011,2011,date,0,4,2013265928,South East,E12000008,regions,480,7,8,Full Time Workers,8,sex,0,0,1,Weekly pay - gross,1,item,0,0,2,Median,2,item,0,0,20100,Value,529.0,A,Normal Value,F,Free (free for publication),Nm-99d1d32176e1d2013265928d8d1d2d20100,110,120
NM_99_1,2011,2011,2011,date,0,4,2013265928,South East,E12000008,regions,480,7,8,Full Time Workers,8,sex,0,0,1,Weekly pay - gross,1,item,0,0,2,Median,2,item,0,0,20701,Confidence,0.7,A,Normal Value,F,Free (free for publication),Nm-99d1d32176e1d2013265928d8d1d2d20701,111,120
NM_99_1,2011,2011,2011,date,0,4,2013265929,South West,E12000009,regions,480,8,8,Full Time Workers,8,sex,0,0,1,Weekly pay - gross,1,item,0,0,2,Median,2,item,0,0,20100,Value,461.5,A,Normal Value,F,Free (free for publication),Nm-99d1d32176e1d2013265929d8d1d2d20100,112,120
NM_99_1,2011,2011,2011,date,0,4,2013265929,South West,E12000009,regions,480,8,8,Full Time Workers,8,sex,0,0,1,Weekly pay - gross,1,item,0,0,2,Median,2,item,0,0,20701,Confidence,0.9,A,Normal Value,F,Free (free for publication),Nm-99d1d32176e1d2013265929d8d1d2d20701,113,120
NM_99_1,2011,2011,2011,date,0,4,2013265930,Wales,W92000004,regions,480,9,8,Full Time Workers,8,sex,0,0,1,Weekly pay - gross,1,item,0,0,2,Median,2,item,0,0,20100,Value,451.3,A,Normal Value,F,Free (free for publication),Nm-99d1d32176e1d2013265930d8d1d2d20100,114,120
NM_99_1,2011,2011,2011,date,0,4,2013265930,Wales,W92000004,regions,480,9,8,Full Time Workers,8,sex,0,0,1,Weekly pay - gross,1,item,0,0,2,Median,2,item,0,0,20701,Confidence,1.2,A,Normal Value,F,Free (free for publication),Nm-99d1d32176e1d2013265930d8d1d2d20701,115,120
NM_99_1,2011,2011,2011,date,0,4,2013265931,Scotland,S92000003,regions,480,10,8,Full Time Workers,8,sex,0,0,1,Weekly pay - gross,1,item,0,0,2,Median,2,item,0,0,20100,Value,485.0,A,Normal Value,F,Free (free for publication),Nm-99d1d32176e1d2013265931d8d1d2d20100,116,120
NM_99_1,2011,2011,2011,date,0,4,2013265931,Scotland,S92000003,regions,480,10,8,Full Time Workers,8,sex,0,0,1,Weekly pay - gross,1,item,0,0,2,Median,2,item,0,0,20701,Confidence,0.8,A,Normal Value,F,Free (free for publication),Nm-99d1d32176e1d2013265931d8d1d2d20701,117,120
NM_99_1,2011,2011,2011,date,0,4,2013265932,Northern Ireland,N92000002,regions,480,11,8,Full Time Workers,8,sex,0,0,1,Weekly pay - gross,1,item,0,0,2,Median,2,item,0,0,20100,Value,444.7,A,Normal Value,F,Free (free for publication),Nm-99d1d32176e1d2013265932d8d1d2d20100,118,120
NM_99_1,2011,2011,2011,date,0,4,2013265932,Northern Ireland,N92000002,regions,480,11,8,Full Time Workers,8,sex,0,0,1,Weekly pay - gross,1,item,0,0,2,Median,2,item,0,0,20701,Confidence,1.7,A,Normal Value,F,Free (free for publication),Nm-99d1d32176e1d2013265932d8d1d2d20701,119,120
NM_99_1,2012,2012,2012,date,0,0,2013265921,North East,E12000001,regions,480,0,8,Full Time Workers,8,sex,0,0,1,Weekly pay - gross,1,item,0,0,2,Median,2,item,0,0,20100,Value,454.4,A,Normal Value,F,Free (free for publication),Nm-99d1d32192e1d2013265921d8d1d2d20100,0,120
NM_99_1,2012,2012,2012,date,0,0,2013265921,North East,E12000001,regions,480,0,8,Full Time Workers,8,sex,0,0,1,Weekly pay - gross,1,item,0,0,2,Median,2,item,0,0,20701,Confidence,1.1,A,Normal Value,F,Free (free for publication),Nm-99d1d32192e1d2013265921d8d1d2d20701,1,120
NM_99_1,2012,2012,2012,date,0,0,2013265922,North West,E12000002,regions,480,1,8,Full Time Workers,8,sex,0,0,1,Weekly pay - gross,1,item,0,0,2,Median,2,item,0,0,20100,Value,469.4,A,Normal Value,F,Free (free for publication),Nm-99d1d32192e1d2013265922d8d1d2d20100,2,120
NM_99_1,2012,2012,2012,date,0,0,2013265922,North West,E12000002,regions,480,1,8,Full Time Workers,8,sex,0,0,1,Weekly pay - gross,1,item,0,0,2,Median,2,item,0,0,20701,Confidence,1.0,A,Normal Value,F,Free (free for publication),Nm-99d1d32192e1d2013265922d8d1d2d20701,3,120
NM_99_1,2012,2012,2012,date,0,0,2013265923,Yorkshire and The Humber,E12000003,regions,480,2,8,Full Time Workers,8,sex,0,0,1,Weekly pay - gross,1,item,0,0,2,Median,2,item,0,0,20100,Value,464.5,A,Normal Value,F,Free (free for publication),Nm-99d1d32192e1d2013265923d8d1d2d20100,4,120
NM_99_1,2012,2012,2012,date,0,0,2013265923,Yorkshire and The Humber,E12000003,regions,480,2,8,Full Time Workers,8,sex,0,0,1,Weekly pay - gross,1,item,0,0,2,Median,2,item,0,0,20701,Confidence,1.0,A,Normal Value,F,Free (free for publication),Nm-99d1d32192e1d2013265923d8d1d2d20701,5,120
NM_99_1,2012,2012,2012,date,0,0,2013265924,East Midlands,E12000004,regions,480,3,8,Full Time Workers,8,sex,0,0,1,Weekly pay - gross,1,item,0,0,2,Median,2,item,0,0,20100,Value,464.4,A,Normal Value,F,Free (free for publication),Nm-99d1d32192e1d2013265924d8d1d2d20100,6,120
NM_99_1,2012,2012,2012,date,0,0,2013265924,East Midlands,E12000004,regions,480,3,8,Full Time Workers,8,sex,0,0,1,Weekly pay - gross,1,item,0,0,2,Median,2,item,0,0,20701,Confidence,1.1,A,Normal Value,F,Free (free for publication),Nm-99d1d32192e1d2013265924d8d1d2d20701,7,120
NM_99_1,2012,2012,2012,date,0,0,2013265925,West Midlands,E12000005,regions,480,4,8,Full Time Workers,8,sex,0,0,1,Weekly pay - gross,1,item,0,0,2,Median,2,item,0,0,20100,Value,469.2,A,Normal Value,F,Free (free for publication),Nm-99d1d32192e1d2013265925d8d1d2d20100,8,120
NM_99_1,2012,2012,2012,date,0,0,2013265925,West Midlands,E12000005,regions,480,4,8,Full Time Workers,8,sex,0,0,1,Weekly pay - gross,1,item,0,0,2,Median,2,item,0,0,20701,Confidence,1.0,A,Normal Value,F,Free (free for publication),Nm-99d1d32192e1d2013265925d8d1d2d20701,9,120
NM_99_1,2012,2012,2012,date,0,0,2013265926,East,E12000006,regions,480,5,8,Full Time Workers,8,sex,0,0,1,Weekly pay - gross,1,item,0,0,2,Median,2,item,0,0,20100,Value,495.2,A,Normal Value,F,Free (free for publication),Nm-99d1d32192e1d2013265926d8d1d2d20100,10,120
NM_99_1,2012,2012,2012,date,0,0,2013265926,East,E12000006,regions,480,5,8,Full Time Workers,8,sex,0,0,1,Weekly pay - gross,1,item,0,0,2,Median,2,item,0,0,20701,Confidence,0.8,A,Normal Value,F,Free (free for publication),Nm-99d1d32192e1d2013265926d8d1d2d20701,11,120
NM_99_1,2012,2012,2012,date,0,0,2013265927,London,E12000007,regions,480,6,8,Full Time Workers,8,sex,0,0,1,Weekly pay - gross,1,item,0,0,2,Median,2,item,0,0,20100,Value,652.1,A,Normal Value,F,Free (free for publication),Nm-99d1d32192e1d2013265927d8d1d2d20100,12,120
NM_99_1,2012,2012,2012,date,0,0,2013265927,London,E12000007,regions,480,6,8,Full Time Workers,8,sex,0,0,1,Weekly pay - gross,1,item,0,0,2,Median,2,item,0,0,20701,Confidence,0.6,A,Normal Value,F,Free (free for publication),Nm-99d1d32192e1d2013265927d8d1d2d20701,13,120
NM_99_1,2012,2012,2012,date,0,0,2013265928,South East,E12000008,regions,480,7,8,Full Time Workers,8,sex,0,0,1,Weekly pay - gross,1,item,0,0,2,Median,2,item,0,0,20100,Value,536.6,A,Normal Value,F,Free (free for publication),Nm-99d1d32192e1d2013265928d8d1d2d20100,14,120
NM_99_1,2012,2012,2012,date,0,0,2013265928,South East,E12000008,regions,480,7,8,Full Time Workers,8,sex,0,0,1,Weekly pay - gross,1,item,0,0,2,Median,2,item,0,0,20701,Confidence,0.7,A,Normal Value,F,Free (free for publication),Nm-99d1d32192e1d2013265928d8d1d2d20701,15,120
NM_99_1,2012,2012,2012,date,0,0,2013265929,South West,E12000009,regions,480,8,8,Full Time Workers,8,sex,0,0,1,Weekly pay - gross,1,item,0,0,2,Median,2,item,0,0,20100,Value,467.4,A,Normal Value,F,Free (free for publication),Nm-99d1d32192e1d2013265929d8d1d2d20100,16,120
NM_99_1,2012,2012,2012,date,0,0,2013265929,South West,E12000009,regions,480,8,8,Full Time Workers,8,sex,0,0,1,Weekly pay - gross,1,item,0,0,2,Median,2,item,0,0,20701,Confidence,1.0,A,Normal Value,F,Free (free for publication),Nm-99d1d32192e1d2013265929d8d1d2d20701,17,120
NM_99_1,2012,2012,2012,date,0,0,2013265930,Wales,W92000004,regions,480,9,8,Full Time Workers,8,sex,0,0,1,Weekly pay - gross,1,item,0,0,2,Median,2,item,0,0,20100,Value,452.5,A,Normal Value,F,Free (free for publication),Nm-99d1d32192e1d2013265930d8d1d2d20100,18,120
NM_99_1,2012,2012,2012,date,0,0,2013265930,Wales,W92000004,regions,480,9,8,Full Time Workers,8,sex,0,0,1,Weekly pay - gross,1,item,0,0,2,Median,2,item,0,0,20701,Confidence,1.2,A,Normal Value,F,Free (free for publication),Nm-99d1d32192e1d2013265930d8d1d2d20701,19,120
NM_99_1,2012,2012,2012,date,0,0,2013265931,Scotland,S92000003,regions,480,10,8,Full Time Workers,8,sex,0,0,1,Weekly pay - gross,1,item,0,0,2,Median,2,item,0,0,20100,Value,497.7,A,Normal Value,F,Free (free for publication),Nm-99d1d32192e1d2013265931d8d1d2d20100,20,120
NM_99_1,2012,2012,2012,date,0,0,2013265931,Scotland,S92000003,regions,480,10,8,Full Time Workers,8,sex,0,0,1,Weekly pay - gross,1,item,0,0,2,Median,2,item,0,0,20701,Confidence,0.8,A,Normal Value,F,Free (free for publication),Nm-99d1d32192e1d2013265931d8d1d2d20701,21,120
NM_99_1,2012,2012,2012,date,0,0,2013265932,Northern Ireland,N92000002,regions,480,11,8,Full Time Workers,8,sex,0,0,1,Weekly pay - gross,1,item,0,0,2,Median,2,item,0,0,20100,Value,457.6,A,Normal Value,F,Free (free for publication),Nm-99d1d32192e1d2013265932d8d1d2d20100,22,120
NM_99_1,2012,2012,2012,date,0,0,2013265932,Northern Ireland,N92000002,regions,480,11,8,Full Time Workers,8,sex,0,0,1,Weekly pay - gross,1,item,0,0,2,Median,2,item,0,0,20701,Confidence,1.9,A,Normal Value,F,Free (free for publication),Nm-99d1d32192e1d2013265932d8d1d2d20701,23,120
NM_99_1,2013,2013,2013,date,0,1,2013265921,North East,E12000001,regions,480,0,8,Full Time Workers,8,sex,0,0,1,Weekly pay - gross,1,item,0,0,2,Median,2,item,0,0,20100,Value,470.1,A,Normal Value,F,Free (free for publication),Nm-99d1d32208e1d2013265921d8d1d2d20100,24,120
NM_99_1,2013,2013,2013,date,0,1,2013265921,North East,E12000001,regions,480,0,8,Full Time Workers,8,sex,0,0,1,Weekly pay - gross,1,item,0,0,2,Median,2,item,0,0,20701,Confidence,1.3,A,Normal Value,F,Free (free for publication),Nm-99d1d32208e1d2013265921d8d1d2d20701,25,120
NM_99_1,2013,2013,2013,date,0,1,2013265922,North West,E12000002,regions,480,1,8,Full Time Workers,8,sex,0,0,1,Weekly pay - gross,1,item,0,0,2,Median,2,item,0,0,20100,Value,480.8,A,Normal Value,F,Free (free for publication),Nm-99d1d32208e1d2013265922d8d1d2d20100,26,120
NM_99_1,2013,2013,2013,date,0,1,2013265922,North West,E12000002,regions,480,1,8,Full Time Workers,8,sex,0,0,1,Weekly pay - gross,1,item,0,0,2,Median,2,item,0,0,20701,Confidence,0.7,A,Normal Value,F,Free (free for publication),Nm-99d1d32208e1d2013265922d8d1d2d20701,27,120
NM_99_1,2013,2013,2013,date,0,1,2013265923,Yorkshire and The Humber,E12000003,regions,480,2,8,Full Time Workers,8,sex,0,0,1,Weekly pay - gross,1,item,0,0,2,Median,2,item,0,0,20100,Value,479.1,A,Normal Value,F,Free (free for publication),Nm-99d1d32208e1d2013265923d8d1d2d20100,28,120
NM_99_1,2013,2013,2013,date,0,1,2013265923,Yorkshire and The Humber,E12000003,regions,480,2,8,Full Time Workers,8,sex,0,0,1,Weekly pay - gross,1,item,0,0,2,Median,2,item,0,0,20701,Confidence,0.9,A,Normal Value,F,Free (free for publication),Nm-99d1d32208e1d2013265923d8d1d2d20701,29,120
NM_99_1,2013,2013,2013,date,0,1,2013265924,East Midlands,E12000004,regions,480,3,8,Full Time Workers,8,sex,0,0,1,Weekly pay - gross,1,item,0,0,2,Median,2,item,0,0,20100,Value,474.1,A,Normal Value,F,Free (free for publication),Nm-99d1d32208e1d2013265924d8d1d2d20100,30,120
NM_99_1,2013,2013,2013,date,0,1,2013265924,East Midlands,E12000004,regions,480,3,8,Full Time Workers,8,sex,0,0,1,Weekly pay - gross,1,item,0,0,2,Median,2,item,0,0,20701,Confidence,1.0,A,Normal Value,F,Free (free for publication),Nm-99d1d32208e1d2013265924d8d1d2d20701,31,120
NM_99_1,2013,2013,2013,date,0,1,2013265925,West Midlands,E12000005,regions,480,4,8,Full Time Workers,8,sex,0,0,1,Weekly pay - gross,1,item,0,0,2,Median,2,item,0,0,20100,Value,484.5,A,Normal Value,F,Free (free for publication),Nm-99d1d32208e1d2013265925d8d1d2d20100,32,120
NM_99_1,2013,2013,2013,date,0,1,2013265925,West Midlands,E12000005,regions,480,4,8,Full Time Workers,8,sex,0,0,1,Weekly pay - gross,1,item,0,0,2,Median,2,item,0,0,20701,Confidence,0.9,A,Normal Value,F,Free (free for publication),Nm-99d1d32208e1d2013265925d8d1d2d20701,33,120
NM_99_1,2013,2013,2013,date,0,1,2013265926,East,E12000006,regions,480,5,8,Full Time Workers,8,sex,0,0,1,Weekly pay - gross,1,item,0,0,2,Median,2,item,0,0,20100,Value,505.0,A,Normal Value,F,Free (free for publication),Nm-99d1d32208e1d2013265926d8d1d2d20100,34,120
NM_99_1,2013,2013,2013,date,0,1,2013265926,East,E12000006,regions,480,5,8,Full Time Workers,8,sex,0,0,1,Weekly pay - gross,1,item,0,0,2,Median,2,item,0,0,20701,Confidence,1.0,A,Normal Value,F,Free (free for publication),Nm-99d1d32208e1d2013265926d8d1d2d20701,35,120
NM_99_1,2013,2013,2013,date,0,1,2013265927,London,E12000007,regions,480,6,8,Full Time Workers,8,sex,0,0,1,Weekly pay - gross,1,item,0,0,2,Median,2,item,0,0,20100,Value,654.8,A,Normal Value,F,Free (free for publication),Nm-99d1d32208e1d2013265927d8d1d2d20100,36,120
NM_99_1,2013,2013,2013,date,0,1,2013265927,London,E12000007,regions,480,6,8,Full Time Workers,8,sex,0,0,1,Weekly pay - gross,1,item,0,0,2,Median,2,item,0,0,20701,Confidence,0.6,A,Normal Value,F,Free (free for publication),Nm-99d1d32208e1d2013265927d8d1d2d20701,37,120
NM_99_1,2013,2013,2013,date,0,1,2013265928,South East,E12000008,regions,480,7,8,Full Time Workers,8,sex,0,0,1,Weekly pay - gross,1,item,0,0,2,Median,2,item,0,0,20100,Value,536.6,A,Normal Value,F,Free (free for publication),Nm-99d1d32208e1d2013265928d8d1d2d20100,38,120
NM_99_1,2013,2013,2013,date,0,1,2013265928,South East,E12000008,regions,480,7,8,Full Time Workers,8,sex,0,0,1,Weekly pay - gross,1,item,0,0,2,Median,2,item,0,0,20701,Confidence,0.7,A,Normal Value,F,Free (free for publication),Nm-99d1d32208e1d2013265928d8d1d2d20701,39,120
NM_99_1,2013,2013,2013,date,0,1,2013265929,South West,E12000009,regions,480,8,8,Full Time Workers,8,sex,0,0,1,Weekly pay - gross,1,item,0,0,2,Median,2,item,0,0,20100,Value,480.0,A,Normal Value,F,Free (free for publication),Nm-99d1d32208e1d2013265929d8d1d2d20100,40,120
NM_99_1,2013,2013,2013,date,0,1,2013265929,South West,E12000009,regions,480,8,8,Full Time Workers,8,sex,0,0,1,Weekly pay - gross,1,item,0,0,2,Median,2,item,0,0,20701,Confidence,0.8,A,Normal Value,F,Free (free for publication),Nm-99d1d32208e1d2013265929d8d1d2d20701,41,120
NM_99_1,2013,2013,2013,date,0,1,2013265930,Wales,W92000004,regions,480,9,8,Full Time Workers,8,sex,0,0,1,Weekly pay - gross,1,item,0,0,2,Median,2,item,0,0,20100,Value,470.5,A,Normal Value,F,Free (free for publication),Nm-99d1d32208e1d2013265930d8d1d2d20100,42,120
NM_99_1,2013,2013,2013,date,0,1,2013265930,Wales,W92000004,regions,480,9,8,Full Time Workers,8,sex,0,0,1,Weekly pay - gross,1,item,0,0,2,Median,2,item,0,0,20701,Confidence,1.2,A,Normal Value,F,Free (free for publication),Nm-99d1d32208e1d2013265930d8d1d2d20701,43,120
NM_99_1,2013,2013,2013,date,0,1,2013265931,Scotland,S92000003,regions,480,10,8,Full Time Workers,8,sex,0,0,1,Weekly pay - gross,1,item,0,0,2,Median,2,item,0,0,20100,Value,508.7,A,Normal Value,F,Free (free for publication),Nm-99d1d32208e1d2013265931d8d1d2d20100,44,120
NM_99_1,2013,2013,2013,date,0,1,2013265931,Scotland,S92000003,regions,480,10,8,Full Time Workers,8,sex,0,0,1,Weekly pay - gross,1,item,0,0,2,Median,2,item,0,0,20701,Confidence,0.9,A,Normal Value,F,Free (free for publication),Nm-99d1d32208e1d2013265931d8d1d2d20701,45,120
NM_99_1,2013,2013,2013,date,0,1,2013265932,Northern Ireland,N92000002,regions,480,11,8,Full Time Workers,8,sex,0,0,1,Weekly pay - gross,1,item,0,0,2,Median,2,item,0,0,20100,Value,463.6,A,Normal Value,F,Free (free for publication),Nm-99d1d32208e1d2013265932d8d1d2d20100,46,120
NM_99_1,2013,2013,2013,date,0,1,2013265932,Northern Ireland,N92000002,regions,480,11,8,Full Time Workers,8,sex,0,0,1,Weekly pay - gross,1,item,0,0,2,Median,2,item,0,0,20701,Confidence,1.5,A,Normal Value,F,Free (free for publication),Nm-99d1d32208e1d2013265932d8d1d2d20701,47,120
NM_99_1,2014,2014,2014,date,0,2,2013265921,North East,E12000001,regions,480,0,8,Full Time Workers,8,sex,0,0,1,Weekly pay - gross,1,item,0,0,2,Median,2,item,0,0,20100,Value,479.1,A,Normal Value,F,Free (free for publication),Nm-99d1d32224e1d2013265921d8d1d2d20100,48,120
NM_99_1,2014,2014,2014,date,0,2,2013265921,North East,E12000001,regions,480,0,8,Full Time Workers,8,sex,0,0,1,Weekly pay - gross,1,item,0,0,2,Median,2,item,0,0,20701,Confidence,1.3,A,Normal Value,F,Free (free for publication),Nm-99d1d32224e1d2013265921d8d1d2d20701,49,120
NM_99_1,2014,2014,2014,date,0,2,2013265922,North West,E12000002,regions,480,1,8,Full Time Workers,8,sex,0,0,1,Weekly pay - gross,1,item,0,0,2,Median,2,item,0,0,20100,Value,482.7,A,Normal Value,F,Free (free for publication),Nm-99d1d32224e1d2013265922d8d1d2d20100,50,120
NM_99_1,2014,2014,2014,date,0,2,2013265922,North West,E12000002,regions,480,1,8,Full Time Workers,8,sex,0,0,1,Weekly pay - gross,1,item,0,0,2,Median,2,item,0,0,20701,Confidence,0.7,A,Normal Value,F,Free (free for publication),Nm-99d1d32224e1d2013265922d8d1d2d20701,51,120
NM_99_1,2014,2014,2014,date,0,2,2013265923,Yorkshire and The Humber,E12000003,regions,480,2,8,Full Time Workers,8,sex,0,0,1,Weekly pay - gross,1,item,0,0,2,Median,2,item,0,0,20100,Value,479.1,A,Normal Value,F,Free (free for publication),Nm-99d1d32224e1d2013265923d8d1d2d20100,52,120
NM_99_1,2014,2014,2014,date,0,2,2013265923,Yorkshire and The Humber,E12000003,regions,480,2,8,Full Time Workers,8,sex,0,0,1,Weekly pay - gross,1,item,0,0,2,Median,2,item,0,0,20701,Confidence,0.9,A,Normal Value,F,Free (free for publication),Nm-99d1d32224e1d2013265923d8d1d2d20701,53,120
NM_99_1,2014,2014,2014,date,0,2,2013265924,East Midlands,E12000004,regions,480,3,8,Full Time Workers,8,sex,0,0,1,Weekly pay - gross,1,item,0,0,2,Median,2,item,0,0,20100,Value,477.1,A,Normal Value,F,Free (free for publication),Nm-99d1d32224e1d2013265924d8d1d2d20100,54,120
NM_99_1,2014,2014,2014,date,0,2,2013265924,East Midlands,E12000004,regions,480,3,8,Full Time Workers,8,sex,0,0,1,Weekly pay - gross,1,item,0,0,2,Median,2,item,0,0,20701,Confidence,0.9,A,Normal Value,F,Free (free for publication),Nm-99d1d32224e1d2013265924d8d1d2d20701,55,120
NM_99_1,2014,2014,2014,date,0,2,2013265925,West Midlands,E12000005,regions,480,4,8,Full Time Workers,8,sex,0,0,1,Weekly pay - gross,1,item,0,0,2,Median,2,item,0,0,20100,Value,479.2,A,Normal Value,F,Free (free for publication),Nm-99d1d32224e1d2013265925d8d1d2d20100,56,120
NM_99_1,2014,2014,2014,date,0,2,2013265925,West Midlands,E12000005,regions,480,4,8,Full Time Workers,8,sex,0,0,1,Weekly pay - gross,1,item,0,0,2,Median,2,item,0,0,20701,Confidence,0.8,A,Normal Value,F,Free (free for publication),Nm-99d1d32224e1d2013265925d8d1d2d20701,57,120
NM_99_1,2014,2014,2014,date,0,2,2013265926,East,E12000006,regions,480,5,8,Full Time Workers,8,sex,0,0,1,Weekly pay - gross,1,item,0,0,2,Median,2,item,0,0,20100,Value,504.1,A,Normal Value,F,Free (free for publication),Nm-99d1d32224e1d2013265926d8d1d2d20100,58,120
NM_99_1,2014,2014,2014,date,0,2,2013265926,East,E12000006,regions,480,5,8,Full Time Workers,8,sex,0,0,1,Weekly pay - gross,1,item,0,0,2,Median,2,item,0,0,20701,Confidence,0.8,A,Normal Value,F,Free (free for publication),Nm-99d1d32224e1d2013265926d8d1d2d20701,59,120
NM_99_1,2014,2014,2014,date,0,2,2013265927,London,E12000007,regions,480,6,8,Full Time Workers,8,sex,0,0,1,Weekly pay - gross,1,item,0,0,2,Median,2,item,0,0,20100,Value,660.0,A,Normal Value,F,Free (free for publication),Nm-99d1d32224e1d2013265927d8d1d2d20100,60,120
NM_99_1,2014,2014,2014,date,0,2,2013265927,London,E12000007,regions,480,6,8,Full Time Workers,8,sex,0,0,1,Weekly pay - gross,1,item,0,0,2,Median,2,item,0,0,20701,Confidence,0.7,A,Normal Value,F,Free (free for publication),Nm-99d1d32224e1d2013265927d8d1d2d20701,61,120
NM_99_1,2014,2014,2014,date,0,2,2013265928,South East,E12000008,regions,480,7,8,Full Time Workers,8,sex,0,0,1,Weekly pay - gross,1,item,0,0,2,Median,2,item,0,0,20100,Value,541.7,A,Normal Value,F,Free (free for publication),Nm-99d1d32224e1d2013265928d8d1d2d20100,62,120
NM_99_1,2014,2014,2014,date,0,2,2013265928,South East,E12000008,regions,480,7,8,Full Time Workers,8,sex,0,0,1,Weekly pay - gross,1,item,0,0,2,Median,2,item,0,0,20701,Confidence,0.6,A,Normal Value,F,Free (free for publication),Nm-99d1d32224e1d2013265928d8d1d2d20701,63,120
NM_99_1,2014,2014,2014,date,0,2,2013265929,South West,E12000009,regions,480,8,8,Full Time Workers,8,sex,0,0,1,Weekly pay - gross,1,item,0,0,2,Median,2,item,0,0,20100,Value,485.5,A,Normal Value,F,Free (free for publication),Nm-99d1d32224e1d2013265929d8d1d2d20100,64,120
NM_99_1,2014,2014,2014,date,0,2,2013265929,South West,E12000009,regions,480,8,8,Full Time Workers,8,sex,0,0,1,Weekly pay - gross,1,item,0,0,2,Median,2,item,0,0,20701,Confidence,0.9,A,Normal Value,F,Free (free for publication),Nm-99d1d32224e1d2013265929d8d1d2d20701,65,120
NM_99_1,2014,2014,2014,date,0,2,2013265930,Wales,W92000004,regions,480,9,8,Full Time Workers,8,sex,0,0,1,Weekly pay - gross,1,item,0,0,2,Median,2,item,0,0,20100,Value,473.9,A,Normal Value,F,Free (free for publication),Nm-99d1d32224e1d2013265930d8d1d2d20100,66,120
NM_99_1,2014,2014,2014,date,0,2,2013265930,Wales,W92000004,regions,480,9,8,Full Time Workers,8,sex,0,0,1,Weekly pay - gross,1,item,0,0,2,Median,2,item,0,0,20701,Confidence,1.4,A,Normal Value,F,Free (free for publication),Nm-99d1d32224e1d2013265930d8d1d2d20701,67,120
NM_99_1,2014,2014,2014,date,0,2,2013265931,Scotland,S92000003,regions,480,10,8,Full Time Workers,8,sex,0,0,1,Weekly pay - gross,1,item,0,0,2,Median,2,item,0,0,20100,Value,519.6,A,Normal Value,F,Free (free for publication),Nm-99d1d32224e1d2013265931d8d1d2d20100,68,120
NM_99_1,2014,2014,2014,date,0,2,2013265931,Scotland,S92000003,regions,480,10,8,Full Time Workers,8,sex,0,0,1,Weekly pay - gross,1,item,0,0,2,Median,2,item,0,0,20701,Confidence,0.9,A,Normal Value,F,Free (free for publication),Nm-99d1d32224e1d2013265931d8d1d2d20701,69,120
NM_99_1,2014,2014,2014,date,0,2,2013265932,Northern Ireland,N92000002,regions,480,11,8,Full Time Workers,8,sex,0,0,1,Weekly pay - gross,1,item,0,0,2,Median,2,item,0,0,20100,Value,460.0,A,Normal Value,F,Free (free for publication),Nm-99d1d32224e1d2013265932d8d1d2d20100,70,120
NM_99_1,2014,2014,2014,date,0,2,2013265932,Northern Ireland,N92000002,regions,480,11,8,Full Time Workers,8,sex,0,0,1,Weekly pay - gross,1,item,0,0,2,Median,2,item,0,0,20701,Confidence,1.6,A,Normal Value,F,Free (free for publication),Nm-99d1d32224e1d2013265932d8d1d2d20701,71,120
NM_99_1,2015,2015,2015,date,0,3,2013265921,North East,E12000001,regions,480,0,8,Full Time Workers,8,sex,0,0,1,Weekly pay - gross,1,item,0,0,2,Median,2,item,0,0,20100,Value,490.5,A,Normal Value,F,Free (free for publication),Nm-99d1d32240e1d2013265921d8d1d2d20100,72,120
NM_99_1,2015,2015,2015,date,0,3,2013265921,North East,E12000001,regions,480,0,8,Full Time Workers,8,sex,0,0,1,Weekly pay - gross,1,item,0,0,2,Median,2,item,0,0,20701,Confidence,1.2,A,Normal Value,F,Free (free for publication),Nm-99d1d32240e1d2013265921d8d1d2d20701,73,120
NM_99_1,2015,2015,2015,date,0,3,2013265922,North West,E12000002,regions,480,1,8,Full Time Workers,8,sex,0,0,1,Weekly pay - gross,1,item,0,0,2,Median,2,item,0,0,20100,Value,488.7,A,Normal Value,F,Free (free for publication),Nm-99d1d32240e1d2013265922d8d1d2d20100,74,120
NM_99_1,2015,2015,2015,date,0,3,2013265922,North West,E12000002,regions,480,1,8,Full Time Workers,8,sex,0,0,1,Weekly pay - gross,1,item,0,0,2,Median,2,item,0,0,20701,Confidence,0.9,A,Normal Value,F,Free (free for publication),Nm-99d1d32240e1d2013265922d8d1d2d20701,75,120
NM_99_1,2015,2015,2015,date,0,3,2013265923,Yorkshire and The Humber,E12000003,regions,480,2,8,Full Time Workers,8,sex,0,0,1,Weekly pay - gross,1,item,0,0,2,Median,2,item,0,0,20100,Value,486.2,A,Normal Value,F,Free (free for publication),Nm-99d1d32240e1d2013265923d8d1d2d20100,76,120
NM_99_1,2015,2015,2015,date,0,3,2013265923,Yorkshire and The Humber,E12000003,regions,480,2,8,Full Time Workers,8,sex,0,0,1,Weekly pay - gross,1,item,0,0,2,Median,2,item,0,0,20701,Confidence,0.9,A,Normal Value,F,Free (free for publication),Nm-99d1d32240e1d2013265923d8d1d2d20701,77,120
NM_99_1,2015,2015,2015,date,0,3,2013265924,East Midlands,E12000004,regions,480,3,8,Full Time Workers,8,sex,0,0,1,Weekly pay - gross,1,item,0,0,2,Median,2,item,0,0,20100,Value,479.1,A,Normal Value,F,Free (free for publication),Nm-99d1d32240e1d2013265924d8d1d2d20100,78,120
NM_99_1,2015,2015,2015,date,0,3,2013265924,East Midlands,E12000004,regions,480,3,8,Full Time Workers,8,sex,0,0,1,Weekly pay - gross,1,item,0,0,2,Median,2,item,0,0,20701,Confidence,0.9,A,Normal Value,F,Free (free for publication),Nm-99d1d32240e1d2013265924d8d1d2d20701,79,120
NM_99_1,2015,2015,2015,date,0,3,2013265925,West Midlands,E12000005,regions,480,4,8,Full Time Workers,8,sex,0,0,1,Weekly pay - gross,1,item,0,0,2,Median,2,item,0,0,20100,Value,492.1,A,Normal Value,F,Free (free for publication),Nm-99d1d32240e1d2013265925d8d1d2d20100,80,120
NM_99_1,2015,2015,2015,date,0,3,2013265925,West Midlands,E12000005,regions,480,4,8,Full Time Workers,8,sex,0,0,1,Weekly pay - gross,1,item,0,0,2,Median,2,item,0,0,20701,Confidence,0.7,A,Normal Value,F,Free (free for publication),Nm-99d1d32240e1d2013265925d8d1d2d20701,81,120
NM_99_1,2015,2015,2015,date,0,3,2013265926,East,E12000006,regions,480,5,8,Full Time Workers,8,sex,0,0,1,Weekly pay - gross,1,item,0,0,2,Median,2,item,0,0,20100,Value,516.8,A,Normal Value,F,Free (free for publication),Nm-99d1d32240e1d2013265926d8d1d2d20100,82,120
NM_99_1,2015,2015,2015,date,0,3,2013265926,East,E12000006,regions,480,5,8,Full Time Workers,8,sex,0,0,1,Weekly pay - gross,1,item,0,0,2,Median,2,item,0,0,20701,Confidence,1.0,A,Normal Value,F,Free (free for publication),Nm-99d1d32240e1d2013265926d8d1d2d20701,83,120
NM_99_1,2015,2015,2015,date,0,3,2013265927,London,E12000007,regions,480,6,8,Full Time Workers,8,sex,0,0,1,Weekly pay - gross,1,item,0,0,2,Median,2,item,0,0,20100,Value,659.7,A,Normal Value,F,Free (free for publication),Nm-99d1d32240e1d2013265927d8d1d2d20100,84,120
NM_99_1,2015,2015,2015,date,0,3,2013265927,London,E12000007,regions,480,6,8,Full Time Workers,8,sex,0,0,1,Weekly pay - gross,1,item,0,0,2,Median,2,item,0,0,20701,Confidence,0.6,A,Normal Value,F,Free (free for publication),Nm-99d1d32240e1d2013265927d8d1d2d20701,85,120
NM_99_1,2015,2015,2015,date,0,3,2013265928,South East,E12000008,regions,480,7,8,Full Time Workers,8,sex,0,0,1,Weekly pay - gross,1,item,0,0,2,Median,2,item,0,0,20100,Value,552.0,A,Normal Value,F,Free (free for publication),Nm-99d1d32240e1d2013265928d8d1d2d20100,86,120
NM_99_1,2015,2015,2015,date,0,3,2013265928,South East,E12000008,regions,480,7,8,Full Time Workers,8,sex,0,0,1,Weekly pay - gross,1,item,0,0,2,Median,2,item,0,0,20701,Confidence,0.6,A,Normal Value,F,Free (free for publication),Nm-99d1d32240e1d2013265928d8d1d2d20701,87,120
NM_99_1,2015,2015,2015,date,0,3,2013265929,South West,E12000009,regions,480,8,8,Full Time Workers,8,sex,0,0,1,Weekly pay - gross,1,item,0,0,2,Median,2,item,0,0,20100,Value,492.1,A,Normal Value,F,Free (free for publication),Nm-99d1d32240e1d2013265929d8d1d2d20100,88,120
NM_99_1,2015,2015,2015,date,0,3,2013265929,South West,E12000009,regions,480,8,8,Full Time Workers,8,sex,0,0,1,Weekly pay - gross,1,item,0,0,2,Median,2,item,0,0,20701,Confidence,0.9,A,Normal Value,F,Free (free for publication),Nm-99d1d32240e1d2013265929d8d1d2d20701,89,120
NM_99_1,2015,2015,2015,date,0,3,2013265930,Wales,W92000004,regions,480,9,8,Full Time Workers,8,sex,0,0,1,Weekly pay - gross,1,item,0,0,2,Median,2,item,0,0,20100,Value,478.6,A,Normal Value,F,Free (free for publication),Nm-99d1d32240e1d2013265930d8d1d2d20100,90,120
NM_99_1,2015,2015,2015,date,0,3,2013265930,Wales,W92000004,regions,480,9,8,Full Time Workers,8,sex,0,0,1,Weekly pay - gross,1,item,0,0,2,Median,2,item,0,0,20701,Confidence,1.5,A,Normal Value,F,Free (free for publication),Nm-99d1d32240e1d2013265930d8d1d2d20701,91,120
NM_99_1,2015,2015,2015,date,0,3,2013265931,Scotland,S92000003,regions,480,10,8,Full Time Workers,8,sex,0,0,1,Weekly pay - gross,1,item,0,0,2,Median,2,item,0,0,20100,Value,527.0,A,Normal Value,F,Free (free for publication),Nm-99d1d32240e1d2013265931d8d1d2d20100,92,120
NM_99_1,2015,2015,2015,date,0,3,2013265931,Scotland,S92000003,regions,480,10,8,Full Time Workers,8,sex,0,0,1,Weekly pay - gross,1,item,0,0,2,Median,2,item,0,0,20701,Confidence,0.8,A,Normal Value,F,Free (free for publication),Nm-99d1d32240e1d2013265931d8d1d2d20701,93,120
NM_99_1,2015,2015,2015,date,0,3,2013265932,Northern Ireland,N92000002,regions,480,11,8,Full Time Workers,8,sex,0,0,1,Weekly pay - gross,1,item,0,0,2,Median,2,item,0,0,20100,Value,484.7,A,Normal Value,F,Free (free for publication),Nm-99d1d32240e1d2013265932d8d1d2d20100,94,120
NM_99_1,2015,2015,2015,date,0,3,2013265932,Northern Ireland,N92000002,regions,480,11,8,Full Time Workers,8,sex,0,0,1,Weekly pay - gross,1,item,0,0,2,Median,2,item,0,0,20701,Confidence,1.5,A,Normal Value,F,Free (free for publication),Nm-99d1d32240e1d2013265932d8d1d2d20701,95,120
NM_99_1,2016,2016,2016,date,0,4,2013265921,North East,E12000001,regions,480,0,8,Full Time Workers,8,sex,0,0,1,Weekly pay - gross,1,item,0,0,2,Median,2,item,0,0,20100,Value,493.9,A,Normal Value,F,Free (free for publication),Nm-99d1d32256e1d2013265921d8d1d2d20100,96,120
NM_99_1,2016,2016,2016,date,0,4,2013265921,North East,E12000001,regions,480,0,8,Full Time Workers,8,sex,0,0,1,Weekly pay - gross,1,item,0,0,2,Median,2,item,0,0,20701,Confidence,1.3,A,Normal Value,F,Free (free for publication),Nm-99d1d32256e1d2013265921d8d1d2d20701,97,120
NM_99_1,2016,2016,2016,date,0,4,2013265922,North West,E12000002,regions,480,1,8,Full Time Workers,8,sex,0,0,1,Weekly pay - gross,1,item,0,0,2,Median,2,item,0,0,20100,Value,503.9,A,Normal Value,F,Free (free for publication),Nm-99d1d32256e1d2013265922d8d1d2d20100,98,120
NM_99_1,2016,2016,2016,date,0,4,2013265922,North West,E12000002,regions,480,1,8,Full Time Workers,8,sex,0,0,1,Weekly pay - gross,1,item,0,0,2,Median,2,item,0,0,20701,Confidence,0.8,A,Normal Value,F,Free (free for publication),Nm-99d1d32256e1d2013265922d8d1d2d20701,99,120
NM_99_1,2016,2016,2016,date,0,4,2013265923,Yorkshire and The Humber,E12000003,regions,480,2,8,Full Time Workers,8,sex,0,0,1,Weekly pay - gross,1,item,0,0,2,Median,2,item,0,0,20100,Value,498.3,A,Normal Value,F,Free (free for publication),Nm-99d1d32256e1d2013265923d8d1d2d20100,100,120
NM_99_1,2016,2016,2016,date,0,4,2013265923,Yorkshire and The Humber,E12000003,regions,480,2,8,Full Time Workers,8,sex,0,0,1,Weekly pay - gross,1,item,0,0,2,Median,2,item,0,0,20701,Confidence,0.9,A,Normal Value,F,Free (free for publication),Nm-99d1d32256e1d2013265923d8d1d2d20701,101,120
NM_99_1,2016,2016,2016,date,0,4,2013265924,East Midlands,E12000004,regions,480,3,8,Full Time Workers,8,sex,0,0,1,Weekly pay - gross,1,item,0,0,2,Median,2,item,0,0,20100,Value,483.1,A,Normal Value,F,Free (free for publication),Nm-99d1d32256e1d2013265924d8d1d2d20100,102,120
NM_99_1,2016,2016,2016,date,0,4,2013265924,East Midlands,E12000004,regions,480,3,8,Full Time Workers,8,sex,0,0,1,Weekly pay - gross,1,item,0,0,2,Median,2,item,0,0,20701,Confidence,0.8,A,Normal Value,F,Free (free for publication),Nm-99d1d32256e1d2013265924d8d1d2d20701,103,120
NM_99_1,2016,2016,2016,date,0,4,2013265925,West Midlands,E12000005,regions,480,4,8,Full Time Workers,8,sex,0,0,1,Weekly pay - gross,1,item,0,0,2,Median,2,item,0,0,20100,Value,509.8,A,Normal Value,F,Free (free for publication),Nm-99d1d32256e1d2013265925d8d1d2d20100,104,120
NM_99_1,2016,2016,2016,date,0,4,2013265925,West Midlands,E12000005,regions,480,4,8,Full Time Workers,8,sex,0,0,1,Weekly pay - gross,1,item,0,0,2,Median,2,item,0,0,20701,Confidence,1.0,A,Normal Value,F,Free (free for publication),Nm-99d1d32256e1d2013265925d8d1d2d20701,105,120
NM_99_1,2016,2016,2016,date,0,4,2013265926,East,E12000006,regions,480,5,8,Full Time Workers,8,sex,0,0,1,Weekly pay - gross,1,item,0,0,2,Median,2,item,0,0,20100,Value,528.6,A,Normal Value,F,Free (free for publication),Nm-99d1d32256e1d2013265926d8d1d2d20100,106,120
NM_99_1,2016,2016,2016,date,0,4,2013265926,East,E12000006,regions,480,5,8,Full Time Workers,8,sex,0,0,1,Weekly pay - gross,1,item,0,0,2,Median,2,item,0,0,20701,Confidence,0.9,A,Normal Value,F,Free (free for publication),Nm-99d1d32256e1d2013265926d8d1d2d20701,107,120
NM_99_1,2016,2016,2016,date,0,4,2013265927,London,E12000007,regions,480,6,8,Full Time Workers,8,sex,0,0,1,Weekly pay - gross,1,item,0,0,2,Median,2,item,0,0,20100,Value,670.8,A,Normal Value,F,Free (free for publication),Nm-99d1d32256e1d2013265927d8d1d2d20100,108,120
NM_99_1,2016,2016,2016,date,0,4,2013265927,London,E12000007,regions,480,6,8,Full Time Workers,8,sex,0,0,1,Weekly pay - gross,1,item,0,0,2,Median,2,item,0,0,20701,Confidence,0.6,A,Normal Value,F,Free (free for publication),Nm-99d1d32256e1d2013265927d8d1d2d20701,109,120
NM_99_1,2016,2016,2016,date,0,4,2013265928,South East,E12000008,regions,480,7,8,Full Time Workers,8,sex,0,0,1,Weekly pay - gross,1,item,0,0,2,Median,2,item,0,0,20100,Value,565.4,A,Normal Value,F,Free (free for publication),Nm-99d1d32256e1d2013265928d8d1d2d20100,110,120
NM_99_1,2016,2016,2016,date,0,4,2013265928,South East,E12000008,regions,480,7,8,Full Time Workers,8,sex,0,0,1,Weekly pay - gross,1,item,0,0,2,Median,2,item,0,0,20701,Confidence,0.8,A,Normal Value,F,Free (free for publication),Nm-99d1d32256e1d2013265928d8d1d2d20701,111,120
NM_99_1,2016,2016,2016,date,0,4,2013265929,South West,E12000009,regions,480,8,8,Full Time Workers,8,sex,0,0,1,Weekly pay - gross,1,item,0,0,2,Median,2,item,0,0,20100,Value,505.8,A,Normal Value,F,Free (free for publication),Nm-99d1d32256e1d2013265929d8d1d2d20100,112,120
NM_99_1,2016,2016,2016,date,0,4,2013265929,South West,E12000009,regions,480,8,8,Full Time Workers,8,sex,0,0,1,Weekly pay - gross,1,item,0,0,2,Median,2,item,0,0,20701,Confidence,1.0,A,Normal Value,F,Free (free for publication),Nm-99d1d32256e1d2013265929d8d1d2d20701,113,120
NM_99_1,2016,2016,2016,date,0,4,2013265930,Wales,W92000004,regions,480,9,8,Full Time Workers,8,sex,0,0,1,Weekly pay - gross,1,item,0,0,2,Median,2,item,0,0,20100,Value,493.7,A,Normal Value,F,Free (free for publication),Nm-99d1d32256e1d2013265930d8d1d2d20100,114,120
NM_99_1,2016,2016,2016,date,0,4,2013265930,Wales,W92000004,regions,480,9,8,Full Time Workers,8,sex,0,0,1,Weekly pay - gross,1,item,0,0,2,Median,2,item,0,0,20701,Confidence,1.4,A,Normal Value,F,Free (free for publication),Nm-99d1d32256e1d2013265930d8d1d2d20701,115,120
NM_99_1,2016,2016,2016,date,0,4,2013265931,Scotland,S92000003,regions,480,10,8,Full Time Workers,8,sex,0,0,1,Weekly pay - gross,1,item,0,0,2,Median,2,item,0,0,20100,Value,534.5,A,Normal Value,F,Free (free for publication),Nm-99d1d32256e1d2013265931d8d1d2d20100,116,120
NM_99_1,2016,2016,2016,date,0,4,2013265931,Scotland,S92000003,regions,480,10,8,Full Time Workers,8,sex,0,0,1,Weekly pay - gross,1,item,0,0,2,Median,2,item,0,0,20701,Confidence,0.9,A,Normal Value,F,Free (free for publication),Nm-99d1d32256e1d2013265931d8d1d2d20701,117,120
NM_99_1,2016,2016,2016,date,0,4,2013265932,Northern Ireland,N92000002,regions,480,11,8,Full Time Workers,8,sex,0,0,1,Weekly pay - gross,1,item,0,0,2,Median,2,item,0,0,20100,Value,493.6,A,Normal Value,F,Free (free for publication),Nm-99d1d32256e1d2013265932d8d1d2d20100,118,120
NM_99_1,2016,2016,2016,date,0,4,2013265932,Northern Ireland,N92000002,regions,480,11,8,Full Time Workers,8,sex,0,0,1,Weekly pay - gross,1,item,0,0,2,Median,2,item,0,0,20701,Confidence,1.5,A,Normal Value,F,Free (free for publication),Nm-99d1d32256e1d2013265932d8d1d2d20701,119,120
NM_99_1,2017,2017,2017,date,0,0,2013265921,North East,E12000001,regions,480,0,8,Full Time Workers,8,sex,0,0,1,Weekly pay - gross,1,item,0,0,2,Median,2,item,0,0,20100,Value,504.1,A,Normal Value,F,Free (free for publication),Nm-99d1d32272e1d2013265921d8d1d2d20100,0,120
NM_99_1,2017,2017,2017,date,0,0,2013265921,North East,E12000001,regions,480,0,8,Full Time Workers,8,sex,0,0,1,Weekly pay - gross,1,item,0,0,2,Median,2,item,0,0,20701,Confidence,1.2,A,Normal Value,F,Free (free for publication),Nm-99d1d32272e1d2013265921d8d1d2d20701,1,120
NM_99_1,2017,2017,2017,date,0,0,2013265922,North West,E12000002,regions,480,1,8,Full Time Workers,8,sex,0,0,1,Weekly pay - gross,1,item,0,0,2,Median,2,item,0,0,20100,Value,514.2,A,Normal Value,F,Free (free for publication),Nm-99d1d32272e1d2013265922d8d1d2d20100,2,120
NM_99_1,2017,2017,2017,date,0,0,2013265922,North West,E12000002,regions,480,1,8,Full Time Workers,8,sex,0,0,1,Weekly pay - gross,1,item,0,0,2,Median,2,item,0,0,20701,Confidence,0.9,A,Normal Value,F,Free (free for publication),Nm-99d1d32272e1d2013265922d8d1d2d20701,3,120
NM_99_1,2017,2017,2017,date,0,0,2013265923,Yorkshire and The Humber,E12000003,regions,480,2,8,Full Time Workers,8,sex,0,0,1,Weekly pay - gross,1,item,0,0,2,Median,2,item,0,0,20100,Value,502.5,A,Normal Value,F,Free (free for publication),Nm-99d1d32272e1d2013265923d8d1d2d20100,4,120
NM_99_1,2017,2017,2017,date,0,0,2013265923,Yorkshire and The Humber,E12000003,regions,480,2,8,Full Time Workers,8,sex,0,0,1,Weekly pay - gross,1,item,0,0,2,Median,2,item,0,0,20701,Confidence,0.8,A,Normal Value,F,Free (free for publication),Nm-99d1d32272e1d2013265923d8d1d2d20701,5,120
NM_99_1,2017,2017,2017,date,0,0,2013265924,East Midlands,E12000004,regions,480,3,8,Full Time Workers,8,sex,0,0,1,Weekly pay - gross,1,item,0,0,2,Median,2,item,0,0,20100,Value,499.9,A,Normal Value,F,Free (free for publication),Nm-99d1d32272e1d2013265924d8d1d2d20100,6,120
NM_99_1,2017,2017,2017,date,0,0,2013265924,East Midlands,E12000004,regions,480,3,8,Full Time Workers,8,sex,0,0,1,Weekly pay - gross,1,item,0,0,2,Median,2,item,0,0,20701,Confidence,1.0,A,Normal Value,F,Free (free for publication),Nm-99d1d32272e1d2013265924d8d1d2d20701,7,120
NM_99_1,2017,2017,2017,date,0,0,2013265925,West Midlands,E12000005,regions,480,4,8,Full Time Workers,8,sex,0,0,1,Weekly pay - gross,1,item,0,0,2,Median,2,item,0,0,20100,Value,514.8,A,Normal Value,F,Free (free for publication),Nm-99d1d32272e1d2013265925d8d1d2d20100,8,120
NM_99_1,2017,2017,2017,date,0,0,2013265925,West Midlands,E12000005,regions,480,4,8,Full Time Workers,8,sex,0,0,1,Weekly pay - gross,1,item,0,0,2,Median,2,item,0,0,20701,Confidence,1.0,A,Normal Value,F,Free (free for publication),Nm-99d1d32272e1d2013265925d8d1d2d20701,9,120
NM_99_1,2017,2017,2017,date,0,0,2013265926,East,E12000006,regions,480,5,8,Full Time Workers,8,sex,0,0,1,Weekly pay - gross,1,item,0,0,2,Median,2,item,0,0,20100,Value,545.1,A,Normal Value,F,Free (free for publication),Nm-99d1d32272e1d2013265926d8d1d2d20100,10,120
NM_99_1,2017,2017,2017,date,0,0,2013265926,East,E12000006,regions,480,5,8,Full Time Workers,8,sex,0,0,1,Weekly pay - gross,1,item,0,0,2,Median,2,item,0,0,20701,Confidence,0.8,A,Normal Value,F,Free (free for publication),Nm-99d1d32272e1d2013265926d8d1d2d20701,11,120
NM_99_1,2017,2017,2017,date,0,0,2013265927,London,E12000007,regions,480,6,8,Full Time Workers,8,sex,0,0,1,Weekly pay - gross,1,item,0,0,2,Median,2,item,0,0,20100,Value,691.1,A,Normal Value,F,Free (free for publication),Nm-99d1d32272e1d2013265927d8d1d2d20100,12,120
NM_99_1,2017,2017,2017,date,0,0,2013265927,London,E12000007,regions,480,6,8,Full Time Workers,8,sex,0,0,1,Weekly pay - gross,1,item,0,0,2,Median,2,item,0,0,20701,Confidence,0.6,A,Normal Value,F,Free (free for publication),Nm-99d1d32272e1d2013265927d8d1d2d20701,13,120
NM_99_1,2017,2017,2017,date,0,0,2013265928,South East,E12000008,regions,480,7,8,Full Time Workers,8,sex,0,0,1,Weekly pay - gross,1,item,0,0,2,Median,2,item,0,0,20100,Value,574.9,A,Normal Value,F,Free (free for publication),Nm-99d1d32272e1d2013265928d8d1d2d20100,14,120
NM_99_1,2017,2017,2017,date,0,0,2013265928,South East,E12000008,regions,480,7,8,Full Time Workers,8,sex,0,0,1,Weekly pay - gross,1,item,0,0,2,Median,2,item,0,0,20701,Confidence,0.6,A,Normal Value,F,Free (free for publication),Nm-99d1d32272e1d2013265928d8d1d2d20701,15,120
NM_99_1,2017,2017,2017,date,0,0,2013265929,South West,E12000009,regions,480,8,8,Full Time Workers,8,sex,0,0,1,Weekly pay - gross,1,item,0,0,2,Median,2,item,0,0,20100,Value,519.8,A,Normal Value,F,Free (free for publication),Nm-99d1d32272e1d2013265929d8d1d2d20100,16,120
NM_99_1,2017,2017,2017,date,0,0,2013265929,South West,E12000009,regions,480,8,8,Full Time Workers,8,sex,0,0,1,Weekly pay - gross,1,item,0,0,2,Median,2,item,0,0,20701,Confidence,0.8,A,Normal Value,F,Free (free for publication),Nm-99d1d32272e1d2013265929d8d1d2d20701,17,120
NM_99_1,2017,2017,2017,date,0,0,2013265930,Wales,W92000004,regions,480,9,8,Full Time Workers,8,sex,0,0,1,Weekly pay - gross,1,item,0,0,2,Median,2,item,0,0,20100,Value,498.3,A,Normal Value,F,Free (free for publication),Nm-99d1d32272e1d2013265930d8d1d2d20100,18,120
NM_99_1,2017,2017,2017,date,0,0,2013265930,Wales,W92000004,regions,480,9,8,Full Time Workers,8,sex,0,0,1,Weekly pay - gross,1,item,0,0,2,Median,2,item,0,0,20701,Confidence,1.3,A,Normal Value,F,Free (free for publication),Nm-99d1d32272e1d2013265930d8d1d2d20701,19,120
NM_99_1,2017,2017,2017,date,0,0,2013265931,Scotland,S92000003,regions,480,10,8,Full Time Workers,8,sex,0,0,1,Weekly pay - gross,1,item,0,0,2,Median,2,item,0,0,20100,Value,546.6,A,Normal Value,F,Free (free for publication),Nm-99d1d32272e1d2013265931d8d1d2d20100,20,120
NM_99_1,2017,2017,2017,date,0,0,2013265931,Scotland,S92000003,regions,480,10,8,Full Time Workers,8,sex,0,0,1,Weekly pay - gross,1,item,0,0,2,Median,2,item,0,0,20701,Confidence,0.8,A,Normal Value,F,Free (free for publication),Nm-99d1d32272e1d2013265931d8d1d2d20701,21,120
NM_99_1,2017,2017,2017,date,0,0,2013265932,Northern Ireland,N92000002,regions,480,11,8,Full Time Workers,8,sex,0,0,1,Weekly pay - gross,1,item,0,0,2,Median,2,item,0,0,20100,Value,500.0,A,Normal Value,F,Free (free for publication),Nm-99d1d32272e1d2013265932d8d1d2d20100,22,120
NM_99_1,2017,2017,2017,date,0,0,2013265932,Northern Ireland,N92000002,regions,480,11,8,Full Time Workers,8,sex,0,0,1,Weekly pay - gross,1,item,0,0,2,Median,2,item,0,0,20701,Confidence,1.5,A,Normal Value,F,Free (free for publication),Nm-99d1d32272e1d2013265932d8d1d2d20701,23,120
NM_99_1,2018,2018,2018,date,0,1,2013265921,North East,E12000001,regions,480,0,8,Full Time Workers,8,sex,0,0,1,Weekly pay - gross,1,item,0,0,2,Median,2,item,0,0,20100,Value,507.0,A,Normal Value,F,Free (free for publication),Nm-99d1d32288e1d2013265921d8d1d2d20100,24,120
NM_99_1,2018,2018,2018,date,0,1,2013265921,North East,E12000001,regions,480,0,8,Full Time Workers,8,sex,0,0,1,Weekly pay - gross,1,item,0,0,2,Median,2,item,0,0,20701,Confidence,1.1,A,Normal Value,F,Free (free for publication),Nm-99d1d32288e1d2013265921d8d1d2d20701,25,120
NM_99_1,2018,2018,2018,date,0,1,2013265922,North West,E12000002,regions,480,1,8,Full Time Workers,8,sex,0,0,1,Weekly pay - gross,1,item,0,0,2,Median,2,item,0,0,20100,Value,529.9,A,Normal Value,F,Free (free for publication),Nm-99d1d32288e1d2013265922d8d1d2d20100,26,120
NM_99_1,2018,2018,2018,date,0,1,2013265922,North West,E12000002,regions,480,1,8,Full Time Workers,8,sex,0,0,1,Weekly pay - gross,1,item,0,0,2,Median,2,item,0,0,20701,Confidence,0.8,A,Normal Value,F,Free (free for publication),Nm-99d1d32288e1d2013265922d8d1d2d20701,27,120
NM_99_1,2018,2018,2018,date,0,1,2013265923,Yorkshire and The Humber,E12000003,regions,480,2,8,Full Time Workers,8,sex,0,0,1,Weekly pay - gross,1,item,0,0,2,Median,2,item,0,0,20100,Value,520.4,A,Normal Value,F,Free (free for publication),Nm-99d1d32288e1d2013265923d8d1d2d20100,28,120
NM_99_1,2018,2018,2018,date,0,1,2013265923,Yorkshire and The Humber,E12000003,regions,480,2,8,Full Time Workers,8,sex,0,0,1,Weekly pay - gross,1,item,0,0,2,Median,2,item,0,0,20701,Confidence,0.9,A,Normal Value,F,Free (free for publication),Nm-99d1d32288e1d2013265923d8d1d2d20701,29,120
NM_99_1,2018,2018,2018,date,0,1,2013265924,East Midlands,E12000004,regions,480,3,8,Full Time Workers,8,sex,0,0,1,Weekly pay - gross,1,item,0,0,2,Median,2,item,0,0,20100,Value,515.6,A,Normal Value,F,Free (free for publication),Nm-99d1d32288e1d2013265924d8d1d2d20100,30,120
NM_99_1,2018,2018,2018,date,0,1,2013265924,East Midlands,E12000004,regions,480,3,8,Full Time Workers,8,sex,0,0,1,Weekly pay - gross,1,item,0,0,2,Median,2,item,0,0,20701,Confidence,0.9,A,Normal Value,F,Free (free for publication),Nm-99d1d32288e1d2013265924d8d1d2d20701,31,120
NM_99_1,2018,2018,2018,date,0,1,2013265925,West Midlands,E12000005,regions,480,4,8,Full Time Workers,8,sex,0,0,1,Weekly pay - gross,1,item,0,0,2,Median,2,item,0,0,20100,Value,536.6,A,Normal Value,F,Free (free for publication),Nm-99d1d32288e1d2013265925d8d1d2d20100,32,120
NM_99_1,2018,2018,2018,date,0,1,2013265925,West Midlands,E12000005,regions,480,4,8,Full Time Workers,8,sex,0,0,1,Weekly pay - gross,1,item,0,0,2,Median,2,item,0,0,20701,Confidence,1.0,A,Normal Value,F,Free (free for publication),Nm-99d1d32288e1d2013265925d8d1d2d20701,33,120
NM_99_1,2018,2018,2018,date,0,1,2013265926,East,E12000006,regions,480,5,8,Full Time Workers,8,sex,0,0,1,Weekly pay - gross,1,item,0,0,2,Median,2,item,0,0,20100,Value,557.8,A,Normal Value,F,Free (free for publication),Nm-99d1d32288e1d2013265926d8d1d2d20100,34,120
NM_99_1,2018,2018,2018,date,0,1,2013265926,East,E12000006,regions,480,5,8,Full Time Workers,8,sex,0,0,1,Weekly pay - gross,1,item,0,0,2,Median,2,item,0,0,20701,Confidence,0.9,A,Normal Value,F,Free (free for publication),Nm-99d1d32288e1d2013265926d8d1d2d20701,35,120
NM_99_1,2018,2018,2018,date,0,1,2013265927,London,E12000007,regions,480,6,8,Full Time Workers,8,sex,0,0,1,Weekly pay - gross,1,item,0,0,2,Median,2,item,0,0,20100,Value,713.0,A,Normal Value,F,Free (free for publication),Nm-99d1d32288e1d2013265927d8d1d2d20100,36,120
NM_99_1,2018,2018,2018,date,0,1,2013265927,London,E12000007,regions,480,6,8,Full Time Workers,8,sex,0,0,1,Weekly pay - gross,1,item,0,0,2,Median,2,item,0,0,20701,Confidence,0.8,A,Normal Value,F,Free (free for publication),Nm-99d1d32288e1d2013265927d8d1d2d20701,37,120
NM_99_1,2018,2018,2018,date,0,1,2013265928,South East,E12000008,regions,480,7,8,Full Time Workers,8,sex,0,0,1,Weekly pay - gross,1,item,0,0,2,Median,2,item,0,0,20100,Value,589.1,A,Normal Value,F,Free (free for publication),Nm-99d1d32288e1d2013265928d8d1d2d20100,38,120
NM_99_1,2018,2018,2018,date,0,1,2013265928,South East,E12000008,regions,480,7,8,Full Time Workers,8,sex,0,0,1,Weekly pay - gross,1,item,0,0,2,Median,2,item,0,0,20701,Confidence,0.8,A,Normal Value,F,Free (free for publication),Nm-99d1d32288e1d2013265928d8d1d2d20701,39,120
NM_99_1,2018,2018,2018,date,0,1,2013265929,South West,E12000009,regions,480,8,8,Full Time Workers,8,sex,0,0,1,Weekly pay - gross,1,item,0,0,2,Median,2,item,0,0,20100,Value,531.4,A,Normal Value,F,Free (free for publication),Nm-99d1d32288e1d2013265929d8d1d2d20100,40,120
NM_99_1,2018,2018,2018,date,0,1,2013265929,South West,E12000009,regions,480,8,8,Full Time Workers,8,sex,0,0,1,Weekly pay - gross,1,item,0,0,2,Median,2,item,0,0,20701,Confidence,0.9,A,Normal Value,F,Free (free for publication),Nm-99d1d32288e1d2013265929d8d1d2d20701,41,120
NM_99_1,2018,2018,2018,date,0,1,2013265930,Wales,W92000004,regions,480,9,8,Full Time Workers,8,sex,0,0,1,Weekly pay - gross,1,item,0,0,2,Median,2,item,0,0,20100,Value,509.0,A,Normal Value,F,Free (free for publication),Nm-99d1d32288e1d2013265930d8d1d2d20100,42,120
NM_99_1,2018,2018,2018,date,0,1,2013265930,Wales,W92000004,regions,480,9,8,Full Time Workers,8,sex,0,0,1,Weekly pay - gross,1,item,0,0,2,Median,2,item,0,0,20701,Confidence,1.2,A,Normal Value,F,Free (free for publication),Nm-99d1d32288e1d2013265930d8d1d2d20701,43,120
NM_99_1,2018,2018,2018,date,0,1,2013265931,Scotland,S92000003,regions,480,10,8,Full Time Workers,8,sex,0,0,1,Weekly pay - gross,1,item,0,0,2,Median,2,item,0,0,20100,Value,563.1,A,Normal Value,F,Free (free for publication),Nm-99d1d32288e1d2013265931d8d1d2d20100,44,120
NM_99_1,2018,2018,2018,date,0,1,2013265931,Scotland,S92000003,regions,480,10,8,Full Time Workers,8,sex,0,0,1,Weekly pay - gross,1,item,0,0,2,Median,2,item,0,0,20701,Confidence,0.8,A,Normal Value,F,Free (free for publication),Nm-99d1d32288e1d2013265931d8d1d2d20701,45,120
NM_99_1,2018,2018,2018,date,0,1,2013265932,Northern Ireland,N92000002,regions,480,11,8,Full Time Workers,8,sex,0,0,1,Weekly pay - gross,1,item,0,0,2,Median,2,item,0,0,20100,Value,517.8,A,Normal Value,F,Free (free for publication),Nm-99d1d32288e1d2013265932d8d1d2d20100,46,120
NM_99_1,2018,2018,2018,date,0,1,2013265932,Northern Ireland,N92000002,regions,480,11,8,Full Time Workers,8,sex,0,0,1,Weekly pay - gross,1,item,0,0,2,Median,2,item,0,0,20701,Confidence,1.5,A,Normal Value,F,Free (free for publication),Nm-99d1d32288e1d2013265932d8d1d2d20701,47,120
NM_99_1,2019,2019,2019,date,0,2,2013265921,North East,E12000001,regions,480,0,8,Full Time Workers,8,sex,0,0,1,Weekly pay - gross,1,item,0,0,2,Median,2,item,0,0,20100,Value,533.2,A,Normal Value,F,Free (free for publication),Nm-99d1d32304e1d2013265921d8d1d2d20100,48,120
NM_99_1,2019,2019,2019,date,0,2,2013265921,North East,E12000001,regions,480,0,8,Full Time Workers,8,sex,0,0,1,Weekly pay - gross,1,item,0,0,2,Median,2,item,0,0,20701,Confidence,1.4,A,Normal Value,F,Free (free for publication),Nm-99d1d32304e1d2013265921d8d1d2d20701,49,120
NM_99_1,2019,2019,2019,date,0,2,2013265922,North West,E12000002,regions,480,1,8,Full Time Workers,8,sex,0,0,1,Weekly pay - gross,1,item,0,0,2,Median,2,item,0,0,20100,Value,550.5,A,Normal Value,F,Free (free for publication),Nm-99d1d32304e1d2013265922d8d1d2d20100,50,120
NM_99_1,2019,2019,2019,date,0,2,2013265922,North West,E12000002,regions,480,1,8,Full Time Workers,8,sex,0,0,1,Weekly pay - gross,1,item,0,0,2,Median,2,item,0,0,20701,Confidence,0.9,A,Normal Value,F,Free (free for publication),Nm-99d1d32304e1d2013265922d8d1d2d20701,51,120
NM_99_1,2019,2019,2019,date,0,2,2013265923,Yorkshire and The Humber,E12000003,regions,480,2,8,Full Time Workers,8,sex,0,0,1,Weekly pay - gross,1,item,0,0,2,Median,2,item,0,0,20100,Value,538.9,A,Normal Value,F,Free (free for publication),Nm-99d1d32304e1d2013265923d8d1d2d20100,52,120
NM_99_1,2019,2019,2019,date,0,2,2013265923,Yorkshire and The Humber,E12000003,regions,480,2,8,Full Time Workers,8,sex,0,0,1,Weekly pay - gross,1,item,0,0,2,Median,2,item,0,0,20701,Confidence,0.9,A,Normal Value,F,Free (free for publication),Nm-99d1d32304e1d2013265923d8d1d2d20701,53,120
NM_99_1,2019,2019,2019,date,0,2,2013265924,East Midlands,E12000004,regions,480,3,8,Full Time Workers,8,sex,0,0,1,Weekly pay - gross,1,item,0,0,2,Median,2,item,0,0,20100,Value,535.3,A,Normal Value,F,Free (free for publication),Nm-99d1d32304e1d2013265924d8d1d2d20100,54,120
NM_99_1,2019,2019,2019,date,0,2,2013265924,East Midlands,E12000004,regions,480,3,8,Full Time Workers,8,sex,0,0,1,Weekly pay - gross,1,item,0,0,2,Median,2,item,0,0,20701,Confidence,0.9,A,Normal Value,F,Free (free for publication),Nm-99d1d32304e1d2013265924d8d1d2d20701,55,120
NM_99_1,2019,2019,2019,date,0,2,2013265925,West Midlands,E12000005,regions,480,4,8,Full Time Workers,8,sex,0,0,1,Weekly pay - gross,1,item,0,0,2,Median,2,item,0,0,20100,Value,552.5,A,Normal Value,F,Free (free for publication),Nm-99d1d32304e1d2013265925d8d1d2d20100,56,120
NM_99_1,2019,2019,2019,date,0,2,2013265925,West Midlands,E12000005,regions,480,4,8,Full Time Workers,8,sex,0,0,1,Weekly pay - gross,1,item,0,0,2,Median,2,item,0,0,20701,Confidence,0.9,A,Normal Value,F,Free (free for publication),Nm-99d1d32304e1d2013265925d8d1d2d20701,57,120
NM_99_1,2019,2019,2019,date,0,2,2013265926,East,E12000006,regions,480,5,8,Full Time Workers,8,sex,0,0,1,Weekly pay - gross,1,item,0,0,2,Median,2,item,0,0,20100,Value,581.0,A,Normal Value,F,Free (free for publication),Nm-99d1d32304e1d2013265926d8d1d2d20100,58,120
NM_99_1,2019,2019,2019,date,0,2,2013265926,East,E12000006,regions,480,5,8,Full Time Workers,8,sex,0,0,1,Weekly pay - gross,1,item,0,0,2,Median,2,item,0,0,20701,Confidence,0.7,A,Normal Value,F,Free (free for publication),Nm-99d1d32304e1d2013265926d8d1d2d20701,59,120
NM_99_1,2019,2019,2019,date,0,2,2013265927,London,E12000007,regions,480,6,8,Full Time Workers,8,sex,0,0,1,Weekly pay - gross,1,item,0,0,2,Median,2,item,0,0,20100,Value,737.6,A,Normal Value,F,Free (free for publication),Nm-99d1d32304e1d2013265927d8d1d2d20100,60,120
NM_99_1,2019,2019,2019,date,0,2,2013265927,London,E12000007,regions,480,6,8,Full Time Workers,8,sex,0,0,1,Weekly pay - gross,1,item,0,0,2,Median,2,item,0,0,20701,Confidence,0.7,A,Normal Value,F,Free (free for publication),Nm-99d1d32304e1d2013265927d8d1d2d20701,61,120
NM_99_1,2019,2019,2019,date,0,2,2013265928,South East,E12000008,regions,480,7,8,Full Time Workers,8,sex,0,0,1,Weekly pay - gross,1,item,0,0,2,Median,2,item,0,0,20100,Value,614.0,A,Normal Value,F,Free (free for publication),Nm-99d1d32304e1d2013265928d8d1d2d20100,62,120
NM_99_1,2019,2019,2019,date,0,2,2013265928,South East,E12000008,regions,480,7,8,Full Time Workers,8,sex,0,0,1,Weekly pay - gross,1,item,0,0,2,Median,2,item,0,0,20701,Confidence,0.6,A,Normal Value,F,Free (free for publication),Nm-99d1d32304e1d2013265928d8d1d2d20701,63,120
NM_99_1,2019,2019,2019,date,0,2,2013265929,South West,E12000009,regions,480,8,8,Full Time Workers,8,sex,0,0,1,Weekly pay - gross,1,item,0,0,2,Median,2,item,0,0,20100,Value,551.7,A,Normal Value,F,Free (free for publication),Nm-99d1d32304e1d2013265929d8d1d2d20100,64,120
NM_99_1,2019,2019,2019,date,0,2,2013265929,South West,E12000009,regions,480,8,8,Full Time Workers,8,sex,0,0,1,Weekly pay - gross,1,item,0,0,2,Median,2,item,0,0,20701,Confidence,0.9,A,Normal Value,F,Free (free for publication),Nm-99d1d32304e1d2013265929d8d1d2d20701,65,120
NM_99_1,2019,2019,2019,date,0,2,2013265930,Wales,W92000004,regions,480,9,8,Full Time Workers,8,sex,0,0,1,Weekly pay - gross,1,item,0,0,2,Median,2,item,0,0,20100,Value,534.8,A,Normal Value,F,Free (free for publication),Nm-99d1d32304e1d2013265930d8d1d2d20100,66,120
NM_99_1,2019,2019,2019,date,0,2,2013265930,Wales,W92000004,regions,480,9,8,Full Time Workers,8,sex,0,0,1,Weekly pay - gross,1,item,0,0,2,Median,2,item,0,0,20701,Confidence,1.4,A,Normal Value,F,Free (free for publication),Nm-99d1d32304e1d2013265930d8d1d2d20701,67,120
NM_99_1,2019,2019,2019,date,0,2,2013265931,Scotland,S92000003,regions,480,10,8,Full Time Workers,8,sex,0,0,1,Weekly pay - gross,1,item,0,0,2,Median,2,item,0,0,20100,Value,577.0,A,Normal Value,F,Free (free for publication),Nm-99d1d32304e1d2013265931d8d1d2d20100,68,120
NM_99_1,2019,2019,2019,date,0,2,2013265931,Scotland,S92000003,regions,480,10,8,Full Time Workers,8,sex,0,0,1,Weekly pay - gross,1,item,0,0,2,Median,2,item,0,0,20701,Confidence,0.7,A,Normal Value,F,Free (free for publication),Nm-99d1d32304e1d2013265931d8d1d2d20701,69,120
NM_99_1,2019,2019,2019,date,0,2,2013265932,Northern Ireland,N92000002,regions,480,11,8,Full Time Workers,8,sex,0,0,1,Weekly pay - gross,1,item,0,0,2,Median,2,item,0,0,20100,Value,534.5,A,Normal Value,F,Free (free for publication),Nm-99d1d32304e1d2013265932d8d1d2d20100,70,120
NM_99_1,2019,2019,2019,date,0,2,2013265932,Northern Ireland,N92000002,regions,480,11,8,Full Time Workers,8,sex,0,0,1,Weekly pay - gross,1,item,0,0,2,Median,2,item,0,0,20701,Confidence,1.5,A,Normal Value,F,Free (free for publication),Nm-99d1d32304e1d2013265932d8d1d2d20701,71,120
NM_99_1,2020,2020,2020,date,0,3,2013265921,North East,E12000001,regions,480,0,8,Full Time Workers,8,sex,0,0,1,Weekly pay - gross,1,item,0,0,2,Median,2,item,0,0,20100,Value,524.8,A,Normal Value,F,Free (free for publication),Nm-99d1d32320e1d2013265921d8d1d2d20100,72,120
NM_99_1,2020,2020,2020,date,0,3,2013265921,North East,E12000001,regions,480,0,8,Full Time Workers,8,sex,0,0,1,Weekly pay - gross,1,item,0,0,2,Median,2,item,0,0,20701,Confidence,1.5,A,Normal Value,F,Free (free for publication),Nm-99d1d32320e1d2013265921d8d1d2d20701,73,120
NM_99_1,2020,2020,2020,date,0,3,2013265922,North West,E12000002,regions,480,1,8,Full Time Workers,8,sex,0,0,1,Weekly pay - gross,1,item,0,0,2,Median,2,item,0,0,20100,Value,557.8,A,Normal Value,F,Free (free for publication),Nm-99d1d32320e1d2013265922d8d1d2d20100,74,120
NM_99_1,2020,2020,2020,date,0,3,2013265922,North West,E12000002,regions,480,1,8,Full Time Workers,8,sex,0,0,1,Weekly pay - gross,1,item,0,0,2,Median,2,item,0,0,20701,Confidence,1.1,A,Normal Value,F,Free (free for publication),Nm-99d1d32320e1d2013265922d8d1d2d20701,75,120
NM_99_1,2020,2020,2020,date,0,3,2013265923,Yorkshire and The Humber,E12000003,regions,480,2,8,Full Time Workers,8,sex,0,0,1,Weekly pay - gross,1,item,0,0,2,Median,2,item,0,0,20100,Value,537.6,A,Normal Value,F,Free (free for publication),Nm-99d1d32320e1d2013265923d8d1d2d20100,76,120
NM_99_1,2020,2020,2020,date,0,3,2013265923,Yorkshire and The Humber,E12000003,regions,480,2,8,Full Time Workers,8,sex,0,0,1,Weekly pay - gross,1,item,0,0,2,Median,2,item,0,0,20701,Confidence,1.0,A,Normal Value,F,Free (free for publication),Nm-99d1d32320e1d2013265923d8d1d2d20701,77,120
NM_99_1,2020,2020,2020,date,0,3,2013265924,East Midlands,E12000004,regions,480,3,8,Full Time Workers,8,sex,0,0,1,Weekly pay - gross,1,item,0,0,2,Median,2,item,0,0,20100,Value,552.0,A,Normal Value,F,Free (free for publication),Nm-99d1d32320e1d2013265924d8d1d2d20100,78,120
NM_99_1,2020,2020,2020,date,0,3,2013265924,East Midlands,E12000004,regions,480,3,8,Full Time Workers,8,sex,0,0,1,Weekly pay - gross,1,item,0,0,2,Median,2,item,0,0,20701,Confidence,1.3,A,Normal Value,F,Free (free for publication),Nm-99d1d32320e1d2013265924d8d1d2d20701,79,120
NM_99_1,2020,2020,2020,date,0,3,2013265925,West Midlands,E12000005,regions,480,4,8,Full Time Workers,8,sex,0,0,1,Weekly pay - gross,1,item,0,0,2,Median,2,item,0,0,20100,Value,554.1,A,Normal Value,F,Free (free for publication),Nm-99d1d32320e1d2013265925d8d1d2d20100,80,120
NM_99_1,2020,2020,2020,date,0,3,2013265925,West Midlands,E12000005,regions,480,4,8,Full Time Workers,8,sex,0,0,1,Weekly pay - gross,1,item,0,0,2,Median,2,item,0,0,20701,Confidence,1.1,A,Normal Value,F,Free (free for publication),Nm-99d1d32320e1d2013265925d8d1d2d20701,81,120
NM_99_1,2020,2020,2020,date,0,3,2013265926,East,E12000006,regions,480,5,8,Full Time Workers,8,sex,0,0,1,Weekly pay - gross,1,item,0,0,2,Median,2,item,0,0,20100,Value,574.9,A,Normal Value,F,Free (free for publication),Nm-99d1d32320e1d2013265926d8d1d2d20100,82,120
NM_99_1,2020,2020,2020,date,0,3,2013265926,East,E12000006,regions,480,5,8,Full Time Workers,8,sex,0,0,1,Weekly pay - gross,1,item,0,0,2,Median,2,item,0,0,20701,Confidence,0.7,A,Normal Value,F,Free (free for publication),Nm-99d1d32320e1d2013265926d8d1d2d20701,83,120
NM_99_1,2020,2020,2020,date,0,3,2013265927,London,E12000007,regions,480,6,8,Full Time Workers,8,sex,0,0,1,Weekly pay - gross,1,item,0,0,2,Median,2,item,0,0,20100,Value,758.0,A,Normal Value,F,Free (free for publication),Nm-99d1d32320e1d2013265927d8d1d2d20100,84,120
NM_99_1,2020,2020,2020,date,0,3,2013265927,London,E12000007,regions,480,6,8,Full Time Workers,8,sex,0,0,1,Weekly pay - gross,1,item,0,0,2,Median,2,item,0,0,20701,Confidence,0.7,A,Normal Value,F,Free (free for publication),Nm-99d1d32320e1d2013265927d8d1d2d20701,85,120
NM_99_1,2020,2020,2020,date,0,3,2013265928,South East,E12000008,regions,480,7,8,Full Time Workers,8,sex,0,0,1,Weekly pay - gross,1,item,0,0,2,Median,2,item,0,0,20100,Value,604.7,A,Normal Value,F,Free (free for publication),Nm-99d1d32320e1d2013265928d8d1d2d20100,86,120
NM_99_1,2020,2020,2020,date,0,3,2013265928,South East,E12000008,regions,480,7,8,Full Time Workers,8,sex,0,0,1,Weekly pay - gross,1,item,0,0,2,Median,2,item,0,0,20701,Confidence,0.9,A,Normal Value,F,Free (free for publication),Nm-99d1d32320e1d2013265928d8d1d2d20701,87,120
NM_99_1,2020,2020,2020,date,0,3,2013265929,South West,E12000009,regions,480,8,8,Full Time Workers,8,sex,0,0,1,Weekly pay - gross,1,item,0,0,2,Median,2,item,0,0,20100,Value,551.4,A,Normal Value,F,Free (free for publication),Nm-99d1d32320e1d2013265929d8d1d2d20100,88,120
NM_99_1,2020,2020,2020,date,0,3,2013265929,South West,E12000009,regions,480,8,8,Full Time Workers,8,sex,0,0,1,Weekly pay - gross,1,item,0,0,2,Median,2,item,0,0,20701,Confidence,1.1,A,Normal Value,F,Free (free for publication),Nm-99d1d32320e1d2013265929d8d1d2d20701,89,120
NM_99_1,2020,2020,2020,date,0,3,2013265930,Wales,W92000004,regions,480,9,8,Full Time Workers,8,sex,0,0,1,Weekly pay - gross,1,item,0,0,2,Median,2,item,0,0,20100,Value,541.5,A,Normal Value,F,Free (free for publication),Nm-99d1d32320e1d2013265930d8d1d2d20100,90,120
NM_99_1,2020,2020,2020,date,0,3,2013265930,Wales,W92000004,regions,480,9,8,Full Time Workers,8,sex,0,0,1,Weekly pay - gross,1,item,0,0,2,Median,2,item,0,0,20701,Confidence,1.4,A,Normal Value,F,Free (free for publication),Nm-99d1d32320e1d2013265930d8d1d2d20701,91,120
NM_99_1,2020,2020,2020,date,0,3,2013265931,Scotland,S92000003,regions,480,10,8,Full Time Workers,8,sex,0,0,1,Weekly pay - gross,1,item,0,0,2,Median,2,item,0,0,20100,Value,592.2,A,Normal Value,F,Free (free for publication),Nm-99d1d32320e1d2013265931d8d1d2d20100,92,120
NM_99_1,2020,2020,2020,date,0,3,2013265931,Scotland,S92000003,regions,480,10,8,Full Time Workers,8,sex,0,0,1,Weekly pay - gross,1,item,0,0,2,Median,2,item,0,0,20701,Confidence,1.2,A,Normal Value,F,Free (free for publication),Nm-99d1d32320e1d2013265931d8d1d2d20701,93,120
NM_99_1,2020,2020,2020,date,0,3,2013265932,Northern Ireland,N92000002,regions,480,11,8,Full Time Workers,8,sex,0,0,1,Weekly pay - gross,1,item,0,0,2,Median,2,item,0,0,20100,Value,528.7,A,Normal Value,F,Free (free for publication),Nm-99d1d32320e1d2013265932d8d1d2d20100,94,120
NM_99_1,2020,2020,2020,date,0,3,2013265932,Northern Ireland,N92000002,regions,480,11,8,Full Time Workers,8,sex,0,0,1,Weekly pay - gross,1,item,0,0,2,Median,2,item,0,0,20701,Confidence,1.6,A,Normal Value,F,Free (free for publication),Nm-99d1d32320e1d2013265932d8d1d2d20701,95,120
NM_99_1,2021,2021,2021,date,0,4,2013265921,North East,E12000001,regions,480,0,8,Full Time Workers,8,sex,0,0,1,Weekly pay - gross,1,item,0,0,2,Median,2,item,0,0,20100,Value,539.4,A,Normal Value,F,Free (free for publication),Nm-99d1d32336e1d2013265921d8d1d2d20100,96,120
NM_99_1,2021,2021,2021,date,0,4,2013265921,North East,E12000001,regions,480,0,8,Full Time Workers,8,sex,0,0,1,Weekly pay - gross,1,item,0,0,2,Median,2,item,0,0,20701,Confidence,1.3,A,Normal Value,F,Free (free for publication),Nm-99d1d32336e1d2013265921d8d1d2d20701,97,120
NM_99_1,2021,2021,2021,date,0,4,2013265922,North West,E12000002,regions,480,1,8,Full Time Workers,8,sex,0,0,1,Weekly pay - gross,1,item,0,0,2,Median,2,item,0,0,20100,Value,574.9,A,Normal Value,F,Free (free for publication),Nm-99d1d32336e1d2013265922d8d1d2d20100,98,120
NM_99_1,2021,2021,2021,date,0,4,2013265922,North West,E12000002,regions,480,1,8,Full Time Workers,8,sex,0,0,1,Weekly pay - gross,1,item,0,0,2,Median,2,item,0,0,20701,Confidence,0.8,A,Normal Value,F,Free (free for publication),Nm-99d1d32336e1d2013265922d8d1d2d20701,99,120
NM_99_1,2021,2021,2021,date,0,4,2013265923,Yorkshire and The Humber,E12000003,regions,480,2,8,Full Time Workers,8,sex,0,0,1,Weekly pay - gross,1,item,0,0,2,Median,2,item,0,0,20100,Value,563.0,A,Normal Value,F,Free (free for publication),Nm-99d1d32336e1d2013265923d8d1d2d20100,100,120
NM_99_1,2021,2021,2021,date,0,4,2013265923,Yorkshire and The Humber,E12000003,regions,480,2,8,Full Time Workers,8,sex,0,0,1,Weekly pay - gross,1,item,0,0,2,Median,2,item,0,0,20701,Confidence,1.0,A,Normal Value,F,Free (free for publication),Nm-99d1d32336e1d2013265923d8d1d2d20701,101,120
NM_99_1,2021,2021,2021,date,0,4,2013265924,East Midlands,E12000004,regions,480,3,8,Full Time Workers,8,sex,0,0,1,Weekly pay - gross,1,item,0,0,2,Median,2,item,0,0,20100,Value,558.6,A,Normal Value,F,Free (free for publication),Nm-99d1d32336e1d2013265924d8d1d2d20100,102,120
NM_99_1,2021,2021,2021,date,0,4,2013265924,East Midlands,E12000004,regions,480,3,8,Full Time Workers,8,sex,0,0,1,Weekly pay - gross,1,item,0,0,2,Median,2,item,0,0,20701,Confidence,1.1,A,Normal Value,F,Free (free for publication),Nm-99d1d32336e1d2013265924d8d1d2d20701,103,120
NM_99_1,2021,2021,2021,date,0,4,2013265925,West Midlands,E12000005,regions,480,4,8,Full Time Workers,8,sex,0,0,1,Weekly pay - gross,1,item,0,0,2,Median,2,item,0,0,20100,Value,583.6,A,Normal Value,F,Free (free for publication),Nm-99d1d32336e1d2013265925d8d1d2d20100,104,120
NM_99_1,2021,2021,2021,date,0,4,2013265925,West Midlands,E12000005,regions,480,4,8,Full Time Workers,8,sex,0,0,1,Weekly pay - gross,1,item,0,0,2,Median,2,item,0,0,20701,Confidence,0.9,A,Normal Value,F,Free (free for publication),Nm-99d1d32336e1d2013265925d8d1d2d20701,105,120
NM_99_1,2021,2021,2021,date,0,4,2013265926,East,E12000006,regions,480,5,8,Full Time Workers,8,sex,0,0,1,Weekly pay - gross,1,item,0,0,2,Median,2,item,0,0,20100,Value,600.7,A,Normal Value,F,Free (free for publication),Nm-99d1d32336e1d2013265926d8d1d2d20100,106,120
NM_99_1,2021,2021,2021,date,0,4,2013265926,East,E12000006,regions,480,5,8,Full Time Workers,8,sex,0,0,1,Weekly pay - gross,1,item,0,0,2,Median,2,item,0,0,20701,Confidence,0.9,A,Normal Value,F,Free (free for publication),Nm-99d1d32336e1d2013265926d8d1d2d20701,107,120
NM_99_1,2021,2021,2021,date,0,4,2013265927,London,E12000007,regions,480,6,8,Full Time Workers,8,sex,0,0,1,Weekly pay - gross,1,item,0,0,2,Median,2,item,0,0,20100,Value,766.6,A,Normal Value,F,Free (free for publication),Nm-99d1d32336e1d2013265927d8d1d2d20100,108,120
NM_99_1,2021,2021,2021,date,0,4,2013265927,London,E12000007,regions,480,6,8,Full Time Workers,8,sex,0,0,1,Weekly pay - gross,1,item,0,0,2,Median,2,item,0,0,20701,Confidence,0.6,A,Normal Value,F,Free (free for publication),Nm-99d1d32336e1d2013265927d8d1d2d20701,109,120
NM_99_1,2021,2021,2021,date,0,4,2013265928,South East,E12000008,regions,480,7,8,Full Time Workers,8,sex,0,0,1,Weekly pay - gross,1,item,0,0,2,Median,2,item,0,0,20100,Value,635.8,A,Normal Value,F,Free (free for publication),Nm-99d1d32336e1d2013265928d8d1d2d20100,110,120
NM_99_1,2021,2021,2021,date,0,4,2013265928,South East,E12000008,regions,480,7,8,Full Time Workers,8,sex,0,0,1,Weekly pay - gross,1,item,0,0,2,Median,2,item,0,0,20701,Confidence,0.8,A,Normal Value,F,Free (free for publication),Nm-99d1d32336e1d2013265928d8d1d2d20701,111,120
NM_99_1,2021,2021,2021,date,0,4,2013265929,South West,E12000009,regions,480,8,8,Full Time Workers,8,sex,0,0,1,Weekly pay - gross,1,item,0,0,2,Median,2,item,0,0,20100,Value,570.2,A,Normal Value,F,Free (free for publication),Nm-99d1d32336e1d2013265929d8d1d2d20100,112,120
NM_99_1,2021,2021,2021,date,0,4,2013265929,South West,E12000009,regions,480,8,8,Full Time Workers,8,sex,0,0,1,Weekly pay - gross,1,item,0,0,2,Median,2,item,0,0,20701,Confidence,0.8,A,Normal Value,F,Free (free for publication),Nm-99d1d32336e1d2013265929d8d1d2d20701,113,120
NM_99_1,2021,2021,2021,date,0,4,2013265930,Wales,W92000004,regions,480,9,8,Full Time Workers,8,sex,0,0,1,Weekly pay - gross,1,item,0,0,2,Median,2,item,0,0,20100,Value,563.7,A,Normal Value,F,Free (free for publication),Nm-99d1d32336e1d2013265930d8d1d2d20100,114,120
NM_99_1,2021,2021,2021,date,0,4,2013265930,Wales,W92000004,regions,480,9,8,Full Time Workers,8,sex,0,0,1,Weekly pay - gross,1,item,0,0,2,Median,2,item,0,0,20701,Confidence,1.2,A,Normal Value,F,Free (free for publication),Nm-99d1d32336e1d2013265930d8d1d2d20701,115,120
NM_99_1,2021,2021,2021,date,0,4,2013265931,Scotland,S92000003,regions,480,10,8,Full Time Workers,8,sex,0,0,1,Weekly pay - gross,1,item,0,0,2,Median,2,item,0,0,20100,Value,620.7,A,Normal Value,F,Free (free for publication),Nm-99d1d32336e1d2013265931d8d1d2d20100,116,120
NM_99_1,2021,2021,2021,date,0,4,2013265931,Scotland,S92000003,regions,480,10,8,Full Time Workers,8,sex,0,0,1,Weekly pay - gross,1,item,0,0,2,Median,2,item,0,0,20701,Confidence,1.0,A,Normal Value,F,Free (free for publication),Nm-99d1d32336e1d2013265931d8d1d2d20701,117,120
NM_99_1,2021,2021,2021,date,0,4,2013265932,Northern Ireland,N92000002,regions,480,11,8,Full Time Workers,8,sex,0,0,1,Weekly pay - gross,1,item,0,0,2,Median,2,item,0,0,20100,Value,574.9,A,Normal Value,F,Free (free for publication),Nm-99d1d32336e1d2013265932d8d1d2d20100,118,120
NM_99_1,2021,2021,2021,date,0,4,2013265932,Northern Ireland,N92000002,regions,480,11,8,Full Time Workers,8,sex,0,0,1,Weekly pay - gross,1,item,0,0,2,Median,2,item,0,0,20701,Confidence,1.3,A,Normal Value,F,Free (free for publication),Nm-99d1d32336e1d2013265932d8d1d2d20701,119,120
NM_99_1,2022,2022,2022,date,0,0,2013265921,North East,E12000001,regions,480,0,8,Full Time Workers,8,sex,0,0,1,Weekly pay - gross,1,item,0,0,2,Median,2,item,0,0,20100,Value,575.3,A,Normal Value,F,Free (free for publication),Nm-99d1d32352e1d2013265921d8d1d2d20100,0,96
NM_99_1,2022,2022,2022,date,0,0,2013265921,North East,E12000001,regions,480,0,8,Full Time Workers,8,sex,0,0,1,Weekly pay - gross,1,item,0,0,2,Median,2,item,0,0,20701,Confidence,1.2,A,Normal Value,F,Free (free for publication),Nm-99d1d32352e1d2013265921d8d1d2d20701,1,96
NM_99_1,2022,2022,2022,date,0,0,2013265922,North West,E12000002,regions,480,1,8,Full Time Workers,8,sex,0,0,1,Weekly pay - gross,1,item,0,0,2,Median,2,item,0,0,20100,Value,602.9,A,Normal Value,F,Free (free for publication),Nm-99d1d32352e1d2013265922d8d1d2d20100,2,96
NM_99_1,2022,2022,2022,date,0,0,2013265922,North West,E12000002,regions,480,1,8,Full Time Workers,8,sex,0,0,1,Weekly pay - gross,1,item,0,0,2,Median,2,item,0,0,20701,Confidence,0.8,A,Normal Value,F,Free (free for publication),Nm-99d1d32352e1d2013265922d8d1d2d20701,3,96
NM_99_1,2022,2022,2022,date,0,0,2013265923,Yorkshire and The Humber,E12000003,regions,480,2,8,Full Time Workers,8,sex,0,0,1,Weekly pay - gross,1,item,0,0,2,Median,2,item,0,0,20100,Value,588.1,A,Normal Value,F,Free (free for publication),Nm-99d1d32352e1d2013265923d8d1d2d20100,4,96
NM_99_1,2022,2022,2022,date,0,0,2013265923,Yorkshire and The Humber,E12000003,regions,480,2,8,Full Time Workers,8,sex,0,0,1,Weekly pay - gross,1,item,0,0,2,Median,2,item,0,0,20701,Confidence,1.0,A,Normal Value,F,Free (free for publication),Nm-99d1d32352e1d2013265923d8d1d2d20701,5,96
NM_99_1,2022,2022,2022,date,0,0,2013265924,East Midlands,E12000004,regions,480,3,8,Full Time Workers,8,sex,0,0,1,Weekly pay - gross,1,item,0,0,2,Median,2,item,0,0,20100,Value,594.1,A,Normal Value,F,Free (free for publication),Nm-99d1d32352e1d2013265924d8d1d2d20100,6,96
NM_99_1,2022,2022,2022,date,0,0,2013265924,East Midlands,E12000004,regions,480,3,8,Full Time Workers,8,sex,0,0,1,Weekly pay - gross,1,item,0,0,2,Median,2,item,0,0,20701,Confidence,1.0,A,Normal Value,F,Free (free for publication),Nm-99d1d32352e1d2013265924d8d1d2d20701,7,96
NM_99_1,2022,2022,2022,date,0,0,2013265925,West Midlands,E12000005,regions,480,4,8,Full Time Workers,8,sex,0,0,1,Weekly pay - gross,1,item,0,0,2,Median,2,item,0,0,20100,Value,617.8,A,Normal Value,F,Free (free for publication),Nm-99d1d32352e1d2013265925d8d1d2d20100,8,96
NM_99_1,2022,2022,2022,date,0,0,2013265925,West Midlands,E12000005,regions,480,4,8,Full Time Workers,8,sex,0,0,1,Weekly pay - gross,1,item,0,0,2,Median,2,item,0,0,20701,Confidence,1.1,A,Normal Value,F,Free (free for publication),Nm-99d1d32352e1d2013265925d8d1d2d20701,9,96
NM_99_1,2022,2022,2022,date,0,0,2013265926,East,E12000006,regions,480,5,8,Full Time Workers,8,sex,0,0,1,Weekly pay - gross,1,item,0,0,2,Median,2,item,0,0,20100,Value,633.7,A,Normal Value,F,Free (free for publication),Nm-99d1d32352e1d2013265926d8d1d2d20100,10,96
NM_99_1,2022,2022,2022,date,0,0,2013265926,East,E12000006,regions,480,5,8,Full Time Workers,8,sex,0,0,1,Weekly pay - gross,1,item,0,0,2,Median,2,item,0,0,20701,Confidence,1.0,A,Normal Value,F,Free (free for publication),Nm-99d1d32352e1d2013265926d8d1d2d20701,11,96
NM_99_1,2022,2022,2022,date,0,0,2013265927,London,E12000007,regions,480,6,8,Full Time Workers,8,sex,0,0,1,Weekly pay - gross,1,item,0,0,2,Median,2,item,0,0,20100,Value,808.8,A,Normal Value,F,Free (free for publication),Nm-99d1d32352e1d2013265927d8d1d2d20100,12,96
NM_99_1,2022,2022,2022,date,0,0,2013265927,London,E12000007,regions,480,6,8,Full Time Workers,8,sex,0,0,1,Weekly pay - gross,1,item,0,0,2,Median,2,item,0,0,20701,Confidence,0.8,A,Normal Value,F,Free (free for publication),Nm-99d1d32352e1d2013265927d8d1d2d20701,13,96
NM_99_1,2022,2022,2022,date,0,0,2013265928,South East,E12000008,regions,480,7,8,Full Time Workers,8,sex,0,0,1,Weekly pay - gross,1,item,0,0,2,Median,2,item,0,0,20100,Value,666.1,A,Normal Value,F,Free (free for publication),Nm-99d1d32352e1d2013265928d8d1d2d20100,14,96
NM_99_1,2022,2022,2022,date,0,0,2013265928,South East,E12000008,regions,480,7,8,Full Time Workers,8,sex,0,0,1,Weekly pay - gross,1,item,0,0,2,Median,2,item,0,0,20701,Confidence,0.6,A,Normal Value,F,Free (free for publication),Nm-99d1d32352e1d2013265928d8d1d2d20701,15,96
NM_99_1,2022,2022,2022,date,0,0,2013265929,South West,E12000009,regions,480,8,8,Full Time Workers,8,sex,0,0,1,Weekly pay - gross,1,item,0,0,2,Median,2,item,0,0,20100,Value,612.0,A,Normal Value,F,Free (free for publication),Nm-99d1d32352e1d2013265929d8d1d2d20100,16,96
NM_99_1,2022,2022,2022,date,0,0,2013265929,South West,E12000009,regions,480,8,8,Full Time Workers,8,sex,0,0,1,Weekly pay - gross,1,item,0,0,2,Median,2,item,0,0,20701,Confidence,0.8,A,Normal Value,F,Free (free for publication),Nm-99d1d32352e1d2013265929d8d1d2d20701,17,96
NM_99_1,2022,2022,2022,date,0,0,2013265930,Wales,W92000004,regions,480,9,8,Full Time Workers,8,sex,0,0,1,Weekly pay - gross,1,item,0,0,2,Median,2,item,0,0,20100,Value,599.7,A,Normal Value,F,Free (free for publication),Nm-99d1d32352e1d2013265930d8d1d2d20100,18,96
NM_99_1,2022,2022,2022,date,0,0,2013265930,Wales,W92000004,regions,480,9,8,Full Time Workers,8,sex,0,0,1,Weekly pay - gross,1,item,0,0,2,Median,2,item,0,0,20701,Confidence,1.3,A,Normal Value,F,Free (free for publication),Nm-99d1d32352e1d2013265930d8d1d2d20701,19,96
NM_99_1,2022,2022,2022,date,0,0,2013265931,Scotland,S92000003,regions,480,10,8,Full Time Workers,8,sex,0,0,1,Weekly pay - gross,1,item,0,0,2,Median,2,item,0,0,20100,Value,640.5,A,Normal Value,F,Free (free for publication),Nm-99d1d32352e1d2013265931d8d1d2d20100,20,96
NM_99_1,2022,2022,2022,date,0,0,2013265931,Scotland,S92000003,regions,480,10,8,Full Time Workers,8,sex,0,0,1,Weekly pay - gross,1,item,0,0,2,Median,2,item,0,0,20701,Confidence,0.7,A,Normal Value,F,Free (free for publication),Nm-99d1d32352e1d2013265931d8d1d2d20701,21,96
NM_99_1,2022,2022,2022,date,0,0,2013265932,Northern Ireland,N92000002,regions,480,11,8,Full Time Workers,8,sex,0,0,1,Weekly pay - gross,1,item,0,0,2,Median,2,item,0,0,20100,Value,596.8,A,Normal Value,F,Free (free for publication),Nm-99d1d32352e1d2013265932d8d1d2d20100,22,96
NM_99_1,2022,2022,2022,date,0,0,2013265932,Northern Ireland,N92000002,regions,480,11,8,Full Time Workers,8,sex,0,0,1,Weekly pay - gross,1,item,0,0,2,Median,2,item,0,0,20701,Confidence,1.8,A,Normal Value,F,Free (free for publication),Nm-99d1d32352e1d2013265932d8d1d2d20701,23,96
NM_99_1,2023,2023,2023,date,0,1,2013265921,North East,E12000001,regions,480,0,8,Full Time Workers,8,sex,0,0,1,Weekly pay - gross,1,item,0,0,2,Median,2,item,0,0,20100,Value,611.2,A,Normal Value,F,Free (free for publication),Nm-99d1d32368e1d2013265921d8d1d2d20100,24,96
NM_99_1,2023,2023,2023,date,0,1,2013265921,North East,E12000001,regions,480,0,8,Full Time Workers,8,sex,0,0,1,Weekly pay - gross,1,item,0,0,2,Median,2,item,0,0,20701,Confidence,1.3,A,Normal Value,F,Free (free for publication),Nm-99d1d32368e1d2013265921d8d1d2d20701,25,96
NM_99_1,2023,2023,2023,date,0,1,2013265922,North West,E12000002,regions,480,1,8,Full Time Workers,8,sex,0,0,1,Weekly pay - gross,1,item,0,0,2,Median,2,item,0,0,20100,Value,649.7,A,Normal Value,F,Free (free for publication),Nm-99d1d32368e1d2013265922d8d1d2d20100,26,96
NM_99_1,2023,2023,2023,date,0,1,2013265922,North West,E12000002,regions,480,1,8,Full Time Workers,8,sex,0,0,1,Weekly pay - gross,1,item,0,0,2,Median,2,item,0,0,20701,Confidence,0.7,A,Normal Value,F,Free (free for publication),Nm-99d1d32368e1d2013265922d8d1d2d20701,27,96
NM_99_1,2023,2023,2023,date,0,1,2013265923,Yorkshire and The Humber,E12000003,regions,480,2,8,Full Time Workers,8,sex,0,0,1,Weekly pay - gross,1,item,0,0,2,Median,2,item,0,0,20100,Value,633.0,A,Normal Value,F,Free (free for publication),Nm-99d1d32368e1d2013265923d8d1d2d20100,28,96
NM_99_1,2023,2023,2023,date,0,1,2013265923,Yorkshire and The Humber,E12000003,regions,480,2,8,Full Time Workers,8,sex,0,0,1,Weekly pay - gross,1,item,0,0,2,Median,2,item,0,0,20701,Confidence,0.9,A,Normal Value,F,Free (free for publication),Nm-99d1d32368e1d2013265923d8d1d2d20701,29,96
NM_99_1,2023,2023,2023,date,0,1,2013265924,East Midlands,E12000004,regions,480,3,8,Full Time Workers,8,sex,0,0,1,Weekly pay - gross,1,item,0,0,2,Median,2,item,0,0,20100,Value,628.6,A,Normal Value,F,Free (free for publication),Nm-99d1d32368e1d2013265924d8d1d2d20100,30,96
NM_99_1,2023,2023,2023,date,0,1,2013265924,East Midlands,E12000004,regions,480,3,8,Full Time Workers,8,sex,0,0,1,Weekly pay - gross,1,item,0,0,2,Median,2,item,0,0,20701,Confidence,1.0,A,Normal Value,F,Free (free for publication),Nm-99d1d32368e1d2013265924d8d1d2d20701,31,96
NM_99_1,2023,2023,2023,date,0,1,2013265925,West Midlands,E12000005,regions,480,4,8,Full Time Workers,8,sex,0,0,1,Weekly pay - gross,1,item,0,0,2,Median,2,item,0,0,20100,Value,656.9,A,Normal Value,F,Free (free for publication),Nm-99d1d32368e1d2013265925d8d1d2d20100,32,96
NM_99_1,2023,2023,2023,date,0,1,2013265925,West Midlands,E12000005,regions,480,4,8,Full Time Workers,8,sex,0,0,1,Weekly pay - gross,1,item,0,0,2,Median,2,item,0,0,20701,Confidence,0.8,A,Normal Value,F,Free (free for publication),Nm-99d1d32368e1d2013265925d8d1d2d20701,33,96
NM_99_1,2023,2023,2023,date,0,1,2013265926,East,E12000006,regions,480,5,8,Full Time Workers,8,sex,0,0,1,Weekly pay - gross,1,item,0,0,2,Median,2,item,0,0,20100,Value,675.0,A,Normal Value,F,Free (free for publication),Nm-99d1d32368e1d2013265926d8d1d2d20100,34,96
NM_99_1,2023,2023,2023,date,0,1,2013265926,East,E12000006,regions,480,5,8,Full Time Workers,8,sex,0,0,1,Weekly pay - gross,1,item,0,0,2,Median,2,item,0,0,20701,Confidence,0.8,A,Normal Value,F,Free (free for publication),Nm-99d1d32368e1d2013265926d8d1d2d20701,35,96
NM_99_1,2023,2023,2023,date,0,1,2013265927,London,E12000007,regions,480,6,8,Full Time Workers,8,sex,0,0,1,Weekly pay - gross,1,item,0,0,2,Median,2,item,0,0,20100,Value,851.1,A,Normal Value,F,Free (free for publication),Nm-99d1d32368e1d2013265927d8d1d2d20100,36,96
NM_99_1,2023,2023,2023,date,0,1,2013265927,London,E12000007,regions,480,6,8,Full Time Workers,8,sex,0,0,1,Weekly pay - gross,1,item,0,0,2,Median,2,item,0,0,20701,Confidence,0.7,A,Normal Value,F,Free (free for publication),Nm-99d1d32368e1d2013265927d8d1d2d20701,37,96
NM_99_1,2023,2023,2023,date,0,1,2013265928,South East,E12000008,regions,480,7,8,Full Time Workers,8,sex,0,0,1,Weekly pay - gross,1,item,0,0,2,Median,2,item,0,0,20100,Value,709.1,A,Normal Value,F,Free (free for publication),Nm-99d1d32368e1d2013265928d8d1d2d20100,38,96
NM_99_1,2023,2023,2023,date,0,1,2013265928,South East,E12000008,regions,480,7,8,Full Time Workers,8,sex,0,0,1,Weekly pay - gross,1,item,0,0,2,Median,2,item,0,0,20701,Confidence,0.8,A,Normal Value,F,Free (free for publication),Nm-99d1d32368e1d2013265928d8d1d2d20701,39,96
NM_99_1,2023,2023,2023,date,0,1,2013265929,South West,E12000009,regions,480,8,8,Full Time Workers,8,sex,0,0,1,Weekly pay - gross,1,item,0,0,2,Median,2,item,0,0,20100,Value,656.2,A,Normal Value,F,Free (free for publication),Nm-99d1d32368e1d2013265929d8d1d2d20100,40,96
NM_99_1,2023,2023,2023,date,0,1,2013265929,South West,E12000009,regions,480,8,8,Full Time Workers,8,sex,0,0,1,Weekly pay - gross,1,item,0,0,2,Median,2,item,0,0,20701,Confidence,0.9,A,Normal Value,F,Free (free for publication),Nm-99d1d32368e1d2013265929d8d1d2d20701,41,96
NM_99_1,2023,2023,2023,date,0,1,2013265930,Wales,W92000004,regions,480,9,8,Full Time Workers,8,sex,0,0,1,Weekly pay - gross,1,item,0,0,2,Median,2,item,0,0,20100,Value,636.3,A,Normal Value,F,Free (free for publication),Nm-99d1d32368e1d2013265930d8d1d2d20100,42,96
NM_99_1,2023,2023,2023,date,0,1,2013265930,Wales,W92000004,regions,480,9,8,Full Time Workers,8,sex,0,0,1,Weekly pay - gross,1,item,0,0,2,Median,2,item,0,0,20701,Confidence,1.2,A,Normal Value,F,Free (free for publication),Nm-99d1d32368e1d2013265930d8d1d2d20701,43,96
NM_99_1,2023,2023,2023,date,0,1,2013265931,Scotland,S92000003,regions,480,10,8,Full Time Workers,8,sex,0,0,1,Weekly pay - gross,1,item,0,0,2,Median,2,item,0,0,20100,Value,709.2,A,Normal Value,F,Free (free for publication),Nm-99d1d32368e1d2013265931d8d1d2d20100,44,96
NM_99_1,2023,2023,2023,date,0,1,2013265931,Scotland,S92000003,regions,480,10,8,Full Time Workers,8,sex,0,0,1,Weekly pay - gross,1,item,0,0,2,Median,2,item,0,0,20701,Confidence,0.9,A,Normal Value,F,Free (free for publication),Nm-99d1d32368e1d2013265931d8d1d2d20701,45,96
NM_99_1,2023,2023,2023,date,0,1,2013265932,Northern Ireland,N92000002,regions,480,11,8,Full Time Workers,8,sex,0,0,1,Weekly pay - gross,1,item,0,0,2,Median,2,item,0,0,20100,Value,638.7,A,Normal Value,F,Free (free for publication),Nm-99d1d32368e1d2013265932d8d1d2d20100,46,96
NM_99_1,2023,2023,2023,date,0,1,2013265932,Northern Ireland,N92000002,regions,480,11,8,Full Time Workers,8,sex,0,0,1,Weekly pay - gross,1,item,0,0,2,Median,2,item,0,0,20701,Confidence,1.4,A,Normal Value,F,Free (free for publication),Nm-99d1d32368e1d2013265932d8d1d2d20701,47,96
NM_99_1,2024,2024,2024,date,0,2,2013265921,North East,E12000001,regions,480,0,8,Full Time Workers,8,sex,0,0,1,Weekly pay - gross,1,item,0,0,2,Median,2,item,0,0,20100,Value,651.4,A,Normal Value,F,Free (free for publication),Nm-99d1d32384e1d2013265921d8d1d2d20100,48,96
NM_99_1,2024,2024,2024,date,0,2,2013265921,North East,E12000001,regions,480,0,8,Full Time Workers,8,sex,0,0,1,Weekly pay - gross,1,item,0,0,2,Median,2,item,0,0,20701,Confidence,1.3,A,Normal Value,F,Free (free for publication),Nm-99d1d32384e1d2013265921d8d1d2d20701,49,96
NM_99_1,2024,2024,2024,date,0,2,2013265922,North West,E12000002,regions,480,1,8,Full Time Workers,8,sex,0,0,1,Weekly pay - gross,1,item,0,0,2,Median,2,item,0,0,20100,Value,693.8,A,Normal Value,F,Free (free for publication),Nm-99d1d32384e1d2013265922d8d1d2d20100,50,96
NM_99_1,2024,2024,2024,date,0,2,2013265922,North West,E12000002,regions,480,1,8,Full Time Workers,8,sex,0,0,1,Weekly pay - gross,1,item,0,0,2,Median,2,item,0,0,20701,Confidence,0.7,A,Normal Value,F,Free (free for publication),Nm-99d1d32384e1d2013265922d8d1d2d20701,51,96
NM_99_1,2024,2024,2024,date,0,2,2013265923,Yorkshire and The Humber,E12000003,regions,480,2,8,Full Time Workers,8,sex,0,0,1,Weekly pay - gross,1,item,0,0,2,Median,2,item,0,0,20100,Value,671.9,A,Normal Value,F,Free (free for publication),Nm-99d1d32384e1d2013265923d8d1d2d20100,52,96
NM_99_1,2024,2024,2024,date,0,2,2013265923,Yorkshire and The Humber,E12000003,regions,480,2,8,Full Time Workers,8,sex,0,0,1,Weekly pay - gross,1,item,0,0,2,Median,2,item,0,0,20701,Confidence,0.7,A,Normal Value,F,Free (free for publication),Nm-99d1d32384e1d2013265923d8d1d2d20701,53,96
NM_99_1,2024,2024,2024,date,0,2,2013265924,East Midlands,E12000004,regions,480,3,8,Full Time Workers,8,sex,0,0,1,Weekly pay - gross,1,item,0,0,2,Median,2,item,0,0,20100,Value,664.8,A,Normal Value,F,Free (free for publication),Nm-99d1d32384e1d2013265924d8d1d2d20100,54,96
NM_99_1,2024,2024,2024,date,0,2,2013265924,East Midlands,E12000004,regions,480,3,8,Full Time Workers,8,sex,0,0,1,Weekly pay - gross,1,item,0,0,2,Median,2,item,0,0,20701,Confidence,0.8,A,Normal Value,F,Free (free for publication),Nm-99d1d32384e1d2013265924d8d1d2d20701,55,96
NM_99_1,2024,2024,2024,date,0,2,2013265925,West Midlands,E12000005,regions,480,4,8,Full Time Workers,8,sex,0,0,1,Weekly pay - gross,1,item,0,0,2,Median,2,item,0,0,20100,Value,688.6,A,Normal Value,F,Free (free for publication),Nm-99d1d32384e1d2013265925d8d1d2d20100,56,96
NM_99_1,2024,2024,2024,date,0,2,2013265925,West Midlands,E12000005,regions,480,4,8,Full Time Workers,8,sex,0,0,1,Weekly pay - gross,1,item,0,0,2,Median,2,item,0,0,20701,Confidence,0.7,A,Normal Value,F,Free (free for publication),Nm-99d1d32384e1d2013265925d8d1d2d20701,57,96
NM_99_1,2024,2024,2024,date,0,2,2013265926,East,E12000006,regions,480,5,8,Full Time Workers,8,sex,0,0,1,Weekly pay - gross,1,item,0,0,2,Median,2,item,0,0,20100,Value,725.4,A,Normal Value,F,Free (free for publication),Nm-99d1d32384e1d2013265926d8d1d2d20100,58,96
NM_99_1,2024,2024,2024,date,0,2,2013265926,East,E12000006,regions,480,5,8,Full Time Workers,8,sex,0,0,1,Weekly pay - gross,1,item,0,0,2,Median,2,item,0,0,20701,Confidence,0.7,A,Normal Value,F,Free (free for publication),Nm-99d1d32384e1d2013265926d8d1d2d20701,59,96
NM_99_1,2024,2024,2024,date,0,2,2013265927,London,E12000007,regions,480,6,8,Full Time Workers,8,sex,0,0,1,Weekly pay - gross,1,item,0,0,2,Median,2,item,0,0,20100,Value,906.5,A,Normal Value,F,Free (free for publication),Nm-99d1d32384e1d2013265927d8d1d2d20100,60,96
NM_99_1,2024,2024,2024,date,0,2,2013265927,London,E12000007,regions,480,6,8,Full Time Workers,8,sex,0,0,1,Weekly pay - gross,1,item,0,0,2,Median,2,item,0,0,20701,Confidence,0.7,A,Normal Value,F,Free (free for publication),Nm-99d1d32384e1d2013265927d8d1d2d20701,61,96
NM_99_1,2024,2024,2024,date,0,2,2013265928,South East,E12000008,regions,480,7,8,Full Time Workers,8,sex,0,0,1,Weekly pay - gross,1,item,0,0,2,Median,2,item,0,0,20100,Value,754.1,A,Normal Value,F,Free (free for publication),Nm-99d1d32384e1d2013265928d8d1d2d20100,62,96
NM_99_1,2024,2024,2024,date,0,2,2013265928,South East,E12000008,regions,480,7,8,Full Time Workers,8,sex,0,0,1,Weekly pay - gross,1,item,0,0,2,Median,2,item,0,0,20701,Confidence,0.7,A,Normal Value,F,Free (free for publication),Nm-99d1d32384e1d2013265928d8d1d2d20701,63,96
NM_99_1,2024,2024,2024,date,0,2,2013265929,South West,E12000009,regions,480,8,8,Full Time Workers,8,sex,0,0,1,Weekly pay - gross,1,item,0,0,2,Median,2,item,0,0,20100,Value,689.9,A,Normal Value,F,Free (free for publication),Nm-99d1d32384e1d2013265929d8d1d2d20100,64,96
NM_99_1,2024,2024,2024,date,0,2,2013265929,South West,E12000009,regions,480,8,8,Full Time Workers,8,sex,0,0,1,Weekly pay - gross,1,item,0,0,2,Median,2,item,0,0,20701,Confidence,0.8,A,Normal Value,F,Free (free for publication),Nm-99d1d32384e1d2013265929d8d1d2d20701,65,96
NM_99_1,2024,2024,2024,date,0,2,2013265930,Wales,W92000004,regions,480,9,8,Full Time Workers,8,sex,0,0,1,Weekly pay - gross,1,item,0,0,2,Median,2,item,0,0,20100,Value,675.6,A,Normal Value,F,Free (free for publication),Nm-99d1d32384e1d2013265930d8d1d2d20100,66,96
NM_99_1,2024,2024,2024,date,0,2,2013265930,Wales,W92000004,regions,480,9,8,Full Time Workers,8,sex,0,0,1,Weekly pay - gross,1,item,0,0,2,Median,2,item,0,0,20701,Confidence,1.0,A,Normal Value,F,Free (free for publication),Nm-99d1d32384e1d2013265930d8d1d2d20701,67,96
NM_99_1,2024,2024,2024,date,0,2,2013265931,Scotland,S92000003,regions,480,10,8,Full Time Workers,8,sex,0,0,1,Weekly pay - gross,1,item,0,0,2,Median,2,item,0,0,20100,Value,739.7,A,Normal Value,F,Free (free for publication),Nm-99d1d32384e1d2013265931d8d1d2d20100,68,96
NM_99_1,2024,2024,2024,date,0,2,2013265931,Scotland,S92000003,regions,480,10,8,Full Time Workers,8,sex,0,0,1,Weekly pay - gross,1,item,0,0,2,Median,2,item,0,0,20701,Confidence,0.7,A,Normal Value,F,Free (free for publication),Nm-99d1d32384e1d2013265931d8d1d2d20701,69,96
NM_99_1,2024,2024,2024,date,0,2,2013265932,Northern Ireland,N92000002,regions,480,11,8,Full Time Workers,8,sex,0,0,1,Weekly pay - gross,1,item,0,0,2,Median,2,item,0,0,20100,Value,664.0,A,Normal Value,F,Free (free for publication),Nm-99d1d32384e1d2013265932d8d1d2d20100,70,96
NM_99_1,2024,2024,2024,date,0,2,2013265932,Northern Ireland,N92000002,regions,480,11,8,Full Time Workers,8,sex,0,0,1,Weekly pay - gross,1,item,0,0,2,Median,2,item,0,0,20701,Confidence,1.2,A,Normal Value,F,Free (free for publication),Nm-99d1d32384e1d2013265932d8d1d2d20701,71,96
NM_99_1,2025,2025,2025,date,0,3,2013265921,North East,E12000001,regions,480,0,8,Full Time Workers,8,sex,0,0,1,Weekly pay - gross,1,item,0,0,2,Median,2,item,0,0,20100,Value,681.2,A,Normal Value,F,Free (free for publication),Nm-99d1d32400e0d2013265921d8d1d2d20100,72,96
NM_99_1,2025,2025,2025,date,0,3,2013265921,North East,E12000001,regions,480,0,8,Full Time Workers,8,sex,0,0,1,Weekly pay - gross,1,item,0,0,2,Median,2,item,0,0,20701,Confidence,1.2,A,Normal Value,F,Free (free for publication),Nm-99d1d32400e0d2013265921d8d1d2d20701,73,96
NM_99_1,2025,2025,2025,date,0,3,2013265922,North West,E12000002,regions,480,1,8,Full Time Workers,8,sex,0,0,1,Weekly pay - gross,1,item,0,0,2,Median,2,item,0,0,20100,Value,734.2,A,Normal Value,F,Free (free for publication),Nm-99d1d32400e0d2013265922d8d1d2d20100,74,96
NM_99_1,2025,2025,2025,date,0,3,2013265922,North West,E12000002,regions,480,1,8,Full Time Workers,8,sex,0,0,1,Weekly pay - gross,1,item,0,0,2,Median,2,item,0,0,20701,Confidence,0.7,A,Normal Value,F,Free (free for publication),Nm-99d1d32400e0d2013265922d8d1d2d20701,75,96
NM_99_1,2025,2025,2025,date,0,3,2013265923,Yorkshire and The Humber,E12000003,regions,480,2,8,Full Time Workers,8,sex,0,0,1,Weekly pay - gross,1,item,0,0,2,Median,2,item,0,0,20100,Value,708.2,A,Normal Value,F,Free (free for publication),Nm-99d1d32400e0d2013265923d8d1d2d20100,76,96
NM_99_1,2025,2025,2025,date,0,3,2013265923,Yorkshire and The Humber,E12000003,regions,480,2,8,Full Time Workers,8,sex,0,0,1,Weekly pay - gross,1,item,0,0,2,Median,2,item,0,0,20701,Confidence,0.7,A,Normal Value,F,Free (free for publication),Nm-99d1d32400e0d2013265923d8d1d2d20701,77,96
NM_99_1,2025,2025,2025,date,0,3,2013265924,East Midlands,E12000004,regions,480,3,8,Full Time Workers,8,sex,0,0,1,Weekly pay - gross,1,item,0,0,2,Median,2,item,0,0,20100,Value,703.8,A,Normal Value,F,Free (free for publication),Nm-99d1d32400e0d2013265924d8d1d2d20100,78,96
NM_99_1,2025,2025,2025,date,0,3,2013265924,East Midlands,E12000004,regions,480,3,8,Full Time Workers,8,sex,0,0,1,Weekly pay - gross,1,item,0,0,2,Median,2,item,0,0,20701,Confidence,0.8,A,Normal Value,F,Free (free for publication),Nm-99d1d32400e0d2013265924d8d1d2d20701,79,96
NM_99_1,2025,2025,2025,date,0,3,2013265925,West Midlands,E12000005,regions,480,4,8,Full Time Workers,8,sex,0,0,1,Weekly pay - gross,1,item,0,0,2,Median,2,item,0,0,20100,Value,730.4,A,Normal Value,F,Free (free for publication),Nm-99d1d32400e0d2013265925d8d1d2d20100,80,96
NM_99_1,2025,2025,2025,date,0,3,2013265925,West Midlands,E12000005,regions,480,4,8,Full Time Workers,8,sex,0,0,1,Weekly pay - gross,1,item,0,0,2,Median,2,item,0,0,20701,Confidence,0.8,A,Normal Value,F,Free (free for publication),Nm-99d1d32400e0d2013265925d8d1d2d20701,81,96
NM_99_1,2025,2025,2025,date,0,3,2013265926,East,E12000006,regions,480,5,8,Full Time Workers,8,sex,0,0,1,Weekly pay - gross,1,item,0,0,2,Median,2,item,0,0,20100,Value,766.6,A,Normal Value,F,Free (free for publication),Nm-99d1d32400e0d2013265926d8d1d2d20100,82,96
NM_99_1,2025,2025,2025,date,0,3,2013265926,East,E12000006,regions,480,5,8,Full Time Workers,8,sex,0,0,1,Weekly pay - gross,1,item,0,0,2,Median,2,item,0,0,20701,Confidence,0.8,A,Normal Value,F,Free (free for publication),Nm-99d1d32400e0d2013265926d8d1d2d20701,83,96
NM_99_1,2025,2025,2025,date,0,3,2013265927,London,E12000007,regions,480,6,8,Full Time Workers,8,sex,0,0,1,Weekly pay - gross,1,item,0,0,2,Median,2,item,0,0,20100,Value,958.2,A,Normal Value,F,Free (free for publication),Nm-99d1d32400e0d2013265927d8d1d2d20100,84,96
NM_99_1,2025,2025,2025,date,0,3,2013265927,London,E12000007,regions,480,6,8,Full Time Workers,8,sex,0,0,1,Weekly pay - gross,1,item,0,0,2,Median,2,item,0,0,20701,Confidence,0.4,A,Normal Value,F,Free (free for publication),Nm-99d1d32400e0d2013265927d8d1d2d20701,85,96
NM_99_1,2025,2025,2025,date,0,3,2013265928,South East,E12000008,regions,480,7,8,Full Time Workers,8,sex,0,0,1,Weekly pay - gross,1,item,0,0,2,Median,2,item,0,0,20100,Value,775.8,A,Normal Value,F,Free (free for publication),Nm-99d1d32400e0d2013265928d8d1d2d20100,86,96
NM_99_1,2025,2025,2025,date,0,3,2013265928,South East,E12000008,regions,480,7,8,Full Time Workers,8,sex,0,0,1,Weekly pay - gross,1,item,0,0,2,Median,2,item,0,0,20701,Confidence,0.7,A,Normal Value,F,Free (free for publication),Nm-99d1d32400e0d2013265928d8d1d2d20701,87,96
NM_99_1,2025,2025,2025,date,0,3,2013265929,South West,E12000009,regions,480,8,8,Full Time Workers,8,sex,0,0,1,Weekly pay - gross,1,item,0,0,2,Median,2,item,0,0,20100,Value,728.7,A,Normal Value,F,Free (free for publication),Nm-99d1d32400e0d2013265929d8d1d2d20100,88,96
NM_99_1,2025,2025,2025,date,0,3,2013265929,South West,E12000009,regions,480,8,8,Full Time Workers,8,sex,0,0,1,Weekly pay - gross,1,item,0,0,2,Median,2,item,0,0,20701,Confidence,0.7,A,Normal Value,F,Free (free for publication),Nm-99d1d32400e0d2013265929d8d1d2d20701,89,96
NM_99_1,2025,2025,2025,date,0,3,2013265930,Wales,W92000004,regions,480,9,8,Full Time Workers,8,sex,0,0,1,Weekly pay - gross,1,item,0,0,2,Median,2,item,0,0,20100,Value,704.3,A,Normal Value,F,Free (free for publication),Nm-99d1d32400e0d2013265930d8d1d2d20100,90,96
NM_99_1,2025,2025,2025,date,0,3,2013265930,Wales,W92000004,regions,480,9,8,Full Time Workers,8,sex,0,0,1,Weekly pay - gross,1,item,0,0,2,Median,2,item,0,0,20701,Confidence,1.1,A,Normal Value,F,Free (free for publication),Nm-99d1d32400e0d2013265930d8d1d2d20701,91,96
NM_99_1,2025,2025,2025,date,0,3,2013265931,Scotland,S92000003,regions,480,10,8,Full Time Workers,8,sex,0,0,1,Weekly pay - gross,1,item,0,0,2,Median,2,item,0,0,20100,Value,773.8,A,Normal Value,F,Free (free for publication),Nm-99d1d32400e0d2013265931d8d1d2d20100,92,96
NM_99_1,2025,2025,2025,date,0,3,2013265931,Scotland,S92000003,regions,480,10,8,Full Time Workers,8,sex,0,0,1,Weekly pay - gross,1,item,0,0,2,Median,2,item,0,0,20701,Confidence,0.6,A,Normal Value,F,Free (free for publication),Nm-99d1d32400e0d2013265931d8d1d2d20701,93,96
NM_99_1,2025,2025,2025,date,0,3,2013265932,Northern Ireland,N92000002,regions,480,11,8,Full Time Workers,8,sex,0,0,1,Weekly pay - gross,1,item,0,0,2,Median,2,item,0,0,20100,Value,713.1,A,Normal Value,F,Free (free for publication),Nm-99d1d32400e0d2013265932d8d1d2d20100,94,96
NM_99_1,2025,2025,2025,date,0,3,2013265932,Northern Ireland,N92000002,regions,480,11,8,Full Time Workers,8,sex,0,0,1,Weekly pay - gross,1,item,0,0,2,Median,2,item,0,0,20701,Confidence,1.1,A,Normal Value,F,Free (free for publication),Nm-99d1d32400e0d2013265932d8d1d2d20701,95,96
