id,title,description,release_frequency,next_release,keywords
wellbeing-quarterly,Quarterly personal well-being estimates,"Seasonally and non seasonally-adjusted quarterly estimates of life satisfaction, feeling that the things done in life are worthwhile, happiness and anxiety in the UK.",Quarterly,TBC,well-being
wellbeing-local-authority,Personal well-being estimates by local authority,"Estimates of life satisfaction, feeling that the things done in life are worthwhile, happiness and anxiety at the UK, country, regional, county, local and unitary authority level.",Annual,TBC,well-being
weekly-deaths-region,Deaths registered weekly in England and Wales by region,"Provisional counts of the number of deaths registered in England and Wales, by region, in the latest weeks for which data are available.",Weekly,24 June 2026,Deaths|weekly deaths
weekly-deaths-local-authority,Death registrations and occurrences by local authority and place of death,"Provisional counts of the number of deaths registered in England and Wales, including deaths involving the coronavirus (COVID-19), by local authority, health board and place of death in the latest weeks for which data are available.",Weekly,17 January 2024,Deaths|weekly deaths
weekly-deaths-health-board,Death registrations and occurrences by health board and place of death,"Provisional counts of the number of deaths registered in Wales, by health board and place of death, in the latest weeks for which data are available.",Weekly,17 January 2024,Deaths|weekly deaths
weekly-deaths-age-sex,Deaths registered weekly in England and Wales by age and sex,"Provisional counts of the number of deaths registered in England and Wales, by age and sex, in the latest weeks for which data are available.",Weekly,24 June 2026,Deaths|weekly deaths
uk-spending-on-cards,UK spending on credit and debit cards,These data series are experimental faster indicators for monitoring UK spending using debit and credit cards.,Weekly,To be announced,
uk-business-by-enterprises-and-local-units,"UK Business: Activity, Size and Location","The data contained in these tables are numbers of enterprises and local units produced from a snapshot of the Inter-Departmental Business Register (IDBR) taken on 12 March 2021. This dataset contains details of the number of VAT and/or PAYE based enterprises and local units in districts, counties an",Annual,To be announced,"enterprises|local units,IDBR,business counts,Inter-Departmental Business Register"
traffic-camera-activity,Traffic Camera Activity,Experimental dataset for business indices covering the UK as part of the real-time indicators release to help better understand economic activity and social change in the UK.,Weekly,To be announced,
trade,Trade in goods: country by commodity,"Country by commodity data on the UK's trade in goods, including trade by all countries and selected commodities, exports and imports, non seasonally adjusted.",Monthly,12 February 2026,trade
tax-benefits-statistics,Effects of Taxes and Benefits on Household Income,"Estimates of mean and median annual incomes in the UK, by quintile groups.
The redistribution effects on individuals of direct and indirect taxation and benefits received in cash or kind.",Annual,TBA,
suicides-in-the-uk,Suicide registrations in England and Wales by local authority,"Number of suicides by local authority in England and Wales, registered from 2001.

If you are struggling to cope, please call Samaritans for free on 116 123 (UK and ROI) or contact other sources of support, such as those listed on the NHS’s help for suicidal thoughts webpage. Support is available ro",Annually,To be announced,suicide|mortality
sexual-orientation-by-region,Sexual orientation by English regions and UK countries,"Sexual orientation in the UK from 2012 to 2020 by region.

Data source: Annual Population Survey, ONS
",Annual,To be announced,"gay|lesbian,bisexual,straight,LGB"
sexual-orientation-by-age-and-sex,Sexual orientation by age and sex,"Sexual orientation in the UK by sex and age, 2014 to 2020.

Source: Annual Population Survey, ONS",Annual,To be announced,
retail-sales-index-large-and-small-businesses,Retail sales index - large and small businesses,Value and volume of retail sales broken down by size of business,Monthly,27 March 2026,"RSI|internet sales,goods bought,buying,spending"
retail-sales-index-all-businesses,Retail sales index - all businesses,Value and volume of retail sales for all businesses.,Monthly,27 March 2026,"RSI|internet sales,goods bought,buying,spending"
retail-sales-index,Retail sales index,"Retail sales data for Great Britain in value and volume terms, seasonally and non-seasonally adjusted.",Monthly,27 March 2026,"RSI|internet sales,goods bought,buying,spending"
regional-gdp-by-year,"Annual GDP for England, Wales and the English regions","Annual economic activity within England, Wales and the nine English regions (North East, North West, Yorkshire and the Humber, East Midlands, West Midlands, East of England, Greater London, South East, South West).",Annual,TBA,regional GDP
regional-gdp-by-quarter,"Quarterly GDP for England, Wales and the English regions","Quarterly economic activity within England, Wales and the nine English regions (North East, North West, Yorkshire and The Humber, East Midlands, West Midlands, East of England, London, South East, South West).",To be announced,To be announced,regional GDP
projections-older-people-sex-ratios,"Local authority ageing statistics, projected sex ratios for older people","Projected indicators included are derived from the published 2018-based subnational population projections for England, Wales, Scotland and Northern Ireland up to the year 2043. The indicators are the projected sex ratio for those aged 65 years and over and the projected sex ratio for those aged 85 ",Biennial,To be announced,
projections-older-people-in-single-households,"Local authority ageing statistics, household projections for older people","Projected indicators included are derived from the published 2018-based household projections for England and 2018-based household projections for Scotland for the years 2018 up to 2043. The indicators are the percentage of one-person households, in which the householder is aged 65 years and over an",Biennial,To be announced,
output-in-the-construction-industry,Output in the construction industry,"Monthly construction output for Great Britain at current price and chained volume measures, seasonally adjusted by public and private sector.",Monthly,14 May 2026,"infrastructure|public housing,private housing,non–housing,repairs and maintenance"
online-job-advert-estimates,Faster Indicators - Online Job Advert Estimates,Experimental job advert indices covering the UK job market.,Weekly,To be announced,
older-people-sex-ratios,"Local authority ageing statistics, sex ratios for people aged 65 and over and 85 and over","Both indicators included have been derived from the published 2019 mid-year population estimates for the UK, England, Wales, Scotland and Northern Ireland. These are sex ratios for people aged 65 years and over and 85 years and over. A sex ratio shows the number of males in the population for every ",Annual,1 June 2021,ageing|population
older-people-net-internal-migration,"Local authority ageing statistics, net internal migration people aged 65 and over and 85 and over",Figures presented show the movement of older people between local authorities and regions. Both indicators included in this dataset have been derived from the published 2019 internal migration dataset for England and Wales. The numbers presented are the net number of people aged 65 years and over an,Annual,1 June 2021,ageing|population
older-people-economic-activity,"Local authority ageing statistics, older people economic activity","Indicators included are economic activity and employment rates for those aged 50-64 years, by country, region and local authority. Both economic activity and employment rates are displayed as percentages. These have been calculated from the ONS Annual Population Survey and have been extracted from N",Quarterly but updated on CMD annually,1 June 2021,ageing|population
mid-year-pop-est,"Population Estimates for UK, England and Wales, Scotland and Northern Ireland","Estimates of the usual resident population for the UK as at 30 June of the reference year. Provided by administrative area, single year of age and sex.",Annually,Summer 2025,Population
life-expectancy-by-local-authority,Life Expectancy by Local Authority,Subnational trends in the average number of years people will live beyond their current age measured by “period life expectancy”.,Annual,To be announced,life expectancy
labour-market,UK Labour Market,"The LFS is a data source compiled from a survey of the UK population. It uses internationally recognised definitions of employment, unemployment and economic activity. It also captures other personal characteristics of household members over the age of 16 such as occupation, education and training. ", ,TBD,labour market
index-private-housing-rental-prices,Index of Private Housing Rental Prices,An experimental price index tracking the prices paid for renting property from private landlords in the United Kingdom,Monthly,TBC,"private renting|regions,IPHRP,rent,inflation"
house-prices-local-authority,House price statistics for small areas in England and Wales,"Summary statistics for housing transactions by local authority in England and Wales, on an annual basis, updated quarterly using HM Land Registry Price Paid Data. Select values from the Year and Month dimensions for data for a 12-month period ending that month and year (e.g. selecting June and 2018 ",Quarterly,December 2022,house prices
health-accounts,Expenditure on healthcare: UK Health Accounts,"Healthcare expenditure statistics, produced to the international definitions of the System of Health Accounts 2011.

Subcategories may not sum to aggregates due to rounding.",Annual,To be announced,
gva-by-industry-by-local-authority,GVA by industry by local authority,"Gross value added (balanced) in current basic prices and as chained volume measures, with a breakdown by 24 industry sectors, for each local authority district, metropolitan district, London borough and Scottish Council area in the UK.",Annual,TBA,
generational-income,Generational income: The effects of taxes and benefits,"The effects of direct and indirect taxation and benefits received in cash or kind on household income, across the generations and by age.

This data is estimated by combining multiple years of the Living Costs and Food Survey from 1978 to financial year ending March 2017 and the Household Finances S",Annual,To be announced,"taxes|benefits,generational income"
gdp-to-four-decimal-places,GDP monthly estimate (incorporating the Index of Services and Index of Production),Gross domestic product (GDP) measures the value of goods and services produced in the UK. It estimates the size of and growth in the economy. This dataset also contains the Index of Services (monthly movements in output for the services industries) and the Index of Production (movements in the volum,Monthly,16 April 2026,GDP|economy
gdp-by-local-authority,GDP by local authority,"Gross domestic product (GDP) in current market prices and as chained volume measures, plus GDP per capita, for each local authority district, metropolitan district, London borough and Scottish Council area in the UK.",,TBA,
faster-indicators-shipping-data,Coronavirus and the latest indicators for the UK economy and society: Shipping indicators,"These shipping indicators are based on counts of all vessels, and cargo and tanker vessels. As discussed in Faster indicators of UK economic activity: shipping (please see the related links), we expect the shipping indicators to be related to the import and export of goods.",Weekly,TBA,shipping|faster indicators
cpih01,Consumer Prices Index including owner occupiers' housing costs (CPIH),"CPIH is the most comprehensive measure of inflation. It extends CPI to include a measure of the costs associated with owning, maintaining and living in one's own home, known as owner occupiers' housing costs (OOH), along with council tax. This dataset provides CPIH time series (2005 to latest publis",Monthly,To be announced,Inflation
childrens-wellbeing,Children's Well-being Measures,"How children aged 0 to 15 years in the UK are coping in a range of areas that matter to their quality of life, reflecting the circumstances of their lives and their own perspectives.

This is a subset of the children's well-being indicators. For the full dataset, please see 'Children's well-being an",To be announced,To be announced,children's well-being|well-being
ashe-tables-9-and-10,"Earnings and hours worked, place of work and place of residence by Parliamentary constituency: ASHE Tables 9 and 10","Annual estimates of paid hours worked and earnings for UK employees by sex, and full-time and part-time, by home and work-based Parliamentary constituency. Hourly and weekly estimates are provided for the pay period that included a specified date in April. They relate to employees on adult rates of ",Annual,To be announced,"ASHE|pay,earnings,hours"
ashe-tables-7-and-8,"Earnings and hours worked, place of work and residence by local authority: ASHE Tables 7 and 8 ","Annual estimates of paid hours worked and earnings for UK employees by sex, and full-time and part-time, by work-based and residence-based region to local and unitary authority level. Hourly and weekly estimates are provided for the pay period that included a specified date in April. They relate to ",Annual,To be announced,ASHE|pay
ashe-tables-3,"Earnings and hours worked, region by occupation by two-digit SOC: ASHE Table 3","Annual estimates of paid hours worked and earnings for UK employees by sex, and full-time and part-time, by region and two-digit Standard Occupational Classification 2010. Hourly and weekly estimates are provided for the pay period that included a specified date in April. They relate to employees on",Annual,To be announced,ASHE|pay
ashe-tables-27-and-28,"Earnings and hours worked, place of work and place of residence by local enterprise partnerships: ASHE Tables 27 and 28","Annual estimates of paid hours worked and earnings for UK employees by sex, and full-time and part-time, by work-based and home-based local enterprise partnerships. Hourly and weekly estimates are provided for the pay period that included a specified date in April. They relate to employees on adult ",Annual,To be announced,
ashe-tables-26,"Earnings and hours worked, care workers: ASHE Table 26","Annual estimates of paid hours worked and earnings for UK employees by sex, and full-time and part-time, for care workers, home carers and senior care workers as defined in the Standard Occupational Classification. Hourly and weekly estimates are provided for the pay period that included a specified",Annual,To be announced,ASHE|pay
ashe-tables-25,"Earnings and hours worked, UK region by public and private sector: ASHE Table 25","Annual estimates of paid hours worked and earnings for UK employees by sex, and full-time and part-time, by region, and public and private sector, and non-profit bodies and mutual associations. Hourly and weekly estimates are provided for the pay period that included a specified date in April. They ",Annual,To be announced,"ASHE|pay,earnings"
ashe-tables-20,"Earnings and hours worked, age group by occupation by two-digit SOC: ASHE Table 20","Annual estimates of paid hours worked and earnings for UK employees by sex, and full-time and part-time, by age group and two-digit Standard Occupational Classification 2010. Hourly and weekly estimates are provided for the pay period that included a specified date in April. They relate to employees",Annual,To be announced,"ASHE|pay,earnings"
ashe-tables-11-and-12,"Earnings and Hours Worked, Work and Residence-Based Travel to Work Area: ASHE Tables 11 and 12","Annual estimates of paid hours worked and earnings for UK employees by sex, and full-time and part-time, by home-based and work-based travel to work area. Hourly and weekly estimates are provided for the pay period that included a specified date in April. They relate to employees on adult rates of p",Annual,To be announced,"ASHE|pay,wages,income,comparison of earnings"
ashe-table-5,"Earnings and Hours Worked, UK Region by Industry by Two-Digit SIC: ASHE Table 5","Annual estimates of paid hours worked and earnings for UK employees by sex, and full-time and part-time, by region, and public and private sector, and non-profit bodies and mutual associations. Hourly and weekly estimates are provided for the pay period that included a specified date in April. They ",Annual,To be announced,"ASHE|pay,wages,income,comparison of earnings"
ageing-population-projections,"Local authority ageing statistics, population projections for older people","Projected indicators included are derived from the published 2018-based subnational population projections for England, Wales, Scotland and Northern Ireland up to the year 2043. The indicators are the projected percentage of the population aged 65 years and over, 85 years and over, 0 to 15 years, 16",Biennial,To be announced,ageing|projections|population
ageing-population-estimates,"Local authority ageing statistics, based on annual mid-year population estimates","Indicators included have been derived from the published 2019 mid-year population estimates for the UK, England, Wales, Scotland and Northern Ireland. These are the number of persons and percentage of the population aged 65 years and over, 85 years and over, 0 to 15 years, 16 to 64 years, 16 years t",Annual,1 June 2021,ageing|population
TS079,Sexual orientation (detailed),"This dataset provides Census 2021 estimates that classify usual residents aged 16 years and over in England and Wales by sexual orientation. The estimates are as at Census Day, 21 March 2021.",,,ltla|sexual_orientation_9a
TS078,Gender identity,"This dataset provides Census 2021 estimates that classify usual residents aged 16 years and over in England and Wales by gender identity. The estimates are as at Census Day, 21 March 2021.",,,ltla|gender_identity_7a
TS077,Sexual orientation,"This dataset provides Census 2021 estimates that classify usual residents aged 16 years and over in England and Wales by sexual orientation. The estimates are as at Census Day, 21 March 2021.",,,ltla|sexual_orientation_6a
TS076,Welsh language skills (speaking) by single year of age,"This dataset provides Census 2021 estimates that classify usual residents aged 3 years and over in Wales by their ability to speak Welsh by age. The estimates are as at Census Day, 21 March 2021.",,,"ltla|welsh_skills_speak,resident_age_86a"
TS075,Multi religion households,"This dataset provides Census 2021 estimates that classify households in England and Wales by multi religion households. The estimates are as at Census Day, 21 March 2021.",,,ltla|hh_multi_religion_7a
TS074,Household Reference Person indicator of previous service in UK armed forces,"This dataset provides Census 2021 estimates that classify households in England and Wales by whether or not the Household Reference Person has previously served in the UK armed forces. The estimates are as at Census Day, 21 March 2021.

Following analysis after publishing topic summaries data, we re",,,ltla|hh_hrp_veteran
TS073,Population who have previously served in UK armed forces in communal establishments and in households,"This dataset provides Census 2021 estimates that classify usual residents in England and Wales who have previously served in the UK armed forces by whether they reside in communal establishments and in households. The estimates are as at Census Day, 21 March 2021.",,,ltla|residence_type
TS072,Number of people in household who have previously served in UK armed forces,"This dataset provides Census 2021 estimates that classify households in England and Wales by the number of people in the household who have previously served in the UK armed forces. The estimates are as at Census Day, 21 March 2021.

Following analysis after publishing topic summaries data, we relea",,,ltla|hh_veterans_5a
TS071,Previously served in the UK armed forces,This dataset provides Census 2021 estimates that classify usual residents aged 16 years and over in England and Wales by whether or not they have previously served in the UK armed forces. This does not include people who are currently serving in the UK armed forces. The estimates are as at Census Da,,,ltla|uk_armed_forces
TS070,Gender identity (detailed),"This dataset provides Census 2021 estimates that classify usual residents aged 16 years and over in England and Wales by gender identity. The estimates are as at Census Day, 21 March 2021.",,,ltla|gender_identity_8a
TS068,Schoolchildren and full-time students,"This dataset provides Census 2021 estimates that classify all usual residents aged 5 years and over in England and Wales. The estimates are as at Census Day, 21 March 2021.",,,ltla|in_full_time_education
TS067,Highest level of qualification,"This dataset provides Census 2021 estimates that classify usual residents aged 16 years and over in England and Wales by their highest level of qualification. The estimates are as at Census Day, 21 March 2021.",,,ltla|highest_qualification
TS066,Economic activity status,"This dataset provides Census 2021 estimates that classify usual residents aged 16 years and over in England and Wales by economic activity status. The estimates are as at Census Day, 21 March 2021.",,,ltla|economic_activity
TS065,Employment history,"This dataset provides Census 2021 estimates that classify usual residents aged 16 years and over in England and Wales who were not in employment on Census Day, 21 March 2021, by whether and when they were last employed. The estimates are as at Census Day, 21 March 2021.",,,ltla|has_ever_worked
TS064,Occupation - minor groups,"This dataset provides Census 2021 estimates that classify usual residents aged 16 years and over in employment the week before the census in England and Wales by occupation. The estimates are as at Census Day, 21 March 2021.",,,ltla|occupation_current_105a
TS063,Occupation,"This dataset provides Census 2021 estimates that classify usual residents aged 16 years and over in employment the week before the census in England and Wales by occupation. The estimates are as at Census Day, 21 March 2021.",,,ltla|occupation_current_10a
TS062,NS-SEC,"This dataset provides Census 2021 estimates that classify usual residents aged 16 years and over in England and Wales by National Statistics Socio-economic Classification (NS-SEC). The estimates are as at Census Day, 21 March 2021.",,,ltla|ns_sec_10a
TS061,Method used to travel to work,"This dataset provides Census 2021 estimates that classify usual residents in England and Wales by their method used to travel to work (2001 specification). The estimates are as at Census Day, 21 March 2021.",,,ltla|transport_to_workplace_12a
TS060,Industry,"This dataset provides Census 2021 estimates that classify usual residents aged 16 years and over in employment the week before the census in England and Wales by industry. The estimates are as at Census Day, 21 March 2021.",,,ltla|industry_current_88a
TS059,Hours worked,"This dataset provides Census 2021 estimates that classify usual residents aged 16 years and over in employment the week before the census in England and Wales by the number of hours they worked per week. The estimates are as at Census Day, 21 March 2021.",,,ltla|hours_per_week_worked
TS058,Distance travelled to work,"This dataset provides Census 2021 estimates that classify usual residents aged 16 years and over in employment the week before the census in England and Wales by the distance they travelled to work. The estimates are as at Census Day, 21 March 2021.",,,ltla|workplace_travel
TS056,Second address indicator,"This dataset provides Census 2021 estimates that classify usual residents in England and Wales by their use of a second address, and whether the second address is inside or outside the UK. The estimates are as at Census Day, 21 March 2021.",,,ltla|alternative_address_indicator
TS055,Purpose of second address,"This dataset provides Census 2021 estimates that classify usual residents in England and Wales with a second address by the purpose of that second address. The estimates are as at Census Day, 21 March 2021.",,,ltla|second_address_type_priority
TS054,Tenure,"This dataset provides Census 2021 estimates that classify households in England and Wales by tenure. The estimates are as at Census Day, 21 March 2021.",,,ltla|hh_tenure_9a
TS053,Occupancy rating for rooms,"This dataset provides Census 2021 estimates that classify households in England and Wales by occupancy rating based on the number of rooms in the household. The estimates are as at Census Day, 21 March 2021.",,,ltla|occupancy_rating_rooms_6a
TS052,Occupancy rating for bedrooms,"This dataset provides Census 2021 estimates that classify households in England and Wales by occupancy rating based on the number of bedrooms in the household. The estimates are as at Census Day, 21 March 2021.",,,ltla|occupancy_rating_bedrooms_6a
TS051,Number of rooms,"This dataset provides Census 2021 estimates that classify all household spaces with at least one usual resident in England and Wales by number of rooms. The estimates are as at Census Day, 21 March 2021.",,,ltla|voa_number_of_rooms_9a
TS050,Number of bedrooms,"This dataset provides Census 2021 estimates that classify all household spaces with at least one usual resident in England and Wales by number of bedrooms. The estimates are as at Census Day, 21 March 2021.",,,ltla|number_bedrooms_5a
TS048,Communal establishment management and type,"This dataset provides Census 2021 estimates that classify communal establishment residents in England and Wales by the type of communal establishment they reside in. The estimates are as at Census Day, 21 March 2021.",,,ltla|ce_management_type_26a
TS047,Communal establishment residents by age and sex,"This dataset provides Census 2021 estimates that classify communal establishment residents in England and Wales by age and by sex. The estimates are as at Census Day, 21 March 2021.",,,ltla|ce_position_sex_age_19a
TS046,Central heating,"This dataset provides Census 2021 estimates that classify occupied household spaces in England and Wales by the type of central heating present. The estimates are as at Census Day, 21 March 2021.",,,ltla|heating_type
TS045,Car or van availability,"This dataset provides Census 2021 estimates on the number of cars or vans available to members of households for England and Wales. The estimates are as at Census Day, 21 March 2021.",,,ltla|number_of_cars_5a
TS044,Accommodation type,"This dataset provides Census 2021 estimates that classify households in England and Wales by accommodation type. The estimates are as at Census Day, 21 March 2021.",,,ltla|accommodation_type
TS041,Number of Households,"This dataset provides Census 2021 estimates on the number of households in England and Wales. The estimates are as at Census Day, 21 March 2021.",,,ltla
TS040,Number of disabled people in the household,"This dataset provides Census 2021 estimates that classify households in England and Wales by the number of disabled people in the household. The estimates are as at Census Day, 21 March 2021.",,,ltla|hh_disabled_4a
TS039ASP,"Provision of unpaid care, age-standardised proportions","This dataset provides Census 2021 estimates that classify usual residents aged 5 years and over in England and Wales by the number of hours of unpaid care they provide. The estimates are as at Census Day, 21 March 2021. Age-standardisation allows for comparisons between populations that may contain ",,,ltla|is_carer_5a
TS039,Provision of unpaid care,"This dataset provides Census 2021 estimates that classify usual residents aged 5 years and over in England and Wales by the number of hours of unpaid care they provide. The estimates are as at Census Day, 21 March 2021.",,,ltla|is_carer
TS038ASP,"Disability, age-standardised proportions","This dataset provides Census 2021 estimates that classify usual residents in England and Wales by long-term health problems or disabilities. The estimates are as at Census Day, 21 March 2021. Age-standardisation allows for comparisons between populations that may contain proportions of different age",,,ltla|disability_4a
TS038,Disability,"This dataset provides Census 2021 estimates that classify usual residents in England and Wales by long-term health problems or disabilities. The estimates are as at Census Day, 21 March 2021.",,,ltla|disability
TS037ASP,"General health, age-standardised proportions","This dataset provides Census 2021 estimates that classify usual residents in England and Wales by the state of their general health. The estimates are as at Census Day, 21 March 2021. Age-standardisation allows for comparisons between populations that may contain proportions of different ages, repre",,,ltla|health_in_general
TS037,General health,"This dataset provides Census 2021 estimates that classify usual residents in England and Wales by the state of their general health. The estimates are as at Census Day, 21 March 2021.",,,ltla|health_in_general
TS036,Welsh language skills (understanding),"This dataset provides Census 2021 estimates that classify usual residents aged 3 years and over in Wales by their ability to understand Welsh. The estimates are as at Census Day, 21 March 2021.",,,ltla|welsh_skills_understand
TS035,Welsh language skills (reading),"This dataset provides Census 2021 estimates that classify usual residents aged 3 years and over in Wales by their ability to read Welsh. The estimates are as at Census Day, 21 March 2021.",,,ltla|welsh_skills_read
TS034,Welsh language skills (writing),"This dataset provides Census 2021 estimates that classify usual residents aged 3 years and over in Wales by their ability to write Welsh. The estimates are as at Census Day, 21 March 2021.",,,ltla|welsh_skills_write
TS033,Welsh language skills (speaking),"This dataset provides Census 2021 estimates that classify usual residents aged 3 years and over in Wales by their ability to speak Welsh. The estimates are as at Census Day, 21 March 2021.",,,ltla|welsh_skills_speak
TS032,Welsh language skills (detailed),"This dataset provides Census 2021 estimates that classify usual residents in Wales by their overall Welsh language skills. The estimates are as at Census Day, 21 March 2021.",,,ltla|welsh_skills_all
TS031,Religion (detailed),"This dataset provides Census 2021 estimates that classify usual residents in England and Wales by religion. The estimates are as at Census Day, 21 March 2021.",,,ltla|religion_58a
TS030,Religion,"This dataset provides Census 2021 estimates that classify usual residents in England and Wales by religion. The estimates are as at Census Day, 21 March 2021.",,,ltla|religion_tb
TS029,Proficiency in English,"This dataset provides Census 2021 estimates that classify usual residents aged 3 years and over in England and Wales by their proficiency in English. The estimates are as at Census Day, 21 March 2021.",,,ltla|english_proficiency
TS028,National identity (detailed),"This dataset provides Census 2021 estimates that classify usual residents in England and Wales by their national identity. The estimates are as at Census Day, 21 March 2021.",,,ltla|national_identity_detailed
TS027,National identity - UK,"This dataset provides Census 2021 estimates that classify usual residents in England and Wales by their national identity. The estimates are as at Census Day, 21 March 2021.",,,ltla|national_identity_all
TS026,Multiple main languages in household,"This dataset provides Census 2021 estimates that classify households in England and Wales by the combination of household members speaking the same or different main languages. The estimates are as at Census Day, 21 March 2021.",,,ltla|hh_multi_language
TS025,Household language,"This dataset provides Census 2021 estimates that classify households in England and Wales by the combination of adults and children within a household that have English (English or Welsh in Wales) as a main language. The estimates are as at Census Day, 21 March 2021.",,,ltla|hh_language
TS024,Main language (detailed),"This dataset provides Census 2021 estimates that classify usual residents aged 3 years and over in England and Wales by their main language. The estimates are as at Census Day, 21 March 2021.",,,ltla|main_language_detailed
TS023,Multiple ethnic group,"This dataset provides Census 2021 estimates that classify households in England and Wales by the diversity in ethnic group of household members in different relationships. The estimates are as at Census Day, 21 March 2021.",,,ltla|hh_multi_ethnic_group
TS022,Ethnic group (detailed),"This dataset provides Census 2021 estimates that classify usual residents in England and Wales by ethnic group. The estimates are as at Census Day, 21 March 2021.",,,ltla|ethnic_group_288a
TS021,Ethnic group,"This dataset provides Census 2021 estimates that classify usual residents in England and Wales by ethnic group. The estimates are as at Census Day, 21 March 2021.",,,ltla|ethnic_group_tb_20b
TS020,Number of non-UK short-term residents by sex,"This dataset provides Census 2021 estimates that classify non-UK born short-term residents in England and Wales by sex. The estimates are as at Census Day, 21 March 2021.",,,ltla|sex
TS019,Migrant Indicator,"This dataset provides Census 2021 estimates that classify usual residents aged one year and over in England and Wales by their address one year ago, in order to determine their status as a migrant from within or outside the UK. The estimates are as at Census Day, 21 March 2021.",,,ltla|migrant_ind
TS018,Age of arrival in the UK,"This dataset provides Census 2021 estimates that classify usual residents in England and Wales by their age of arrival in the UK. The estimates are as at Census Day, 21 March 2021.",,,ltla|age_arrival_uk_18a
TS017,Household size,"This dataset provides Census 2021 estimates that classify all households in England and Wales by household size. The estimates are as at Census Day, 21 March 2021.",,,ltla|hh_size_9a
TS016,Length of residence,"This dataset provides Census 2021 estimates that classify usual residents in England and Wales by their length of residence in the UK. The estimates are as at Census Day, 21 March 2021.",,,ltla|residence_length_6b
TS015,Year of arrival in UK,"This dataset provides Census 2021 estimates that classify usual residents in England and Wales by their year of arrival in the UK. The estimates are as at Census Day, 21 March 2021.",,,ltla|year_arrival_uk
TS013,Passports held (detailed),"This dataset provides Census 2021 estimates that classify usual residents in England and Wales by passports held. The estimates are as at Census Day, 21 March 2021.",,,ltla|passports_all_52a
TS012,Country of birth (detailed),"This dataset provides Census 2021 estimates that classify usual residents in England and Wales by their country of birth. The estimates are as at Census Day, 21 March 2021.

Following analysis after publishing topic summaries data, we released data at extra geography levels for some datasets.",,,ltla|country_of_birth_60a
TS011,Households by deprivation dimensions,"This dataset provides Census 2021 estimates that classify households in England and Wales by four dimensions of deprivation: Employment, education, health and disability, and household overcrowding. The estimates are as at Census Day, 21 March 2021.",,,ltla|hh_deprivation
TS010,Living arrangements,"This dataset provides Census 2021 estimates that classify usual residents aged 16 years and over in households in England and Wales by their living arrangements. The estimates are as at Census Day, 21 March 2021.",,,ltla|living_arrangements_11a
TS009,Sex by single year of age,"This dataset provides Census 2021 estimates that classify usual residents in England and Wales by sex and single year of age. The estimates are as at Census Day, 21 March 2021.
 
The classifications for the datasets TS009 Sex by single year of age and RM200 Sex by single year of age (detailed) are t",,,"ltla|sex,resident_age_91a"
TS008,Sex,"This dataset provides Census 2021 estimates that classify usual residents in England and Wales by sex. The estimates are as at Census Day, 21 March 2021.",,,ltla|sex
TS007,Age by single year,"This dataset provides Census 2021 estimates that classify usual residents in England and Wales by single year of age. The estimates are as at Census Day, 21 March 2021.",,.,ltla|resident_age_101a
TS006,Population density,"This dataset provides Census 2021 estimates that classify usual residents in England and Wales by population density (number of usual residents per square kilometre). The estimates are as at Census Day, 21 March 2021.",,,ltla
TS005,Passports held,"This dataset provides Census 2021 estimates that classify usual residents in England and Wales by passports held. The estimates are as at Census Day, 21 March 2021.",,,ltla|passports_all_27a
TS004,Country of birth,"This dataset provides Census 2021 estimates that classify usual residents in England and Wales by their country of birth. The estimates are as at Census Day, 21 March 2021.",,,ltla|country_of_birth_12a
TS003,Household composition,"This dataset provides Census 2021 estimates that classify households in England and Wales by the relationships between household members (household composition). The estimates are as at Census Day, 21 March 2021.",,,ltla|hh_family_composition_15a
TS002,Legal partnership status,"This dataset provides Census 2021 estimates that classify usual residents aged 16 years and over in England and Wales by their legal partnership status. The estimates are as at Census Day, 21 March 2021.",,,ltla|legal_partnership_status
TS001,Number of usual residents in households and communal establishments,"This dataset provides Census 2021 estimates that classify usual residents in England and Wales by whether they resided in households and communal establishments. The estimates are as at Census Day, 21 March 2021.",,,ltla|residence_type
ST013,Number of non-UK born short-term residents by sex by single year of age,"This dataset provides Census 2021 estimates that classify non-UK born short-term residents in England and Wales by sex and by single year of age. The estimates are as at Census Day, 21 March 2021. We have not adjusted these estimates to correct for non-response. Consider this when comparing results ",,,"rgn|resident_age_86a,sex"
ST012,Number of non-UK born short-term residents by NS-SEC,"This dataset provides Census 2021 estimates that classify non-UK born short-term residents aged 16 years and over in England and Wales by NS-SEC. The estimates are as at Census Day, 21 March 2021. We have not adjusted these estimates to correct for non-response. Consider this when comparing results ",,,ltla|ns_sec_12a
ST011,Number of non-UK born short-term residents by occupation,"This dataset provides Census 2021 estimates that classify non-UK born short-term residents aged 16 years and over in employment the week before the census in England and Wales by occupation. The estimates are as at Census Day, 21 March 2021. We have not adjusted these estimates to correct for non-re",,,ltla|occupation_current_10a
ST010,Number of non-UK born short-term residents by industry,"This dataset provides Census 2021 estimates that classify non-UK born short-term residents aged 16 years and over in employment the week before the census in England and Wales by industry. The estimates are as at Census Day, 21 March 2021. We have not adjusted these estimates to correct for non-resp",,,ltla|industry_current_19a
ST009,Number of non-UK born short-term residents by economic activity,"This dataset provides Census 2021 estimates that classify non-UK born short-term residents aged 16 years and over in England and Wales by economic activity. The estimates are as at Census Day, 21 March 2021. We have not adjusted these estimates to correct for non-response. Consider this when compari",,,ltla|economic_activity_status_12a
ST008,Number of non-UK born short-term residents in household spaces by tenure,"This dataset provides Census 2021 estimates that classify non-UK born short-term residents in household spaces in England and Wales by tenure. The estimates are as at Census Day, 21 March 2021. We have not adjusted these estimates to correct for non-response. Consider this when comparing results wit",,,ltla|hh_tenure
ST007,Number of non-UK born short-term residents by general health,"This dataset provides Census 2021 estimates that classify non-UK born short-term residents in England and Wales by general health. The estimates are as at Census Day, 21 March 2021. We have not adjusted these estimates to correct for non-response. Consider this when comparing results with 2011 Censu",,,ltla|health_in_general
ST006,Number of non-UK born short-term residents by passports held (detailed),"This dataset provides Census 2021 estimates that classify non-UK born short-term residents in England and Wales by passports held. The estimates are as at Census Day, 21 March 2021. We have not adjusted these estimates to correct for non-response. Consider this when comparing results with 2011 Censu",,,ltla|passports_all_52a
ST005,Number of non-UK born short-term residents by main language,"This dataset provides Census 2021 estimates that classify non-UK born short-term residents aged 3 years and over in England and Wales by main language. The estimates are as at Census Day, 21 March 2021. We have not adjusted these estimates to correct for non-response. Consider this when comparing re",,,ltla|main_language_detailed_23a
ST004,Number of non-UK born short-term residents by country of birth,"This dataset provides Census 2021 estimates that classify non-UK born short-term residents in England and Wales by country of birth. The estimates are as at Census Day, 21 March 2021. We have not adjusted these estimates to correct for non-response. Consider this when comparing results with 2011 Cen",,,ltla|country_of_birth_66a
ST003,Number of non-UK born short-term residents by ethnicity,"This dataset provides Census 2021 estimates that classify non-UK born short-term residents in England and Wales by ethnic group. The estimates are as at Census Day, 21 March 2021. We have not adjusted these estimates to correct for non-response. Consider this when comparing results with 2011 Census ",,,ltla|ethnic_group_tb_20b
ST002,Number of non-UK born short-term residents by sex by age,"This dataset provides Census 2021 estimates that classify non-UK born short-term residents in England and Wales by sex and by age. The estimates are as at Census Day, 21 March 2021. We have not adjusted these estimates to correct for non-response. Consider this when comparing results with 2011 Censu",,,"ltla|sex,resident_age_23a"
ST001,Number of non-UK born short-term residents by residence type,"This dataset provides Census 2021 estimates that classify non-UK born short-term residents in England and Wales by residence type. The estimates are as at Census Day, 21 March 2021. We have not adjusted these estimates to correct for non-response. Consider this when comparing results with 2011 Censu",,,ltla|residence_type
RM205,Dwelling type,"This dataset provides Census 2021 estimates that classify dwellings in England and Wales by whether they are a shared or unshared dwelling, with shared dwellings further categorised by the number of household spaces in each dwelling. The estimates are as at Census Day, 21 March 2021.",,,ltla|hh_spaces_shared_dwelling_3a
RM204,Number of Dwellings,"This dataset provides Census 2021 estimates on the number of dwellings in England and Wales. The estimates are as at Census Day, 21 March 2021.",,,ltla
RM203,Legal partnership status by sex by age - Communal establishment residents,"This dataset provides Census 2021 estimates that classify usual residents in communal establishments in England and Wales by legal partnership status, by sex, and by age. The estimates are as at Census Day, 21 March 2021.",,,"ltla|legal_partnership_status_6a,sex,resident_age_11d"
RM202,Household size by number of rooms,"This dataset provides Census 2021 estimates that classify households in England and Wales by household size and by number of rooms. The estimates are as at Census Day, 21 March 2021.",,,"ltla|voa_number_of_rooms_6a,hh_size_5a"
RM201,Tenure by age - Household Reference Persons,"This dataset provides Census 2021 estimates that classify Household Reference Persons in England and Wales by tenure and by age. The estimates are as at Census Day, 21 March 2021.",,,"ltla|hh_tenure_5a,resident_age_3a"
RM200,Sex by single year of age (detailed),"This dataset provides Census 2021 estimates that classify usual residents in England and Wales by sex and single year of age. The estimates are as at Census Day, 21 March 2021.
 
The classifications for the datasets TS009 Sex by single year of age and RM200 Sex by single year of age (detailed) are t",,,"ltla|resident_age_91a,sex"
RM198,Number of multi-generational households by bedroom occupancy ratings,"This dataset provides Census 2021 estimates that classify households in England and Wales by number of multi-generational households by bedroom occupancy rating. The estimates are as at Census Day, 21 March 2021.",,,"ltla|hh_multi_generation,occupancy_rating_bedrooms_5a"
RM197,Number of multi-generational households by household tenure,"This dataset provides Census 2021 estimates that classify households in England and Wales by number of multi-generational households by household tenure. The estimates are as at Census Day, 21 March 2021.",,,"ltla|hh_multi_generation,hh_tenure_5a"
RM196,Communal establishment management and type- communal establishments,"This dataset provides Census 2021 estimates that classify communal establishments in England and Wales by the type of communal establishment. The estimates are as at Census Day, 21 March 2021.",,,ltla|ce_management_type_26a
RM195,Number of households in houses in multiple occupation (HMO) by type of occupancy rating (bedrooms),"This dataset provides Census 2021 estimates that classify households in England and Wales by number that are HMOs by occupancy rating (bedrooms). The estimates are as at Census Day, 21 March 2021.",,,"ltla|dwelling_hmo_unrelated,occupancy_rating_bedrooms_5a"
RM194,Number of households in houses in multiple occupation (HMO) by type of central heating in household,"This dataset provides Census 2021 estimates that classify households in England and Wales by dwellings that are HMOs by type of central heating in household. The estimates are as at Census Day, 21 March 2021.",,,"ltla|dwelling_hmo_unrelated,heating_type_3a"
RM193,Number of households in houses in multiple occupation (HMO) by accommodation type,"This dataset provides Census 2021 estimates that classify households in England and Wales by dwellings that are HMOs by accommodation type. The estimates are as at Census Day, 21 March 2021.",,,"ltla|dwelling_hmo_unrelated,accommodation_type_5a"
RM192,Number of dwellings that are houses in multiple occupation (HMO),"This dataset provides Census 2021 estimates that classify dwellings in England and Wales by number of dwellings that are small and large HMOs. The estimates are as at Census Day, 21 March 2021.",,,ltla|dwelling_hmo_unrelated
RM191,Gender identity by unpaid carer status,"This dataset provides Census 2021 estimates that classify usual residents aged 16 years and over in England and Wales, by gender identity and unpaid carer status. The estimates are as at Census Day, 21 March 2021.",,,"ltla|gender_identity_7a,is_carer_5a"
RM190,Sexual orientation by tenure,"This dataset provides Census 2021 estimates that classify usual residents aged 16 years and over in households in England and Wales, by sexual orientation and tenure. The estimates are as at Census Day, 21 March 2021.",,,"ltla|sexual_orientation_6a,hh_tenure_5a"
RM189,Sexual orientation by sex,"This dataset provides Census 2021 estimates that classify usual residents aged 16 years and over in England and Wales, by sexual orientation and sex. The estimates are as at Census Day, 21 March 2021.",,,"ltla|sexual_orientation_6a,sex"
RM188,Sexual orientation by religion,"This dataset provides Census 2021 estimates that classify usual residents aged 16 years and over in England and Wales, by sexual orientation and religion. The estimates are as at Census Day, 21 March 2021.",,,"ltla|sexual_orientation_6a,religion_tb"
RM187,Sexual orientation by occupancy rating (rooms),"This dataset provides Census 2021 estimates that classify usual residents aged 16 years and over in households in England and Wales, by sexual orientation and occupancy rating (rooms). The estimates are as at Census Day, 21 March 2021.",,,"ltla|sexual_orientation_6a,occupancy_rating_rooms_6a"
RM186,Sexual orientation by occupancy rating (bedrooms),"This dataset provides Census 2021 estimates that classify usual residents aged 16 years and over in households in England and Wales, by sexual orientation and occupancy rating (bedrooms). The estimates are as at Census Day, 21 March 2021.",,,"ltla|sexual_orientation_6a,occupancy_rating_bedrooms_6a"
RM185,Sexual orientation by NS-SEC,"This dataset provides Census 2021 estimates that classify usual residents aged 16 years and over in England and Wales, by sexual orientation and NS-SEC. The estimates are as at Census Day, 21 March 2021.",,,"ltla|sexual_orientation_6a,ns_sec_10a"
RM184,Sexual orientation by industry,"This dataset provides Census 2021 estimates that classify usual residents aged 16 years and over in employment the week before the census in England and Wales, by sexual orientation and industry. The estimates are as at Census Day, 21 March 2021.",,,"ltla|sexual_orientation_6a,industry_current_9a"
RM183,Sexual orientation by hours worked,"This dataset provides Census 2021 estimates that classify usual residents aged 16 years and over in employment the week before the census in England and Wales, by sexual orientation and hours worked. The estimates are as at Census Day, 21 March 2021.",,,"ltla|sexual_orientation_6a,hours_per_week_worked"
RM182,Sexual orientation by highest qualification held,"This dataset provides Census 2021 estimates that classify usual residents aged 16 years and over in England and Wales, by sexual orientation and highest level of qualification. The estimates are as at Census Day, 21 March 2021.",,,"ltla|sexual_orientation_6a,highest_qualification"
RM181,Sexual orientation by household composition,"This dataset provides Census 2021 estimates that classify usual residents aged 16 years and over in households in England and Wales, by sexual orientation and household composition. The estimates are as at Census Day, 21 March 2021.",,,"ltla|sexual_orientation_6a,hh_family_composition_8a"
RM180,Sexual orientation by dwelling type,"This dataset provides Census 2021 estimates that classify usual residents aged 16 years and over in households in England and Wales, by sexual orientation and dwelling type. The estimates are as at Census Day, 21 March 2021.",,,"ltla|sexual_orientation_6a,accom_by_dwelling_type_8a"
RM179,Sexual orientation by type of central heating in household,"This dataset provides Census 2021 estimates that classify usual residents aged 16 years and over in households in England and Wales, by sexual orientation and central heating. The estimates are as at Census Day, 21 March 2021.",,,"ltla|sexual_orientation_6a,heating_type_3a"
RM178,Sexual orientation by unpaid carer status,"This dataset provides Census 2021 estimates that classify usual residents aged 16 years and over in England and Wales, by sexual orientation and unpaid carer status. The estimates are as at Census Day, 21 March 2021.",,,"ltla|sexual_orientation_6a,is_carer_5a"
RM177,Sexual orientation by age,"This dataset provides Census 2021 estimates that classify usual residents aged 16 years and over in England and Wales, by sexual orientation and age. The estimates are as at Census Day, 21 March 2021.",,,"ltla|sexual_orientation_6a,resident_age_8d"
RM176,Gender identity by tenure,"This dataset provides Census 2021 estimates that classify usual residents aged 16 years and over in households in England and Wales, by gender identity and tenure. The estimates are as at Census Day, 21 March 2021.",,,"ltla|gender_identity_7a,hh_tenure_5a"
RM175,Gender identity by sexual orientation,"This dataset provides Census 2021 estimates that classify usual residents aged 16 years and over in England and Wales, by gender identity and sexual orientation. The estimates are as at Census Day, 21 March 2021.",,,"ltla|gender_identity_7a,sexual_orientation_4a"
RM174,Gender identity by sex,"This dataset provides Census 2021 estimates that classify usual residents aged 16 years and over in England and Wales, by gender identity and sex. The estimates are as at Census Day, 21 March 2021.",,,"ltla|gender_identity_7a,sex"
RM173,Gender identity by religion,"This dataset provides Census 2021 estimates that classify usual residents aged 16 years and over in England and Wales, by gender identity and religion. The estimates are as at Census Day, 21 March 2021.",,,"ltla|gender_identity_4a,religion_tb"
RM172,Gender identity by occupancy rating (rooms),"This dataset provides Census 2021 estimates that classify usual residents aged 16 years and over in households in England and Wales, by gender identity and occupancy rating (rooms). The estimates are as at Census Day, 21 March 2021.",,,"ltla|gender_identity_7a,occupancy_rating_rooms_6a"
RM171,Gender identity by occupancy rating (bedrooms),"This dataset provides Census 2021 estimates that classify usual residents aged 16 years and over in households in England and Wales, by gender identity and occupancy rating (bedrooms). The estimates are as at Census Day, 21 March 2021.",,,"ltla|gender_identity_7a,occupancy_rating_bedrooms_6a"
RM170,Gender identity by NS-SEC,"This dataset provides Census 2021 estimates that classify usual residents aged 16 years and over in England and Wales, by gender identity and NS-SEC. The estimates are as at Census Day, 21 March 2021.",,,"ltla|gender_identity_7a,ns_sec_10a"
RM169,Gender identity by industry,"This dataset provides Census 2021 estimates that classify usual residents aged 16 years and over in England and Wales, by gender identity and industry. The estimates are as at Census Day, 21 March 2021.",,,"ltla|gender_identity_4a,industry_current_9a"
RM168,Gender identity by hours worked,"This dataset provides Census 2021 estimates that classify usual residents aged 16 years and over in employment the week before the census in England and Wales, by gender identity and hours worked. The estimates are as at Census Day, 21 March 2021.",,,"ltla|gender_identity_7a,hours_per_week_worked"
RM167,Gender identity by highest qualification held,"This dataset provides Census 2021 estimates that classify usual residents aged 16 years and over in England and Wales, by gender identity and highest level of qualification. The estimates are as at Census Day, 21 March 2021.",,,"ltla|gender_identity_7a,highest_qualification"
RM166,Gender identity by household composition,"This dataset provides Census 2021 estimates that classify usual residents aged 16 years and over in households in England and Wales, by gender identity and household composition. The estimates are as at Census Day, 21 March 2021.",,,"ltla|gender_identity_7a,hh_family_composition_8a"
RM165,Gender identity by dwelling type,"This dataset provides Census 2021 estimates that classify usual residents aged 16 years and over in households in England and Wales, by gender identity and dwelling type. The estimates are as at Census Day, 21 March 2021.",,,"ltla|gender_identity_7a,accom_by_dwelling_type_8a"
RM164,Gender identity by type of central heating in household,"This dataset provides Census 2021 estimates that classify usual residents aged 16 years and over in households in England and Wales, by gender identity and central heating. The estimates are as at Census Day, 21 March 2021.",,,"ltla|gender_identity_7a,heating_type_3a"
RM163,Gender identity by age by sex,"This dataset provides Census 2021 estimates that classify usual residents aged 16 years and over in England and Wales, by gender identity, by age, and by sex. The estimates are as at Census Day, 21 March 2021.",,,"ltla|gender_identity_4a,resident_age_8d,sex"
RM162,Welsh language skills by tenure - Household Reference Persons,"This dataset provides Census 2021 estimates that classify Household Reference Persons aged 3 years and over in Wales by Welsh language skills and by tenure. The estimates are as at Census Day, 21 March 2021.",,,"ltla|welsh_skills_all_4a,hh_tenure_5a"
RM161,Welsh language skills by sex by age,"This dataset provides Census 2021 estimates that classify usual residents aged 3 years and over in Wales by Welsh language skills, by sex, and by age. The estimates are as at Census Day, 21 March 2021.",,,"ltla|welsh_skills_all_8a,sex,resident_age_6a"
RM160,Welsh language skills by country of birth,"This dataset provides Census 2021 estimates that classify usual residents in Wales aged 3 years and over in Wales by Welsh language skills and country of birth. The estimates are as at Census Day, 21 March 2021.",,,"ltla|welsh_skills_all_8a,country_of_birth_13a"
RM158,Number of people who can speak Welsh by household size,"This dataset provides Census 2021 estimates that classify usual residents aged 3 years and over in households in Wales who can speak Welsh, by Welsh language skills and by household size. The estimates are as at Census Day, 21 March 2021.",,,"ltla|hh_welsh_speak_3_plus_8a,hh_size_7a"
RM157,Disability by ability to speak Welsh by age,"This dataset provides Census 2021 estimates that classify usual residents in Wales aged 3 years and over in Wales by disability, by ability to speak Welsh, and by age. The estimates are as at Census Day, 21 March 2021.",,,"ltla|disability_4a,welsh_skills_speak,resident_age_3b"
RM156,General health by ability to speak Welsh by age,"This dataset provides Census 2021 estimates that classify usual residents aged 3 years and over in Wales by general health, by ability to speak Welsh, and by age. The estimates are as at Census Day, 21 March 2021.",,,"ltla|health_in_general_3a,welsh_skills_speak,resident_age_3b"
RM155,Family type by parents' ability to speak Welsh by age and ability to speak Welsh of dependent child,"This dataset provides Census 2021 estimates that classify usually resident dependent children aged 3 years and over in families in Wales by family type, by the parents' ability to speak Welsh, by age, and by the ability to speak Welsh. The estimates are as at Census Day, 21 March 2021.",,,"ltla|families_and_children_welsh_speaker_parents_9a,welsh_skills_speak,dependent_child_age_4a"
RM154,Ability to speak Welsh by employment history,"This dataset provides Census 2021 estimates that classify usual residents aged 16 years and over in Wales by ability to speak Welsh and by whether and when they were last employed. The estimates are as at Census Day, 21 March 2021.",,,"ltla|welsh_skills_speak,has_ever_worked"
RM153,Ability to speak Welsh by tenure - Household Reference Persons,"This dataset provides Census 2021 estimates that classify Household Reference Persons in Wales by ability to speak Welsh and by tenure. The estimates are as at Census Day, 21 March 2021.",,,"ltla|welsh_skills_speak,hh_tenure_5a"
RM152,Ability to speak Welsh by occupation,"This dataset provides Census 2021 estimates that classify usual residents aged 16 years and over in employment the week before the census in Wales by ability to speak Welsh and by occupation. The estimates are as at Census Day, 21 March 2021.",,,"ltla|welsh_skills_speak,occupation_current_10a"
RM151,Ability to speak Welsh by NS-SEC,"This dataset provides Census 2021 estimates that classify usual residents aged 16 years and over in Wales by ability to speak Welsh and by NS-SEC. The estimates are as at Census Day, 21 March 2021.",,,"ltla|welsh_skills_speak,ns_sec_10a"
RM150,Ability to speak Welsh by national identity by age,"This dataset provides Census 2021 estimates that classify usual residents in Wales aged 3 years and over in Wales by ability to speak Welsh, by national identity, and by age. The estimates are as at Census Day, 21 March 2021.",,,"ltla|welsh_skills_speak,national_identity_all_9a,resident_age_3b"
RM149,Ability to speak Welsh by industry,"This dataset provides Census 2021 estimates that classify usual residents aged 16 years and over in employment the week before the census in Wales by ability to speak Welsh by industry. The estimates are as at Census Day, 21 March 2021.",,,"ltla|welsh_skills_speak,industry_current_9a"
RM148,Year last worked by age,"This dataset provides Census 2021 estimates that classify usual residents aged 16 years and over in England and Wales by year last worked and by age. The estimates are as at Census Day, 21 March 2021.",,,"ltla|has_ever_worked,resident_age_6a"
RM147,Veterans by age,"This dataset provides Census 2021 estimates that classify usual residents aged 16 years and over in England and Wales who have previously served in the UK armed forces by their age. The estimates are as at Census Day, 21 March 2021.",,,"ltla|uk_armed_forces,resident_age_14b"
RM146,Veterans by occupation,"This dataset provides Census 2021 estimates that classify usual residents aged 16 years and over in employment the week before the census in England and Wales who have previously served in the UK armed forces by their occupation. The estimates are as at Census Day, 21 March 2021.",,,"ltla|uk_armed_forces,occupation_current_10a"
RM145,Veterans by general health,"This dataset provides Census 2021 estimates that classify usual residents aged 16 years and over in England and Wales who have previously served in the UK armed forces by their general health. The estimates are as at Census Day, 21 March 2021.",,,"ltla|uk_armed_forces,health_in_general_3a"
RM144,Veterans by economic activity status,"This dataset provides Census 2021 estimates that classify usual residents aged 16 years and over in England and Wales who have previously served in the UK armed forces by their economic activity status. The estimates are as at Census Day, 21 March 2021.",,,"ltla|uk_armed_forces,economic_activity_status_4a"
RM143,Veterans by disability,"This dataset provides Census 2021 estimates that classify usual residents aged 16 years and over in England and Wales who have previously served in the UK armed forces by disability. The estimates are as at Census Day, 21 March 2021.",,,"ltla|uk_armed_forces,disability_4a"
RM142,Veteran households by tenure,"This dataset provides Census 2021 estimates that classify households in England and Wales containing at least one armed forces veteran by tenure. The estimates are as at Census Day, 21 March 2021.",,,"ltla|hh_veterans_4a,hh_tenure_5a"
RM141,Type of central heating in household by occupancy rating (rooms) by age,"This dataset provides Census 2021 estimates that classify usual residents in households in England and Wales by type of central heating in household, by occupancy rating (rooms), and by age. The estimates are as at Census Day, 21 March 2021.",,,"ltla|heating_type_3a,occupancy_rating_rooms_5a,resident_age_6a"
RM140,Tenure by occupation - Household Reference Persons,"This dataset provides Census 2021 estimates that classify Household Reference Persons aged 16 years and over in employment the week before the census in England and Wales by tenure and by occupation. The estimates are as at Census Day, 21 March 2021.",,,"ltla|hh_tenure_5a,occupation_current_10a"
RM139,Tenure by number of people per room in household by accommodation type,"This dataset provides Census 2021 estimates that classify households in England and Wales by tenure, by number of people per room in household, and by accommodation type. The estimates are as at Census Day, 21 March 2021.",,,"ltla|hh_tenure_5a,hh_persons_per_room,accommodation_type_5a"
RM138,Tenure by NS-SEC - Household Reference Persons,"This dataset provides Census 2021 estimates that classify Household Reference Persons aged 16 years and over in England and Wales by tenure and by NS-SEC. The estimates are as at Census Day, 21 March 2021.",,,"ltla|hh_tenure_5a,ns_sec_10a"
RM137,Tenure by number of rooms,"This dataset provides Census 2021 estimates that classify households in England and Wales by tenure and by number of rooms. The estimates are as at Census Day, 21 March 2021.",,,"ltla|hh_tenure_5a,voa_number_of_rooms_6a"
RM136,Tenure by household size by number of bedrooms,"This dataset provides Census 2021 estimates that classify households in England and Wales by tenure, by household size, and by number of bedrooms. The estimates are as at Census Day, 21 March 2021.",,,"ltla|hh_tenure_5a,hh_size_5a,number_bedrooms_5a"
RM135,Tenure by household composition,"This dataset provides Census 2021 estimates that classify households in England and Wales by tenure and by household composition. The estimates are as at Census Day, 21 March 2021.",,,"ltla|hh_tenure_5a,hh_family_composition_15a"
RM134,Tenure by ethnic group - Household Reference Persons,"This dataset provides Census 2021 estimates that classify Household Reference Persons in England and Wales by tenure and by ethnic group. The estimates are as at Census Day, 21 March 2021.",,,"ltla|hh_tenure_5a,ethnic_group_tb_8a"
RM133,Tenure by economic activity status - Household Reference Persons,"This dataset provides Census 2021 estimates that classify Household Reference Persons aged 16 years and over in England and Wales by tenure and by economic activity status. The estimates are as at Census Day, 21 March 2021.",,,"ltla|hh_tenure_5a,economic_activity_status_10a"
RM132,Tenure by dependent children in household,"This dataset provides Census 2021 estimates that classify households in England and Wales by tenure and by dependent children in household. The estimates are as at Census Day, 21 March 2021.",,,"ltla|hh_tenure_5a,hh_dependent_children_3a"
RM131,Tenure by car or van availability by number of usual residents aged 17 or over in household,"This dataset provides Census 2021 estimates that classify households in England and Wales by tenure, by car or van availability, and by number of usual residents aged 17 or over in the household. The estimates are as at Census Day, 21 March 2021.",,,"ltla|hh_tenure_5a,number_of_cars_4a,hh_17_plus_4a"
RM130,Tenure by car or van availability by ethnic group of Household Reference Person,"This dataset provides Census 2021 estimates that classify Household Reference Persons in England and Wales by tenure by car or van availability, and by ethnic group. The estimates are as at Census Day, 21 March 2021.",,,"ltla|hh_tenure_5a,number_of_cars_3a,ethnic_group_tb_8a"
RM129,Student accommodation by age,"This dataset provides Census 2021 estimates that classify schoolchildren and full-time students aged 5 years and over in England and Wales by student accommodation and by age. The estimates are as at Census Day, 21 March 2021.",,,"ltla|student_accommodation_type_7a,resident_age_7a"
RM128,Sexual orientation by occupation,"This dataset provides Census 2021 estimates that classify usual residents aged 16 years and over in employment the week before the census in England and Wales, by sexual orientation by occupation. The estimates are as at Census Day, 21 March 2021.",,,"ltla|sexual_orientation_6a,occupation_current_10a"
RM127,Sexual orientation by legal partnership status,"This dataset provides Census 2021 estimates that classify usual residents aged 16 years and over in England and Wales by sexual orientation by legal partnership status. The estimates are as at Census Day, 21 March 2021.",,,"ltla|sexual_orientation_6a,legal_partnership_status_7a"
RM126,Sexual orientation by general health,"This dataset provides Census 2021 estimates that classify usual residents aged 16 years and over in England and Wales by sexual orientation by general health. The estimates are as at Census Day, 21 March 2021.",,,"ltla|sexual_orientation_6a,health_in_general"
RM125,Sexual orientation by ethnic group,"This dataset provides Census 2021 estimates that classify usual residents aged 16 years and over in England and Wales by sexual orientation by ethnicity. The estimates are as at Census Day, 21 March 2021.",,,"ltla|sexual_orientation_6a,ethnic_group_tb_8a"
RM124,Sexual orientation by economic activity status,"This dataset provides Census 2021 estimates that classify usual residents aged 16 years and over in England and Wales by sexual orientation by economic activity status. The estimates are as at Census Day, 21 March 2021.",,,"ltla|sexual_orientation_6a,economic_activity_status_7a"
RM123,Sexual orientation by disability,"This dataset provides Census 2021 estimates that classify usual residents aged 16 years and over in England and Wales by sexual orientation by disability. The estimates are as at Census Day, 21 March 2021.",,,"ltla|sexual_orientation_6a,disability_4a"
RM122,Sexual orientation by age and sex,"This dataset provides Census 2021 estimates that classify usual residents aged 16 years and over in England and Wales by sexual orientation by age, and by sex. The estimates are as at Census Day, 21 March 2021.",,,"ltla|sexual_orientation_4a,resident_age_8d,sex"
RM121,Sex by age,"This dataset provides Census 2021 estimates that classify usual residents in England and Wales by sex, and by age. The estimates are as at Census Day, 21 March 2021.",,,"ltla|sex,resident_age_23a"
RM120,Residence type by sex by age,"This dataset provides Census 2021 estimates that classify usual residents in England and Wales by residence type (household or communal establishment resident), by sex, and by age. The estimates are as at Census Day, 21 March 2021.",,,"ltla|residence_type,sex,resident_age_23a"
RM119,Residence type by age,"This dataset provides Census 2021 estimates that classify usual residents in England and Wales by residence type (household or communal establishment resident) and by age. The estimates are as at Census Day, 21 March 2021.",,,"ltla|resident_age_6a,residence_type"
RM118,Religion by age,"This dataset provides Census 2021 estimates that classify usual residents in England and Wales by religion and by age. The estimates are as at Census Day, 21 March 2021.",,,"ltla|religion_tb,resident_age_8a"
RM117,Religion by accommodation type,"This dataset provides Census 2021 estimates that classify usual residents in households in England and Wales by religion and by accommodation type. The estimates are as at Census Day, 21 March 2021.",,,"ltla|religion_tb,accommodation_type_5a"
RM116,Provision of unpaid care by households with people with a disability by economic activity status,"This dataset provides Census 2021 estimates that classify usual residents in households in England and Wales who are aged 16 years and over by disability, provision of unpaid care, and by economic activity status. The estimates are as at Census Day, 21 March 2021.",,,"ltla|is_carer_5a,hh_disabled_4a,economic_activity_status_4a"
RM115,Provision of unpaid care by general health by age,"This dataset provides Census 2021 estimates that classify usual residents aged 5 years and over in households in England and Wales by provision of unpaid care, by general health, and by age. The estimates are as at Census Day, 21 March 2021.",,,"ltla|is_carer_5a,health_in_general_3a,resident_age_5c"
RM114,Provision of unpaid care by general health by households with people who have a disability,"This dataset provides Census 2021 estimates that classify usual residents aged 5 years and over in households in England and Wales by provision of unpaid care, general health, and by disability. The estimates are as at Census Day, 21 March 2021.",,,"ltla|health_in_general_3a,is_carer_5a,hh_disabled_4a"
RM113,Provision of unpaid care by age,"This dataset provides Census 2021 estimates that classify usual residents aged 5 years and over in England and Wales by provision of unpaid care and by age. The estimates are as at Census Day, 21 March 2021.",,,"ltla|is_carer_5a,resident_age_6a"
RM112,Proficiency in English by economic activity status,"This dataset provides Census 2021 estimates that classify usual residents aged 16 years and over in England and Wales by proficiency in English and by economic activity status. The estimates are as at Census Day, 21 March 2021.",,,"ltla|english_proficiency_4a,economic_activity_status_4a"
RM111,Proficiency in English by age,"This dataset provides Census 2021 estimates that classify usual residents aged 3 years and over in England and Wales by proficiency in English and by age. The estimates are as at Census Day, 21 March 2021.",,,"ltla|english_proficiency_4a,resident_age_6a"
RM110,Passports held by year of arrival in the UK,"This dataset provides Census 2021 estimates that classify usual residents in England and Wales by passports held and by year of arrival in the UK. The estimates are as at Census Day, 21 March 2021.",,,"ltla|passports_all_18a,year_arrival_uk_6a"
RM109,Passports held by age,"This dataset provides Census 2021 estimates that classify usual residents in England and Wales by passports held and by age. The estimates are as at Census Day, 21 March 2021.",,,"ltla|passports_all_18a,resident_age_6a"
RM108,Passports held by country of birth,"This dataset provides Census 2021 estimates that classify usual residents in England and Wales by country of birth and by passports held. The estimates are as at Census Day, 21 March 2021.",,,"ltla|passports_all_11a,country_of_birth_22a"
RM107,Occupation by sex,"This dataset provides Census 2021 estimates that classify usual residents aged 16 years and over in employment the week before the census in England and Wales by occupation and by sex. The estimates are as at Census Day, 21 March 2021.",,,"ltla|occupation_current_10a,sex"
RM106,Occupation by religion,"This dataset provides Census 2021 estimates that classify usual residents aged 16 years and over in employment the week before the census in England and Wales by occupation and by religion. The estimates are as at Census Day, 21 March 2021.",,,"ltla|occupation_current_10a,religion_tb"
RM105,Occupation by hours worked,"This dataset provides Census 2021 estimates that classify usual residents aged 16 years and over in employment the week before the census in England and Wales by occupation and by hours worked. The estimates are as at Census Day, 21 March 2021.",,,"ltla|occupation_current_10a,hours_per_week_worked"
RM104,Occupation by ethnic group,"This dataset provides Census 2021 estimates that classify usual residents aged 16 years and over in employment the week before the census in England and Wales by occupation and by ethnic group. The estimates are as at Census Day, 21 March 2021.",,,"ltla|occupation_current_10a,ethnic_group_tb_8a"
RM103,Occupation by economic activity status,"This dataset provides Census 2021 estimates that classify usual residents aged 16 years and over in employment the week before the census in England and Wales by occupation and by economic activity status. The estimates are as at Census Day, 21 March 2021.",,,"ltla|occupation_current_10a,economic_activity_status_7a"
RM102,Occupation by age,"This dataset provides Census 2021 estimates that classify usual residents aged 16 years and over in employment the week before the census in England and Wales by occupation and by age. The estimates are as at Census Day, 21 March 2021.",,,"ltla|occupation_current_10a,resident_age_6a"
RM101,Occupancy rating (rooms) by tenure,"This dataset provides Census 2021 estimates that classify households in England and Wales by occupancy rating (rooms) and by tenure. The estimates are as at Census Day, 21 March 2021.",,,"ltla|occupancy_rating_rooms_5a,hh_tenure_5a"
RM100,Occupancy rating (rooms) by household composition,"This dataset provides Census 2021 estimates that classify households in England and Wales by occupancy rating (rooms) and by household composition. The estimates are as at Census Day, 21 March 2021.",,,"ltla|occupancy_rating_rooms_5a,hh_family_composition_15a"
RM099,Occupancy rating (bedrooms) by tenure,"This dataset provides Census 2021 estimates that classify households in England and Wales by occupancy rating (bedrooms) and by tenure. The estimates are as at Census Day, 21 March 2021.",,,"ltla|occupancy_rating_bedrooms_5a,hh_tenure_5a"
RM098,Occupancy rating (bedrooms) by household composition,"This dataset provides Census 2021 estimates that classify households in England and Wales by occupancy rating (bedrooms) and by household composition. The estimates are as at Census Day, 21 March 2021.",,,"ltla|occupancy_rating_bedrooms_5a,hh_family_composition_15a"
RM097,Occupancy rating (bedrooms) by ethnic group of Household Reference Person,"This dataset provides Census 2021 estimates that classify Household Reference Persons in England and Wales by occupancy rating (bedrooms) and by ethnic group. The estimates are as at Census Day, 21 March 2021.",,,"ltla|occupancy_rating_bedrooms_5a,ethnic_group_tb_8a"
RM096,Number of bedrooms by tenure by age of dependent children,"This dataset provides Census 2021 estimates that classify dependent children in households in England and Wales by number of bedrooms by tenure, and by age of dependent children. The estimates are as at Census Day, 21 March 2021.",,,"ltla|number_bedrooms_5a,hh_tenure_5a,dependent_child_age_3a"
RM095,Number of bedrooms by accommodation type by age of dependent children,"This dataset provides Census 2021 estimates that classify usually resident dependent children in households in England and Wales by number of bedrooms, by accommodation type and, by age of dependent children. The estimates are as at Census Day, 21 March 2021.",,,"ltla|number_bedrooms_5a,accommodation_type_5a,dependent_child_age_3a"
RM094,NS-SEC of Household Reference Person by household composition,"This dataset provides Census 2021 estimates that classify Household Reference Persons aged 16 years and over in England and Wales by NS-SEC of Household Reference Person and by household composition. The estimates are as at Census Day, 21 March 2021.",,,"ltla|ns_sec_10a,hh_family_composition_6a"
RM093,NS-SEC by sex,"This dataset provides Census 2021 estimates that classify usual residents aged 16 years and over in England and Wales by NS-SEC and by sex. The estimates are as at Census Day, 21 March 2021.",,,"ltla|ns_sec_10a,sex"
RM092,NS-SEC by religion,"This dataset provides Census 2021 estimates that classify usual residents aged 16 years and over in England and Wales by NS-SEC and by religion. The estimates are as at Census Day, 21 March 2021.",,,"ltla|ns_sec_10a,religion_tb"
RM091,NS-SEC by economic activity status,"This dataset provides Census 2021 estimates that classify usual residents aged 16 years and over in England and Wales by NS-SEC and by economic activity status. The estimates are as at Census Day, 21 March 2021.",,,"ltla|ns_sec_10a,economic_activity_status_7a"
RM090,NS-SEC by age,"This dataset provides Census 2021 estimates that classify usual residents aged 16 years and over in England and Wales by NS-SEC and by age. The estimates are as at Census Day, 21 March 2021.",,,"ltla|ns_sec_10a,resident_age_6a"
RM089,National Identity by sex by age,"This dataset provides Census 2021 estimates that classify usual residents in England and Wales by national identity, by sex, and by age. The estimates are as at Census Day, 21 March 2021.",,,"ltla|national_identity_all_4a,sex,resident_age_8a"
RM088,National identity by religion,"This dataset provides Census 2021 estimates that classify usual residents in England and Wales by national identity and by religion. The estimates are as at Census Day, 21 March 2021.",,,"ltla|national_identity_all_9a,religion_tb"
RM087,National identity by ethnic group,"This dataset provides Census 2021 estimates that classify usual residents in England and Wales by national identity and by ethnic group. The estimates are as at Census Day, 21 March 2021.",,,"ltla|national_identity_all_9a,ethnic_group_tb_8a"
RM086,National identity by age,"This dataset provides Census 2021 estimates that classify usual residents in England and Wales by national identity and by age. The estimates are as at Census Day, 21 March 2021.",,,"ltla|national_identity_all_9a,resident_age_12b"
RM085,Multi-religion households by tenure,"This dataset provides Census 2021 estimates that classify households in England and Wales by whether residents have identified with one or multiple religions, and by tenure. The estimates are as at Census Day, 21 March 2021.",,,"ltla|hh_multi_religion_7a,hh_tenure_5a"
RM084,Multi-religion households by occupation of Household Reference Person,"This dataset provides Census 2021 estimates that classify Household Reference Persons aged 16 years and over in employment the week before the census in England and Wales by whether residents have identified with one or multiple religions in the household, by occupation. The estimates are as at Cens",,,"ltla|hh_multi_religion_7a,occupation_current_10a"
RM083,Multi-religion households by ethnic group of Household Reference Person,"This dataset provides Census 2021 estimates that classify Household Reference Persons in England and Wales by whether residents have identified with one or multiple religions in a household, by ethnic group. The estimates are as at Census Day, 21 March 2021.",,,"ltla|hh_multi_religion_7a,ethnic_group_tb_8a"
RM082,Multi-language households by tenure,"This dataset provides Census 2021 estimates that classify households in England and Wales by whether one or multiple languages are spoken, and by tenure. The estimates are as at Census Day, 21 March 2021.",,,"ltla|hh_multi_language,hh_tenure_5a"
RM081,Multi-language households by occupation of Household Reference Person,"This dataset provides Census 2021 estimates that classify Household Reference Persons aged 16 years and over in employment the week before the census in England and Wales by whether one or multiple languages are spoken in the household by occupation. The estimates are as at Census Day, 21 March 2021",,,"ltla|hh_multi_language,occupation_current_10a"
RM080,Multi-language households by ethnic group of Household Reference Person,"This dataset provides Census 2021 estimates that classify Household Reference Persons in England and Wales by whether one or multiple languages are spoken, and by ethnic group. The estimates are as at Census Day, 21 March 2021.",,,"ltla|hh_multi_language,ethnic_group_tb_8a"
RM079,Method used to travel to work by occupation,"This dataset provides Census 2021 estimates that classify usual residents aged 16 years and over in England and Wales in employment the week before the census by method used to travel to work (2001 specification) and by occupation. The estimates are as at Census Day, 21 March 2021.",,,"ltla|transport_to_workplace_12a,occupation_current_10a"
RM078,Method used to travel to work by industry,"This dataset provides Census 2021 estimates that classify usual residents aged 16 years and over in England and Wales in employment the week before the census by method used to travel to work (2001 specification) and by industry. The estimates are as at Census Day, 21 March 2021.",,,"ltla|transport_to_workplace_12a,industry_current_9a"
RM077,Method used to travel to work by distance travelled to work,"This dataset provides Census 2021 estimates that classify usual residents in England and Wales by method used to travel to work (2001 specification) and by distance travelled to work. The estimates are as at Census Day, 21 March 2021.",,,"ltla|transport_to_workplace_12a,workplace_travel_5a"
RM076,Method used to travel to work by car or van availability,"This dataset provides Census 2021 estimates that classify usual residents in households in England and Wales by method used to travel to work (2001 specification) and by car or van availability. The estimates are as at Census Day, 21 March 2021.",,,"ltla|transport_to_workplace_12a,number_of_cars_3a"
RM075,Method used to travel to work by age,"This dataset provides Census 2021 estimates that classify usual residents in England and Wales by method used to travel to work (2001 specification) and by age. The estimates are as at Census Day, 21 March 2021.",,,"ltla|transport_to_workplace_12a,resident_age_6a"
RM074,Legal partnership status by sex by age,"This dataset provides Census 2021 estimates that classify usual residents aged 16 years and over in England and Wales by legal partnership status, by sex and by age. The estimates are as at Census Day, 21 March 2021.",,,"ltla|legal_partnership_status_6a,sex,resident_age_6a"
RM073,Disability by sex by age,"This dataset provides Census 2021 estimates that classify usual residents in households in England and Wales by disability, by sex, and by age. The estimates are as at Census Day, 21 March 2021.",,,"ltla|disability,sex,resident_age_12c"
RM072,Disability by religion by sex,"This dataset provides Census 2021 estimates that classify usual residents in England and Wales by disability, by religion, and by sex. The estimates are as at Census Day, 21 March 2021.",,,"ltla|disability_4a,religion_tb,sex"
RM071,Disability by provision of unpaid care by sex,"This dataset provides Census 2021 estimates that classify usual residents aged 5 years and over in households in England and Wales by disability, by provision of unpaid care, and by sex. The estimates are as at Census Day, 21 March 2021.",,,"ltla|disability_4a,is_carer_5a,sex"
RM070,Disability by NS-SEC by age,"This dataset provides Census 2021 estimates that classify usual residents aged 16 years and over in England and Wales by disability, by NS-SEC, and by age. The estimates are as at Census Day, 21 March 2021.",,,"ltla|disability_4a,ns_sec_10a,resident_age_3b"
RM069,Disability by general health by age,"This dataset provides Census 2021 estimates that classify usual residents in households in England and Wales by disability, by general health, and by age. The estimates are as at Census Day, 21 March 2021.",,,"ltla|disability_4a,health_in_general_3a,resident_age_8c"
RM068,Disability by car or van availability,"This dataset provides Census 2021 estimates that classify usual residents in households in England and Wales by disability and by car or van availability. The estimates are as at Census Day, 21 March 2021.",,,"ltla|disability_4a,number_of_cars_3a"
RM067,Living arrangements by sex by age,"This dataset provides Census 2021 estimates that classify usual residents aged 16 years and over in households in England and Wales by living arrangements, by sex, and by age. The estimates are as at Census Day, 21 March 2021.",,,"ltla|living_arrangements_10a,sex,resident_age_6a"
RM066,Living arrangements by age - Household Reference Person,"This dataset provides Census 2021 estimates that classify the Household Reference Persons aged 16 years and over in England and Wales by living arrangements and by age. The estimates are as at Census Day, 21 March 2021.",,,"ltla|living_arrangements_10a,resident_age_5c"
RM065,Industry by sex,"This dataset provides Census 2021 estimates that classify usual residents aged 16 years and over in employment the week before the census in England and Wales by industry and by sex. The estimates are as at Census Day, 21 March 2021.",,,"ltla|industry_current_9a,sex"
RM064,Industry by ethnic group,"This dataset provides Census 2021 estimates that classify usual residents aged 16 years and over in employment the week before the census in England and Wales by industry and by ethnic group. The estimates are as at Census Day, 21 March 2021.",,,"ltla|industry_current_9a,ethnic_group_tb_8a"
RM063,Industry by economic activity status,"This dataset provides Census 2021 estimates that classify usual residents aged 16 years and over in employment the week before the census in England and Wales by industry and by economic activity status. The estimates are as at Census Day, 21 March 2021.",,,"ltla|industry_current_9a,economic_activity_status_7a"
RM062,Industry by age,"This dataset provides Census 2021 estimates that classify usual residents aged 16 years and over in employment the week before the census in England and Wales by industry and by age. The estimates are as at Census Day, 21 March 2021.",,,"ltla|industry_current_9a,resident_age_6a"
RM061,Household composition by religion of Household Reference Person,"This dataset provides Census 2021 estimates that classify Household Reference Persons in England and Wales by household composition and by religion. The estimates are as at Census Day, 21 March 2021.",,,"ltla|hh_family_composition_6a,religion_tb"
RM060,Household composition by number of people in household with a disability,"This dataset provides Census 2021 estimates that classify households in England and Wales by household composition and by number of people in household with a disability. The estimates are as at Census Day, 21 March 2021.",,,"ltla|hh_family_composition_6a,hh_disabled_4a"
RM059,Household composition by number of bedrooms,"This dataset provides Census 2021 estimates that classify households in England and Wales by household composition and by number of bedrooms. The estimates are as at Census Day, 21 March 2021.",,,"ltla|hh_family_composition_6a,number_bedrooms_5a"
RM058,Household composition by ethnic group of Household Reference Person,"This dataset provides Census 2021 estimates that classify Household Reference Persons in England and Wales by household composition and by ethnic group. The estimates are as at Census Day, 21 March 2021.",,,"ltla|hh_family_composition_6a,ethnic_group_tb_8a"
RM057,Household composition by age,"This dataset provides Census 2021 estimates that classify usual residents in households in England and Wales by household composition, and by age. The estimates are as at Census Day, 21 March 2021.",,,"ltla|hh_family_composition_15a,resident_age_5a"
RM056,Hours worked by sex by age,"This dataset provides Census 2021 estimates that classify usual residents aged 16 years and over in employment the week before the census in England and Wales by hours worked, by sex, and by age. The estimates are as at Census Day, 21 March 2021.",,,"ltla|hours_per_week_worked,sex,resident_age_6a"
RM055,Highest level of qualification by sex,"This dataset provides Census 2021 estimates that classify usual residents aged 16 years and over in England and Wales by highest level of qualification and by sex. The estimates are as at Census Day, 21 March 2021.",,,"ltla|highest_qualification,sex"
RM054,Highest level of qualification by religion,"This dataset provides Census 2021 estimates that classify usual residents aged 16 years and over in England and Wales by highest level of qualification and by religion. The estimates are as at Census Day, 21 March 2021.",,,"ltla|highest_qualification,religion_tb"
RM053,Highest level of qualification by main language,"This dataset provides Census 2021 estimates that classify usual residents aged 16 years and over in England and Wales by highest level of qualification and by main language. The estimates are as at Census Day, 21 March 2021.",,,"ltla|highest_qualification,main_language_detailed_23a"
RM052,Highest level of qualification by disability,"This dataset provides Census 2021 estimates that classify usual residents aged 16 years and over in England and Wales by highest level of qualification and by disability. The estimates are as at Census Day, 21 March 2021.",,,"ltla|highest_qualification,disability_4a"
RM051,Highest level of qualification by household composition,"This dataset provides Census 2021 estimates that classify usual residents aged 16 years and over in households in England and Wales by highest level of qualification and by household composition. The estimates are as at Census Day, 21 March 2021.",,,"ltla|highest_qualification,hh_family_composition_6a"
RM049,Highest level of qualification by ethnic group,"This dataset provides Census 2021 estimates that classify usual residents aged 16 years and over in England and Wales by highest level of qualification and by ethnic group. The estimates are as at Census Day, 21 March 2021.",,,"ltla|highest_qualification,ethnic_group_tb_8a"
RM048,Highest level of qualification by economic activity status,"This dataset provides Census 2021 estimates that classify usual residents aged 16 years and over in England and Wales by highest level of qualification and by economic activity status. The estimates are as at Census Day, 21 March 2021.",,,"ltla|highest_qualification,economic_activity_status_7a"
RM047,Highest level of qualification by country of birth,"This dataset provides Census 2021 estimates that classify usual residents aged 16 years and over in England and Wales by highest level of qualification and by country of birth. The estimates are as at Census Day, 21 March 2021.",,,"ltla|highest_qualification,country_of_birth_13a"
RM046,General health by tenure by age,"This dataset provides Census 2021 estimates that classify usual residents in households in England and Wales by general health, tenure, and by age. The estimates are as at Census Day, 21 March 2021.",,,"ltla|health_in_general_3a,hh_tenure_5a,resident_age_5c"
RM045,General health by religion by age,"This dataset provides Census 2021 estimates that classify usual residents in England and Wales by general health, by religion, and by age. The estimates are as at Census Day, 21 March 2021.",,,"ltla|health_in_general_3a,religion_tb,resident_age_4b"
RM044,General health by NS-SEC,"This dataset provides Census 2021 estimates that classify usual residents aged 16 years and over in England and Wales by general health and by NS-SEC. The estimates are as at Census Day, 21 March 2021.",,,"ltla|health_in_general,ns_sec_10a"
RM043,General health by ethnic group by age,"This dataset provides Census 2021 estimates that classify usual residents in England and Wales by general health, by ethnic group, and by age. The estimates are as at Census Day, 21 March 2021.",,,"ltla|health_in_general_3a,ethnic_group_tb_8a,resident_age_4b"
RM042,General health by car or van availability by sex,"This dataset provides Census 2021 estimates that classify usual residents in households in England and Wales by general health, car or van availability, and by sex. The estimates are as at Census Day, 21 March 2021.",,,"ltla|health_in_general_3a,number_of_cars_3a,sex"
RM041,Gender identity by occupation,"This dataset provides Census 2021 estimates that classify usual residents aged 16 years and over in employment the week before the census in England and Wales by gender identity and occupation. The estimates are as at Census Day, 21 March 2021.",,,"ltla|gender_identity_4a,occupation_current_10a"
RM040,Gender identity by legal partnership status,"This dataset provides Census 2021 estimates that classify usual residents aged 16 years and over in England and Wales by gender identity and legal partnership status. The estimates are as at Census Day, 21 March 2021.",,,"ltla|gender_identity_7a,legal_partnership_status_7a"
RM039,Gender identity by general health,"This dataset provides Census 2021 estimates that classify usual residents aged 16 years and over in England and Wales by gender identity and general health. The estimates are as at Census Day, 21 March 2021.",,,"ltla|gender_identity_7a,health_in_general"
RM038,Gender identity by ethnic group,"This dataset provides Census 2021 estimates that classify usual residents aged 16 years and over in England and Wales by gender identity and ethnic group. The estimates are as at Census Day, 21 March 2021.",,,"ltla|gender_identity_4a,ethnic_group_tb_8a"
RM037,Gender identity by economic activity status,"This dataset provides Census 2021 estimates that classify usual residents aged 16 years and over in England and Wales by gender identity and economic activity status. The estimates are as at Census Day, 21 March 2021.",,,"ltla|gender_identity_4a,economic_activity_status_10a"
RM036,Gender identity by disability,"This dataset provides Census 2021 estimates that classify usual residents aged 16 years and over in England and Wales by gender identity and disability. The estimates are as at Census Day, 21 March 2021.",,,"ltla|gender_identity_7a,disability_4a"
RM035,Gender identity by age,"This dataset provides Census 2021 estimates that classify usual residents aged 16 years and over in England and Wales by gender identity and age. The estimates are as at Census Day, 21 March 2021.",,,"ltla|gender_identity_7a,resident_age_6a"
RM034,Family status by number of parents working by economic activity status,"This dataset provides Census 2021 estimates that classify usual residents aged 16 years and over in families with dependent children in England and Wales by family status, by number of parents working, and by economic activity status. The estimates are as at Census Day, 21 March 2021.",,,"ltla|family_status_by_workers_in_generation_1_8a,economic_activity_status_10a"
RM033,Ethnic group of dependent child by sex,"This dataset provides Census 2021 estimates that classify usually resident dependent children in England and Wales by ethnic group and by sex. The estimates are as at Census Day, 21 March 2021.",,,"ltla|ethnic_group_tb_20b,sex"
RM032,Ethnic group by sex by age,"This dataset provides Census 2021 estimates that classify usual residents in England and Wales by ethnic group, by sex, and by age. The estimates are as at Census Day, 21 March 2021.",,,"ltla|ethnic_group_tb_20b,sex,resident_age_5c"
RM031,Ethnic group by religion,"This dataset provides Census 2021 estimates that classify usual residents in England and Wales by ethnic group and by religion. The estimates are as at Census Day, 21 March 2021.",,,"ltla|ethnic_group_tb_8a,religion_tb"
RM030,Ethnic group by provision of unpaid care by general health,"This dataset provides Census 2021 estimates that classify usual residents aged 5 years and over in England and Wales by ethnic group, by provision of unpaid care, and by general health. The estimates are as at Census Day, 21 March 2021.",,,"ltla|ethnic_group_tb_8a,is_carer_5a,health_in_general_3a"
RM029,Ethnic group by occupancy rating (rooms),"This dataset provides Census 2021 estimates that classify usual residents in households in England and Wales by ethnic group and by occupancy rating (rooms). The estimates are as at Census Day, 21 March 2021.",,,"ltla|ethnic_group_tb_8a,occupancy_rating_rooms_5a"
RM028,Ethnic group by occupancy rating (bedrooms),"This dataset provides Census 2021 estimates that classify usual residents in households in England and Wales by ethnic group and by occupancy rating (bedrooms). The estimates are as at Census Day, 21 March 2021.",,,"ltla|ethnic_group_tb_8a,occupancy_rating_bedrooms_5a"
RM027,Ethnic group by age of arrival in the UK,"This dataset provides Census 2021 estimates that classify usual residents in England and Wales by ethnic group and by age of arrival in the UK. The estimates are as at Census Day, 21 March 2021.",,,"ltla|ethnic_group_tb_8a,age_arrival_uk_8a"
RM026,Ethnic group by accommodation type,"This dataset provides Census 2021 estimates that classify usual residents in households in England and Wales by ethnic group and by accommodation type. The estimates are as at Census Day, 21 March 2021.",,,"ltla|ethnic_group_tb_8a,accommodation_type_5a"
RM025,Economic activity status by sex by employment history,"This dataset provides Census 2021 estimates that classify usual residents aged 16 years and over in England and Wales by economic activity status, by sex, and by whether and when they were last employed. The estimates are as at Census Day, 21 March 2021.",,,"ltla|economic_activity_status_7a,sex,has_ever_worked"
RM024,Economic activity status by sex by age,"This dataset provides Census 2021 estimates that classify usual residents aged 16 years and over in England and Wales by economic activity status, by sex, and by age. The estimates are as at Census Day, 21 March 2021.",,,"ltla|economic_activity_status_7a,sex,resident_age_6a"
RM023,Economic activity status by religion,"This dataset provides Census 2021 estimates that classify usual residents aged 16 years and over in England and Wales by economic activity and by religion. The estimates are as at Census Day, 21 March 2021.",,,"ltla|economic_activity_status_10a,religion_tb"
RM022,Economic activity status by provision of unpaid care by general health,"This dataset provides Census 2021 estimates that classify usual residents aged 16 years and over in England and Wales by economic activity status, by provision of unpaid care, and by general health. The estimates are as at Census Day, 21 March 2021.",,,"ltla|economic_activity_status_10a,is_carer_5a,health_in_general_3a"
RM021,Economic activity status by passports held,"This dataset provides Census 2021 estimates that classify usual residents aged 16 years and over in England and Wales by economic activity status, and by passports held. The estimates are as at Census Day, 21 March 2021.",,,"ltla|economic_activity_status_10a,passports_all_11a"
RM020,Economic activity status by living arrangements,"This dataset provides Census 2021 estimates that classify usual residents aged 16 years and over in households in England and Wales by economic activity status and by living arrangements. The estimates are as at Census Day, 21 March 2021.",,,"ltla|economic_activity_status_7a,living_arrangements_10a"
RM019,Economic activity status by hours worked by disability,"This dataset provides Census 2021 estimates that classify usual residents aged 16 years and over in England and Wales by economic activity status, by hours worked and by disability. The estimates are as at Census Day, 21 March 2021.",,,"ltla|economic_activity_hours_worked,disability_4a"
RM018,Economic activity status by ethnic group,"This dataset provides Census 2021 estimates that classify usual residents aged 16 years and over in England and Wales by economic activity status and by ethnic group. The estimates are as at Census Day, 21 March 2021.",,,"ltla|economic_activity_status_10a,ethnic_group_tb_8a"
RM017,Economic activity status by country of birth,"This dataset provides Census 2021 estimates that classify usual residents aged 16 years and over in England and Wales by economic activity status and by country of birth. The estimates are as at Census Day, 21 March 2021.",,,"ltla|economic_activity_status_10a,country_of_birth_13a"
RM016,Distance travelled to work by occupation,"This dataset provides Census 2021 estimates that classify usual residents in England and Wales by distance travelled to work and by occupation. The estimates are as at Census Day, 21 March 2021.",,,"ltla|workplace_travel_5a,occupation_current_10a"
RM015,Distance travelled to work by car or van availability,"This dataset provides Census 2021 estimates that classify usual residents in households in England and Wales by distance travelled to work and by car or van availability. The estimates are as at Census Day, 21 March 2021.",,,"ltla|workplace_travel_5a,number_of_cars_3a"
RM014,Distance travelled to work by age,"This dataset provides Census 2021 estimates that classify usual residents in England and Wales by distance travelled to work and by age. The estimates are as at Census Day, 21 March 2021.",,,"ltla|workplace_travel_5a,resident_age_6a"
RM012,Dependent children by ethnic group of Household Reference Person by age,"This dataset provides Census 2021 estimates that classify usually resident dependent children in England and Wales by ethnic group of Household Reference Person and by age. The estimates are as at Census Day, 21 March 2021.",,,"ltla|dependent_child_age_6a,hrp_ethnic_group_tb_8a"
RM011,Country of birth by age,"This dataset provides Census 2021 estimates that classify usual residents in England and Wales by country of birth and by age. The estimates are as at Census Day, 21 March 2021.",,,"ltla|country_of_birth_12a,resident_age_6a"
RM010,Country of birth by ethnic group,"This dataset provides Census 2021 estimates that classify usual residents in England and Wales by country of birth and by ethnic group. The estimates are as at Census Day, 21 March 2021.",,,"ltla|country_of_birth_12a,ethnic_group_tb_8a"
RM009,Concealed family status by family type by dependent children by age of Family Reference Person,"This dataset provides Census 2021 estimates that classify families in England and Wales by family type, by dependent children and by age of the Family Reference Person. The estimates are as at Census Day, 21 March 2021. A concealed family is one that does not include the Household Reference Person.",,,"ltla|concealed_family_type_11a,frp_age_5a"
RM008,Car or van availability by household composition,"This dataset provides Census 2021 estimates that classify households in England and Wales by car or van availability and by household composition. The estimates are as at Census Day, 21 March 2021.",,,"ltla|number_of_cars_3a,hh_family_composition_8a"
RM006,Age of youngest dependent child by household type,"This dataset provides Census 2021 estimates that classify households in England and Wales by age of youngest dependent child and by household type. The estimates are as at Census Day, 21 March 2021.",,,"ltla|hh_dependent_children_6b,hh_families_type_6a"
RM003,Accommodation type by type of central heating in household by tenure,"This dataset provides Census 2021 estimates that classify households in England and Wales by accommodation type, by type of central heating in household, and by tenure. The estimates are as at Census Day, 21 March 2021.",,,"ltla|accommodation_type_5a,heating_type_3a,hh_tenure_5a"
RM002,Accommodation type by household size,"This dataset provides Census 2021 estimates that classify household spaces in England and Wales by accommodation type and by household size. The estimates are as at Census Day, 21 March 2021.",,,"ltla|accommodation_type_5a,hh_size_2a"
RM001,Accommodation type by car or van availability by number of usual residents aged 17 years or over in household,"This dataset provides Census 2021 estimates that classify households in England and Wales by accommodation type, by car or van availability, and by number of usual residents aged 17 years or over in the household. The estimates are as at Census Day, 21 March 2021.",,,"ltla|accommodation_type_2a,number_of_cars_4a,hh_17_plus_4a"
