ons_dataset_id,ons_version,ons_release_date,v4_0,mmm-yy,Time,uk-only,Geography,cpih1dim1aggid,Aggregate
cpih01,67,2026-02-18T00:00:00.000Z,118.4,Jan-26,Jan-26,K02000001,United Kingdom,CP055,05.5 Tools and equipment for house and garden
cpih01,67,2026-02-18T00:00:00.000Z,132.5,Jan-26,Jan-26,K02000001,United Kingdom,CP061,"06.1 Medical products, appliances and equipment"
cpih01,67,2026-02-18T00:00:00.000Z,131.0,Jan-26,Jan-26,K02000001,United Kingdom,CP092,09.2 Other major durables for recreation and culture
cpih01,67,2026-02-18T00:00:00.000Z,124.5,Jan-26,Jan-26,K02000001,United Kingdom,CP093,"09.3 Other recreational items, gardens and pets"
cpih01,67,2026-02-18T00:00:00.000Z,160.0,Jan-26,Jan-26,K02000001,United Kingdom,CP096,09.6 Package holidays
cpih01,67,2026-02-18T00:00:00.000Z,149.2,Jan-26,Jan-26,K02000001,United Kingdom,CP112,11.2 Accommodation services
cpih01,67,2026-02-18T00:00:00.000Z,101.9,Jan-26,Jan-26,K02000001,United Kingdom,CP1232,12.3.2 Other personal effects
cpih01,67,2026-02-18T00:00:00.000Z,146.1,Jan-26,Jan-26,K02000001,United Kingdom,CP0114,"01.1.4 Milk, cheese and eggs"
cpih01,67,2026-02-18T00:00:00.000Z,106.8,Jan-26,Jan-26,K02000001,United Kingdom,CP054,"05.4 Glassware, tableware and household utensils"
cpih01,67,2026-02-18T00:00:00.000Z,149.9,Jan-26,Jan-26,K02000001,United Kingdom,CP0122,"01.2.2 Mineral waters, soft drinks and juices"
cpih01,67,2026-02-18T00:00:00.000Z,201.3,Jan-26,Jan-26,K02000001,United Kingdom,CP0451,04.5.1 Electricity
cpih01,67,2026-02-18T00:00:00.000Z,141.2,Jan-26,Jan-26,K02000001,United Kingdom,CP0562,05.6.2 Domestic services and household services
cpih01,67,2026-02-18T00:00:00.000Z,154.8,Jan-26,Jan-26,K02000001,United Kingdom,CP0622,06.2.2 Dental services
cpih01,67,2026-02-18T00:00:00.000Z,122.0,Jan-26,Jan-26,K02000001,United Kingdom,CP0722,07.2.2 Fuels and lubricants
cpih01,67,2026-02-18T00:00:00.000Z,197.5,Jan-26,Jan-26,K02000001,United Kingdom,CP022,02.2 Tobacco
cpih01,67,2026-02-18T00:00:00.000Z,134.6,Jan-26,Jan-26,K02000001,United Kingdom,CP0511,05.1.1 Furniture and furnishings
cpih01,67,2026-02-18T00:00:00.000Z,111.6,Jan-26,Jan-26,K02000001,United Kingdom,CP052,05.2 Household textiles
cpih01,67,2026-02-18T00:00:00.000Z,123.8,Jan-26,Jan-26,K02000001,United Kingdom,CP0533,05.3.3 Repair of household appliances
cpih01,67,2026-02-18T00:00:00.000Z,131.1,Jan-26,Jan-26,K02000001,United Kingdom,CP0621_0623,06.2.1/3 Medical services and paramedical services
cpih01,67,2026-02-18T00:00:00.000Z,77.1,Jan-26,Jan-26,K02000001,United Kingdom,CP0911,09.1.1 Reception and reproduction of sound and pictures
cpih01,67,2026-02-18T00:00:00.000Z,139.8,Jan-26,Jan-26,K02000001,United Kingdom,CP0611,06.1.1 Pharmaceutical products
cpih01,67,2026-02-18T00:00:00.000Z,150.2,Jan-26,Jan-26,K02000001,United Kingdom,CP073,07.3 Transport services
cpih01,67,2026-02-18T00:00:00.000Z,128.5,Jan-26,Jan-26,K02000001,United Kingdom,CP0933,"09.3.3 Gardens, plants and flowers"
cpih01,67,2026-02-18T00:00:00.000Z,136.7,Jan-26,Jan-26,K02000001,United Kingdom,CP07,07 Transport
cpih01,67,2026-02-18T00:00:00.000Z,152.7,Jan-26,Jan-26,K02000001,United Kingdom,CP10,10 Education
cpih01,67,2026-02-18T00:00:00.000Z,148.3,Jan-26,Jan-26,K02000001,United Kingdom,CP0941,09.4.1 Recreational and sporting services
cpih01,67,2026-02-18T00:00:00.000Z,143.2,Jan-26,Jan-26,K02000001,United Kingdom,CP0721,07.2.1 Spare parts and accessories
cpih01,67,2026-02-18T00:00:00.000Z,142.1,Jan-26,Jan-26,K02000001,United Kingdom,CP08,08 Communication
cpih01,67,2026-02-18T00:00:00.000Z,140.5,Jan-26,Jan-26,K02000001,United Kingdom,CP082_083,08.2/3 Telephone and telefax equipment
cpih01,67,2026-02-18T00:00:00.000Z,151.3,Jan-26,Jan-26,K02000001,United Kingdom,CP111,11.1 Catering services
cpih01,67,2026-02-18T00:00:00.000Z,131.3,Jan-26,Jan-26,K02000001,United Kingdom,CP1231,"12.3.1 Jewellery, clocks and watches"
cpih01,67,2026-02-18T00:00:00.000Z,135.6,Jan-26,Jan-26,K02000001,United Kingdom,CP0953_0954,"09.5.3/4 Miscellaneous printed matter, stationery and drawing materials"
cpih01,67,2026-02-18T00:00:00.000Z,150.7,Jan-26,Jan-26,K02000001,United Kingdom,CP11,11 Restaurants and hotels
cpih01,67,2026-02-18T00:00:00.000Z,177.5,Jan-26,Jan-26,K02000001,United Kingdom,CP125,12.5 Insurance
cpih01,67,2026-02-18T00:00:00.000Z,121.3,Jan-26,Jan-26,K02000001,United Kingdom,CP0211,02.1.1 Spirits
cpih01,67,2026-02-18T00:00:00.000Z,136.0,Jan-26,Jan-26,K02000001,United Kingdom,CP0112,01.1.2 Meat
cpih01,67,2026-02-18T00:00:00.000Z,134.5,Jan-26,Jan-26,K02000001,United Kingdom,CP0113,01.1.3 Fish
cpih01,67,2026-02-18T00:00:00.000Z,189.2,Jan-26,Jan-26,K02000001,United Kingdom,CP0115,01.1.5 Oils and fats
cpih01,67,2026-02-18T00:00:00.000Z,121.5,Jan-26,Jan-26,K02000001,United Kingdom,CP0212,02.1.2 Wine
cpih01,67,2026-02-18T00:00:00.000Z,101.3,Jan-26,Jan-26,K02000001,United Kingdom,CP032,03.2 Footwear including repairs
cpih01,67,2026-02-18T00:00:00.000Z,142.8,Jan-26,Jan-26,K02000001,United Kingdom,CP04,"04 Housing, water, electricity, gas and other fuels"
cpih01,67,2026-02-18T00:00:00.000Z,137.0,Jan-26,Jan-26,K02000001,United Kingdom,CP042,04.2 Owner Occupiers Housing Costs
cpih01,67,2026-02-18T00:00:00.000Z,110.6,Jan-26,Jan-26,K02000001,United Kingdom,CP0432,04.3.2 Services for maintenance and repair of the dwelling
cpih01,67,2026-02-18T00:00:00.000Z,165.5,Jan-26,Jan-26,K02000001,United Kingdom,CP0441,04.4.1 Water supply
cpih01,67,2026-02-18T00:00:00.000Z,140.4,Jan-26,Jan-26,K02000001,United Kingdom,CP0116,01.1.6 Fruit
cpih01,67,2026-02-18T00:00:00.000Z,151.8,Jan-26,Jan-26,K02000001,United Kingdom,CP0454,04.5.4 Solid fuels
cpih01,67,2026-02-18T00:00:00.000Z,142.3,Jan-26,Jan-26,K02000001,United Kingdom,CP06,06 Health
cpih01,67,2026-02-18T00:00:00.000Z,140.7,Jan-26,Jan-26,K02000001,United Kingdom,CP062,06.2 Out-patient services
cpih01,67,2026-02-18T00:00:00.000Z,121.5,Jan-26,Jan-26,K02000001,United Kingdom,CP0712_0713,07.1.2/3 Motocycles and bicycles
cpih01,67,2026-02-18T00:00:00.000Z,135.5,Jan-26,Jan-26,K02000001,United Kingdom,CP09,09 Recreation and culture
cpih01,67,2026-02-18T00:00:00.000Z,150.4,Jan-26,Jan-26,K02000001,United Kingdom,CP124,12.4 Social protection
cpih01,67,2026-02-18T00:00:00.000Z,175.4,Jan-26,Jan-26,K02000001,United Kingdom,CP1253,12.5.3 Health insurance
cpih01,67,2026-02-18T00:00:00.000Z,90.7,Jan-26,Jan-26,K02000001,United Kingdom,CP126,12.6 Financial services (nec)
cpih01,67,2026-02-18T00:00:00.000Z,176.5,Jan-26,Jan-26,K02000001,United Kingdom,CP045,"04.5 Electricity, gas and other fuels"
cpih01,67,2026-02-18T00:00:00.000Z,119.2,Jan-26,Jan-26,K02000001,United Kingdom,CP053,"05.3 Household appliances, fitting and repairs"
cpih01,67,2026-02-18T00:00:00.000Z,164.4,Jan-26,Jan-26,K02000001,United Kingdom,CP044,04.4 Water supply and miscellaneous services relating to the dwelling
cpih01,67,2026-02-18T00:00:00.000Z,168.4,Jan-26,Jan-26,K02000001,United Kingdom,CP0732_0736,07.3.2/6 Passenger transport by road and other services
cpih01,67,2026-02-18T00:00:00.000Z,95.8,Jan-26,Jan-26,K02000001,United Kingdom,CP091,09.1 Audio-visual equipment and related products
cpih01,67,2026-02-18T00:00:00.000Z,79.6,Jan-26,Jan-26,K02000001,United Kingdom,CP0912,"09.1.2 Photographic, cinematographic and optical equipment"
cpih01,67,2026-02-18T00:00:00.000Z,146.8,Jan-26,Jan-26,K02000001,United Kingdom,CP0951,09.5.1 Books
cpih01,67,2026-02-18T00:00:00.000Z,124.3,Jan-26,Jan-26,K02000001,United Kingdom,CP12,12 Miscellaneous goods and services
cpih01,67,2026-02-18T00:00:00.000Z,141.0,Jan-26,Jan-26,K02000001,United Kingdom,CP0111,01.1.1 Bread and cereals
cpih01,67,2026-02-18T00:00:00.000Z,121.2,Jan-26,Jan-26,K02000001,United Kingdom,CP0312,03.1.2 Garments
cpih01,67,2026-02-18T00:00:00.000Z,134.7,Jan-26,Jan-26,K02000001,United Kingdom,CP041,04.1 Actual rentals for housing
cpih01,67,2026-02-18T00:00:00.000Z,121.7,Jan-26,Jan-26,K02000001,United Kingdom,CP043,04.3 Regular maintenance and repair of the dwelling
cpih01,67,2026-02-18T00:00:00.000Z,152.7,Jan-26,Jan-26,K02000001,United Kingdom,CP049,04.9 Council Tax and rates
cpih01,67,2026-02-18T00:00:00.000Z,167.2,Jan-26,Jan-26,K02000001,United Kingdom,CP063,06.3 Hospital services
cpih01,67,2026-02-18T00:00:00.000Z,140.9,Jan-26,Jan-26,K02000001,United Kingdom,CP0711N1,07.1.1.1 New motor cars
cpih01,67,2026-02-18T00:00:00.000Z,141.1,Jan-26,Jan-26,K02000001,United Kingdom,CP072,07.2 Operation of personal transport equipment
cpih01,67,2026-02-18T00:00:00.000Z,174.9,Jan-26,Jan-26,K02000001,United Kingdom,CP0724,07.2.4 Other services
cpih01,67,2026-02-18T00:00:00.000Z,175.2,Jan-26,Jan-26,K02000001,United Kingdom,CP081,08.1 Postal services
cpih01,67,2026-02-18T00:00:00.000Z,145.5,Jan-26,Jan-26,K02000001,United Kingdom,CP0942,09.4.2 Cultural services
cpih01,67,2026-02-18T00:00:00.000Z,158.2,Jan-26,Jan-26,K02000001,United Kingdom,CP095,"09.5 Books, newspapers and stationery"
cpih01,67,2026-02-18T00:00:00.000Z,146.9,Jan-26,Jan-26,K02000001,United Kingdom,CP1211,12.1.1 Hairdressing and personal grooming establishments
cpih01,67,2026-02-18T00:00:00.000Z,154.3,Jan-26,Jan-26,K02000001,United Kingdom,CP0119,01.1.9 Food products (nec)
cpih01,67,2026-02-18T00:00:00.000Z,159.7,Jan-26,Jan-26,K02000001,United Kingdom,CP02,02 Alcoholic beverages and tobacco
cpih01,67,2026-02-18T00:00:00.000Z,125.0,Jan-26,Jan-26,K02000001,United Kingdom,CP021,02.1 Alcoholic beverages
cpih01,67,2026-02-18T00:00:00.000Z,118.0,Jan-26,Jan-26,K02000001,United Kingdom,CP03,03 Clothing and footwear
cpih01,67,2026-02-18T00:00:00.000Z,132.4,Jan-26,Jan-26,K02000001,United Kingdom,CP0431,04.3.1 Materials for maintenance and repair of the dwelling
cpih01,67,2026-02-18T00:00:00.000Z,143.4,Jan-26,Jan-26,K02000001,United Kingdom,CP0452,04.5.2 Gas
cpih01,67,2026-02-18T00:00:00.000Z,120.5,Jan-26,Jan-26,K02000001,United Kingdom,CP0612_0613,06.1.2/3 Other medical and therapeutic equipment
cpih01,67,2026-02-18T00:00:00.000Z,106.9,Jan-26,Jan-26,K02000001,United Kingdom,CP0931,"09.3.1 Games, toys and hobbies"
cpih01,67,2026-02-18T00:00:00.000Z,146.1,Jan-26,Jan-26,K02000001,United Kingdom,CP094,09.4 Recreational and cultural services
cpih01,67,2026-02-18T00:00:00.000Z,215.0,Jan-26,Jan-26,K02000001,United Kingdom,CP0952,09.5.2 Newspapers and periodicals
cpih01,67,2026-02-18T00:00:00.000Z,125.4,Jan-26,Jan-26,K02000001,United Kingdom,CP121,12.1 Personal care
cpih01,67,2026-02-18T00:00:00.000Z,144.3,Jan-26,Jan-26,K02000001,United Kingdom,CP01,01 Food and non-alcoholic beverages
cpih01,67,2026-02-18T00:00:00.000Z,139.4,Jan-26,Jan-26,K02000001,United Kingdom,CP00,Overall Index
cpih01,67,2026-02-18T00:00:00.000Z,143.7,Jan-26,Jan-26,K02000001,United Kingdom,CP011,01.1 Food
cpih01,67,2026-02-18T00:00:00.000Z,139.3,Jan-26,Jan-26,K02000001,United Kingdom,CP0117,01.1.7 Vegetables including potatoes and tubers
cpih01,67,2026-02-18T00:00:00.000Z,156.9,Jan-26,Jan-26,K02000001,United Kingdom,CP0118,"01.1.8 Sugar, jam, syrups, chocolate and confectionery"
cpih01,67,2026-02-18T00:00:00.000Z,121.4,Jan-26,Jan-26,K02000001,United Kingdom,CP031,03.1 Clothing
cpih01,67,2026-02-18T00:00:00.000Z,154.5,Jan-26,Jan-26,K02000001,United Kingdom,CP0453,04.5.3 Liquid fuels
cpih01,67,2026-02-18T00:00:00.000Z,128.3,Jan-26,Jan-26,K02000001,United Kingdom,CP0733,07.3.3 Passenger transport by air
cpih01,67,2026-02-18T00:00:00.000Z,107.5,Jan-26,Jan-26,K02000001,United Kingdom,CP0915,09.1.5 Repair of audio-visual equipment and related products
cpih01,67,2026-02-18T00:00:00.000Z,148.7,Jan-26,Jan-26,K02000001,United Kingdom,CP012,01.2 Non-alcoholic beverages
cpih01,67,2026-02-18T00:00:00.000Z,164.0,Jan-26,Jan-26,K02000001,United Kingdom,CP0443,04.4.3 Sewerage collection
cpih01,67,2026-02-18T00:00:00.000Z,137.5,Jan-26,Jan-26,K02000001,United Kingdom,CP0512,05.1.2 Carpets and other floor coverings
cpih01,67,2026-02-18T00:00:00.000Z,119.5,Jan-26,Jan-26,K02000001,United Kingdom,CP0531_0532,05.3.1/2 Major appliances and small electric goods
cpih01,67,2026-02-18T00:00:00.000Z,146.7,Jan-26,Jan-26,K02000001,United Kingdom,CP0121,"01.2.1 Coffee, tea and cocoa"
cpih01,67,2026-02-18T00:00:00.000Z,148.2,Jan-26,Jan-26,K02000001,United Kingdom,CP0934_0935,"09.3.4/5 Pets, related products and services"
cpih01,67,2026-02-18T00:00:00.000Z,135.9,Jan-26,Jan-26,K02000001,United Kingdom,CP0213,02.1.3 Beer
cpih01,67,2026-02-18T00:00:00.000Z,115.6,Jan-26,Jan-26,K02000001,United Kingdom,CP1112,11.1.2 Canteens
cpih01,67,2026-02-18T00:00:00.000Z,152.7,Jan-26,Jan-26,K02000001,United Kingdom,CP1111,11.1.1 Restaurants and cafes
cpih01,67,2026-02-18T00:00:00.000Z,118.9,Jan-26,Jan-26,K02000001,United Kingdom,CP1212_1213,12.1.2/3 Appliances and products for personal care
cpih01,67,2026-02-18T00:00:00.000Z,116.3,Jan-26,Jan-26,K02000001,United Kingdom,CP0313,03.1.3 Other clothing and clothing accessories
cpih01,67,2026-02-18T00:00:00.000Z,122.1,Jan-26,Jan-26,K02000001,United Kingdom,CP123,12.3 Personal effects (nec)
cpih01,67,2026-02-18T00:00:00.000Z,110.4,Jan-26,Jan-26,K02000001,United Kingdom,CP127,12.7 Other services (nec)
cpih01,67,2026-02-18T00:00:00.000Z,159.0,Jan-26,Jan-26,K02000001,United Kingdom,CP0314,"03.1.4 Cleaning, repair and hire of clothing"
cpih01,67,2026-02-18T00:00:00.000Z,124.5,Jan-26,Jan-26,K02000001,United Kingdom,CP05,"05 Furniture, household equipment and maintenance"
cpih01,67,2026-02-18T00:00:00.000Z,124.0,Jan-26,Jan-26,K02000001,United Kingdom,CP071,07.1 Purchase of vehicles
cpih01,67,2026-02-18T00:00:00.000Z,118.2,Jan-26,Jan-26,K02000001,United Kingdom,CP0932,09.3.2 Equipment for sport and open-air recreation
cpih01,67,2026-02-18T00:00:00.000Z,116.2,Jan-26,Jan-26,K02000001,United Kingdom,CP1252,12.5.2 House contents insurance
cpih01,67,2026-02-18T00:00:00.000Z,184.1,Jan-26,Jan-26,K02000001,United Kingdom,CP1254,12.5.4 Transport insurance
cpih01,67,2026-02-18T00:00:00.000Z,134.9,Jan-26,Jan-26,K02000001,United Kingdom,CP051,"05.1 Furniture, furnishings and carpets"
cpih01,67,2026-02-18T00:00:00.000Z,132.1,Jan-26,Jan-26,K02000001,United Kingdom,CP056,05.6 Goods and services for routine maintenance
cpih01,67,2026-02-18T00:00:00.000Z,115.2,Jan-26,Jan-26,K02000001,United Kingdom,CP0561,05.6.1 Non-durable household goods
cpih01,67,2026-02-18T00:00:00.000Z,111.5,Jan-26,Jan-26,K02000001,United Kingdom,CP0711N2,07.1.1.2 Second-hand motor cars
cpih01,67,2026-02-18T00:00:00.000Z,155.2,Jan-26,Jan-26,K02000001,United Kingdom,CP0723,07.2.3 Maintenance and repairs
cpih01,67,2026-02-18T00:00:00.000Z,141.2,Jan-26,Jan-26,K02000001,United Kingdom,CP0731,07.3.1 Passenger transport by railway
cpih01,67,2026-02-18T00:00:00.000Z,154.5,Jan-26,Jan-26,K02000001,United Kingdom,CP0734,07.3.4 Passenger transport by sea and inland waterway
cpih01,67,2026-02-18T00:00:00.000Z,71.8,Jan-26,Jan-26,K02000001,United Kingdom,CP0913,09.1.3 Data processing equipment
cpih01,67,2026-02-18T00:00:00.000Z,158.5,Jan-26,Jan-26,K02000001,United Kingdom,CP0914,09.1.4 Recording media
cpih01,67,2026-02-18T00:00:00.000Z,148.5,Dec-25,Dec-25,K02000001,United Kingdom,CP0951,09.5.1 Books
cpih01,67,2026-02-18T00:00:00.000Z,139.5,Dec-25,Dec-25,K02000001,United Kingdom,CP0117,01.1.7 Vegetables including potatoes and tubers
cpih01,67,2026-02-18T00:00:00.000Z,112.0,Dec-25,Dec-25,K02000001,United Kingdom,CP0711N2,07.1.1.2 Second-hand motor cars
cpih01,67,2026-02-18T00:00:00.000Z,159.1,Dec-25,Dec-25,K02000001,United Kingdom,CP0914,09.1.4 Recording media
cpih01,67,2026-02-18T00:00:00.000Z,146.8,Dec-25,Dec-25,K02000001,United Kingdom,CP0734,07.3.4 Passenger transport by sea and inland waterway
cpih01,67,2026-02-18T00:00:00.000Z,134.3,Dec-25,Dec-25,K02000001,United Kingdom,CP041,04.1 Actual rentals for housing
cpih01,67,2026-02-18T00:00:00.000Z,159.9,Dec-25,Dec-25,K02000001,United Kingdom,CP096,09.6 Package holidays
cpih01,67,2026-02-18T00:00:00.000Z,133.9,Dec-25,Dec-25,K02000001,United Kingdom,CP1231,"12.3.1 Jewellery, clocks and watches"
cpih01,67,2026-02-18T00:00:00.000Z,148.5,Dec-25,Dec-25,K02000001,United Kingdom,CP0452,04.5.2 Gas
cpih01,67,2026-02-18T00:00:00.000Z,152.3,Dec-25,Dec-25,K02000001,United Kingdom,CP0118,"01.1.8 Sugar, jam, syrups, chocolate and confectionery"
cpih01,67,2026-02-18T00:00:00.000Z,132.1,Dec-25,Dec-25,K02000001,United Kingdom,CP056,05.6 Goods and services for routine maintenance
cpih01,67,2026-02-18T00:00:00.000Z,139.8,Dec-25,Dec-25,K02000001,United Kingdom,CP06,06 Health
cpih01,67,2026-02-18T00:00:00.000Z,131.3,Dec-25,Dec-25,K02000001,United Kingdom,CP061,"06.1 Medical products, appliances and equipment"
cpih01,67,2026-02-18T00:00:00.000Z,129.0,Dec-25,Dec-25,K02000001,United Kingdom,CP0933,"09.3.3 Gardens, plants and flowers"
cpih01,67,2026-02-18T00:00:00.000Z,141.6,Dec-25,Dec-25,K02000001,United Kingdom,CP08,08 Communication
cpih01,67,2026-02-18T00:00:00.000Z,146.2,Dec-25,Dec-25,K02000001,United Kingdom,CP1211,12.1.1 Hairdressing and personal grooming establishments
cpih01,67,2026-02-18T00:00:00.000Z,171.6,Dec-25,Dec-25,K02000001,United Kingdom,CP125,12.5 Insurance
cpih01,67,2026-02-18T00:00:00.000Z,146.4,Dec-25,Dec-25,K02000001,United Kingdom,CP0121,"01.2.1 Coffee, tea and cocoa"
cpih01,67,2026-02-18T00:00:00.000Z,149.2,Dec-25,Dec-25,K02000001,United Kingdom,CP0122,"01.2.2 Mineral waters, soft drinks and juices"
cpih01,67,2026-02-18T00:00:00.000Z,124.6,Dec-25,Dec-25,K02000001,United Kingdom,CP121,12.1 Personal care
cpih01,67,2026-02-18T00:00:00.000Z,122.9,Dec-25,Dec-25,K02000001,United Kingdom,CP021,02.1 Alcoholic beverages
cpih01,67,2026-02-18T00:00:00.000Z,107.4,Dec-25,Dec-25,K02000001,United Kingdom,CP0915,09.1.5 Repair of audio-visual equipment and related products
cpih01,67,2026-02-18T00:00:00.000Z,132.6,Dec-25,Dec-25,K02000001,United Kingdom,CP0213,02.1.3 Beer
cpih01,67,2026-02-18T00:00:00.000Z,164.4,Dec-25,Dec-25,K02000001,United Kingdom,CP044,04.4 Water supply and miscellaneous services relating to the dwelling
cpih01,67,2026-02-18T00:00:00.000Z,123.8,Dec-25,Dec-25,K02000001,United Kingdom,CP0531_0532,05.3.1/2 Major appliances and small electric goods
cpih01,67,2026-02-18T00:00:00.000Z,158.1,Dec-25,Dec-25,K02000001,United Kingdom,CP0314,"03.1.4 Cleaning, repair and hire of clothing"
cpih01,67,2026-02-18T00:00:00.000Z,124.8,Dec-25,Dec-25,K02000001,United Kingdom,CP0722,07.2.2 Fuels and lubricants
cpih01,67,2026-02-18T00:00:00.000Z,142.0,Dec-25,Dec-25,K02000001,United Kingdom,CP072,07.2 Operation of personal transport equipment
cpih01,67,2026-02-18T00:00:00.000Z,153.3,Dec-25,Dec-25,K02000001,United Kingdom,CP112,11.2 Accommodation services
cpih01,67,2026-02-18T00:00:00.000Z,124.2,Dec-25,Dec-25,K02000001,United Kingdom,CP071,07.1 Purchase of vehicles
cpih01,67,2026-02-18T00:00:00.000Z,157.7,Dec-25,Dec-25,K02000001,United Kingdom,CP02,02 Alcoholic beverages and tobacco
cpih01,67,2026-02-18T00:00:00.000Z,139.3,Dec-25,Dec-25,K02000001,United Kingdom,CP0512,05.1.2 Carpets and other floor coverings
cpih01,67,2026-02-18T00:00:00.000Z,151.7,Dec-25,Dec-25,K02000001,United Kingdom,CP111,11.1 Catering services
cpih01,67,2026-02-18T00:00:00.000Z,147.3,Dec-25,Dec-25,K02000001,United Kingdom,CP0114,"01.1.4 Milk, cheese and eggs"
cpih01,67,2026-02-18T00:00:00.000Z,170.1,Dec-25,Dec-25,K02000001,United Kingdom,CP0732_0736,07.3.2/6 Passenger transport by road and other services
cpih01,67,2026-02-18T00:00:00.000Z,174.6,Dec-25,Dec-25,K02000001,United Kingdom,CP045,"04.5 Electricity, gas and other fuels"
cpih01,67,2026-02-18T00:00:00.000Z,126.4,Dec-25,Dec-25,K02000001,United Kingdom,CP0312,03.1.2 Garments
cpih01,67,2026-02-18T00:00:00.000Z,136.0,Dec-25,Dec-25,K02000001,United Kingdom,CP0112,01.1.2 Meat
cpih01,67,2026-02-18T00:00:00.000Z,102.4,Dec-25,Dec-25,K02000001,United Kingdom,CP032,03.2 Footwear including repairs
cpih01,67,2026-02-18T00:00:00.000Z,131.4,Dec-25,Dec-25,K02000001,United Kingdom,CP0431,04.3.1 Materials for maintenance and repair of the dwelling
cpih01,67,2026-02-18T00:00:00.000Z,139.9,Dec-25,Dec-25,K02000001,United Kingdom,CP082_083,08.2/3 Telephone and telefax equipment
cpih01,67,2026-02-18T00:00:00.000Z,110.6,Dec-25,Dec-25,K02000001,United Kingdom,CP0432,04.3.2 Services for maintenance and repair of the dwelling
cpih01,67,2026-02-18T00:00:00.000Z,107.0,Dec-25,Dec-25,K02000001,United Kingdom,CP0931,"09.3.1 Games, toys and hobbies"
cpih01,67,2026-02-18T00:00:00.000Z,139.5,Dec-25,Dec-25,K02000001,United Kingdom,CP0116,01.1.6 Fruit
cpih01,67,2026-02-18T00:00:00.000Z,139.9,Dec-25,Dec-25,K02000001,United Kingdom,CP00,Overall Index
cpih01,67,2026-02-18T00:00:00.000Z,152.7,Dec-25,Dec-25,K02000001,United Kingdom,CP049,04.9 Council Tax and rates
cpih01,67,2026-02-18T00:00:00.000Z,149.7,Dec-25,Dec-25,K02000001,United Kingdom,CP0941,09.4.1 Recreational and sporting services
cpih01,67,2026-02-18T00:00:00.000Z,175.7,Dec-25,Dec-25,K02000001,United Kingdom,CP081,08.1 Postal services
cpih01,67,2026-02-18T00:00:00.000Z,95.3,Dec-25,Dec-25,K02000001,United Kingdom,CP091,09.1 Audio-visual equipment and related products
cpih01,67,2026-02-18T00:00:00.000Z,196.1,Dec-25,Dec-25,K02000001,United Kingdom,CP022,02.2 Tobacco
cpih01,67,2026-02-18T00:00:00.000Z,153.0,Dec-25,Dec-25,K02000001,United Kingdom,CP1111,11.1.1 Restaurants and cafes
cpih01,67,2026-02-18T00:00:00.000Z,118.1,Dec-25,Dec-25,K02000001,United Kingdom,CP1212_1213,12.1.2/3 Appliances and products for personal care
cpih01,67,2026-02-18T00:00:00.000Z,104.3,Dec-25,Dec-25,K02000001,United Kingdom,CP1232,12.3.2 Other personal effects
cpih01,67,2026-02-18T00:00:00.000Z,109.4,Dec-25,Dec-25,K02000001,United Kingdom,CP054,"05.4 Glassware, tableware and household utensils"
cpih01,67,2026-02-18T00:00:00.000Z,116.2,Dec-25,Dec-25,K02000001,United Kingdom,CP1252,12.5.2 House contents insurance
cpih01,67,2026-02-18T00:00:00.000Z,165.5,Dec-25,Dec-25,K02000001,United Kingdom,CP0441,04.4.1 Water supply
cpih01,67,2026-02-18T00:00:00.000Z,143.9,Dec-25,Dec-25,K02000001,United Kingdom,CP011,01.1 Food
cpih01,67,2026-02-18T00:00:00.000Z,157.1,Dec-25,Dec-25,K02000001,United Kingdom,CP0119,01.1.9 Food products (nec)
cpih01,67,2026-02-18T00:00:00.000Z,127.3,Dec-25,Dec-25,K02000001,United Kingdom,CP05,"05 Furniture, household equipment and maintenance"
cpih01,67,2026-02-18T00:00:00.000Z,115.4,Dec-25,Dec-25,K02000001,United Kingdom,CP0561,05.6.1 Non-durable household goods
cpih01,67,2026-02-18T00:00:00.000Z,160.6,Dec-25,Dec-25,K02000001,United Kingdom,CP063,06.3 Hospital services
cpih01,67,2026-02-18T00:00:00.000Z,144.4,Dec-25,Dec-25,K02000001,United Kingdom,CP01,01 Food and non-alcoholic beverages
cpih01,67,2026-02-18T00:00:00.000Z,123.2,Dec-25,Dec-25,K02000001,United Kingdom,CP053,"05.3 Household appliances, fitting and repairs"
cpih01,67,2026-02-18T00:00:00.000Z,126.0,Dec-25,Dec-25,K02000001,United Kingdom,CP031,03.1 Clothing
cpih01,67,2026-02-18T00:00:00.000Z,72.3,Dec-25,Dec-25,K02000001,United Kingdom,CP0913,09.1.3 Data processing equipment
cpih01,67,2026-02-18T00:00:00.000Z,124.7,Dec-25,Dec-25,K02000001,United Kingdom,CP123,12.3 Personal effects (nec)
cpih01,67,2026-02-18T00:00:00.000Z,144.9,Dec-25,Dec-25,K02000001,United Kingdom,CP094,09.4 Recreational and cultural services
cpih01,67,2026-02-18T00:00:00.000Z,143.9,Dec-25,Dec-25,K02000001,United Kingdom,CP0111,01.1.1 Bread and cereals
cpih01,67,2026-02-18T00:00:00.000Z,115.3,Dec-25,Dec-25,K02000001,United Kingdom,CP052,05.2 Household textiles
cpih01,67,2026-02-18T00:00:00.000Z,139.7,Dec-25,Dec-25,K02000001,United Kingdom,CP0511,05.1.1 Furniture and furnishings
cpih01,67,2026-02-18T00:00:00.000Z,148.1,Dec-25,Dec-25,K02000001,United Kingdom,CP0934_0935,"09.3.4/5 Pets, related products and services"
cpih01,67,2026-02-18T00:00:00.000Z,110.4,Dec-25,Dec-25,K02000001,United Kingdom,CP127,12.7 Other services (nec)
cpih01,67,2026-02-18T00:00:00.000Z,139.2,Dec-25,Dec-25,K02000001,United Kingdom,CP07,07 Transport
cpih01,67,2026-02-18T00:00:00.000Z,141.0,Dec-25,Dec-25,K02000001,United Kingdom,CP0562,05.6.2 Domestic services and household services
cpih01,67,2026-02-18T00:00:00.000Z,118.5,Dec-25,Dec-25,K02000001,United Kingdom,CP0932,09.3.2 Equipment for sport and open-air recreation
cpih01,67,2026-02-18T00:00:00.000Z,118.4,Dec-25,Dec-25,K02000001,United Kingdom,CP0211,02.1.1 Spirits
cpih01,67,2026-02-18T00:00:00.000Z,135.2,Dec-25,Dec-25,K02000001,United Kingdom,CP09,09 Recreation and culture
cpih01,67,2026-02-18T00:00:00.000Z,140.6,Dec-25,Dec-25,K02000001,United Kingdom,CP0711N1,07.1.1.1 New motor cars
cpih01,67,2026-02-18T00:00:00.000Z,141.1,Dec-25,Dec-25,K02000001,United Kingdom,CP0721,07.2.1 Spare parts and accessories
cpih01,67,2026-02-18T00:00:00.000Z,174.6,Dec-25,Dec-25,K02000001,United Kingdom,CP0733,07.3.3 Passenger transport by air
cpih01,67,2026-02-18T00:00:00.000Z,213.8,Dec-25,Dec-25,K02000001,United Kingdom,CP0952,09.5.2 Newspapers and periodicals
cpih01,67,2026-02-18T00:00:00.000Z,123.6,Dec-25,Dec-25,K02000001,United Kingdom,CP0533,05.3.3 Repair of household appliances
cpih01,67,2026-02-18T00:00:00.000Z,158.4,Dec-25,Dec-25,K02000001,United Kingdom,CP0453,04.5.3 Liquid fuels
cpih01,67,2026-02-18T00:00:00.000Z,151.8,Dec-25,Dec-25,K02000001,United Kingdom,CP11,11 Restaurants and hotels
cpih01,67,2026-02-18T00:00:00.000Z,167.2,Dec-25,Dec-25,K02000001,United Kingdom,CP1253,12.5.3 Health insurance
cpih01,67,2026-02-18T00:00:00.000Z,140.3,Dec-25,Dec-25,K02000001,United Kingdom,CP062,06.2 Out-patient services
cpih01,67,2026-02-18T00:00:00.000Z,131.1,Dec-25,Dec-25,K02000001,United Kingdom,CP0621_0623,06.2.1/3 Medical services and paramedical services
cpih01,67,2026-02-18T00:00:00.000Z,148.1,Dec-25,Dec-25,K02000001,United Kingdom,CP012,01.2 Non-alcoholic beverages
cpih01,67,2026-02-18T00:00:00.000Z,122.0,Dec-25,Dec-25,K02000001,United Kingdom,CP03,03 Clothing and footwear
cpih01,67,2026-02-18T00:00:00.000Z,136.8,Dec-25,Dec-25,K02000001,United Kingdom,CP0953_0954,"09.5.3/4 Miscellaneous printed matter, stationery and drawing materials"
cpih01,67,2026-02-18T00:00:00.000Z,116.1,Dec-25,Dec-25,K02000001,United Kingdom,CP1112,11.1.2 Canteens
cpih01,67,2026-02-18T00:00:00.000Z,120.2,Dec-25,Dec-25,K02000001,United Kingdom,CP0212,02.1.2 Wine
cpih01,67,2026-02-18T00:00:00.000Z,137.9,Dec-25,Dec-25,K02000001,United Kingdom,CP0611,06.1.1 Pharmaceutical products
cpih01,67,2026-02-18T00:00:00.000Z,142.8,Dec-25,Dec-25,K02000001,United Kingdom,CP0731,07.3.1 Passenger transport by railway
cpih01,67,2026-02-18T00:00:00.000Z,154.5,Dec-25,Dec-25,K02000001,United Kingdom,CP0723,07.2.3 Maintenance and repairs
cpih01,67,2026-02-18T00:00:00.000Z,180.2,Dec-25,Dec-25,K02000001,United Kingdom,CP1254,12.5.4 Transport insurance
cpih01,67,2026-02-18T00:00:00.000Z,73.7,Dec-25,Dec-25,K02000001,United Kingdom,CP0912,"09.1.2 Photographic, cinematographic and optical equipment"
cpih01,67,2026-02-18T00:00:00.000Z,75.5,Dec-25,Dec-25,K02000001,United Kingdom,CP0911,09.1.1 Reception and reproduction of sound and pictures
cpih01,67,2026-02-18T00:00:00.000Z,124.1,Dec-25,Dec-25,K02000001,United Kingdom,CP12,12 Miscellaneous goods and services
cpih01,67,2026-02-18T00:00:00.000Z,190.0,Dec-25,Dec-25,K02000001,United Kingdom,CP0115,01.1.5 Oils and fats
cpih01,67,2026-02-18T00:00:00.000Z,121.3,Dec-25,Dec-25,K02000001,United Kingdom,CP043,04.3 Regular maintenance and repair of the dwelling
cpih01,67,2026-02-18T00:00:00.000Z,152.7,Dec-25,Dec-25,K02000001,United Kingdom,CP10,10 Education
cpih01,67,2026-02-18T00:00:00.000Z,161.0,Dec-25,Dec-25,K02000001,United Kingdom,CP073,07.3 Transport services
cpih01,67,2026-02-18T00:00:00.000Z,117.1,Dec-25,Dec-25,K02000001,United Kingdom,CP0313,03.1.3 Other clothing and clothing accessories
cpih01,67,2026-02-18T00:00:00.000Z,154.0,Dec-25,Dec-25,K02000001,United Kingdom,CP0622,06.2.2 Dental services
cpih01,67,2026-02-18T00:00:00.000Z,136.8,Dec-25,Dec-25,K02000001,United Kingdom,CP042,04.2 Owner Occupiers Housing Costs
cpih01,67,2026-02-18T00:00:00.000Z,194.2,Dec-25,Dec-25,K02000001,United Kingdom,CP0451,04.5.1 Electricity
cpih01,67,2026-02-18T00:00:00.000Z,119.7,Dec-25,Dec-25,K02000001,United Kingdom,CP0712_0713,07.1.2/3 Motocycles and bicycles
cpih01,67,2026-02-18T00:00:00.000Z,143.0,Dec-25,Dec-25,K02000001,United Kingdom,CP0942,09.4.2 Cultural services
cpih01,67,2026-02-18T00:00:00.000Z,133.8,Dec-25,Dec-25,K02000001,United Kingdom,CP0113,01.1.3 Fish
cpih01,67,2026-02-18T00:00:00.000Z,164.0,Dec-25,Dec-25,K02000001,United Kingdom,CP0443,04.4.3 Sewerage collection
cpih01,67,2026-02-18T00:00:00.000Z,153.5,Dec-25,Dec-25,K02000001,United Kingdom,CP0454,04.5.4 Solid fuels
cpih01,67,2026-02-18T00:00:00.000Z,91.3,Dec-25,Dec-25,K02000001,United Kingdom,CP126,12.6 Financial services (nec)
cpih01,67,2026-02-18T00:00:00.000Z,131.5,Dec-25,Dec-25,K02000001,United Kingdom,CP092,09.2 Other major durables for recreation and culture
cpih01,67,2026-02-18T00:00:00.000Z,117.9,Dec-25,Dec-25,K02000001,United Kingdom,CP055,05.5 Tools and equipment for house and garden
cpih01,67,2026-02-18T00:00:00.000Z,149.5,Dec-25,Dec-25,K02000001,United Kingdom,CP124,12.4 Social protection
cpih01,67,2026-02-18T00:00:00.000Z,159.1,Dec-25,Dec-25,K02000001,United Kingdom,CP095,"09.5 Books, newspapers and stationery"
cpih01,67,2026-02-18T00:00:00.000Z,139.4,Dec-25,Dec-25,K02000001,United Kingdom,CP051,"05.1 Furniture, furnishings and carpets"
cpih01,67,2026-02-18T00:00:00.000Z,142.5,Dec-25,Dec-25,K02000001,United Kingdom,CP04,"04 Housing, water, electricity, gas and other fuels"
cpih01,67,2026-02-18T00:00:00.000Z,124.6,Dec-25,Dec-25,K02000001,United Kingdom,CP093,"09.3 Other recreational items, gardens and pets"
cpih01,67,2026-02-18T00:00:00.000Z,120.4,Dec-25,Dec-25,K02000001,United Kingdom,CP0612_0613,06.1.2/3 Other medical and therapeutic equipment
cpih01,67,2026-02-18T00:00:00.000Z,174.9,Dec-25,Dec-25,K02000001,United Kingdom,CP0724,07.2.4 Other services
cpih01,67,2026-02-18T00:00:00.000Z,123.9,Nov-25,Nov-25,K02000001,United Kingdom,CP123,12.3 Personal effects (nec)
cpih01,67,2026-02-18T00:00:00.000Z,151.8,Nov-25,Nov-25,K02000001,United Kingdom,CP0118,"01.1.8 Sugar, jam, syrups, chocolate and confectionery"
cpih01,67,2026-02-18T00:00:00.000Z,120.9,Nov-25,Nov-25,K02000001,United Kingdom,CP0212,02.1.2 Wine
cpih01,67,2026-02-18T00:00:00.000Z,152.7,Nov-25,Nov-25,K02000001,United Kingdom,CP0454,04.5.4 Solid fuels
cpih01,67,2026-02-18T00:00:00.000Z,154.4,Nov-25,Nov-25,K02000001,United Kingdom,CP0119,01.1.9 Food products (nec)
cpih01,67,2026-02-18T00:00:00.000Z,114.2,Nov-25,Nov-25,K02000001,United Kingdom,CP052,05.2 Household textiles
cpih01,67,2026-02-18T00:00:00.000Z,120.4,Nov-25,Nov-25,K02000001,United Kingdom,CP043,04.3 Regular maintenance and repair of the dwelling
cpih01,67,2026-02-18T00:00:00.000Z,142.3,Nov-25,Nov-25,K02000001,United Kingdom,CP04,"04 Housing, water, electricity, gas and other fuels"
cpih01,67,2026-02-18T00:00:00.000Z,147.4,Nov-25,Nov-25,K02000001,United Kingdom,CP0934_0935,"09.3.4/5 Pets, related products and services"
cpih01,67,2026-02-18T00:00:00.000Z,175.0,Nov-25,Nov-25,K02000001,United Kingdom,CP0724,07.2.4 Other services
cpih01,67,2026-02-18T00:00:00.000Z,143.3,Nov-25,Nov-25,K02000001,United Kingdom,CP01,01 Food and non-alcoholic beverages
cpih01,67,2026-02-18T00:00:00.000Z,142.6,Nov-25,Nov-25,K02000001,United Kingdom,CP011,01.1 Food
cpih01,67,2026-02-18T00:00:00.000Z,137.0,Nov-25,Nov-25,K02000001,United Kingdom,CP051,"05.1 Furniture, furnishings and carpets"
cpih01,67,2026-02-18T00:00:00.000Z,118.4,Nov-25,Nov-25,K02000001,United Kingdom,CP1252,12.5.2 House contents insurance
cpih01,67,2026-02-18T00:00:00.000Z,164.4,Nov-25,Nov-25,K02000001,United Kingdom,CP044,04.4 Water supply and miscellaneous services relating to the dwelling
cpih01,67,2026-02-18T00:00:00.000Z,158.3,Nov-25,Nov-25,K02000001,United Kingdom,CP0453,04.5.3 Liquid fuels
cpih01,67,2026-02-18T00:00:00.000Z,137.2,Nov-25,Nov-25,K02000001,United Kingdom,CP0511,05.1.1 Furniture and furnishings
cpih01,67,2026-02-18T00:00:00.000Z,154.2,Nov-25,Nov-25,K02000001,United Kingdom,CP0723,07.2.3 Maintenance and repairs
cpih01,67,2026-02-18T00:00:00.000Z,169.2,Nov-25,Nov-25,K02000001,United Kingdom,CP0732_0736,07.3.2/6 Passenger transport by road and other services
cpih01,67,2026-02-18T00:00:00.000Z,180.5,Nov-25,Nov-25,K02000001,United Kingdom,CP1254,12.5.4 Transport insurance
cpih01,67,2026-02-18T00:00:00.000Z,103.5,Nov-25,Nov-25,K02000001,United Kingdom,CP1232,12.3.2 Other personal effects
cpih01,67,2026-02-18T00:00:00.000Z,191.7,Nov-25,Nov-25,K02000001,United Kingdom,CP0115,01.1.5 Oils and fats
cpih01,67,2026-02-18T00:00:00.000Z,175.7,Nov-25,Nov-25,K02000001,United Kingdom,CP081,08.1 Postal services
cpih01,67,2026-02-18T00:00:00.000Z,124.2,Nov-25,Nov-25,K02000001,United Kingdom,CP071,07.1 Purchase of vehicles
cpih01,67,2026-02-18T00:00:00.000Z,118.2,Nov-25,Nov-25,K02000001,United Kingdom,CP0932,09.3.2 Equipment for sport and open-air recreation
cpih01,67,2026-02-18T00:00:00.000Z,116.6,Nov-25,Nov-25,K02000001,United Kingdom,CP0313,03.1.3 Other clothing and clothing accessories
cpih01,67,2026-02-18T00:00:00.000Z,133.2,Nov-25,Nov-25,K02000001,United Kingdom,CP0213,02.1.3 Beer
cpih01,67,2026-02-18T00:00:00.000Z,125.8,Nov-25,Nov-25,K02000001,United Kingdom,CP05,"05 Furniture, household equipment and maintenance"
cpih01,67,2026-02-18T00:00:00.000Z,153.7,Nov-25,Nov-25,K02000001,United Kingdom,CP0622,06.2.2 Dental services
cpih01,67,2026-02-18T00:00:00.000Z,125.7,Nov-25,Nov-25,K02000001,United Kingdom,CP031,03.1 Clothing
cpih01,67,2026-02-18T00:00:00.000Z,130.7,Nov-25,Nov-25,K02000001,United Kingdom,CP0621_0623,06.2.1/3 Medical services and paramedical services
cpih01,67,2026-02-18T00:00:00.000Z,174.6,Nov-25,Nov-25,K02000001,United Kingdom,CP045,"04.5 Electricity, gas and other fuels"
cpih01,67,2026-02-18T00:00:00.000Z,110.5,Nov-25,Nov-25,K02000001,United Kingdom,CP0432,04.3.2 Services for maintenance and repair of the dwelling
cpih01,67,2026-02-18T00:00:00.000Z,163.7,Nov-25,Nov-25,K02000001,United Kingdom,CP0914,09.1.4 Recording media
cpih01,67,2026-02-18T00:00:00.000Z,110.8,Nov-25,Nov-25,K02000001,United Kingdom,CP0931,"09.3.1 Games, toys and hobbies"
cpih01,67,2026-02-18T00:00:00.000Z,146.7,Nov-25,Nov-25,K02000001,United Kingdom,CP0951,09.5.1 Books
cpih01,67,2026-02-18T00:00:00.000Z,160.2,Nov-25,Nov-25,K02000001,United Kingdom,CP063,06.3 Hospital services
cpih01,67,2026-02-18T00:00:00.000Z,110.3,Nov-25,Nov-25,K02000001,United Kingdom,CP127,12.7 Other services (nec)
cpih01,67,2026-02-18T00:00:00.000Z,152.7,Nov-25,Nov-25,K02000001,United Kingdom,CP10,10 Education
cpih01,67,2026-02-18T00:00:00.000Z,151.2,Nov-25,Nov-25,K02000001,United Kingdom,CP111,11.1 Catering services
cpih01,67,2026-02-18T00:00:00.000Z,123.5,Nov-25,Nov-25,K02000001,United Kingdom,CP0533,05.3.3 Repair of household appliances
cpih01,67,2026-02-18T00:00:00.000Z,140.1,Nov-25,Nov-25,K02000001,United Kingdom,CP0711N1,07.1.1.1 New motor cars
cpih01,67,2026-02-18T00:00:00.000Z,141.1,Nov-25,Nov-25,K02000001,United Kingdom,CP072,07.2 Operation of personal transport equipment
cpih01,67,2026-02-18T00:00:00.000Z,140.0,Nov-25,Nov-25,K02000001,United Kingdom,CP062,06.2 Out-patient services
cpih01,67,2026-02-18T00:00:00.000Z,117.3,Nov-25,Nov-25,K02000001,United Kingdom,CP1212_1213,12.1.2/3 Appliances and products for personal care
cpih01,67,2026-02-18T00:00:00.000Z,115.9,Nov-25,Nov-25,K02000001,United Kingdom,CP1112,11.1.2 Canteens
cpih01,67,2026-02-18T00:00:00.000Z,109.4,Nov-25,Nov-25,K02000001,United Kingdom,CP054,"05.4 Glassware, tableware and household utensils"
cpih01,67,2026-02-18T00:00:00.000Z,137.3,Nov-25,Nov-25,K02000001,United Kingdom,CP07,07 Transport
cpih01,67,2026-02-18T00:00:00.000Z,149.6,Nov-25,Nov-25,K02000001,United Kingdom,CP0122,"01.2.2 Mineral waters, soft drinks and juices"
cpih01,67,2026-02-18T00:00:00.000Z,139.8,Nov-25,Nov-25,K02000001,United Kingdom,CP082_083,08.2/3 Telephone and telefax equipment
cpih01,67,2026-02-18T00:00:00.000Z,148.6,Nov-25,Nov-25,K02000001,United Kingdom,CP0452,04.5.2 Gas
cpih01,67,2026-02-18T00:00:00.000Z,118.8,Nov-25,Nov-25,K02000001,United Kingdom,CP0712_0713,07.1.2/3 Motocycles and bicycles
cpih01,67,2026-02-18T00:00:00.000Z,133.0,Nov-25,Nov-25,K02000001,United Kingdom,CP056,05.6 Goods and services for routine maintenance
cpih01,67,2026-02-18T00:00:00.000Z,164.0,Nov-25,Nov-25,K02000001,United Kingdom,CP0443,04.4.3 Sewerage collection
cpih01,67,2026-02-18T00:00:00.000Z,149.5,Nov-25,Nov-25,K02000001,United Kingdom,CP0941,09.4.1 Recreational and sporting services
cpih01,67,2026-02-18T00:00:00.000Z,131.7,Nov-25,Nov-25,K02000001,United Kingdom,CP061,"06.1 Medical products, appliances and equipment"
cpih01,67,2026-02-18T00:00:00.000Z,135.4,Nov-25,Nov-25,K02000001,United Kingdom,CP0112,01.1.2 Meat
cpih01,67,2026-02-18T00:00:00.000Z,152.7,Nov-25,Nov-25,K02000001,United Kingdom,CP049,04.9 Council Tax and rates
cpih01,67,2026-02-18T00:00:00.000Z,118.8,Nov-25,Nov-25,K02000001,United Kingdom,CP0531_0532,05.3.1/2 Major appliances and small electric goods
cpih01,67,2026-02-18T00:00:00.000Z,139.7,Nov-25,Nov-25,K02000001,United Kingdom,CP06,06 Health
cpih01,67,2026-02-18T00:00:00.000Z,91.3,Nov-25,Nov-25,K02000001,United Kingdom,CP126,12.6 Financial services (nec)
cpih01,67,2026-02-18T00:00:00.000Z,156.1,Nov-25,Nov-25,K02000001,United Kingdom,CP02,02 Alcoholic beverages and tobacco
cpih01,67,2026-02-18T00:00:00.000Z,76.9,Nov-25,Nov-25,K02000001,United Kingdom,CP0911,09.1.1 Reception and reproduction of sound and pictures
cpih01,67,2026-02-18T00:00:00.000Z,125.2,Nov-25,Nov-25,K02000001,United Kingdom,CP093,"09.3 Other recreational items, gardens and pets"
cpih01,67,2026-02-18T00:00:00.000Z,116.3,Nov-25,Nov-25,K02000001,United Kingdom,CP0561,05.6.1 Non-durable household goods
cpih01,67,2026-02-18T00:00:00.000Z,171.9,Nov-25,Nov-25,K02000001,United Kingdom,CP125,12.5 Insurance
cpih01,67,2026-02-18T00:00:00.000Z,165.5,Nov-25,Nov-25,K02000001,United Kingdom,CP0441,04.4.1 Water supply
cpih01,67,2026-02-18T00:00:00.000Z,120.5,Nov-25,Nov-25,K02000001,United Kingdom,CP0612_0613,06.1.2/3 Other medical and therapeutic equipment
cpih01,67,2026-02-18T00:00:00.000Z,124.0,Nov-25,Nov-25,K02000001,United Kingdom,CP021,02.1 Alcoholic beverages
cpih01,67,2026-02-18T00:00:00.000Z,123.4,Nov-25,Nov-25,K02000001,United Kingdom,CP0722,07.2.2 Fuels and lubricants
cpih01,67,2026-02-18T00:00:00.000Z,152.5,Nov-25,Nov-25,K02000001,United Kingdom,CP1111,11.1.1 Restaurants and cafes
cpih01,67,2026-02-18T00:00:00.000Z,167.2,Nov-25,Nov-25,K02000001,United Kingdom,CP1253,12.5.3 Health insurance
cpih01,67,2026-02-18T00:00:00.000Z,141.5,Nov-25,Nov-25,K02000001,United Kingdom,CP0562,05.6.2 Domestic services and household services
cpih01,67,2026-02-18T00:00:00.000Z,211.3,Nov-25,Nov-25,K02000001,United Kingdom,CP0952,09.5.2 Newspapers and periodicals
cpih01,67,2026-02-18T00:00:00.000Z,126.0,Nov-25,Nov-25,K02000001,United Kingdom,CP0312,03.1.2 Garments
cpih01,67,2026-02-18T00:00:00.000Z,144.7,Nov-25,Nov-25,K02000001,United Kingdom,CP0731,07.3.1 Passenger transport by railway
cpih01,67,2026-02-18T00:00:00.000Z,190.4,Nov-25,Nov-25,K02000001,United Kingdom,CP022,02.2 Tobacco
cpih01,67,2026-02-18T00:00:00.000Z,138.4,Nov-25,Nov-25,K02000001,United Kingdom,CP0611,06.1.1 Pharmaceutical products
cpih01,67,2026-02-18T00:00:00.000Z,138.0,Nov-25,Nov-25,K02000001,United Kingdom,CP0512,05.1.2 Carpets and other floor coverings
cpih01,67,2026-02-18T00:00:00.000Z,118.6,Nov-25,Nov-25,K02000001,United Kingdom,CP053,"05.3 Household appliances, fitting and repairs"
cpih01,67,2026-02-18T00:00:00.000Z,139.4,Nov-25,Nov-25,K02000001,United Kingdom,CP00,Overall Index
cpih01,67,2026-02-18T00:00:00.000Z,127.2,Nov-25,Nov-25,K02000001,United Kingdom,CP0933,"09.3.3 Gardens, plants and flowers"
cpih01,67,2026-02-18T00:00:00.000Z,149.4,Nov-25,Nov-25,K02000001,United Kingdom,CP124,12.4 Social protection
cpih01,67,2026-02-18T00:00:00.000Z,134.2,Nov-25,Nov-25,K02000001,United Kingdom,CP041,04.1 Actual rentals for housing
cpih01,67,2026-02-18T00:00:00.000Z,136.1,Nov-25,Nov-25,K02000001,United Kingdom,CP0953_0954,"09.5.3/4 Miscellaneous printed matter, stationery and drawing materials"
cpih01,67,2026-02-18T00:00:00.000Z,151.5,Nov-25,Nov-25,K02000001,United Kingdom,CP11,11 Restaurants and hotels
cpih01,67,2026-02-18T00:00:00.000Z,147.7,Nov-25,Nov-25,K02000001,United Kingdom,CP0121,"01.2.1 Coffee, tea and cocoa"
cpih01,67,2026-02-18T00:00:00.000Z,82.8,Nov-25,Nov-25,K02000001,United Kingdom,CP0912,"09.1.2 Photographic, cinematographic and optical equipment"
cpih01,67,2026-02-18T00:00:00.000Z,138.6,Nov-25,Nov-25,K02000001,United Kingdom,CP0116,01.1.6 Fruit
cpih01,67,2026-02-18T00:00:00.000Z,131.6,Nov-25,Nov-25,K02000001,United Kingdom,CP092,09.2 Other major durables for recreation and culture
cpih01,67,2026-02-18T00:00:00.000Z,140.2,Nov-25,Nov-25,K02000001,United Kingdom,CP0111,01.1.1 Bread and cereals
cpih01,67,2026-02-18T00:00:00.000Z,141.4,Nov-25,Nov-25,K02000001,United Kingdom,CP08,08 Communication
cpih01,67,2026-02-18T00:00:00.000Z,147.1,Nov-25,Nov-25,K02000001,United Kingdom,CP0114,"01.1.4 Milk, cheese and eggs"
cpih01,67,2026-02-18T00:00:00.000Z,132.9,Nov-25,Nov-25,K02000001,United Kingdom,CP0113,01.1.3 Fish
cpih01,67,2026-02-18T00:00:00.000Z,142.0,Nov-25,Nov-25,K02000001,United Kingdom,CP0942,09.4.2 Cultural services
cpih01,67,2026-02-18T00:00:00.000Z,136.5,Nov-25,Nov-25,K02000001,United Kingdom,CP042,04.2 Owner Occupiers Housing Costs
cpih01,67,2026-02-18T00:00:00.000Z,129.2,Nov-25,Nov-25,K02000001,United Kingdom,CP0431,04.3.1 Materials for maintenance and repair of the dwelling
cpih01,67,2026-02-18T00:00:00.000Z,112.4,Nov-25,Nov-25,K02000001,United Kingdom,CP0711N2,07.1.1.2 Second-hand motor cars
cpih01,67,2026-02-18T00:00:00.000Z,135.8,Nov-25,Nov-25,K02000001,United Kingdom,CP0733,07.3.3 Passenger transport by air
cpih01,67,2026-02-18T00:00:00.000Z,120.6,Nov-25,Nov-25,K02000001,United Kingdom,CP0211,02.1.1 Spirits
cpih01,67,2026-02-18T00:00:00.000Z,159.5,Nov-25,Nov-25,K02000001,United Kingdom,CP096,09.6 Package holidays
cpih01,67,2026-02-18T00:00:00.000Z,118.1,Nov-25,Nov-25,K02000001,United Kingdom,CP055,05.5 Tools and equipment for house and garden
cpih01,67,2026-02-18T00:00:00.000Z,123.9,Nov-25,Nov-25,K02000001,United Kingdom,CP121,12.1 Personal care
cpih01,67,2026-02-18T00:00:00.000Z,133.1,Nov-25,Nov-25,K02000001,United Kingdom,CP1231,"12.3.1 Jewellery, clocks and watches"
cpih01,67,2026-02-18T00:00:00.000Z,157.6,Nov-25,Nov-25,K02000001,United Kingdom,CP0314,"03.1.4 Cleaning, repair and hire of clothing"
cpih01,67,2026-02-18T00:00:00.000Z,150.3,Nov-25,Nov-25,K02000001,United Kingdom,CP0734,07.3.4 Passenger transport by sea and inland waterway
cpih01,67,2026-02-18T00:00:00.000Z,123.7,Nov-25,Nov-25,K02000001,United Kingdom,CP12,12 Miscellaneous goods and services
cpih01,67,2026-02-18T00:00:00.000Z,98.5,Nov-25,Nov-25,K02000001,United Kingdom,CP091,09.1 Audio-visual equipment and related products
cpih01,67,2026-02-18T00:00:00.000Z,138.2,Nov-25,Nov-25,K02000001,United Kingdom,CP0117,01.1.7 Vegetables including potatoes and tubers
cpih01,67,2026-02-18T00:00:00.000Z,74.6,Nov-25,Nov-25,K02000001,United Kingdom,CP0913,09.1.3 Data processing equipment
cpih01,67,2026-02-18T00:00:00.000Z,144.2,Nov-25,Nov-25,K02000001,United Kingdom,CP094,09.4 Recreational and cultural services
cpih01,67,2026-02-18T00:00:00.000Z,135.4,Nov-25,Nov-25,K02000001,United Kingdom,CP09,09 Recreation and culture
cpih01,67,2026-02-18T00:00:00.000Z,121.9,Nov-25,Nov-25,K02000001,United Kingdom,CP03,03 Clothing and footwear
cpih01,67,2026-02-18T00:00:00.000Z,148.7,Nov-25,Nov-25,K02000001,United Kingdom,CP012,01.2 Non-alcoholic beverages
cpih01,67,2026-02-18T00:00:00.000Z,153.3,Nov-25,Nov-25,K02000001,United Kingdom,CP073,07.3 Transport services
cpih01,67,2026-02-18T00:00:00.000Z,145.7,Nov-25,Nov-25,K02000001,United Kingdom,CP1211,12.1.1 Hairdressing and personal grooming establishments
cpih01,67,2026-02-18T00:00:00.000Z,138.2,Nov-25,Nov-25,K02000001,United Kingdom,CP0721,07.2.1 Spare parts and accessories
cpih01,67,2026-02-18T00:00:00.000Z,103.0,Nov-25,Nov-25,K02000001,United Kingdom,CP032,03.2 Footwear including repairs
cpih01,67,2026-02-18T00:00:00.000Z,157.7,Nov-25,Nov-25,K02000001,United Kingdom,CP095,"09.5 Books, newspapers and stationery"
cpih01,67,2026-02-18T00:00:00.000Z,194.1,Nov-25,Nov-25,K02000001,United Kingdom,CP0451,04.5.1 Electricity
cpih01,67,2026-02-18T00:00:00.000Z,153.7,Nov-25,Nov-25,K02000001,United Kingdom,CP112,11.2 Accommodation services
cpih01,67,2026-02-18T00:00:00.000Z,107.4,Nov-25,Nov-25,K02000001,United Kingdom,CP0915,09.1.5 Repair of audio-visual equipment and related products
cpih01,67,2026-02-18T00:00:00.000Z,142.0,Oct-25,Oct-25,K02000001,United Kingdom,CP0111,01.1.1 Bread and cereals
cpih01,67,2026-02-18T00:00:00.000Z,150.2,Oct-25,Oct-25,K02000001,United Kingdom,CP0734,07.3.4 Passenger transport by sea and inland waterway
cpih01,67,2026-02-18T00:00:00.000Z,155.4,Oct-25,Oct-25,K02000001,United Kingdom,CP0119,01.1.9 Food products (nec)
cpih01,67,2026-02-18T00:00:00.000Z,135.2,Oct-25,Oct-25,K02000001,United Kingdom,CP0213,02.1.3 Beer
cpih01,67,2026-02-18T00:00:00.000Z,96.3,Oct-25,Oct-25,K02000001,United Kingdom,CP091,09.1 Audio-visual equipment and related products
cpih01,67,2026-02-18T00:00:00.000Z,175.0,Oct-25,Oct-25,K02000001,United Kingdom,CP0724,07.2.4 Other services
cpih01,67,2026-02-18T00:00:00.000Z,131.8,Oct-25,Oct-25,K02000001,United Kingdom,CP056,05.6 Goods and services for routine maintenance
cpih01,67,2026-02-18T00:00:00.000Z,123.8,Oct-25,Oct-25,K02000001,United Kingdom,CP12,12 Miscellaneous goods and services
cpih01,67,2026-02-18T00:00:00.000Z,167.2,Oct-25,Oct-25,K02000001,United Kingdom,CP1253,12.5.3 Health insurance
cpih01,67,2026-02-18T00:00:00.000Z,151.8,Oct-25,Oct-25,K02000001,United Kingdom,CP0723,07.2.3 Maintenance and repairs
cpih01,67,2026-02-18T00:00:00.000Z,160.3,Oct-25,Oct-25,K02000001,United Kingdom,CP063,06.3 Hospital services
cpih01,67,2026-02-18T00:00:00.000Z,143.6,Oct-25,Oct-25,K02000001,United Kingdom,CP01,01 Food and non-alcoholic beverages
cpih01,67,2026-02-18T00:00:00.000Z,145.3,Oct-25,Oct-25,K02000001,United Kingdom,CP1211,12.1.1 Hairdressing and personal grooming establishments
cpih01,67,2026-02-18T00:00:00.000Z,115.8,Oct-25,Oct-25,K02000001,United Kingdom,CP1112,11.1.2 Canteens
cpih01,67,2026-02-18T00:00:00.000Z,165.5,Oct-25,Oct-25,K02000001,United Kingdom,CP0441,04.4.1 Water supply
cpih01,67,2026-02-18T00:00:00.000Z,130.2,Oct-25,Oct-25,K02000001,United Kingdom,CP0621_0623,06.2.1/3 Medical services and paramedical services
cpih01,67,2026-02-18T00:00:00.000Z,164.4,Oct-25,Oct-25,K02000001,United Kingdom,CP044,04.4 Water supply and miscellaneous services relating to the dwelling
cpih01,67,2026-02-18T00:00:00.000Z,146.7,Oct-25,Oct-25,K02000001,United Kingdom,CP0934_0935,"09.3.4/5 Pets, related products and services"
cpih01,67,2026-02-18T00:00:00.000Z,114.9,Oct-25,Oct-25,K02000001,United Kingdom,CP0561,05.6.1 Non-durable household goods
cpih01,67,2026-02-18T00:00:00.000Z,103.6,Oct-25,Oct-25,K02000001,United Kingdom,CP032,03.2 Footwear including repairs
cpih01,67,2026-02-18T00:00:00.000Z,124.7,Oct-25,Oct-25,K02000001,United Kingdom,CP071,07.1 Purchase of vehicles
cpih01,67,2026-02-18T00:00:00.000Z,137.2,Oct-25,Oct-25,K02000001,United Kingdom,CP0116,01.1.6 Fruit
cpih01,67,2026-02-18T00:00:00.000Z,115.3,Oct-25,Oct-25,K02000001,United Kingdom,CP052,05.2 Household textiles
cpih01,67,2026-02-18T00:00:00.000Z,150.7,Oct-25,Oct-25,K02000001,United Kingdom,CP111,11.1 Catering services
cpih01,67,2026-02-18T00:00:00.000Z,141.8,Oct-25,Oct-25,K02000001,United Kingdom,CP08,08 Communication
cpih01,67,2026-02-18T00:00:00.000Z,146.7,Oct-25,Oct-25,K02000001,United Kingdom,CP0114,"01.1.4 Milk, cheese and eggs"
cpih01,67,2026-02-18T00:00:00.000Z,121.4,Oct-25,Oct-25,K02000001,United Kingdom,CP0212,02.1.2 Wine
cpih01,67,2026-02-18T00:00:00.000Z,173.1,Oct-25,Oct-25,K02000001,United Kingdom,CP125,12.5 Insurance
cpih01,67,2026-02-18T00:00:00.000Z,143.0,Oct-25,Oct-25,K02000001,United Kingdom,CP0942,09.4.2 Cultural services
cpih01,67,2026-02-18T00:00:00.000Z,91.2,Oct-25,Oct-25,K02000001,United Kingdom,CP126,12.6 Financial services (nec)
cpih01,67,2026-02-18T00:00:00.000Z,117.7,Oct-25,Oct-25,K02000001,United Kingdom,CP0313,03.1.3 Other clothing and clothing accessories
cpih01,67,2026-02-18T00:00:00.000Z,169.1,Oct-25,Oct-25,K02000001,United Kingdom,CP0732_0736,07.3.2/6 Passenger transport by road and other services
cpih01,67,2026-02-18T00:00:00.000Z,148.6,Oct-25,Oct-25,K02000001,United Kingdom,CP0452,04.5.2 Gas
cpih01,67,2026-02-18T00:00:00.000Z,146.1,Oct-25,Oct-25,K02000001,United Kingdom,CP0121,"01.2.1 Coffee, tea and cocoa"
cpih01,67,2026-02-18T00:00:00.000Z,131.6,Oct-25,Oct-25,K02000001,United Kingdom,CP092,09.2 Other major durables for recreation and culture
cpih01,67,2026-02-18T00:00:00.000Z,139.5,Oct-25,Oct-25,K02000001,United Kingdom,CP00,Overall Index
cpih01,67,2026-02-18T00:00:00.000Z,121.4,Oct-25,Oct-25,K02000001,United Kingdom,CP043,04.3 Regular maintenance and repair of the dwelling
cpih01,67,2026-02-18T00:00:00.000Z,123.0,Oct-25,Oct-25,K02000001,United Kingdom,CP0722,07.2.2 Fuels and lubricants
cpih01,67,2026-02-18T00:00:00.000Z,133.8,Oct-25,Oct-25,K02000001,United Kingdom,CP041,04.1 Actual rentals for housing
cpih01,67,2026-02-18T00:00:00.000Z,135.3,Oct-25,Oct-25,K02000001,United Kingdom,CP09,09 Recreation and culture
cpih01,67,2026-02-18T00:00:00.000Z,164.0,Oct-25,Oct-25,K02000001,United Kingdom,CP0443,04.4.3 Sewerage collection
cpih01,67,2026-02-18T00:00:00.000Z,190.5,Oct-25,Oct-25,K02000001,United Kingdom,CP022,02.2 Tobacco
cpih01,67,2026-02-18T00:00:00.000Z,140.2,Oct-25,Oct-25,K02000001,United Kingdom,CP082_083,08.2/3 Telephone and telefax equipment
cpih01,67,2026-02-18T00:00:00.000Z,152.4,Oct-25,Oct-25,K02000001,United Kingdom,CP0454,04.5.4 Solid fuels
cpih01,67,2026-02-18T00:00:00.000Z,137.6,Oct-25,Oct-25,K02000001,United Kingdom,CP051,"05.1 Furniture, furnishings and carpets"
cpih01,67,2026-02-18T00:00:00.000Z,138.0,Oct-25,Oct-25,K02000001,United Kingdom,CP0512,05.1.2 Carpets and other floor coverings
cpih01,67,2026-02-18T00:00:00.000Z,157.1,Oct-25,Oct-25,K02000001,United Kingdom,CP112,11.2 Accommodation services
cpih01,67,2026-02-18T00:00:00.000Z,139.5,Oct-25,Oct-25,K02000001,United Kingdom,CP062,06.2 Out-patient services
cpih01,67,2026-02-18T00:00:00.000Z,126.3,Oct-25,Oct-25,K02000001,United Kingdom,CP0312,03.1.2 Garments
cpih01,67,2026-02-18T00:00:00.000Z,160.0,Oct-25,Oct-25,K02000001,United Kingdom,CP073,07.3 Transport services
cpih01,67,2026-02-18T00:00:00.000Z,104.1,Oct-25,Oct-25,K02000001,United Kingdom,CP1232,12.3.2 Other personal effects
cpih01,67,2026-02-18T00:00:00.000Z,147.3,Oct-25,Oct-25,K02000001,United Kingdom,CP0453,04.5.3 Liquid fuels
cpih01,67,2026-02-18T00:00:00.000Z,141.0,Oct-25,Oct-25,K02000001,United Kingdom,CP0721,07.2.1 Spare parts and accessories
cpih01,67,2026-02-18T00:00:00.000Z,126.7,Oct-25,Oct-25,K02000001,United Kingdom,CP05,"05 Furniture, household equipment and maintenance"
cpih01,67,2026-02-18T00:00:00.000Z,123.1,Oct-25,Oct-25,K02000001,United Kingdom,CP123,12.3 Personal effects (nec)
cpih01,67,2026-02-18T00:00:00.000Z,110.5,Oct-25,Oct-25,K02000001,United Kingdom,CP0432,04.3.2 Services for maintenance and repair of the dwelling
cpih01,67,2026-02-18T00:00:00.000Z,123.4,Oct-25,Oct-25,K02000001,United Kingdom,CP0533,05.3.3 Repair of household appliances
cpih01,67,2026-02-18T00:00:00.000Z,135.7,Oct-25,Oct-25,K02000001,United Kingdom,CP042,04.2 Owner Occupiers Housing Costs
cpih01,67,2026-02-18T00:00:00.000Z,136.2,Oct-25,Oct-25,K02000001,United Kingdom,CP0112,01.1.2 Meat
cpih01,67,2026-02-18T00:00:00.000Z,174.2,Oct-25,Oct-25,K02000001,United Kingdom,CP045,"04.5 Electricity, gas and other fuels"
cpih01,67,2026-02-18T00:00:00.000Z,152.0,Oct-25,Oct-25,K02000001,United Kingdom,CP1111,11.1.1 Restaurants and cafes
cpih01,67,2026-02-18T00:00:00.000Z,151.4,Oct-25,Oct-25,K02000001,United Kingdom,CP0118,"01.1.8 Sugar, jam, syrups, chocolate and confectionery"
cpih01,67,2026-02-18T00:00:00.000Z,138.5,Oct-25,Oct-25,K02000001,United Kingdom,CP07,07 Transport
cpih01,67,2026-02-18T00:00:00.000Z,140.1,Oct-25,Oct-25,K02000001,United Kingdom,CP0711N1,07.1.1.1 New motor cars
cpih01,67,2026-02-18T00:00:00.000Z,131.6,Oct-25,Oct-25,K02000001,United Kingdom,CP1231,"12.3.1 Jewellery, clocks and watches"
cpih01,67,2026-02-18T00:00:00.000Z,132.3,Oct-25,Oct-25,K02000001,United Kingdom,CP061,"06.1 Medical products, appliances and equipment"
cpih01,67,2026-02-18T00:00:00.000Z,123.8,Oct-25,Oct-25,K02000001,United Kingdom,CP0531_0532,05.3.1/2 Major appliances and small electric goods
cpih01,67,2026-02-18T00:00:00.000Z,135.2,Oct-25,Oct-25,K02000001,United Kingdom,CP0953_0954,"09.5.3/4 Miscellaneous printed matter, stationery and drawing materials"
cpih01,67,2026-02-18T00:00:00.000Z,175.7,Oct-25,Oct-25,K02000001,United Kingdom,CP081,08.1 Postal services
cpih01,67,2026-02-18T00:00:00.000Z,120.2,Oct-25,Oct-25,K02000001,United Kingdom,CP0932,09.3.2 Equipment for sport and open-air recreation
cpih01,67,2026-02-18T00:00:00.000Z,151.8,Oct-25,Oct-25,K02000001,United Kingdom,CP11,11 Restaurants and hotels
cpih01,67,2026-02-18T00:00:00.000Z,142.9,Oct-25,Oct-25,K02000001,United Kingdom,CP011,01.1 Food
cpih01,67,2026-02-18T00:00:00.000Z,79.0,Oct-25,Oct-25,K02000001,United Kingdom,CP0912,"09.1.2 Photographic, cinematographic and optical equipment"
cpih01,67,2026-02-18T00:00:00.000Z,144.8,Oct-25,Oct-25,K02000001,United Kingdom,CP094,09.4 Recreational and cultural services
cpih01,67,2026-02-18T00:00:00.000Z,181.9,Oct-25,Oct-25,K02000001,United Kingdom,CP1254,12.5.4 Transport insurance
cpih01,67,2026-02-18T00:00:00.000Z,124.6,Oct-25,Oct-25,K02000001,United Kingdom,CP121,12.1 Personal care
cpih01,67,2026-02-18T00:00:00.000Z,118.3,Oct-25,Oct-25,K02000001,United Kingdom,CP1212_1213,12.1.2/3 Appliances and products for personal care
cpih01,67,2026-02-18T00:00:00.000Z,156.8,Oct-25,Oct-25,K02000001,United Kingdom,CP02,02 Alcoholic beverages and tobacco
cpih01,67,2026-02-18T00:00:00.000Z,139.7,Oct-25,Oct-25,K02000001,United Kingdom,CP0611,06.1.1 Pharmaceutical products
cpih01,67,2026-02-18T00:00:00.000Z,122.2,Oct-25,Oct-25,K02000001,United Kingdom,CP03,03 Clothing and footwear
cpih01,67,2026-02-18T00:00:00.000Z,137.9,Oct-25,Oct-25,K02000001,United Kingdom,CP0511,05.1.1 Furniture and furnishings
cpih01,67,2026-02-18T00:00:00.000Z,79.1,Oct-25,Oct-25,K02000001,United Kingdom,CP0911,09.1.1 Reception and reproduction of sound and pictures
cpih01,67,2026-02-18T00:00:00.000Z,107.4,Oct-25,Oct-25,K02000001,United Kingdom,CP0915,09.1.5 Repair of audio-visual equipment and related products
cpih01,67,2026-02-18T00:00:00.000Z,109.5,Oct-25,Oct-25,K02000001,United Kingdom,CP054,"05.4 Glassware, tableware and household utensils"
cpih01,67,2026-02-18T00:00:00.000Z,193.9,Oct-25,Oct-25,K02000001,United Kingdom,CP0451,04.5.1 Electricity
cpih01,67,2026-02-18T00:00:00.000Z,156.5,Oct-25,Oct-25,K02000001,United Kingdom,CP095,"09.5 Books, newspapers and stationery"
cpih01,67,2026-02-18T00:00:00.000Z,72.0,Oct-25,Oct-25,K02000001,United Kingdom,CP0913,09.1.3 Data processing equipment
cpih01,67,2026-02-18T00:00:00.000Z,131.7,Oct-25,Oct-25,K02000001,United Kingdom,CP0431,04.3.1 Materials for maintenance and repair of the dwelling
cpih01,67,2026-02-18T00:00:00.000Z,124.9,Oct-25,Oct-25,K02000001,United Kingdom,CP021,02.1 Alcoholic beverages
cpih01,67,2026-02-18T00:00:00.000Z,143.3,Oct-25,Oct-25,K02000001,United Kingdom,CP0731,07.3.1 Passenger transport by railway
cpih01,67,2026-02-18T00:00:00.000Z,119.9,Oct-25,Oct-25,K02000001,United Kingdom,CP0612_0613,06.1.2/3 Other medical and therapeutic equipment
cpih01,67,2026-02-18T00:00:00.000Z,159.4,Oct-25,Oct-25,K02000001,United Kingdom,CP096,09.6 Package holidays
cpih01,67,2026-02-18T00:00:00.000Z,157.3,Oct-25,Oct-25,K02000001,United Kingdom,CP0314,"03.1.4 Cleaning, repair and hire of clothing"
cpih01,67,2026-02-18T00:00:00.000Z,122.4,Oct-25,Oct-25,K02000001,United Kingdom,CP0712_0713,07.1.2/3 Motocycles and bicycles
cpih01,67,2026-02-18T00:00:00.000Z,158.5,Oct-25,Oct-25,K02000001,United Kingdom,CP0914,09.1.4 Recording media
cpih01,67,2026-02-18T00:00:00.000Z,141.7,Oct-25,Oct-25,K02000001,United Kingdom,CP04,"04 Housing, water, electricity, gas and other fuels"
cpih01,67,2026-02-18T00:00:00.000Z,118.0,Oct-25,Oct-25,K02000001,United Kingdom,CP055,05.5 Tools and equipment for house and garden
cpih01,67,2026-02-18T00:00:00.000Z,126.0,Oct-25,Oct-25,K02000001,United Kingdom,CP031,03.1 Clothing
cpih01,67,2026-02-18T00:00:00.000Z,127.7,Oct-25,Oct-25,K02000001,United Kingdom,CP0933,"09.3.3 Gardens, plants and flowers"
cpih01,67,2026-02-18T00:00:00.000Z,121.4,Oct-25,Oct-25,K02000001,United Kingdom,CP0211,02.1.1 Spirits
cpih01,67,2026-02-18T00:00:00.000Z,148.5,Oct-25,Oct-25,K02000001,United Kingdom,CP012,01.2 Non-alcoholic beverages
cpih01,67,2026-02-18T00:00:00.000Z,125.6,Oct-25,Oct-25,K02000001,United Kingdom,CP093,"09.3 Other recreational items, gardens and pets"
cpih01,67,2026-02-18T00:00:00.000Z,140.5,Oct-25,Oct-25,K02000001,United Kingdom,CP072,07.2 Operation of personal transport equipment
cpih01,67,2026-02-18T00:00:00.000Z,111.2,Oct-25,Oct-25,K02000001,United Kingdom,CP0931,"09.3.1 Games, toys and hobbies"
cpih01,67,2026-02-18T00:00:00.000Z,132.7,Oct-25,Oct-25,K02000001,United Kingdom,CP0113,01.1.3 Fish
cpih01,67,2026-02-18T00:00:00.000Z,138.5,Oct-25,Oct-25,K02000001,United Kingdom,CP0117,01.1.7 Vegetables including potatoes and tubers
cpih01,67,2026-02-18T00:00:00.000Z,149.0,Oct-25,Oct-25,K02000001,United Kingdom,CP124,12.4 Social protection
cpih01,67,2026-02-18T00:00:00.000Z,149.8,Oct-25,Oct-25,K02000001,United Kingdom,CP0122,"01.2.2 Mineral waters, soft drinks and juices"
cpih01,67,2026-02-18T00:00:00.000Z,141.2,Oct-25,Oct-25,K02000001,United Kingdom,CP0562,05.6.2 Domestic services and household services
cpih01,67,2026-02-18T00:00:00.000Z,123.2,Oct-25,Oct-25,K02000001,United Kingdom,CP053,"05.3 Household appliances, fitting and repairs"
cpih01,67,2026-02-18T00:00:00.000Z,211.4,Oct-25,Oct-25,K02000001,United Kingdom,CP0952,09.5.2 Newspapers and periodicals
cpih01,67,2026-02-18T00:00:00.000Z,139.9,Oct-25,Oct-25,K02000001,United Kingdom,CP06,06 Health
cpih01,67,2026-02-18T00:00:00.000Z,112.9,Oct-25,Oct-25,K02000001,United Kingdom,CP0711N2,07.1.1.2 Second-hand motor cars
cpih01,67,2026-02-18T00:00:00.000Z,144.0,Oct-25,Oct-25,K02000001,United Kingdom,CP0951,09.5.1 Books
cpih01,67,2026-02-18T00:00:00.000Z,153.3,Oct-25,Oct-25,K02000001,United Kingdom,CP0622,06.2.2 Dental services
cpih01,67,2026-02-18T00:00:00.000Z,152.7,Oct-25,Oct-25,K02000001,United Kingdom,CP10,10 Education
cpih01,67,2026-02-18T00:00:00.000Z,169.3,Oct-25,Oct-25,K02000001,United Kingdom,CP0733,07.3.3 Passenger transport by air
cpih01,67,2026-02-18T00:00:00.000Z,149.3,Oct-25,Oct-25,K02000001,United Kingdom,CP0941,09.4.1 Recreational and sporting services
cpih01,67,2026-02-18T00:00:00.000Z,190.5,Oct-25,Oct-25,K02000001,United Kingdom,CP0115,01.1.5 Oils and fats
cpih01,67,2026-02-18T00:00:00.000Z,110.3,Oct-25,Oct-25,K02000001,United Kingdom,CP127,12.7 Other services (nec)
cpih01,67,2026-02-18T00:00:00.000Z,152.7,Oct-25,Oct-25,K02000001,United Kingdom,CP049,04.9 Council Tax and rates
cpih01,67,2026-02-18T00:00:00.000Z,123.2,Oct-25,Oct-25,K02000001,United Kingdom,CP1252,12.5.2 House contents insurance
cpih01,67,2026-02-18T00:00:00.000Z,133.1,Sep-25,Sep-25,K02000001,United Kingdom,CP056,05.6 Goods and services for routine maintenance
cpih01,67,2026-02-18T00:00:00.000Z,107.0,Sep-25,Sep-25,K02000001,United Kingdom,CP054,"05.4 Glassware, tableware and household utensils"
cpih01,67,2026-02-18T00:00:00.000Z,149.1,Sep-25,Sep-25,K02000001,United Kingdom,CP0122,"01.2.2 Mineral waters, soft drinks and juices"
cpih01,67,2026-02-18T00:00:00.000Z,164.0,Sep-25,Sep-25,K02000001,United Kingdom,CP0443,04.4.3 Sewerage collection
cpih01,67,2026-02-18T00:00:00.000Z,168.3,Sep-25,Sep-25,K02000001,United Kingdom,CP0734,07.3.4 Passenger transport by sea and inland waterway
cpih01,67,2026-02-18T00:00:00.000Z,153.5,Sep-25,Sep-25,K02000001,United Kingdom,CP0723,07.2.3 Maintenance and repairs
cpih01,67,2026-02-18T00:00:00.000Z,138.9,Sep-25,Sep-25,K02000001,United Kingdom,CP0511,05.1.1 Furniture and furnishings
cpih01,67,2026-02-18T00:00:00.000Z,118.5,Sep-25,Sep-25,K02000001,United Kingdom,CP1212_1213,12.1.2/3 Appliances and products for personal care
cpih01,67,2026-02-18T00:00:00.000Z,156.3,Sep-25,Sep-25,K02000001,United Kingdom,CP02,02 Alcoholic beverages and tobacco
cpih01,67,2026-02-18T00:00:00.000Z,146.0,Sep-25,Sep-25,K02000001,United Kingdom,CP0934_0935,"09.3.4/5 Pets, related products and services"
cpih01,67,2026-02-18T00:00:00.000Z,142.7,Sep-25,Sep-25,K02000001,United Kingdom,CP0731,07.3.1 Passenger transport by railway
cpih01,67,2026-02-18T00:00:00.000Z,124.6,Sep-25,Sep-25,K02000001,United Kingdom,CP031,03.1 Clothing
cpih01,67,2026-02-18T00:00:00.000Z,145.9,Sep-25,Sep-25,K02000001,United Kingdom,CP0951,09.5.1 Books
cpih01,67,2026-02-18T00:00:00.000Z,147.2,Sep-25,Sep-25,K02000001,United Kingdom,CP0452,04.5.2 Gas
cpih01,67,2026-02-18T00:00:00.000Z,119.0,Sep-25,Sep-25,K02000001,United Kingdom,CP055,05.5 Tools and equipment for house and garden
cpih01,67,2026-02-18T00:00:00.000Z,109.8,Sep-25,Sep-25,K02000001,United Kingdom,CP127,12.7 Other services (nec)
cpih01,67,2026-02-18T00:00:00.000Z,122.3,Sep-25,Sep-25,K02000001,United Kingdom,CP0722,07.2.2 Fuels and lubricants
cpih01,67,2026-02-18T00:00:00.000Z,118.8,Sep-25,Sep-25,K02000001,United Kingdom,CP053,"05.3 Household appliances, fitting and repairs"
cpih01,67,2026-02-18T00:00:00.000Z,164.4,Sep-25,Sep-25,K02000001,United Kingdom,CP044,04.4 Water supply and miscellaneous services relating to the dwelling
cpih01,67,2026-02-18T00:00:00.000Z,133.5,Sep-25,Sep-25,K02000001,United Kingdom,CP0953_0954,"09.5.3/4 Miscellaneous printed matter, stationery and drawing materials"
cpih01,67,2026-02-18T00:00:00.000Z,119.0,Sep-25,Sep-25,K02000001,United Kingdom,CP0531_0532,05.3.1/2 Major appliances and small electric goods
cpih01,67,2026-02-18T00:00:00.000Z,149.8,Sep-25,Sep-25,K02000001,United Kingdom,CP0941,09.4.1 Recreational and sporting services
cpih01,67,2026-02-18T00:00:00.000Z,122.7,Sep-25,Sep-25,K02000001,United Kingdom,CP0712_0713,07.1.2/3 Motocycles and bicycles
cpih01,67,2026-02-18T00:00:00.000Z,137.5,Sep-25,Sep-25,K02000001,United Kingdom,CP0117,01.1.7 Vegetables including potatoes and tubers
cpih01,67,2026-02-18T00:00:00.000Z,117.0,Sep-25,Sep-25,K02000001,United Kingdom,CP0561,05.6.1 Non-durable household goods
cpih01,67,2026-02-18T00:00:00.000Z,132.8,Sep-25,Sep-25,K02000001,United Kingdom,CP061,"06.1 Medical products, appliances and equipment"
cpih01,67,2026-02-18T00:00:00.000Z,138.9,Sep-25,Sep-25,K02000001,United Kingdom,CP062,06.2 Out-patient services
cpih01,67,2026-02-18T00:00:00.000Z,144.7,Sep-25,Sep-25,K02000001,United Kingdom,CP094,09.4 Recreational and cultural services
cpih01,67,2026-02-18T00:00:00.000Z,189.4,Sep-25,Sep-25,K02000001,United Kingdom,CP0451,04.5.1 Electricity
cpih01,67,2026-02-18T00:00:00.000Z,124.1,Sep-25,Sep-25,K02000001,United Kingdom,CP021,02.1 Alcoholic beverages
cpih01,67,2026-02-18T00:00:00.000Z,190.7,Sep-25,Sep-25,K02000001,United Kingdom,CP022,02.2 Tobacco
cpih01,67,2026-02-18T00:00:00.000Z,82.7,Sep-25,Sep-25,K02000001,United Kingdom,CP0912,"09.1.2 Photographic, cinematographic and optical equipment"
cpih01,67,2026-02-18T00:00:00.000Z,140.3,Sep-25,Sep-25,K02000001,United Kingdom,CP072,07.2 Operation of personal transport equipment
cpih01,67,2026-02-18T00:00:00.000Z,115.3,Sep-25,Sep-25,K02000001,United Kingdom,CP052,05.2 Household textiles
cpih01,67,2026-02-18T00:00:00.000Z,140.5,Sep-25,Sep-25,K02000001,United Kingdom,CP082_083,08.2/3 Telephone and telefax equipment
cpih01,67,2026-02-18T00:00:00.000Z,133.5,Sep-25,Sep-25,K02000001,United Kingdom,CP092,09.2 Other major durables for recreation and culture
cpih01,67,2026-02-18T00:00:00.000Z,124.9,Sep-25,Sep-25,K02000001,United Kingdom,CP093,"09.3 Other recreational items, gardens and pets"
cpih01,67,2026-02-18T00:00:00.000Z,140.3,Sep-25,Sep-25,K02000001,United Kingdom,CP0111,01.1.1 Bread and cereals
cpih01,67,2026-02-18T00:00:00.000Z,148.2,Sep-25,Sep-25,K02000001,United Kingdom,CP012,01.2 Non-alcoholic beverages
cpih01,67,2026-02-18T00:00:00.000Z,133.4,Sep-25,Sep-25,K02000001,United Kingdom,CP041,04.1 Actual rentals for housing
cpih01,67,2026-02-18T00:00:00.000Z,120.9,Sep-25,Sep-25,K02000001,United Kingdom,CP0932,09.3.2 Equipment for sport and open-air recreation
cpih01,67,2026-02-18T00:00:00.000Z,160.7,Sep-25,Sep-25,K02000001,United Kingdom,CP112,11.2 Accommodation services
cpih01,67,2026-02-18T00:00:00.000Z,112.6,Sep-25,Sep-25,K02000001,United Kingdom,CP0711N2,07.1.1.2 Second-hand motor cars
cpih01,67,2026-02-18T00:00:00.000Z,138.4,Sep-25,Sep-25,K02000001,United Kingdom,CP07,07 Transport
cpih01,67,2026-02-18T00:00:00.000Z,142.2,Sep-25,Sep-25,K02000001,United Kingdom,CP011,01.1 Food
cpih01,67,2026-02-18T00:00:00.000Z,123.5,Sep-25,Sep-25,K02000001,United Kingdom,CP12,12 Miscellaneous goods and services
cpih01,67,2026-02-18T00:00:00.000Z,122.8,Sep-25,Sep-25,K02000001,United Kingdom,CP0533,05.3.3 Repair of household appliances
cpih01,67,2026-02-18T00:00:00.000Z,137.3,Sep-25,Sep-25,K02000001,United Kingdom,CP0512,05.1.2 Carpets and other floor coverings
cpih01,67,2026-02-18T00:00:00.000Z,109.4,Sep-25,Sep-25,K02000001,United Kingdom,CP0931,"09.3.1 Games, toys and hobbies"
cpih01,67,2026-02-18T00:00:00.000Z,140.1,Sep-25,Sep-25,K02000001,United Kingdom,CP06,06 Health
cpih01,67,2026-02-18T00:00:00.000Z,147.5,Sep-25,Sep-25,K02000001,United Kingdom,CP10,10 Education
cpih01,67,2026-02-18T00:00:00.000Z,157.1,Sep-25,Sep-25,K02000001,United Kingdom,CP0314,"03.1.4 Cleaning, repair and hire of clothing"
cpih01,67,2026-02-18T00:00:00.000Z,152.7,Sep-25,Sep-25,K02000001,United Kingdom,CP049,04.9 Council Tax and rates
cpih01,67,2026-02-18T00:00:00.000Z,142.6,Sep-25,Sep-25,K02000001,United Kingdom,CP0942,09.4.2 Cultural services
cpih01,67,2026-02-18T00:00:00.000Z,142.9,Sep-25,Sep-25,K02000001,United Kingdom,CP01,01 Food and non-alcoholic beverages
cpih01,67,2026-02-18T00:00:00.000Z,96.2,Sep-25,Sep-25,K02000001,United Kingdom,CP091,09.1 Audio-visual equipment and related products
cpih01,67,2026-02-18T00:00:00.000Z,138.1,Sep-25,Sep-25,K02000001,United Kingdom,CP0721,07.2.1 Spare parts and accessories
cpih01,67,2026-02-18T00:00:00.000Z,132.1,Sep-25,Sep-25,K02000001,United Kingdom,CP0113,01.1.3 Fish
cpih01,67,2026-02-18T00:00:00.000Z,126.2,Sep-25,Sep-25,K02000001,United Kingdom,CP05,"05 Furniture, household equipment and maintenance"
cpih01,67,2026-02-18T00:00:00.000Z,138.9,Sep-25,Sep-25,K02000001,United Kingdom,CP00,Overall Index
cpih01,67,2026-02-18T00:00:00.000Z,154.8,Sep-25,Sep-25,K02000001,United Kingdom,CP0119,01.1.9 Food products (nec)
cpih01,67,2026-02-18T00:00:00.000Z,120.8,Sep-25,Sep-25,K02000001,United Kingdom,CP0211,02.1.1 Spirits
cpih01,67,2026-02-18T00:00:00.000Z,127.4,Sep-25,Sep-25,K02000001,United Kingdom,CP1252,12.5.2 House contents insurance
cpih01,67,2026-02-18T00:00:00.000Z,145.2,Sep-25,Sep-25,K02000001,United Kingdom,CP1211,12.1.1 Hairdressing and personal grooming establishments
cpih01,67,2026-02-18T00:00:00.000Z,155.9,Sep-25,Sep-25,K02000001,United Kingdom,CP095,"09.5 Books, newspapers and stationery"
cpih01,67,2026-02-18T00:00:00.000Z,79.2,Sep-25,Sep-25,K02000001,United Kingdom,CP0911,09.1.1 Reception and reproduction of sound and pictures
cpih01,67,2026-02-18T00:00:00.000Z,103.4,Sep-25,Sep-25,K02000001,United Kingdom,CP1232,12.3.2 Other personal effects
cpih01,67,2026-02-18T00:00:00.000Z,147.3,Sep-25,Sep-25,K02000001,United Kingdom,CP0121,"01.2.1 Coffee, tea and cocoa"
cpih01,67,2026-02-18T00:00:00.000Z,136.9,Sep-25,Sep-25,K02000001,United Kingdom,CP0116,01.1.6 Fruit
cpih01,67,2026-02-18T00:00:00.000Z,115.4,Sep-25,Sep-25,K02000001,United Kingdom,CP1112,11.1.2 Canteens
cpih01,67,2026-02-18T00:00:00.000Z,170.9,Sep-25,Sep-25,K02000001,United Kingdom,CP045,"04.5 Electricity, gas and other fuels"
cpih01,67,2026-02-18T00:00:00.000Z,124.7,Sep-25,Sep-25,K02000001,United Kingdom,CP121,12.1 Personal care
cpih01,67,2026-02-18T00:00:00.000Z,145.9,Sep-25,Sep-25,K02000001,United Kingdom,CP0454,04.5.4 Solid fuels
cpih01,67,2026-02-18T00:00:00.000Z,120.3,Sep-25,Sep-25,K02000001,United Kingdom,CP0212,02.1.2 Wine
cpih01,67,2026-02-18T00:00:00.000Z,173.6,Sep-25,Sep-25,K02000001,United Kingdom,CP081,08.1 Postal services
cpih01,67,2026-02-18T00:00:00.000Z,91.2,Sep-25,Sep-25,K02000001,United Kingdom,CP126,12.6 Financial services (nec)
cpih01,67,2026-02-18T00:00:00.000Z,149.8,Sep-25,Sep-25,K02000001,United Kingdom,CP111,11.1 Catering services
cpih01,67,2026-02-18T00:00:00.000Z,119.8,Sep-25,Sep-25,K02000001,United Kingdom,CP0612_0613,06.1.2/3 Other medical and therapeutic equipment
cpih01,67,2026-02-18T00:00:00.000Z,124.9,Sep-25,Sep-25,K02000001,United Kingdom,CP0312,03.1.2 Garments
cpih01,67,2026-02-18T00:00:00.000Z,135.1,Sep-25,Sep-25,K02000001,United Kingdom,CP09,09 Recreation and culture
cpih01,67,2026-02-18T00:00:00.000Z,139.5,Sep-25,Sep-25,K02000001,United Kingdom,CP0711N1,07.1.1.1 New motor cars
cpih01,67,2026-02-18T00:00:00.000Z,124.4,Sep-25,Sep-25,K02000001,United Kingdom,CP071,07.1 Purchase of vehicles
cpih01,67,2026-02-18T00:00:00.000Z,138.3,Sep-25,Sep-25,K02000001,United Kingdom,CP051,"05.1 Furniture, furnishings and carpets"
cpih01,67,2026-02-18T00:00:00.000Z,166.5,Sep-25,Sep-25,K02000001,United Kingdom,CP0733,07.3.3 Passenger transport by air
cpih01,67,2026-02-18T00:00:00.000Z,151.3,Sep-25,Sep-25,K02000001,United Kingdom,CP0914,09.1.4 Recording media
cpih01,67,2026-02-18T00:00:00.000Z,142.1,Sep-25,Sep-25,K02000001,United Kingdom,CP08,08 Communication
cpih01,67,2026-02-18T00:00:00.000Z,121.1,Sep-25,Sep-25,K02000001,United Kingdom,CP03,03 Clothing and footwear
cpih01,67,2026-02-18T00:00:00.000Z,163.4,Sep-25,Sep-25,K02000001,United Kingdom,CP1253,12.5.3 Health insurance
cpih01,67,2026-02-18T00:00:00.000Z,116.1,Sep-25,Sep-25,K02000001,United Kingdom,CP0313,03.1.3 Other clothing and clothing accessories
cpih01,67,2026-02-18T00:00:00.000Z,151.1,Sep-25,Sep-25,K02000001,United Kingdom,CP1111,11.1.1 Restaurants and cafes
cpih01,67,2026-02-18T00:00:00.000Z,141.5,Sep-25,Sep-25,K02000001,United Kingdom,CP0453,04.5.3 Liquid fuels
cpih01,67,2026-02-18T00:00:00.000Z,110.5,Sep-25,Sep-25,K02000001,United Kingdom,CP0432,04.3.2 Services for maintenance and repair of the dwelling
cpih01,67,2026-02-18T00:00:00.000Z,134.7,Sep-25,Sep-25,K02000001,United Kingdom,CP0213,02.1.3 Beer
cpih01,67,2026-02-18T00:00:00.000Z,148.4,Sep-25,Sep-25,K02000001,United Kingdom,CP124,12.4 Social protection
cpih01,67,2026-02-18T00:00:00.000Z,150.8,Sep-25,Sep-25,K02000001,United Kingdom,CP0118,"01.1.8 Sugar, jam, syrups, chocolate and confectionery"
cpih01,67,2026-02-18T00:00:00.000Z,131.6,Sep-25,Sep-25,K02000001,United Kingdom,CP0431,04.3.1 Materials for maintenance and repair of the dwelling
cpih01,67,2026-02-18T00:00:00.000Z,141.0,Sep-25,Sep-25,K02000001,United Kingdom,CP04,"04 Housing, water, electricity, gas and other fuels"
cpih01,67,2026-02-18T00:00:00.000Z,160.9,Sep-25,Sep-25,K02000001,United Kingdom,CP073,07.3 Transport services
cpih01,67,2026-02-18T00:00:00.000Z,140.5,Sep-25,Sep-25,K02000001,United Kingdom,CP0611,06.1.1 Pharmaceutical products
cpih01,67,2026-02-18T00:00:00.000Z,151.8,Sep-25,Sep-25,K02000001,United Kingdom,CP11,11 Restaurants and hotels
cpih01,67,2026-02-18T00:00:00.000Z,127.0,Sep-25,Sep-25,K02000001,United Kingdom,CP0933,"09.3.3 Gardens, plants and flowers"
cpih01,67,2026-02-18T00:00:00.000Z,131.2,Sep-25,Sep-25,K02000001,United Kingdom,CP1231,"12.3.1 Jewellery, clocks and watches"
cpih01,67,2026-02-18T00:00:00.000Z,171.7,Sep-25,Sep-25,K02000001,United Kingdom,CP125,12.5 Insurance
cpih01,67,2026-02-18T00:00:00.000Z,135.7,Sep-25,Sep-25,K02000001,United Kingdom,CP0112,01.1.2 Meat
cpih01,67,2026-02-18T00:00:00.000Z,103.5,Sep-25,Sep-25,K02000001,United Kingdom,CP032,03.2 Footwear including repairs
cpih01,67,2026-02-18T00:00:00.000Z,159.4,Sep-25,Sep-25,K02000001,United Kingdom,CP096,09.6 Package holidays
cpih01,67,2026-02-18T00:00:00.000Z,182.9,Sep-25,Sep-25,K02000001,United Kingdom,CP1254,12.5.4 Transport insurance
cpih01,67,2026-02-18T00:00:00.000Z,161.0,Sep-25,Sep-25,K02000001,United Kingdom,CP063,06.3 Hospital services
cpih01,67,2026-02-18T00:00:00.000Z,74.5,Sep-25,Sep-25,K02000001,United Kingdom,CP0913,09.1.3 Data processing equipment
cpih01,67,2026-02-18T00:00:00.000Z,169.5,Sep-25,Sep-25,K02000001,United Kingdom,CP0732_0736,07.3.2/6 Passenger transport by road and other services
cpih01,67,2026-02-18T00:00:00.000Z,122.6,Sep-25,Sep-25,K02000001,United Kingdom,CP123,12.3 Personal effects (nec)
cpih01,67,2026-02-18T00:00:00.000Z,210.6,Sep-25,Sep-25,K02000001,United Kingdom,CP0952,09.5.2 Newspapers and periodicals
cpih01,67,2026-02-18T00:00:00.000Z,140.6,Sep-25,Sep-25,K02000001,United Kingdom,CP0562,05.6.2 Domestic services and household services
cpih01,67,2026-02-18T00:00:00.000Z,174.9,Sep-25,Sep-25,K02000001,United Kingdom,CP0724,07.2.4 Other services
cpih01,67,2026-02-18T00:00:00.000Z,135.1,Sep-25,Sep-25,K02000001,United Kingdom,CP042,04.2 Owner Occupiers Housing Costs
cpih01,67,2026-02-18T00:00:00.000Z,165.5,Sep-25,Sep-25,K02000001,United Kingdom,CP0441,04.4.1 Water supply
cpih01,67,2026-02-18T00:00:00.000Z,129.6,Sep-25,Sep-25,K02000001,United Kingdom,CP0621_0623,06.2.1/3 Medical services and paramedical services
cpih01,67,2026-02-18T00:00:00.000Z,189.2,Sep-25,Sep-25,K02000001,United Kingdom,CP0115,01.1.5 Oils and fats
cpih01,67,2026-02-18T00:00:00.000Z,121.4,Sep-25,Sep-25,K02000001,United Kingdom,CP043,04.3 Regular maintenance and repair of the dwelling
cpih01,67,2026-02-18T00:00:00.000Z,146.7,Sep-25,Sep-25,K02000001,United Kingdom,CP0114,"01.1.4 Milk, cheese and eggs"
cpih01,67,2026-02-18T00:00:00.000Z,107.1,Sep-25,Sep-25,K02000001,United Kingdom,CP0915,09.1.5 Repair of audio-visual equipment and related products
cpih01,67,2026-02-18T00:00:00.000Z,152.6,Sep-25,Sep-25,K02000001,United Kingdom,CP0622,06.2.2 Dental services
cpih01,67,2026-02-18T00:00:00.000Z,79.6,Aug-25,Aug-25,K02000001,United Kingdom,CP0911,09.1.1 Reception and reproduction of sound and pictures
cpih01,67,2026-02-18T00:00:00.000Z,132.1,Aug-25,Aug-25,K02000001,United Kingdom,CP0113,01.1.3 Fish
cpih01,67,2026-02-18T00:00:00.000Z,150.8,Aug-25,Aug-25,K02000001,United Kingdom,CP0118,"01.1.8 Sugar, jam, syrups, chocolate and confectionery"
cpih01,67,2026-02-18T00:00:00.000Z,126.2,Aug-25,Aug-25,K02000001,United Kingdom,CP05,"05 Furniture, household equipment and maintenance"
cpih01,67,2026-02-18T00:00:00.000Z,122.7,Aug-25,Aug-25,K02000001,United Kingdom,CP0533,05.3.3 Repair of household appliances
cpih01,67,2026-02-18T00:00:00.000Z,130.7,Aug-25,Aug-25,K02000001,United Kingdom,CP1231,"12.3.1 Jewellery, clocks and watches"
cpih01,67,2026-02-18T00:00:00.000Z,133.5,Aug-25,Aug-25,K02000001,United Kingdom,CP0213,02.1.3 Beer
cpih01,67,2026-02-18T00:00:00.000Z,149.6,Aug-25,Aug-25,K02000001,United Kingdom,CP111,11.1 Catering services
cpih01,67,2026-02-18T00:00:00.000Z,122.6,Aug-25,Aug-25,K02000001,United Kingdom,CP123,12.3 Personal effects (nec)
cpih01,67,2026-02-18T00:00:00.000Z,147.2,Aug-25,Aug-25,K02000001,United Kingdom,CP0452,04.5.2 Gas
cpih01,67,2026-02-18T00:00:00.000Z,132.3,Aug-25,Aug-25,K02000001,United Kingdom,CP061,"06.1 Medical products, appliances and equipment"
cpih01,67,2026-02-18T00:00:00.000Z,134.5,Aug-25,Aug-25,K02000001,United Kingdom,CP042,04.2 Owner Occupiers Housing Costs
cpih01,67,2026-02-18T00:00:00.000Z,140.6,Aug-25,Aug-25,K02000001,United Kingdom,CP04,"04 Housing, water, electricity, gas and other fuels"
cpih01,67,2026-02-18T00:00:00.000Z,132.5,Aug-25,Aug-25,K02000001,United Kingdom,CP0431,04.3.1 Materials for maintenance and repair of the dwelling
cpih01,67,2026-02-18T00:00:00.000Z,189.3,Aug-25,Aug-25,K02000001,United Kingdom,CP0451,04.5.1 Electricity
cpih01,67,2026-02-18T00:00:00.000Z,140.9,Aug-25,Aug-25,K02000001,United Kingdom,CP082_083,08.2/3 Telephone and telefax equipment
cpih01,67,2026-02-18T00:00:00.000Z,146.8,Aug-25,Aug-25,K02000001,United Kingdom,CP0934_0935,"09.3.4/5 Pets, related products and services"
cpih01,67,2026-02-18T00:00:00.000Z,138.9,Aug-25,Aug-25,K02000001,United Kingdom,CP00,Overall Index
cpih01,67,2026-02-18T00:00:00.000Z,135.7,Aug-25,Aug-25,K02000001,United Kingdom,CP0112,01.1.2 Meat
cpih01,67,2026-02-18T00:00:00.000Z,137.5,Aug-25,Aug-25,K02000001,United Kingdom,CP0511,05.1.1 Furniture and furnishings
cpih01,67,2026-02-18T00:00:00.000Z,84.5,Aug-25,Aug-25,K02000001,United Kingdom,CP0912,"09.1.2 Photographic, cinematographic and optical equipment"
cpih01,67,2026-02-18T00:00:00.000Z,148.1,Aug-25,Aug-25,K02000001,United Kingdom,CP0121,"01.2.1 Coffee, tea and cocoa"
cpih01,67,2026-02-18T00:00:00.000Z,107.0,Aug-25,Aug-25,K02000001,United Kingdom,CP0931,"09.3.1 Games, toys and hobbies"
cpih01,67,2026-02-18T00:00:00.000Z,124.3,Aug-25,Aug-25,K02000001,United Kingdom,CP071,07.1 Purchase of vehicles
cpih01,67,2026-02-18T00:00:00.000Z,133.0,Aug-25,Aug-25,K02000001,United Kingdom,CP041,04.1 Actual rentals for housing
cpih01,67,2026-02-18T00:00:00.000Z,145.3,Aug-25,Aug-25,K02000001,United Kingdom,CP10,10 Education
cpih01,67,2026-02-18T00:00:00.000Z,148.1,Aug-25,Aug-25,K02000001,United Kingdom,CP124,12.4 Social protection
cpih01,67,2026-02-18T00:00:00.000Z,115.5,Aug-25,Aug-25,K02000001,United Kingdom,CP0561,05.6.1 Non-durable household goods
cpih01,67,2026-02-18T00:00:00.000Z,144.8,Aug-25,Aug-25,K02000001,United Kingdom,CP1211,12.1.1 Hairdressing and personal grooming establishments
cpih01,67,2026-02-18T00:00:00.000Z,146.9,Aug-25,Aug-25,K02000001,United Kingdom,CP0114,"01.1.4 Milk, cheese and eggs"
cpih01,67,2026-02-18T00:00:00.000Z,150.2,Aug-25,Aug-25,K02000001,United Kingdom,CP0951,09.5.1 Books
cpih01,67,2026-02-18T00:00:00.000Z,138.8,Aug-25,Aug-25,K02000001,United Kingdom,CP0721,07.2.1 Spare parts and accessories
cpih01,67,2026-02-18T00:00:00.000Z,233.8,Aug-25,Aug-25,K02000001,United Kingdom,CP0733,07.3.3 Passenger transport by air
cpih01,67,2026-02-18T00:00:00.000Z,174.8,Aug-25,Aug-25,K02000001,United Kingdom,CP0724,07.2.4 Other services
cpih01,67,2026-02-18T00:00:00.000Z,158.9,Aug-25,Aug-25,K02000001,United Kingdom,CP096,09.6 Package holidays
cpih01,67,2026-02-18T00:00:00.000Z,139.8,Aug-25,Aug-25,K02000001,United Kingdom,CP06,06 Health
cpih01,67,2026-02-18T00:00:00.000Z,138.5,Aug-25,Aug-25,K02000001,United Kingdom,CP062,06.2 Out-patient services
cpih01,67,2026-02-18T00:00:00.000Z,135.1,Aug-25,Aug-25,K02000001,United Kingdom,CP09,09 Recreation and culture
cpih01,67,2026-02-18T00:00:00.000Z,141.6,Aug-25,Aug-25,K02000001,United Kingdom,CP0111,01.1.1 Bread and cereals
cpih01,67,2026-02-18T00:00:00.000Z,143.5,Aug-25,Aug-25,K02000001,United Kingdom,CP0453,04.5.3 Liquid fuels
cpih01,67,2026-02-18T00:00:00.000Z,144.9,Aug-25,Aug-25,K02000001,United Kingdom,CP0942,09.4.2 Cultural services
cpih01,67,2026-02-18T00:00:00.000Z,138.5,Aug-25,Aug-25,K02000001,United Kingdom,CP0117,01.1.7 Vegetables including potatoes and tubers
cpih01,67,2026-02-18T00:00:00.000Z,118.2,Aug-25,Aug-25,K02000001,United Kingdom,CP1212_1213,12.1.2/3 Appliances and products for personal care
cpih01,67,2026-02-18T00:00:00.000Z,165.5,Aug-25,Aug-25,K02000001,United Kingdom,CP0441,04.4.1 Water supply
cpih01,67,2026-02-18T00:00:00.000Z,104.3,Aug-25,Aug-25,K02000001,United Kingdom,CP1232,12.3.2 Other personal effects
cpih01,67,2026-02-18T00:00:00.000Z,112.2,Aug-25,Aug-25,K02000001,United Kingdom,CP0711N2,07.1.1.2 Second-hand motor cars
cpih01,67,2026-02-18T00:00:00.000Z,121.5,Aug-25,Aug-25,K02000001,United Kingdom,CP0312,03.1.2 Garments
cpih01,67,2026-02-18T00:00:00.000Z,152.7,Aug-25,Aug-25,K02000001,United Kingdom,CP0914,09.1.4 Recording media
cpih01,67,2026-02-18T00:00:00.000Z,200.5,Aug-25,Aug-25,K02000001,United Kingdom,CP0734,07.3.4 Passenger transport by sea and inland waterway
cpih01,67,2026-02-18T00:00:00.000Z,145.1,Aug-25,Aug-25,K02000001,United Kingdom,CP094,09.4 Recreational and cultural services
cpih01,67,2026-02-18T00:00:00.000Z,97.0,Aug-25,Aug-25,K02000001,United Kingdom,CP091,09.1 Audio-visual equipment and related products
cpih01,67,2026-02-18T00:00:00.000Z,124.4,Aug-25,Aug-25,K02000001,United Kingdom,CP121,12.1 Personal care
cpih01,67,2026-02-18T00:00:00.000Z,151.8,Aug-25,Aug-25,K02000001,United Kingdom,CP0454,04.5.4 Solid fuels
cpih01,67,2026-02-18T00:00:00.000Z,139.9,Aug-25,Aug-25,K02000001,United Kingdom,CP072,07.2 Operation of personal transport equipment
cpih01,67,2026-02-18T00:00:00.000Z,136.7,Aug-25,Aug-25,K02000001,United Kingdom,CP0512,05.1.2 Carpets and other floor coverings
cpih01,67,2026-02-18T00:00:00.000Z,126.1,Aug-25,Aug-25,K02000001,United Kingdom,CP0933,"09.3.3 Gardens, plants and flowers"
cpih01,67,2026-02-18T00:00:00.000Z,161.0,Aug-25,Aug-25,K02000001,United Kingdom,CP063,06.3 Hospital services
cpih01,67,2026-02-18T00:00:00.000Z,142.4,Aug-25,Aug-25,K02000001,United Kingdom,CP011,01.1 Food
cpih01,67,2026-02-18T00:00:00.000Z,124.1,Aug-25,Aug-25,K02000001,United Kingdom,CP021,02.1 Alcoholic beverages
cpih01,67,2026-02-18T00:00:00.000Z,175.2,Aug-25,Aug-25,K02000001,United Kingdom,CP081,08.1 Postal services
cpih01,67,2026-02-18T00:00:00.000Z,171.1,Aug-25,Aug-25,K02000001,United Kingdom,CP045,"04.5 Electricity, gas and other fuels"
cpih01,67,2026-02-18T00:00:00.000Z,118.3,Aug-25,Aug-25,K02000001,United Kingdom,CP03,03 Clothing and footwear
cpih01,67,2026-02-18T00:00:00.000Z,156.9,Aug-25,Aug-25,K02000001,United Kingdom,CP095,"09.5 Books, newspapers and stationery"
cpih01,67,2026-02-18T00:00:00.000Z,208.9,Aug-25,Aug-25,K02000001,United Kingdom,CP0952,09.5.2 Newspapers and periodicals
cpih01,67,2026-02-18T00:00:00.000Z,120.6,Aug-25,Aug-25,K02000001,United Kingdom,CP0212,02.1.2 Wine
cpih01,67,2026-02-18T00:00:00.000Z,143.2,Aug-25,Aug-25,K02000001,United Kingdom,CP01,01 Food and non-alcoholic beverages
cpih01,67,2026-02-18T00:00:00.000Z,164.0,Aug-25,Aug-25,K02000001,United Kingdom,CP0443,04.4.3 Sewerage collection
cpih01,67,2026-02-18T00:00:00.000Z,129.3,Aug-25,Aug-25,K02000001,United Kingdom,CP0621_0623,06.2.1/3 Medical services and paramedical services
cpih01,67,2026-02-18T00:00:00.000Z,119.6,Aug-25,Aug-25,K02000001,United Kingdom,CP053,"05.3 Household appliances, fitting and repairs"
cpih01,67,2026-02-18T00:00:00.000Z,121.3,Aug-25,Aug-25,K02000001,United Kingdom,CP0211,02.1.1 Spirits
cpih01,67,2026-02-18T00:00:00.000Z,121.6,Aug-25,Aug-25,K02000001,United Kingdom,CP043,04.3 Regular maintenance and repair of the dwelling
cpih01,67,2026-02-18T00:00:00.000Z,152.7,Aug-25,Aug-25,K02000001,United Kingdom,CP049,04.9 Council Tax and rates
cpih01,67,2026-02-18T00:00:00.000Z,129.2,Aug-25,Aug-25,K02000001,United Kingdom,CP1252,12.5.2 House contents insurance
cpih01,67,2026-02-18T00:00:00.000Z,156.3,Aug-25,Aug-25,K02000001,United Kingdom,CP02,02 Alcoholic beverages and tobacco
cpih01,67,2026-02-18T00:00:00.000Z,146.5,Aug-25,Aug-25,K02000001,United Kingdom,CP0941,09.4.1 Recreational and sporting services
cpih01,67,2026-02-18T00:00:00.000Z,190.7,Aug-25,Aug-25,K02000001,United Kingdom,CP022,02.2 Tobacco
cpih01,67,2026-02-18T00:00:00.000Z,170.2,Aug-25,Aug-25,K02000001,United Kingdom,CP0732_0736,07.3.2/6 Passenger transport by road and other services
cpih01,67,2026-02-18T00:00:00.000Z,181.6,Aug-25,Aug-25,K02000001,United Kingdom,CP1254,12.5.4 Transport insurance
cpih01,67,2026-02-18T00:00:00.000Z,102.6,Aug-25,Aug-25,K02000001,United Kingdom,CP032,03.2 Footwear including repairs
cpih01,67,2026-02-18T00:00:00.000Z,133.6,Aug-25,Aug-25,K02000001,United Kingdom,CP0953_0954,"09.5.3/4 Miscellaneous printed matter, stationery and drawing materials"
cpih01,67,2026-02-18T00:00:00.000Z,132.1,Aug-25,Aug-25,K02000001,United Kingdom,CP056,05.6 Goods and services for routine maintenance
cpih01,67,2026-02-18T00:00:00.000Z,109.7,Aug-25,Aug-25,K02000001,United Kingdom,CP127,12.7 Other services (nec)
cpih01,67,2026-02-18T00:00:00.000Z,155.7,Aug-25,Aug-25,K02000001,United Kingdom,CP112,11.2 Accommodation services
cpih01,67,2026-02-18T00:00:00.000Z,139.8,Aug-25,Aug-25,K02000001,United Kingdom,CP0711N1,07.1.1.1 New motor cars
cpih01,67,2026-02-18T00:00:00.000Z,190.8,Aug-25,Aug-25,K02000001,United Kingdom,CP0115,01.1.5 Oils and fats
cpih01,67,2026-02-18T00:00:00.000Z,107.1,Aug-25,Aug-25,K02000001,United Kingdom,CP0915,09.1.5 Repair of audio-visual equipment and related products
cpih01,67,2026-02-18T00:00:00.000Z,142.5,Aug-25,Aug-25,K02000001,United Kingdom,CP08,08 Communication
cpih01,67,2026-02-18T00:00:00.000Z,115.8,Aug-25,Aug-25,K02000001,United Kingdom,CP052,05.2 Household textiles
cpih01,67,2026-02-18T00:00:00.000Z,149.5,Aug-25,Aug-25,K02000001,United Kingdom,CP0122,"01.2.2 Mineral waters, soft drinks and juices"
cpih01,67,2026-02-18T00:00:00.000Z,163.4,Aug-25,Aug-25,K02000001,United Kingdom,CP1253,12.5.3 Health insurance
cpih01,67,2026-02-18T00:00:00.000Z,122.6,Aug-25,Aug-25,K02000001,United Kingdom,CP0712_0713,07.1.2/3 Motocycles and bicycles
cpih01,67,2026-02-18T00:00:00.000Z,164.4,Aug-25,Aug-25,K02000001,United Kingdom,CP044,04.4 Water supply and miscellaneous services relating to the dwelling
cpih01,67,2026-02-18T00:00:00.000Z,120.0,Aug-25,Aug-25,K02000001,United Kingdom,CP0932,09.3.2 Equipment for sport and open-air recreation
cpih01,67,2026-02-18T00:00:00.000Z,109.5,Aug-25,Aug-25,K02000001,United Kingdom,CP054,"05.4 Glassware, tableware and household utensils"
cpih01,67,2026-02-18T00:00:00.000Z,152.0,Aug-25,Aug-25,K02000001,United Kingdom,CP0622,06.2.2 Dental services
cpih01,67,2026-02-18T00:00:00.000Z,148.8,Aug-25,Aug-25,K02000001,United Kingdom,CP012,01.2 Non-alcoholic beverages
cpih01,67,2026-02-18T00:00:00.000Z,122.5,Aug-25,Aug-25,K02000001,United Kingdom,CP0722,07.2.2 Fuels and lubricants
cpih01,67,2026-02-18T00:00:00.000Z,151.1,Aug-25,Aug-25,K02000001,United Kingdom,CP0723,07.2.3 Maintenance and repairs
cpih01,67,2026-02-18T00:00:00.000Z,141.7,Aug-25,Aug-25,K02000001,United Kingdom,CP07,07 Transport
cpih01,67,2026-02-18T00:00:00.000Z,140.6,Aug-25,Aug-25,K02000001,United Kingdom,CP0562,05.6.2 Domestic services and household services
cpih01,67,2026-02-18T00:00:00.000Z,145.6,Aug-25,Aug-25,K02000001,United Kingdom,CP0731,07.3.1 Passenger transport by railway
cpih01,67,2026-02-18T00:00:00.000Z,124.2,Aug-25,Aug-25,K02000001,United Kingdom,CP093,"09.3 Other recreational items, gardens and pets"
cpih01,67,2026-02-18T00:00:00.000Z,110.4,Aug-25,Aug-25,K02000001,United Kingdom,CP0432,04.3.2 Services for maintenance and repair of the dwelling
cpih01,67,2026-02-18T00:00:00.000Z,113.9,Aug-25,Aug-25,K02000001,United Kingdom,CP1112,11.1.2 Canteens
cpih01,67,2026-02-18T00:00:00.000Z,120.0,Aug-25,Aug-25,K02000001,United Kingdom,CP055,05.5 Tools and equipment for house and garden
cpih01,67,2026-02-18T00:00:00.000Z,133.3,Aug-25,Aug-25,K02000001,United Kingdom,CP092,09.2 Other major durables for recreation and culture
cpih01,67,2026-02-18T00:00:00.000Z,156.0,Aug-25,Aug-25,K02000001,United Kingdom,CP0314,"03.1.4 Cleaning, repair and hire of clothing"
cpih01,67,2026-02-18T00:00:00.000Z,120.1,Aug-25,Aug-25,K02000001,United Kingdom,CP0612_0613,06.1.2/3 Other medical and therapeutic equipment
cpih01,67,2026-02-18T00:00:00.000Z,113.7,Aug-25,Aug-25,K02000001,United Kingdom,CP0313,03.1.3 Other clothing and clothing accessories
cpih01,67,2026-02-18T00:00:00.000Z,134.8,Aug-25,Aug-25,K02000001,United Kingdom,CP0116,01.1.6 Fruit
cpih01,67,2026-02-18T00:00:00.000Z,121.4,Aug-25,Aug-25,K02000001,United Kingdom,CP031,03.1 Clothing
cpih01,67,2026-02-18T00:00:00.000Z,139.6,Aug-25,Aug-25,K02000001,United Kingdom,CP0611,06.1.1 Pharmaceutical products
cpih01,67,2026-02-18T00:00:00.000Z,123.6,Aug-25,Aug-25,K02000001,United Kingdom,CP12,12 Miscellaneous goods and services
cpih01,67,2026-02-18T00:00:00.000Z,151.0,Aug-25,Aug-25,K02000001,United Kingdom,CP1111,11.1.1 Restaurants and cafes
cpih01,67,2026-02-18T00:00:00.000Z,92.4,Aug-25,Aug-25,K02000001,United Kingdom,CP126,12.6 Financial services (nec)
cpih01,67,2026-02-18T00:00:00.000Z,119.9,Aug-25,Aug-25,K02000001,United Kingdom,CP0531_0532,05.3.1/2 Major appliances and small electric goods
cpih01,67,2026-02-18T00:00:00.000Z,137.1,Aug-25,Aug-25,K02000001,United Kingdom,CP051,"05.1 Furniture, furnishings and carpets"
cpih01,67,2026-02-18T00:00:00.000Z,154.3,Aug-25,Aug-25,K02000001,United Kingdom,CP0119,01.1.9 Food products (nec)
cpih01,67,2026-02-18T00:00:00.000Z,179.9,Aug-25,Aug-25,K02000001,United Kingdom,CP073,07.3 Transport services
cpih01,67,2026-02-18T00:00:00.000Z,75.2,Aug-25,Aug-25,K02000001,United Kingdom,CP0913,09.1.3 Data processing equipment
cpih01,67,2026-02-18T00:00:00.000Z,171.6,Aug-25,Aug-25,K02000001,United Kingdom,CP125,12.5 Insurance
cpih01,67,2026-02-18T00:00:00.000Z,150.7,Aug-25,Aug-25,K02000001,United Kingdom,CP11,11 Restaurants and hotels
cpih01,67,2026-02-18T00:00:00.000Z,148.4,Jul-25,Jul-25,K02000001,United Kingdom,CP0122,"01.2.2 Mineral waters, soft drinks and juices"
cpih01,67,2026-02-18T00:00:00.000Z,124.1,Jul-25,Jul-25,K02000001,United Kingdom,CP071,07.1 Purchase of vehicles
cpih01,67,2026-02-18T00:00:00.000Z,171.2,Jul-25,Jul-25,K02000001,United Kingdom,CP045,"04.5 Electricity, gas and other fuels"
cpih01,67,2026-02-18T00:00:00.000Z,141.9,Jul-25,Jul-25,K02000001,United Kingdom,CP011,01.1 Food
cpih01,67,2026-02-18T00:00:00.000Z,146.5,Jul-25,Jul-25,K02000001,United Kingdom,CP0453,04.5.3 Liquid fuels
cpih01,67,2026-02-18T00:00:00.000Z,122.0,Jul-25,Jul-25,K02000001,United Kingdom,CP0722,07.2.2 Fuels and lubricants
cpih01,67,2026-02-18T00:00:00.000Z,168.7,Jul-25,Jul-25,K02000001,United Kingdom,CP0732_0736,07.3.2/6 Passenger transport by road and other services
cpih01,67,2026-02-18T00:00:00.000Z,135.7,Jul-25,Jul-25,K02000001,United Kingdom,CP051,"05.1 Furniture, furnishings and carpets"
cpih01,67,2026-02-18T00:00:00.000Z,147.0,Jul-25,Jul-25,K02000001,United Kingdom,CP0121,"01.2.1 Coffee, tea and cocoa"
cpih01,67,2026-02-18T00:00:00.000Z,150.8,Jul-25,Jul-25,K02000001,United Kingdom,CP0622,06.2.2 Dental services
cpih01,67,2026-02-18T00:00:00.000Z,132.0,Jul-25,Jul-25,K02000001,United Kingdom,CP056,05.6 Goods and services for routine maintenance
cpih01,67,2026-02-18T00:00:00.000Z,132.7,Jul-25,Jul-25,K02000001,United Kingdom,CP041,04.1 Actual rentals for housing
cpih01,67,2026-02-18T00:00:00.000Z,139.5,Jul-25,Jul-25,K02000001,United Kingdom,CP0562,05.6.2 Domestic services and household services
cpih01,67,2026-02-18T00:00:00.000Z,117.2,Jul-25,Jul-25,K02000001,United Kingdom,CP03,03 Clothing and footwear
cpih01,67,2026-02-18T00:00:00.000Z,175.4,Jul-25,Jul-25,K02000001,United Kingdom,CP081,08.1 Postal services
cpih01,67,2026-02-18T00:00:00.000Z,140.2,Jul-25,Jul-25,K02000001,United Kingdom,CP04,"04 Housing, water, electricity, gas and other fuels"
cpih01,67,2026-02-18T00:00:00.000Z,109.5,Jul-25,Jul-25,K02000001,United Kingdom,CP127,12.7 Other services (nec)
cpih01,67,2026-02-18T00:00:00.000Z,144.3,Jul-25,Jul-25,K02000001,United Kingdom,CP0942,09.4.2 Cultural services
cpih01,67,2026-02-18T00:00:00.000Z,120.3,Jul-25,Jul-25,K02000001,United Kingdom,CP0211,02.1.1 Spirits
cpih01,67,2026-02-18T00:00:00.000Z,144.2,Jul-25,Jul-25,K02000001,United Kingdom,CP0731,07.3.1 Passenger transport by railway
cpih01,67,2026-02-18T00:00:00.000Z,110.4,Jul-25,Jul-25,K02000001,United Kingdom,CP0432,04.3.2 Services for maintenance and repair of the dwelling
cpih01,67,2026-02-18T00:00:00.000Z,130.9,Jul-25,Jul-25,K02000001,United Kingdom,CP0431,04.3.1 Materials for maintenance and repair of the dwelling
cpih01,67,2026-02-18T00:00:00.000Z,119.8,Jul-25,Jul-25,K02000001,United Kingdom,CP0612_0613,06.1.2/3 Other medical and therapeutic equipment
cpih01,67,2026-02-18T00:00:00.000Z,176.7,Jul-25,Jul-25,K02000001,United Kingdom,CP073,07.3 Transport services
cpih01,67,2026-02-18T00:00:00.000Z,141.1,Jul-25,Jul-25,K02000001,United Kingdom,CP07,07 Transport
cpih01,67,2026-02-18T00:00:00.000Z,163.4,Jul-25,Jul-25,K02000001,United Kingdom,CP1253,12.5.3 Health insurance
cpih01,67,2026-02-18T00:00:00.000Z,134.0,Jul-25,Jul-25,K02000001,United Kingdom,CP042,04.2 Owner Occupiers Housing Costs
cpih01,67,2026-02-18T00:00:00.000Z,160.8,Jul-25,Jul-25,K02000001,United Kingdom,CP063,06.3 Hospital services
cpih01,67,2026-02-18T00:00:00.000Z,138.5,Jul-25,Jul-25,K02000001,United Kingdom,CP00,Overall Index
cpih01,67,2026-02-18T00:00:00.000Z,151.7,Jul-25,Jul-25,K02000001,United Kingdom,CP0454,04.5.4 Solid fuels
cpih01,67,2026-02-18T00:00:00.000Z,137.9,Jul-25,Jul-25,K02000001,United Kingdom,CP0117,01.1.7 Vegetables including potatoes and tubers
cpih01,67,2026-02-18T00:00:00.000Z,125.3,Jul-25,Jul-25,K02000001,United Kingdom,CP05,"05 Furniture, household equipment and maintenance"
cpih01,67,2026-02-18T00:00:00.000Z,119.7,Jul-25,Jul-25,K02000001,United Kingdom,CP0212,02.1.2 Wine
cpih01,67,2026-02-18T00:00:00.000Z,187.8,Jul-25,Jul-25,K02000001,United Kingdom,CP0734,07.3.4 Passenger transport by sea and inland waterway
cpih01,67,2026-02-18T00:00:00.000Z,102.1,Jul-25,Jul-25,K02000001,United Kingdom,CP032,03.2 Footwear including repairs
cpih01,67,2026-02-18T00:00:00.000Z,75.2,Jul-25,Jul-25,K02000001,United Kingdom,CP0913,09.1.3 Data processing equipment
cpih01,67,2026-02-18T00:00:00.000Z,142.6,Jul-25,Jul-25,K02000001,United Kingdom,CP01,01 Food and non-alcoholic beverages
cpih01,67,2026-02-18T00:00:00.000Z,134.7,Jul-25,Jul-25,K02000001,United Kingdom,CP09,09 Recreation and culture
cpih01,67,2026-02-18T00:00:00.000Z,133.3,Jul-25,Jul-25,K02000001,United Kingdom,CP092,09.2 Other major durables for recreation and culture
cpih01,67,2026-02-18T00:00:00.000Z,141.0,Jul-25,Jul-25,K02000001,United Kingdom,CP082_083,08.2/3 Telephone and telefax equipment
cpih01,67,2026-02-18T00:00:00.000Z,120.1,Jul-25,Jul-25,K02000001,United Kingdom,CP031,03.1 Clothing
cpih01,67,2026-02-18T00:00:00.000Z,117.6,Jul-25,Jul-25,K02000001,United Kingdom,CP055,05.5 Tools and equipment for house and garden
cpih01,67,2026-02-18T00:00:00.000Z,164.0,Jul-25,Jul-25,K02000001,United Kingdom,CP0443,04.4.3 Sewerage collection
cpih01,67,2026-02-18T00:00:00.000Z,128.9,Jul-25,Jul-25,K02000001,United Kingdom,CP0621_0623,06.2.1/3 Medical services and paramedical services
cpih01,67,2026-02-18T00:00:00.000Z,174.7,Jul-25,Jul-25,K02000001,United Kingdom,CP0724,07.2.4 Other services
cpih01,67,2026-02-18T00:00:00.000Z,113.7,Jul-25,Jul-25,K02000001,United Kingdom,CP052,05.2 Household textiles
cpih01,67,2026-02-18T00:00:00.000Z,133.8,Jul-25,Jul-25,K02000001,United Kingdom,CP0213,02.1.3 Beer
cpih01,67,2026-02-18T00:00:00.000Z,165.5,Jul-25,Jul-25,K02000001,United Kingdom,CP0441,04.4.1 Water supply
cpih01,67,2026-02-18T00:00:00.000Z,190.8,Jul-25,Jul-25,K02000001,United Kingdom,CP022,02.2 Tobacco
cpih01,67,2026-02-18T00:00:00.000Z,193.3,Jul-25,Jul-25,K02000001,United Kingdom,CP0115,01.1.5 Oils and fats
cpih01,67,2026-02-18T00:00:00.000Z,152.7,Jul-25,Jul-25,K02000001,United Kingdom,CP049,04.9 Council Tax and rates
cpih01,67,2026-02-18T00:00:00.000Z,120.2,Jul-25,Jul-25,K02000001,United Kingdom,CP0531_0532,05.3.1/2 Major appliances and small electric goods
cpih01,67,2026-02-18T00:00:00.000Z,145.3,Jul-25,Jul-25,K02000001,United Kingdom,CP10,10 Education
cpih01,67,2026-02-18T00:00:00.000Z,124.8,Jul-25,Jul-25,K02000001,United Kingdom,CP121,12.1 Personal care
cpih01,67,2026-02-18T00:00:00.000Z,228.9,Jul-25,Jul-25,K02000001,United Kingdom,CP0733,07.3.3 Passenger transport by air
cpih01,67,2026-02-18T00:00:00.000Z,115.9,Jul-25,Jul-25,K02000001,United Kingdom,CP0561,05.6.1 Non-durable household goods
cpih01,67,2026-02-18T00:00:00.000Z,121.3,Jul-25,Jul-25,K02000001,United Kingdom,CP0932,09.3.2 Equipment for sport and open-air recreation
cpih01,67,2026-02-18T00:00:00.000Z,147.2,Jul-25,Jul-25,K02000001,United Kingdom,CP124,12.4 Social protection
cpih01,67,2026-02-18T00:00:00.000Z,177.3,Jul-25,Jul-25,K02000001,United Kingdom,CP1254,12.5.4 Transport insurance
cpih01,67,2026-02-18T00:00:00.000Z,142.6,Jul-25,Jul-25,K02000001,United Kingdom,CP08,08 Communication
cpih01,67,2026-02-18T00:00:00.000Z,123.2,Jul-25,Jul-25,K02000001,United Kingdom,CP12,12 Miscellaneous goods and services
cpih01,67,2026-02-18T00:00:00.000Z,78.0,Jul-25,Jul-25,K02000001,United Kingdom,CP0912,"09.1.2 Photographic, cinematographic and optical equipment"
cpih01,67,2026-02-18T00:00:00.000Z,155.9,Jul-25,Jul-25,K02000001,United Kingdom,CP0314,"03.1.4 Cleaning, repair and hire of clothing"
cpih01,67,2026-02-18T00:00:00.000Z,205.7,Jul-25,Jul-25,K02000001,United Kingdom,CP0952,09.5.2 Newspapers and periodicals
cpih01,67,2026-02-18T00:00:00.000Z,137.0,Jul-25,Jul-25,K02000001,United Kingdom,CP0512,05.1.2 Carpets and other floor coverings
cpih01,67,2026-02-18T00:00:00.000Z,140.0,Jul-25,Jul-25,K02000001,United Kingdom,CP072,07.2 Operation of personal transport equipment
cpih01,67,2026-02-18T00:00:00.000Z,127.9,Jul-25,Jul-25,K02000001,United Kingdom,CP1231,"12.3.1 Jewellery, clocks and watches"
cpih01,67,2026-02-18T00:00:00.000Z,129.9,Jul-25,Jul-25,K02000001,United Kingdom,CP1252,12.5.2 House contents insurance
cpih01,67,2026-02-18T00:00:00.000Z,147.9,Jul-25,Jul-25,K02000001,United Kingdom,CP0118,"01.1.8 Sugar, jam, syrups, chocolate and confectionery"
cpih01,67,2026-02-18T00:00:00.000Z,121.6,Jul-25,Jul-25,K02000001,United Kingdom,CP0712_0713,07.1.2/3 Motocycles and bicycles
cpih01,67,2026-02-18T00:00:00.000Z,149.9,Jul-25,Jul-25,K02000001,United Kingdom,CP0914,09.1.4 Recording media
cpih01,67,2026-02-18T00:00:00.000Z,119.8,Jul-25,Jul-25,K02000001,United Kingdom,CP053,"05.3 Household appliances, fitting and repairs"
cpih01,67,2026-02-18T00:00:00.000Z,118.8,Jul-25,Jul-25,K02000001,United Kingdom,CP1212_1213,12.1.2/3 Appliances and products for personal care
cpih01,67,2026-02-18T00:00:00.000Z,151.0,Jul-25,Jul-25,K02000001,United Kingdom,CP11,11 Restaurants and hotels
cpih01,67,2026-02-18T00:00:00.000Z,164.4,Jul-25,Jul-25,K02000001,United Kingdom,CP044,04.4 Water supply and miscellaneous services relating to the dwelling
cpih01,67,2026-02-18T00:00:00.000Z,145.2,Jul-25,Jul-25,K02000001,United Kingdom,CP0934_0935,"09.3.4/5 Pets, related products and services"
cpih01,67,2026-02-18T00:00:00.000Z,137.7,Jul-25,Jul-25,K02000001,United Kingdom,CP062,06.2 Out-patient services
cpih01,67,2026-02-18T00:00:00.000Z,170.3,Jul-25,Jul-25,K02000001,United Kingdom,CP125,12.5 Insurance
cpih01,67,2026-02-18T00:00:00.000Z,123.5,Jul-25,Jul-25,K02000001,United Kingdom,CP021,02.1 Alcoholic beverages
cpih01,67,2026-02-18T00:00:00.000Z,146.0,Jul-25,Jul-25,K02000001,United Kingdom,CP0941,09.4.1 Recreational and sporting services
cpih01,67,2026-02-18T00:00:00.000Z,155.9,Jul-25,Jul-25,K02000001,United Kingdom,CP02,02 Alcoholic beverages and tobacco
cpih01,67,2026-02-18T00:00:00.000Z,142.0,Jul-25,Jul-25,K02000001,United Kingdom,CP0111,01.1.1 Bread and cereals
cpih01,67,2026-02-18T00:00:00.000Z,119.8,Jul-25,Jul-25,K02000001,United Kingdom,CP0312,03.1.2 Garments
cpih01,67,2026-02-18T00:00:00.000Z,109.5,Jul-25,Jul-25,K02000001,United Kingdom,CP054,"05.4 Glassware, tableware and household utensils"
cpih01,67,2026-02-18T00:00:00.000Z,151.9,Jul-25,Jul-25,K02000001,United Kingdom,CP0951,09.5.1 Books
cpih01,67,2026-02-18T00:00:00.000Z,149.2,Jul-25,Jul-25,K02000001,United Kingdom,CP111,11.1 Catering services
cpih01,67,2026-02-18T00:00:00.000Z,144.6,Jul-25,Jul-25,K02000001,United Kingdom,CP1211,12.1.1 Hairdressing and personal grooming establishments
cpih01,67,2026-02-18T00:00:00.000Z,131.4,Jul-25,Jul-25,K02000001,United Kingdom,CP061,"06.1 Medical products, appliances and equipment"
cpih01,67,2026-02-18T00:00:00.000Z,159.3,Jul-25,Jul-25,K02000001,United Kingdom,CP112,11.2 Accommodation services
cpih01,67,2026-02-18T00:00:00.000Z,103.0,Jul-25,Jul-25,K02000001,United Kingdom,CP1232,12.3.2 Other personal effects
cpih01,67,2026-02-18T00:00:00.000Z,78.8,Jul-25,Jul-25,K02000001,United Kingdom,CP0911,09.1.1 Reception and reproduction of sound and pictures
cpih01,67,2026-02-18T00:00:00.000Z,134.8,Jul-25,Jul-25,K02000001,United Kingdom,CP0953_0954,"09.5.3/4 Miscellaneous printed matter, stationery and drawing materials"
cpih01,67,2026-02-18T00:00:00.000Z,122.6,Jul-25,Jul-25,K02000001,United Kingdom,CP0533,05.3.3 Repair of household appliances
cpih01,67,2026-02-18T00:00:00.000Z,139.1,Jul-25,Jul-25,K02000001,United Kingdom,CP0721,07.2.1 Spare parts and accessories
cpih01,67,2026-02-18T00:00:00.000Z,112.1,Jul-25,Jul-25,K02000001,United Kingdom,CP0711N2,07.1.1.2 Second-hand motor cars
cpih01,67,2026-02-18T00:00:00.000Z,135.7,Jul-25,Jul-25,K02000001,United Kingdom,CP0511,05.1.1 Furniture and furnishings
cpih01,67,2026-02-18T00:00:00.000Z,126.1,Jul-25,Jul-25,K02000001,United Kingdom,CP0933,"09.3.3 Gardens, plants and flowers"
cpih01,67,2026-02-18T00:00:00.000Z,115.5,Jul-25,Jul-25,K02000001,United Kingdom,CP0313,03.1.3 Other clothing and clothing accessories
cpih01,67,2026-02-18T00:00:00.000Z,189.3,Jul-25,Jul-25,K02000001,United Kingdom,CP0451,04.5.1 Electricity
cpih01,67,2026-02-18T00:00:00.000Z,150.7,Jul-25,Jul-25,K02000001,United Kingdom,CP1111,11.1.1 Restaurants and cafes
cpih01,67,2026-02-18T00:00:00.000Z,121.0,Jul-25,Jul-25,K02000001,United Kingdom,CP043,04.3 Regular maintenance and repair of the dwelling
cpih01,67,2026-02-18T00:00:00.000Z,139.8,Jul-25,Jul-25,K02000001,United Kingdom,CP0711N1,07.1.1.1 New motor cars
cpih01,67,2026-02-18T00:00:00.000Z,147.3,Jul-25,Jul-25,K02000001,United Kingdom,CP0452,04.5.2 Gas
cpih01,67,2026-02-18T00:00:00.000Z,120.2,Jul-25,Jul-25,K02000001,United Kingdom,CP123,12.3 Personal effects (nec)
cpih01,67,2026-02-18T00:00:00.000Z,135.1,Jul-25,Jul-25,K02000001,United Kingdom,CP0116,01.1.6 Fruit
cpih01,67,2026-02-18T00:00:00.000Z,153.8,Jul-25,Jul-25,K02000001,United Kingdom,CP0119,01.1.9 Food products (nec)
cpih01,67,2026-02-18T00:00:00.000Z,139.2,Jul-25,Jul-25,K02000001,United Kingdom,CP06,06 Health
cpih01,67,2026-02-18T00:00:00.000Z,124.2,Jul-25,Jul-25,K02000001,United Kingdom,CP093,"09.3 Other recreational items, gardens and pets"
cpih01,67,2026-02-18T00:00:00.000Z,92.4,Jul-25,Jul-25,K02000001,United Kingdom,CP126,12.6 Financial services (nec)
cpih01,67,2026-02-18T00:00:00.000Z,131.1,Jul-25,Jul-25,K02000001,United Kingdom,CP0113,01.1.3 Fish
cpih01,67,2026-02-18T00:00:00.000Z,107.0,Jul-25,Jul-25,K02000001,United Kingdom,CP0915,09.1.5 Repair of audio-visual equipment and related products
cpih01,67,2026-02-18T00:00:00.000Z,144.5,Jul-25,Jul-25,K02000001,United Kingdom,CP094,09.4 Recreational and cultural services
cpih01,67,2026-02-18T00:00:00.000Z,146.6,Jul-25,Jul-25,K02000001,United Kingdom,CP0114,"01.1.4 Milk, cheese and eggs"
cpih01,67,2026-02-18T00:00:00.000Z,147.6,Jul-25,Jul-25,K02000001,United Kingdom,CP012,01.2 Non-alcoholic beverages
cpih01,67,2026-02-18T00:00:00.000Z,135.0,Jul-25,Jul-25,K02000001,United Kingdom,CP0112,01.1.2 Meat
cpih01,67,2026-02-18T00:00:00.000Z,110.2,Jul-25,Jul-25,K02000001,United Kingdom,CP1112,11.1.2 Canteens
cpih01,67,2026-02-18T00:00:00.000Z,157.3,Jul-25,Jul-25,K02000001,United Kingdom,CP095,"09.5 Books, newspapers and stationery"
cpih01,67,2026-02-18T00:00:00.000Z,152.5,Jul-25,Jul-25,K02000001,United Kingdom,CP0723,07.2.3 Maintenance and repairs
cpih01,67,2026-02-18T00:00:00.000Z,158.5,Jul-25,Jul-25,K02000001,United Kingdom,CP096,09.6 Package holidays
cpih01,67,2026-02-18T00:00:00.000Z,95.7,Jul-25,Jul-25,K02000001,United Kingdom,CP091,09.1 Audio-visual equipment and related products
cpih01,67,2026-02-18T00:00:00.000Z,138.4,Jul-25,Jul-25,K02000001,United Kingdom,CP0611,06.1.1 Pharmaceutical products
cpih01,67,2026-02-18T00:00:00.000Z,107.9,Jul-25,Jul-25,K02000001,United Kingdom,CP0931,"09.3.1 Games, toys and hobbies"
cpih01,67,2026-02-18T00:00:00.000Z,121.3,Jun-25,Jun-25,K02000001,United Kingdom,CP043,04.3 Regular maintenance and repair of the dwelling
cpih01,67,2026-02-18T00:00:00.000Z,134.1,Jun-25,Jun-25,K02000001,United Kingdom,CP0112,01.1.2 Meat
cpih01,67,2026-02-18T00:00:00.000Z,155.0,Jun-25,Jun-25,K02000001,United Kingdom,CP0314,"03.1.4 Cleaning, repair and hire of clothing"
cpih01,67,2026-02-18T00:00:00.000Z,121.7,Jun-25,Jun-25,K02000001,United Kingdom,CP0932,09.3.2 Equipment for sport and open-air recreation
cpih01,67,2026-02-18T00:00:00.000Z,179.7,Jun-25,Jun-25,K02000001,United Kingdom,CP045,"04.5 Electricity, gas and other fuels"
cpih01,67,2026-02-18T00:00:00.000Z,138.4,Jun-25,Jun-25,K02000001,United Kingdom,CP0611,06.1.1 Pharmaceutical products
cpih01,67,2026-02-18T00:00:00.000Z,106.5,Jun-25,Jun-25,K02000001,United Kingdom,CP0915,09.1.5 Repair of audio-visual equipment and related products
cpih01,67,2026-02-18T00:00:00.000Z,132.5,Jun-25,Jun-25,K02000001,United Kingdom,CP0453,04.5.3 Liquid fuels
cpih01,67,2026-02-18T00:00:00.000Z,117.7,Jun-25,Jun-25,K02000001,United Kingdom,CP0561,05.6.1 Non-durable household goods
cpih01,67,2026-02-18T00:00:00.000Z,112.0,Jun-25,Jun-25,K02000001,United Kingdom,CP0711N2,07.1.1.2 Second-hand motor cars
cpih01,67,2026-02-18T00:00:00.000Z,104.7,Jun-25,Jun-25,K02000001,United Kingdom,CP0931,"09.3.1 Games, toys and hobbies"
cpih01,67,2026-02-18T00:00:00.000Z,138.9,Jun-25,Jun-25,K02000001,United Kingdom,CP072,07.2 Operation of personal transport equipment
cpih01,67,2026-02-18T00:00:00.000Z,121.0,Jun-25,Jun-25,K02000001,United Kingdom,CP053,"05.3 Household appliances, fitting and repairs"
cpih01,67,2026-02-18T00:00:00.000Z,158.7,Jun-25,Jun-25,K02000001,United Kingdom,CP0452,04.5.2 Gas
cpih01,67,2026-02-18T00:00:00.000Z,190.4,Jun-25,Jun-25,K02000001,United Kingdom,CP022,02.2 Tobacco
cpih01,67,2026-02-18T00:00:00.000Z,119.8,Jun-25,Jun-25,K02000001,United Kingdom,CP055,05.5 Tools and equipment for house and garden
cpih01,67,2026-02-18T00:00:00.000Z,138.8,Jun-25,Jun-25,K02000001,United Kingdom,CP0721,07.2.1 Spare parts and accessories
cpih01,67,2026-02-18T00:00:00.000Z,102.4,Jun-25,Jun-25,K02000001,United Kingdom,CP1232,12.3.2 Other personal effects
cpih01,67,2026-02-18T00:00:00.000Z,140.8,Jun-25,Jun-25,K02000001,United Kingdom,CP04,"04 Housing, water, electricity, gas and other fuels"
cpih01,67,2026-02-18T00:00:00.000Z,121.1,Jun-25,Jun-25,K02000001,United Kingdom,CP0211,02.1.1 Spirits
cpih01,67,2026-02-18T00:00:00.000Z,122.8,Jun-25,Jun-25,K02000001,United Kingdom,CP031,03.1 Clothing
cpih01,67,2026-02-18T00:00:00.000Z,92.4,Jun-25,Jun-25,K02000001,United Kingdom,CP126,12.6 Financial services (nec)
cpih01,67,2026-02-18T00:00:00.000Z,119.4,Jun-25,Jun-25,K02000001,United Kingdom,CP03,03 Clothing and footwear
cpih01,67,2026-02-18T00:00:00.000Z,139.7,Jun-25,Jun-25,K02000001,United Kingdom,CP051,"05.1 Furniture, furnishings and carpets"
cpih01,67,2026-02-18T00:00:00.000Z,138.2,Jun-25,Jun-25,K02000001,United Kingdom,CP0512,05.1.2 Carpets and other floor coverings
cpih01,67,2026-02-18T00:00:00.000Z,140.1,Jun-25,Jun-25,K02000001,United Kingdom,CP06,06 Health
cpih01,67,2026-02-18T00:00:00.000Z,127.3,Jun-25,Jun-25,K02000001,United Kingdom,CP05,"05 Furniture, household equipment and maintenance"
cpih01,67,2026-02-18T00:00:00.000Z,175.4,Jun-25,Jun-25,K02000001,United Kingdom,CP081,08.1 Postal services
cpih01,67,2026-02-18T00:00:00.000Z,162.6,Jun-25,Jun-25,K02000001,United Kingdom,CP073,07.3 Transport services
cpih01,67,2026-02-18T00:00:00.000Z,171.3,Jun-25,Jun-25,K02000001,United Kingdom,CP1253,12.5.3 Health insurance
cpih01,67,2026-02-18T00:00:00.000Z,128.0,Jun-25,Jun-25,K02000001,United Kingdom,CP1231,"12.3.1 Jewellery, clocks and watches"
cpih01,67,2026-02-18T00:00:00.000Z,151.9,Jun-25,Jun-25,K02000001,United Kingdom,CP0454,04.5.4 Solid fuels
cpih01,67,2026-02-18T00:00:00.000Z,79.1,Jun-25,Jun-25,K02000001,United Kingdom,CP0911,09.1.1 Reception and reproduction of sound and pictures
cpih01,67,2026-02-18T00:00:00.000Z,110.2,Jun-25,Jun-25,K02000001,United Kingdom,CP0432,04.3.2 Services for maintenance and repair of the dwelling
cpih01,67,2026-02-18T00:00:00.000Z,145.8,Jun-25,Jun-25,K02000001,United Kingdom,CP0114,"01.1.4 Milk, cheese and eggs"
cpih01,67,2026-02-18T00:00:00.000Z,142.0,Jun-25,Jun-25,K02000001,United Kingdom,CP0111,01.1.1 Bread and cereals
cpih01,67,2026-02-18T00:00:00.000Z,122.6,Jun-25,Jun-25,K02000001,United Kingdom,CP0533,05.3.3 Repair of household appliances
cpih01,67,2026-02-18T00:00:00.000Z,128.6,Jun-25,Jun-25,K02000001,United Kingdom,CP0621_0623,06.2.1/3 Medical services and paramedical services
cpih01,67,2026-02-18T00:00:00.000Z,134.2,Jun-25,Jun-25,K02000001,United Kingdom,CP042,04.2 Owner Occupiers Housing Costs
cpih01,67,2026-02-18T00:00:00.000Z,132.1,Jun-25,Jun-25,K02000001,United Kingdom,CP0431,04.3.1 Materials for maintenance and repair of the dwelling
cpih01,67,2026-02-18T00:00:00.000Z,150.6,Jun-25,Jun-25,K02000001,United Kingdom,CP0622,06.2.2 Dental services
cpih01,67,2026-02-18T00:00:00.000Z,124.0,Jun-25,Jun-25,K02000001,United Kingdom,CP093,"09.3 Other recreational items, gardens and pets"
cpih01,67,2026-02-18T00:00:00.000Z,122.7,Jun-25,Jun-25,K02000001,United Kingdom,CP0312,03.1.2 Garments
cpih01,67,2026-02-18T00:00:00.000Z,143.4,Jun-25,Jun-25,K02000001,United Kingdom,CP094,09.4 Recreational and cultural services
cpih01,67,2026-02-18T00:00:00.000Z,142.5,Jun-25,Jun-25,K02000001,United Kingdom,CP08,08 Communication
cpih01,67,2026-02-18T00:00:00.000Z,174.6,Jun-25,Jun-25,K02000001,United Kingdom,CP0724,07.2.4 Other services
cpih01,67,2026-02-18T00:00:00.000Z,141.4,Jun-25,Jun-25,K02000001,United Kingdom,CP011,01.1 Food
cpih01,67,2026-02-18T00:00:00.000Z,193.8,Jun-25,Jun-25,K02000001,United Kingdom,CP0115,01.1.5 Oils and fats
cpih01,67,2026-02-18T00:00:00.000Z,158.0,Jun-25,Jun-25,K02000001,United Kingdom,CP096,09.6 Package holidays
cpih01,67,2026-02-18T00:00:00.000Z,124.3,Jun-25,Jun-25,K02000001,United Kingdom,CP021,02.1 Alcoholic beverages
cpih01,67,2026-02-18T00:00:00.000Z,140.9,Jun-25,Jun-25,K02000001,United Kingdom,CP082_083,08.2/3 Telephone and telefax equipment
cpih01,67,2026-02-18T00:00:00.000Z,135.5,Jun-25,Jun-25,K02000001,United Kingdom,CP0116,01.1.6 Fruit
cpih01,67,2026-02-18T00:00:00.000Z,121.5,Jun-25,Jun-25,K02000001,United Kingdom,CP0531_0532,05.3.1/2 Major appliances and small electric goods
cpih01,67,2026-02-18T00:00:00.000Z,158.9,Jun-25,Jun-25,K02000001,United Kingdom,CP112,11.2 Accommodation services
cpih01,67,2026-02-18T00:00:00.000Z,114.0,Jun-25,Jun-25,K02000001,United Kingdom,CP052,05.2 Household textiles
cpih01,67,2026-02-18T00:00:00.000Z,148.6,Jun-25,Jun-25,K02000001,United Kingdom,CP111,11.1 Catering services
cpih01,67,2026-02-18T00:00:00.000Z,76.3,Jun-25,Jun-25,K02000001,United Kingdom,CP0913,09.1.3 Data processing equipment
cpih01,67,2026-02-18T00:00:00.000Z,132.2,Jun-25,Jun-25,K02000001,United Kingdom,CP041,04.1 Actual rentals for housing
cpih01,67,2026-02-18T00:00:00.000Z,175.6,Jun-25,Jun-25,K02000001,United Kingdom,CP1254,12.5.4 Transport insurance
cpih01,67,2026-02-18T00:00:00.000Z,150.2,Jun-25,Jun-25,K02000001,United Kingdom,CP1111,11.1.1 Restaurants and cafes
cpih01,67,2026-02-18T00:00:00.000Z,116.9,Jun-25,Jun-25,K02000001,United Kingdom,CP0313,03.1.3 Other clothing and clothing accessories
cpih01,67,2026-02-18T00:00:00.000Z,139.5,Jun-25,Jun-25,K02000001,United Kingdom,CP0711N1,07.1.1.1 New motor cars
cpih01,67,2026-02-18T00:00:00.000Z,144.6,Jun-25,Jun-25,K02000001,United Kingdom,CP0118,"01.1.8 Sugar, jam, syrups, chocolate and confectionery"
cpih01,67,2026-02-18T00:00:00.000Z,138.4,Jun-25,Jun-25,K02000001,United Kingdom,CP00,Overall Index
cpih01,67,2026-02-18T00:00:00.000Z,157.5,Jun-25,Jun-25,K02000001,United Kingdom,CP0914,09.1.4 Recording media
cpih01,67,2026-02-18T00:00:00.000Z,152.3,Jun-25,Jun-25,K02000001,United Kingdom,CP0723,07.2.3 Maintenance and repairs
cpih01,67,2026-02-18T00:00:00.000Z,146.2,Jun-25,Jun-25,K02000001,United Kingdom,CP0934_0935,"09.3.4/5 Pets, related products and services"
cpih01,67,2026-02-18T00:00:00.000Z,144.5,Jun-25,Jun-25,K02000001,United Kingdom,CP1211,12.1.1 Hairdressing and personal grooming establishments
cpih01,67,2026-02-18T00:00:00.000Z,124.1,Jun-25,Jun-25,K02000001,United Kingdom,CP071,07.1 Purchase of vehicles
cpih01,67,2026-02-18T00:00:00.000Z,156.4,Jun-25,Jun-25,K02000001,United Kingdom,CP02,02 Alcoholic beverages and tobacco
cpih01,67,2026-02-18T00:00:00.000Z,133.2,Jun-25,Jun-25,K02000001,United Kingdom,CP056,05.6 Goods and services for routine maintenance
cpih01,67,2026-02-18T00:00:00.000Z,79.6,Jun-25,Jun-25,K02000001,United Kingdom,CP0912,"09.1.2 Photographic, cinematographic and optical equipment"
cpih01,67,2026-02-18T00:00:00.000Z,131.3,Jun-25,Jun-25,K02000001,United Kingdom,CP061,"06.1 Medical products, appliances and equipment"
cpih01,67,2026-02-18T00:00:00.000Z,202.6,Jun-25,Jun-25,K02000001,United Kingdom,CP0952,09.5.2 Newspapers and periodicals
cpih01,67,2026-02-18T00:00:00.000Z,135.1,Jun-25,Jun-25,K02000001,United Kingdom,CP0953_0954,"09.5.3/4 Miscellaneous printed matter, stationery and drawing materials"
cpih01,67,2026-02-18T00:00:00.000Z,123.0,Jun-25,Jun-25,K02000001,United Kingdom,CP0712_0713,07.1.2/3 Motocycles and bicycles
cpih01,67,2026-02-18T00:00:00.000Z,196.7,Jun-25,Jun-25,K02000001,United Kingdom,CP0451,04.5.1 Electricity
cpih01,67,2026-02-18T00:00:00.000Z,152.6,Jun-25,Jun-25,K02000001,United Kingdom,CP0119,01.1.9 Food products (nec)
cpih01,67,2026-02-18T00:00:00.000Z,133.5,Jun-25,Jun-25,K02000001,United Kingdom,CP0113,01.1.3 Fish
cpih01,67,2026-02-18T00:00:00.000Z,109.7,Jun-25,Jun-25,K02000001,United Kingdom,CP054,"05.4 Glassware, tableware and household utensils"
cpih01,67,2026-02-18T00:00:00.000Z,120.1,Jun-25,Jun-25,K02000001,United Kingdom,CP123,12.3 Personal effects (nec)
cpih01,67,2026-02-18T00:00:00.000Z,153.2,Jun-25,Jun-25,K02000001,United Kingdom,CP0951,09.5.1 Books
cpih01,67,2026-02-18T00:00:00.000Z,164.7,Jun-25,Jun-25,K02000001,United Kingdom,CP063,06.3 Hospital services
cpih01,67,2026-02-18T00:00:00.000Z,140.4,Jun-25,Jun-25,K02000001,United Kingdom,CP0511,05.1.1 Furniture and furnishings
cpih01,67,2026-02-18T00:00:00.000Z,157.3,Jun-25,Jun-25,K02000001,United Kingdom,CP095,"09.5 Books, newspapers and stationery"
cpih01,67,2026-02-18T00:00:00.000Z,164.0,Jun-25,Jun-25,K02000001,United Kingdom,CP0443,04.4.3 Sewerage collection
cpih01,67,2026-02-18T00:00:00.000Z,142.6,Jun-25,Jun-25,K02000001,United Kingdom,CP0942,09.4.2 Cultural services
cpih01,67,2026-02-18T00:00:00.000Z,137.5,Jun-25,Jun-25,K02000001,United Kingdom,CP062,06.2 Out-patient services
cpih01,67,2026-02-18T00:00:00.000Z,166.6,Jun-25,Jun-25,K02000001,United Kingdom,CP0732_0736,07.3.2/6 Passenger transport by road and other services
cpih01,67,2026-02-18T00:00:00.000Z,106.2,Jun-25,Jun-25,K02000001,United Kingdom,CP1112,11.1.2 Canteens
cpih01,67,2026-02-18T00:00:00.000Z,138.0,Jun-25,Jun-25,K02000001,United Kingdom,CP07,07 Transport
cpih01,67,2026-02-18T00:00:00.000Z,120.8,Jun-25,Jun-25,K02000001,United Kingdom,CP0212,02.1.2 Wine
cpih01,67,2026-02-18T00:00:00.000Z,108.9,Jun-25,Jun-25,K02000001,United Kingdom,CP127,12.7 Other services (nec)
cpih01,67,2026-02-18T00:00:00.000Z,134.3,Jun-25,Jun-25,K02000001,United Kingdom,CP0213,02.1.3 Beer
cpih01,67,2026-02-18T00:00:00.000Z,165.5,Jun-25,Jun-25,K02000001,United Kingdom,CP0441,04.4.1 Water supply
cpih01,67,2026-02-18T00:00:00.000Z,175.8,Jun-25,Jun-25,K02000001,United Kingdom,CP0733,07.3.3 Passenger transport by air
cpih01,67,2026-02-18T00:00:00.000Z,117.8,Jun-25,Jun-25,K02000001,United Kingdom,CP1212_1213,12.1.2/3 Appliances and products for personal care
cpih01,67,2026-02-18T00:00:00.000Z,120.0,Jun-25,Jun-25,K02000001,United Kingdom,CP0722,07.2.2 Fuels and lubricants
cpih01,67,2026-02-18T00:00:00.000Z,128.1,Jun-25,Jun-25,K02000001,United Kingdom,CP0933,"09.3.3 Gardens, plants and flowers"
cpih01,67,2026-02-18T00:00:00.000Z,146.1,Jun-25,Jun-25,K02000001,United Kingdom,CP0941,09.4.1 Recreational and sporting services
cpih01,67,2026-02-18T00:00:00.000Z,146.7,Jun-25,Jun-25,K02000001,United Kingdom,CP124,12.4 Social protection
cpih01,67,2026-02-18T00:00:00.000Z,119.4,Jun-25,Jun-25,K02000001,United Kingdom,CP0612_0613,06.1.2/3 Other medical and therapeutic equipment
cpih01,67,2026-02-18T00:00:00.000Z,152.7,Jun-25,Jun-25,K02000001,United Kingdom,CP049,04.9 Council Tax and rates
cpih01,67,2026-02-18T00:00:00.000Z,142.0,Jun-25,Jun-25,K02000001,United Kingdom,CP01,01 Food and non-alcoholic beverages
cpih01,67,2026-02-18T00:00:00.000Z,143.7,Jun-25,Jun-25,K02000001,United Kingdom,CP0121,"01.2.1 Coffee, tea and cocoa"
cpih01,67,2026-02-18T00:00:00.000Z,132.5,Jun-25,Jun-25,K02000001,United Kingdom,CP1252,12.5.2 House contents insurance
cpih01,67,2026-02-18T00:00:00.000Z,132.8,Jun-25,Jun-25,K02000001,United Kingdom,CP092,09.2 Other major durables for recreation and culture
cpih01,67,2026-02-18T00:00:00.000Z,164.4,Jun-25,Jun-25,K02000001,United Kingdom,CP044,04.4 Water supply and miscellaneous services relating to the dwelling
cpih01,67,2026-02-18T00:00:00.000Z,138.0,Jun-25,Jun-25,K02000001,United Kingdom,CP0117,01.1.7 Vegetables including potatoes and tubers
cpih01,67,2026-02-18T00:00:00.000Z,102.4,Jun-25,Jun-25,K02000001,United Kingdom,CP032,03.2 Footwear including repairs
cpih01,67,2026-02-18T00:00:00.000Z,123.0,Jun-25,Jun-25,K02000001,United Kingdom,CP12,12 Miscellaneous goods and services
cpih01,67,2026-02-18T00:00:00.000Z,98.2,Jun-25,Jun-25,K02000001,United Kingdom,CP091,09.1 Audio-visual equipment and related products
cpih01,67,2026-02-18T00:00:00.000Z,167.0,Jun-25,Jun-25,K02000001,United Kingdom,CP0734,07.3.4 Passenger transport by sea and inland waterway
cpih01,67,2026-02-18T00:00:00.000Z,174.7,Jun-25,Jun-25,K02000001,United Kingdom,CP125,12.5 Insurance
cpih01,67,2026-02-18T00:00:00.000Z,139.4,Jun-25,Jun-25,K02000001,United Kingdom,CP0562,05.6.2 Domestic services and household services
cpih01,67,2026-02-18T00:00:00.000Z,134.6,Jun-25,Jun-25,K02000001,United Kingdom,CP09,09 Recreation and culture
cpih01,67,2026-02-18T00:00:00.000Z,124.0,Jun-25,Jun-25,K02000001,United Kingdom,CP121,12.1 Personal care
cpih01,67,2026-02-18T00:00:00.000Z,146.9,Jun-25,Jun-25,K02000001,United Kingdom,CP012,01.2 Non-alcoholic beverages
cpih01,67,2026-02-18T00:00:00.000Z,150.5,Jun-25,Jun-25,K02000001,United Kingdom,CP11,11 Restaurants and hotels
cpih01,67,2026-02-18T00:00:00.000Z,145.3,Jun-25,Jun-25,K02000001,United Kingdom,CP10,10 Education
cpih01,67,2026-02-18T00:00:00.000Z,144.6,Jun-25,Jun-25,K02000001,United Kingdom,CP0731,07.3.1 Passenger transport by railway
cpih01,67,2026-02-18T00:00:00.000Z,148.4,Jun-25,Jun-25,K02000001,United Kingdom,CP0122,"01.2.2 Mineral waters, soft drinks and juices"
cpih01,67,2026-02-18T00:00:00.000Z,120.0,May-25,May-25,K02000001,United Kingdom,CP0531_0532,05.3.1/2 Major appliances and small electric goods
cpih01,67,2026-02-18T00:00:00.000Z,123.2,May-25,May-25,K02000001,United Kingdom,CP021,02.1 Alcoholic beverages
cpih01,67,2026-02-18T00:00:00.000Z,121.4,May-25,May-25,K02000001,United Kingdom,CP0932,09.3.2 Equipment for sport and open-air recreation
cpih01,67,2026-02-18T00:00:00.000Z,146.0,May-25,May-25,K02000001,United Kingdom,CP124,12.4 Social protection
cpih01,67,2026-02-18T00:00:00.000Z,130.9,May-25,May-25,K02000001,United Kingdom,CP061,"06.1 Medical products, appliances and equipment"
cpih01,67,2026-02-18T00:00:00.000Z,140.9,May-25,May-25,K02000001,United Kingdom,CP0942,09.4.2 Cultural services
cpih01,67,2026-02-18T00:00:00.000Z,119.7,May-25,May-25,K02000001,United Kingdom,CP053,"05.3 Household appliances, fitting and repairs"
cpih01,67,2026-02-18T00:00:00.000Z,174.4,May-25,May-25,K02000001,United Kingdom,CP0724,07.2.4 Other services
cpih01,67,2026-02-18T00:00:00.000Z,138.5,May-25,May-25,K02000001,United Kingdom,CP072,07.2 Operation of personal transport equipment
cpih01,67,2026-02-18T00:00:00.000Z,164.3,May-25,May-25,K02000001,United Kingdom,CP063,06.3 Hospital services
cpih01,67,2026-02-18T00:00:00.000Z,150.1,May-25,May-25,K02000001,United Kingdom,CP0622,06.2.2 Dental services
cpih01,67,2026-02-18T00:00:00.000Z,155.6,May-25,May-25,K02000001,United Kingdom,CP02,02 Alcoholic beverages and tobacco
cpih01,67,2026-02-18T00:00:00.000Z,120.2,May-25,May-25,K02000001,United Kingdom,CP0211,02.1.1 Spirits
cpih01,67,2026-02-18T00:00:00.000Z,115.8,May-25,May-25,K02000001,United Kingdom,CP0561,05.6.1 Non-durable household goods
cpih01,67,2026-02-18T00:00:00.000Z,147.1,May-25,May-25,K02000001,United Kingdom,CP0122,"01.2.2 Mineral waters, soft drinks and juices"
cpih01,67,2026-02-18T00:00:00.000Z,137.0,May-25,May-25,K02000001,United Kingdom,CP07,07 Transport
cpih01,67,2026-02-18T00:00:00.000Z,144.2,May-25,May-25,K02000001,United Kingdom,CP0934_0935,"09.3.4/5 Pets, related products and services"
cpih01,67,2026-02-18T00:00:00.000Z,139.8,May-25,May-25,K02000001,United Kingdom,CP06,06 Health
cpih01,67,2026-02-18T00:00:00.000Z,139.2,May-25,May-25,K02000001,United Kingdom,CP0562,05.6.2 Domestic services and household services
cpih01,67,2026-02-18T00:00:00.000Z,75.7,May-25,May-25,K02000001,United Kingdom,CP0913,09.1.3 Data processing equipment
cpih01,67,2026-02-18T00:00:00.000Z,142.2,May-25,May-25,K02000001,United Kingdom,CP0121,"01.2.1 Coffee, tea and cocoa"
cpih01,67,2026-02-18T00:00:00.000Z,133.7,May-25,May-25,K02000001,United Kingdom,CP042,04.2 Owner Occupiers Housing Costs
cpih01,67,2026-02-18T00:00:00.000Z,158.6,May-25,May-25,K02000001,United Kingdom,CP0452,04.5.2 Gas
cpih01,67,2026-02-18T00:00:00.000Z,158.7,May-25,May-25,K02000001,United Kingdom,CP0734,07.3.4 Passenger transport by sea and inland waterway
cpih01,67,2026-02-18T00:00:00.000Z,108.7,May-25,May-25,K02000001,United Kingdom,CP127,12.7 Other services (nec)
cpih01,67,2026-02-18T00:00:00.000Z,155.6,May-25,May-25,K02000001,United Kingdom,CP0914,09.1.4 Recording media
cpih01,67,2026-02-18T00:00:00.000Z,142.2,May-25,May-25,K02000001,United Kingdom,CP094,09.4 Recreational and cultural services
cpih01,67,2026-02-18T00:00:00.000Z,131.9,May-25,May-25,K02000001,United Kingdom,CP041,04.1 Actual rentals for housing
cpih01,67,2026-02-18T00:00:00.000Z,149.3,May-25,May-25,K02000001,United Kingdom,CP0723,07.2.3 Maintenance and repairs
cpih01,67,2026-02-18T00:00:00.000Z,134.1,May-25,May-25,K02000001,United Kingdom,CP09,09 Recreation and culture
cpih01,67,2026-02-18T00:00:00.000Z,137.0,May-25,May-25,K02000001,United Kingdom,CP062,06.2 Out-patient services
cpih01,67,2026-02-18T00:00:00.000Z,190.4,May-25,May-25,K02000001,United Kingdom,CP0115,01.1.5 Oils and fats
cpih01,67,2026-02-18T00:00:00.000Z,119.8,May-25,May-25,K02000001,United Kingdom,CP055,05.5 Tools and equipment for house and garden
cpih01,67,2026-02-18T00:00:00.000Z,165.5,May-25,May-25,K02000001,United Kingdom,CP0441,04.4.1 Water supply
cpih01,67,2026-02-18T00:00:00.000Z,140.4,May-25,May-25,K02000001,United Kingdom,CP0111,01.1.1 Bread and cereals
cpih01,67,2026-02-18T00:00:00.000Z,110.1,May-25,May-25,K02000001,United Kingdom,CP0432,04.3.2 Services for maintenance and repair of the dwelling
cpih01,67,2026-02-18T00:00:00.000Z,138.0,May-25,May-25,K02000001,United Kingdom,CP00,Overall Index
cpih01,67,2026-02-18T00:00:00.000Z,105.9,May-25,May-25,K02000001,United Kingdom,CP1112,11.1.2 Canteens
cpih01,67,2026-02-18T00:00:00.000Z,133.3,May-25,May-25,K02000001,United Kingdom,CP0112,01.1.2 Meat
cpih01,67,2026-02-18T00:00:00.000Z,152.7,May-25,May-25,K02000001,United Kingdom,CP049,04.9 Council Tax and rates
cpih01,67,2026-02-18T00:00:00.000Z,142.6,May-25,May-25,K02000001,United Kingdom,CP0731,07.3.1 Passenger transport by railway
cpih01,67,2026-02-18T00:00:00.000Z,179.8,May-25,May-25,K02000001,United Kingdom,CP045,"04.5 Electricity, gas and other fuels"
cpih01,67,2026-02-18T00:00:00.000Z,144.0,May-25,May-25,K02000001,United Kingdom,CP1211,12.1.1 Hairdressing and personal grooming establishments
cpih01,67,2026-02-18T00:00:00.000Z,97.8,May-25,May-25,K02000001,United Kingdom,CP091,09.1 Audio-visual equipment and related products
cpih01,67,2026-02-18T00:00:00.000Z,171.3,May-25,May-25,K02000001,United Kingdom,CP1253,12.5.3 Health insurance
cpih01,67,2026-02-18T00:00:00.000Z,157.5,May-25,May-25,K02000001,United Kingdom,CP095,"09.5 Books, newspapers and stationery"
cpih01,67,2026-02-18T00:00:00.000Z,146.5,May-25,May-25,K02000001,United Kingdom,CP0118,"01.1.8 Sugar, jam, syrups, chocolate and confectionery"
cpih01,67,2026-02-18T00:00:00.000Z,122.5,May-25,May-25,K02000001,United Kingdom,CP0533,05.3.3 Repair of household appliances
cpih01,67,2026-02-18T00:00:00.000Z,124.7,May-25,May-25,K02000001,United Kingdom,CP121,12.1 Personal care
cpih01,67,2026-02-18T00:00:00.000Z,158.1,May-25,May-25,K02000001,United Kingdom,CP073,07.3 Transport services
cpih01,67,2026-02-18T00:00:00.000Z,148.1,May-25,May-25,K02000001,United Kingdom,CP111,11.1 Catering services
cpih01,67,2026-02-18T00:00:00.000Z,155.2,May-25,May-25,K02000001,United Kingdom,CP112,11.2 Accommodation services
cpih01,67,2026-02-18T00:00:00.000Z,120.0,May-25,May-25,K02000001,United Kingdom,CP0212,02.1.2 Wine
cpih01,67,2026-02-18T00:00:00.000Z,149.3,May-25,May-25,K02000001,United Kingdom,CP11,11 Restaurants and hotels
cpih01,67,2026-02-18T00:00:00.000Z,164.4,May-25,May-25,K02000001,United Kingdom,CP044,04.4 Water supply and miscellaneous services relating to the dwelling
cpih01,67,2026-02-18T00:00:00.000Z,139.7,May-25,May-25,K02000001,United Kingdom,CP0711N1,07.1.1.1 New motor cars
cpih01,67,2026-02-18T00:00:00.000Z,138.7,May-25,May-25,K02000001,United Kingdom,CP0721,07.2.1 Spare parts and accessories
cpih01,67,2026-02-18T00:00:00.000Z,139.5,May-25,May-25,K02000001,United Kingdom,CP0511,05.1.1 Furniture and furnishings
cpih01,67,2026-02-18T00:00:00.000Z,119.9,May-25,May-25,K02000001,United Kingdom,CP03,03 Clothing and footwear
cpih01,67,2026-02-18T00:00:00.000Z,120.2,May-25,May-25,K02000001,United Kingdom,CP123,12.3 Personal effects (nec)
cpih01,67,2026-02-18T00:00:00.000Z,127.8,May-25,May-25,K02000001,United Kingdom,CP1231,"12.3.1 Jewellery, clocks and watches"
cpih01,67,2026-02-18T00:00:00.000Z,145.3,May-25,May-25,K02000001,United Kingdom,CP10,10 Education
cpih01,67,2026-02-18T00:00:00.000Z,152.7,May-25,May-25,K02000001,United Kingdom,CP0454,04.5.4 Solid fuels
cpih01,67,2026-02-18T00:00:00.000Z,145.5,May-25,May-25,K02000001,United Kingdom,CP012,01.2 Non-alcoholic beverages
cpih01,67,2026-02-18T00:00:00.000Z,124.0,May-25,May-25,K02000001,United Kingdom,CP093,"09.3 Other recreational items, gardens and pets"
cpih01,67,2026-02-18T00:00:00.000Z,204.9,May-25,May-25,K02000001,United Kingdom,CP0952,09.5.2 Newspapers and periodicals
cpih01,67,2026-02-18T00:00:00.000Z,141.0,May-25,May-25,K02000001,United Kingdom,CP011,01.1 Food
cpih01,67,2026-02-18T00:00:00.000Z,141.6,May-25,May-25,K02000001,United Kingdom,CP01,01 Food and non-alcoholic beverages
cpih01,67,2026-02-18T00:00:00.000Z,152.5,May-25,May-25,K02000001,United Kingdom,CP0119,01.1.9 Food products (nec)
cpih01,67,2026-02-18T00:00:00.000Z,142.5,May-25,May-25,K02000001,United Kingdom,CP08,08 Communication
cpih01,67,2026-02-18T00:00:00.000Z,152.4,May-25,May-25,K02000001,United Kingdom,CP0951,09.5.1 Books
cpih01,67,2026-02-18T00:00:00.000Z,107.0,May-25,May-25,K02000001,United Kingdom,CP0931,"09.3.1 Games, toys and hobbies"
cpih01,67,2026-02-18T00:00:00.000Z,173.6,May-25,May-25,K02000001,United Kingdom,CP1254,12.5.4 Transport insurance
cpih01,67,2026-02-18T00:00:00.000Z,162.9,May-25,May-25,K02000001,United Kingdom,CP0733,07.3.3 Passenger transport by air
cpih01,67,2026-02-18T00:00:00.000Z,106.4,May-25,May-25,K02000001,United Kingdom,CP0915,09.1.5 Repair of audio-visual equipment and related products
cpih01,67,2026-02-18T00:00:00.000Z,132.4,May-25,May-25,K02000001,United Kingdom,CP0213,02.1.3 Beer
cpih01,67,2026-02-18T00:00:00.000Z,131.8,May-25,May-25,K02000001,United Kingdom,CP056,05.6 Goods and services for routine maintenance
cpih01,67,2026-02-18T00:00:00.000Z,175.4,May-25,May-25,K02000001,United Kingdom,CP081,08.1 Postal services
cpih01,67,2026-02-18T00:00:00.000Z,138.9,May-25,May-25,K02000001,United Kingdom,CP051,"05.1 Furniture, furnishings and carpets"
cpih01,67,2026-02-18T00:00:00.000Z,128.2,May-25,May-25,K02000001,United Kingdom,CP0621_0623,06.2.1/3 Medical services and paramedical services
cpih01,67,2026-02-18T00:00:00.000Z,126.9,May-25,May-25,K02000001,United Kingdom,CP05,"05 Furniture, household equipment and maintenance"
cpih01,67,2026-02-18T00:00:00.000Z,110.1,May-25,May-25,K02000001,United Kingdom,CP054,"05.4 Glassware, tableware and household utensils"
cpih01,67,2026-02-18T00:00:00.000Z,140.5,May-25,May-25,K02000001,United Kingdom,CP04,"04 Housing, water, electricity, gas and other fuels"
cpih01,67,2026-02-18T00:00:00.000Z,164.0,May-25,May-25,K02000001,United Kingdom,CP0443,04.4.3 Sewerage collection
cpih01,67,2026-02-18T00:00:00.000Z,135.1,May-25,May-25,K02000001,United Kingdom,CP0953_0954,"09.5.3/4 Miscellaneous printed matter, stationery and drawing materials"
cpih01,67,2026-02-18T00:00:00.000Z,124.3,May-25,May-25,K02000001,United Kingdom,CP071,07.1 Purchase of vehicles
cpih01,67,2026-02-18T00:00:00.000Z,123.4,May-25,May-25,K02000001,United Kingdom,CP031,03.1 Clothing
cpih01,67,2026-02-18T00:00:00.000Z,132.4,May-25,May-25,K02000001,United Kingdom,CP0431,04.3.1 Materials for maintenance and repair of the dwelling
cpih01,67,2026-02-18T00:00:00.000Z,120.5,May-25,May-25,K02000001,United Kingdom,CP0722,07.2.2 Fuels and lubricants
cpih01,67,2026-02-18T00:00:00.000Z,135.1,May-25,May-25,K02000001,United Kingdom,CP0453,04.5.3 Liquid fuels
cpih01,67,2026-02-18T00:00:00.000Z,82.6,May-25,May-25,K02000001,United Kingdom,CP0912,"09.1.2 Photographic, cinematographic and optical equipment"
cpih01,67,2026-02-18T00:00:00.000Z,79.5,May-25,May-25,K02000001,United Kingdom,CP0911,09.1.1 Reception and reproduction of sound and pictures
cpih01,67,2026-02-18T00:00:00.000Z,137.4,May-25,May-25,K02000001,United Kingdom,CP0512,05.1.2 Carpets and other floor coverings
cpih01,67,2026-02-18T00:00:00.000Z,118.8,May-25,May-25,K02000001,United Kingdom,CP1212_1213,12.1.2/3 Appliances and products for personal care
cpih01,67,2026-02-18T00:00:00.000Z,132.9,May-25,May-25,K02000001,United Kingdom,CP1252,12.5.2 House contents insurance
cpih01,67,2026-02-18T00:00:00.000Z,123.2,May-25,May-25,K02000001,United Kingdom,CP0312,03.1.2 Garments
cpih01,67,2026-02-18T00:00:00.000Z,133.7,May-25,May-25,K02000001,United Kingdom,CP0113,01.1.3 Fish
cpih01,67,2026-02-18T00:00:00.000Z,92.3,May-25,May-25,K02000001,United Kingdom,CP126,12.6 Financial services (nec)
cpih01,67,2026-02-18T00:00:00.000Z,137.2,May-25,May-25,K02000001,United Kingdom,CP0117,01.1.7 Vegetables including potatoes and tubers
cpih01,67,2026-02-18T00:00:00.000Z,137.8,May-25,May-25,K02000001,United Kingdom,CP0611,06.1.1 Pharmaceutical products
cpih01,67,2026-02-18T00:00:00.000Z,103.1,May-25,May-25,K02000001,United Kingdom,CP1232,12.3.2 Other personal effects
cpih01,67,2026-02-18T00:00:00.000Z,121.4,May-25,May-25,K02000001,United Kingdom,CP043,04.3 Regular maintenance and repair of the dwelling
cpih01,67,2026-02-18T00:00:00.000Z,115.7,May-25,May-25,K02000001,United Kingdom,CP052,05.2 Household textiles
cpih01,67,2026-02-18T00:00:00.000Z,174.1,May-25,May-25,K02000001,United Kingdom,CP125,12.5 Insurance
cpih01,67,2026-02-18T00:00:00.000Z,117.9,May-25,May-25,K02000001,United Kingdom,CP0313,03.1.3 Other clothing and clothing accessories
cpih01,67,2026-02-18T00:00:00.000Z,119.5,May-25,May-25,K02000001,United Kingdom,CP0612_0613,06.1.2/3 Other medical and therapeutic equipment
cpih01,67,2026-02-18T00:00:00.000Z,132.7,May-25,May-25,K02000001,United Kingdom,CP092,09.2 Other major durables for recreation and culture
cpih01,67,2026-02-18T00:00:00.000Z,145.7,May-25,May-25,K02000001,United Kingdom,CP0941,09.4.1 Recreational and sporting services
cpih01,67,2026-02-18T00:00:00.000Z,196.7,May-25,May-25,K02000001,United Kingdom,CP0451,04.5.1 Electricity
cpih01,67,2026-02-18T00:00:00.000Z,136.6,May-25,May-25,K02000001,United Kingdom,CP0116,01.1.6 Fruit
cpih01,67,2026-02-18T00:00:00.000Z,145.8,May-25,May-25,K02000001,United Kingdom,CP0114,"01.1.4 Milk, cheese and eggs"
cpih01,67,2026-02-18T00:00:00.000Z,128.2,May-25,May-25,K02000001,United Kingdom,CP0933,"09.3.3 Gardens, plants and flowers"
cpih01,67,2026-02-18T00:00:00.000Z,165.9,May-25,May-25,K02000001,United Kingdom,CP0732_0736,07.3.2/6 Passenger transport by road and other services
cpih01,67,2026-02-18T00:00:00.000Z,122.4,May-25,May-25,K02000001,United Kingdom,CP0712_0713,07.1.2/3 Motocycles and bicycles
cpih01,67,2026-02-18T00:00:00.000Z,102.7,May-25,May-25,K02000001,United Kingdom,CP032,03.2 Footwear including repairs
cpih01,67,2026-02-18T00:00:00.000Z,154.2,May-25,May-25,K02000001,United Kingdom,CP0314,"03.1.4 Cleaning, repair and hire of clothing"
cpih01,67,2026-02-18T00:00:00.000Z,112.3,May-25,May-25,K02000001,United Kingdom,CP0711N2,07.1.1.2 Second-hand motor cars
cpih01,67,2026-02-18T00:00:00.000Z,190.4,May-25,May-25,K02000001,United Kingdom,CP022,02.2 Tobacco
cpih01,67,2026-02-18T00:00:00.000Z,123.1,May-25,May-25,K02000001,United Kingdom,CP12,12 Miscellaneous goods and services
cpih01,67,2026-02-18T00:00:00.000Z,157.5,May-25,May-25,K02000001,United Kingdom,CP096,09.6 Package holidays
cpih01,67,2026-02-18T00:00:00.000Z,149.6,May-25,May-25,K02000001,United Kingdom,CP1111,11.1.1 Restaurants and cafes
cpih01,67,2026-02-18T00:00:00.000Z,140.8,May-25,May-25,K02000001,United Kingdom,CP082_083,08.2/3 Telephone and telefax equipment
cpih01,67,2026-02-18T00:00:00.000Z,127.7,Apr-25,Apr-25,K02000001,United Kingdom,CP0621_0623,06.2.1/3 Medical services and paramedical services
cpih01,67,2026-02-18T00:00:00.000Z,122.3,Apr-25,Apr-25,K02000001,United Kingdom,CP031,03.1 Clothing
cpih01,67,2026-02-18T00:00:00.000Z,147.4,Apr-25,Apr-25,K02000001,United Kingdom,CP111,11.1 Catering services
cpih01,67,2026-02-18T00:00:00.000Z,143.4,Apr-25,Apr-25,K02000001,United Kingdom,CP0934_0935,"09.3.4/5 Pets, related products and services"
cpih01,67,2026-02-18T00:00:00.000Z,136.1,Apr-25,Apr-25,K02000001,United Kingdom,CP0511,05.1.1 Furniture and furnishings
cpih01,67,2026-02-18T00:00:00.000Z,146.0,Apr-25,Apr-25,K02000001,United Kingdom,CP0731,07.3.1 Passenger transport by railway
cpih01,67,2026-02-18T00:00:00.000Z,117.4,Apr-25,Apr-25,K02000001,United Kingdom,CP055,05.5 Tools and equipment for house and garden
cpih01,67,2026-02-18T00:00:00.000Z,145.4,Apr-25,Apr-25,K02000001,United Kingdom,CP124,12.4 Social protection
cpih01,67,2026-02-18T00:00:00.000Z,145.3,Apr-25,Apr-25,K02000001,United Kingdom,CP10,10 Education
cpih01,67,2026-02-18T00:00:00.000Z,141.4,Apr-25,Apr-25,K02000001,United Kingdom,CP0942,09.4.2 Cultural services
cpih01,67,2026-02-18T00:00:00.000Z,131.7,Apr-25,Apr-25,K02000001,United Kingdom,CP041,04.1 Actual rentals for housing
cpih01,67,2026-02-18T00:00:00.000Z,122.5,Apr-25,Apr-25,K02000001,United Kingdom,CP0533,05.3.3 Repair of household appliances
cpih01,67,2026-02-18T00:00:00.000Z,108.3,Apr-25,Apr-25,K02000001,United Kingdom,CP127,12.7 Other services (nec)
cpih01,67,2026-02-18T00:00:00.000Z,150.6,Apr-25,Apr-25,K02000001,United Kingdom,CP0119,01.1.9 Food products (nec)
cpih01,67,2026-02-18T00:00:00.000Z,102.3,Apr-25,Apr-25,K02000001,United Kingdom,CP1232,12.3.2 Other personal effects
cpih01,67,2026-02-18T00:00:00.000Z,140.6,Apr-25,Apr-25,K02000001,United Kingdom,CP01,01 Food and non-alcoholic beverages
cpih01,67,2026-02-18T00:00:00.000Z,132.8,Apr-25,Apr-25,K02000001,United Kingdom,CP0213,02.1.3 Beer
cpih01,67,2026-02-18T00:00:00.000Z,139.5,Apr-25,Apr-25,K02000001,United Kingdom,CP07,07 Transport
cpih01,67,2026-02-18T00:00:00.000Z,152.7,Apr-25,Apr-25,K02000001,United Kingdom,CP0454,04.5.4 Solid fuels
cpih01,67,2026-02-18T00:00:00.000Z,148.1,Apr-25,Apr-25,K02000001,United Kingdom,CP0723,07.2.3 Maintenance and repairs
cpih01,67,2026-02-18T00:00:00.000Z,117.8,Apr-25,Apr-25,K02000001,United Kingdom,CP0531_0532,05.3.1/2 Major appliances and small electric goods
cpih01,67,2026-02-18T00:00:00.000Z,152.7,Apr-25,Apr-25,K02000001,United Kingdom,CP049,04.9 Council Tax and rates
cpih01,67,2026-02-18T00:00:00.000Z,153.1,Apr-25,Apr-25,K02000001,United Kingdom,CP0914,09.1.4 Recording media
cpih01,67,2026-02-18T00:00:00.000Z,112.7,Apr-25,Apr-25,K02000001,United Kingdom,CP0711N2,07.1.1.2 Second-hand motor cars
cpih01,67,2026-02-18T00:00:00.000Z,119.2,Apr-25,Apr-25,K02000001,United Kingdom,CP0612_0613,06.1.2/3 Other medical and therapeutic equipment
cpih01,67,2026-02-18T00:00:00.000Z,120.1,Apr-25,Apr-25,K02000001,United Kingdom,CP043,04.3 Regular maintenance and repair of the dwelling
cpih01,67,2026-02-18T00:00:00.000Z,81.8,Apr-25,Apr-25,K02000001,United Kingdom,CP0912,"09.1.2 Photographic, cinematographic and optical equipment"
cpih01,67,2026-02-18T00:00:00.000Z,149.0,Apr-25,Apr-25,K02000001,United Kingdom,CP1111,11.1.1 Restaurants and cafes
cpih01,67,2026-02-18T00:00:00.000Z,130.7,Apr-25,Apr-25,K02000001,United Kingdom,CP0113,01.1.3 Fish
cpih01,67,2026-02-18T00:00:00.000Z,123.2,Apr-25,Apr-25,K02000001,United Kingdom,CP021,02.1 Alcoholic beverages
cpih01,67,2026-02-18T00:00:00.000Z,164.0,Apr-25,Apr-25,K02000001,United Kingdom,CP063,06.3 Hospital services
cpih01,67,2026-02-18T00:00:00.000Z,141.7,Apr-25,Apr-25,K02000001,United Kingdom,CP072,07.2 Operation of personal transport equipment
cpih01,67,2026-02-18T00:00:00.000Z,163.2,Apr-25,Apr-25,K02000001,United Kingdom,CP073,07.3 Transport services
cpih01,67,2026-02-18T00:00:00.000Z,175.4,Apr-25,Apr-25,K02000001,United Kingdom,CP081,08.1 Postal services
cpih01,67,2026-02-18T00:00:00.000Z,142.4,Apr-25,Apr-25,K02000001,United Kingdom,CP094,09.4 Recreational and cultural services
cpih01,67,2026-02-18T00:00:00.000Z,155.5,Apr-25,Apr-25,K02000001,United Kingdom,CP02,02 Alcoholic beverages and tobacco
cpih01,67,2026-02-18T00:00:00.000Z,102.6,Apr-25,Apr-25,K02000001,United Kingdom,CP032,03.2 Footwear including repairs
cpih01,67,2026-02-18T00:00:00.000Z,123.4,Apr-25,Apr-25,K02000001,United Kingdom,CP093,"09.3 Other recreational items, gardens and pets"
cpih01,67,2026-02-18T00:00:00.000Z,135.9,Apr-25,Apr-25,K02000001,United Kingdom,CP051,"05.1 Furniture, furnishings and carpets"
cpih01,67,2026-02-18T00:00:00.000Z,141.1,Apr-25,Apr-25,K02000001,United Kingdom,CP082_083,08.2/3 Telephone and telefax equipment
cpih01,67,2026-02-18T00:00:00.000Z,133.2,Apr-25,Apr-25,K02000001,United Kingdom,CP042,04.2 Owner Occupiers Housing Costs
cpih01,67,2026-02-18T00:00:00.000Z,156.4,Apr-25,Apr-25,K02000001,United Kingdom,CP095,"09.5 Books, newspapers and stationery"
cpih01,67,2026-02-18T00:00:00.000Z,136.2,Apr-25,Apr-25,K02000001,United Kingdom,CP0117,01.1.7 Vegetables including potatoes and tubers
cpih01,67,2026-02-18T00:00:00.000Z,106.5,Apr-25,Apr-25,K02000001,United Kingdom,CP1112,11.1.2 Canteens
cpih01,67,2026-02-18T00:00:00.000Z,110.1,Apr-25,Apr-25,K02000001,United Kingdom,CP0432,04.3.2 Services for maintenance and repair of the dwelling
cpih01,67,2026-02-18T00:00:00.000Z,106.3,Apr-25,Apr-25,K02000001,United Kingdom,CP0915,09.1.5 Repair of audio-visual equipment and related products
cpih01,67,2026-02-18T00:00:00.000Z,140.0,Apr-25,Apr-25,K02000001,United Kingdom,CP0121,"01.2.1 Coffee, tea and cocoa"
cpih01,67,2026-02-18T00:00:00.000Z,121.1,Apr-25,Apr-25,K02000001,United Kingdom,CP0211,02.1.1 Spirits
cpih01,67,2026-02-18T00:00:00.000Z,142.7,Apr-25,Apr-25,K02000001,United Kingdom,CP08,08 Communication
cpih01,67,2026-02-18T00:00:00.000Z,122.5,Apr-25,Apr-25,K02000001,United Kingdom,CP0722,07.2.2 Fuels and lubricants
cpih01,67,2026-02-18T00:00:00.000Z,117.6,Apr-25,Apr-25,K02000001,United Kingdom,CP053,"05.3 Household appliances, fitting and repairs"
cpih01,67,2026-02-18T00:00:00.000Z,133.7,Apr-25,Apr-25,K02000001,United Kingdom,CP1252,12.5.2 House contents insurance
cpih01,67,2026-02-18T00:00:00.000Z,133.0,Apr-25,Apr-25,K02000001,United Kingdom,CP056,05.6 Goods and services for routine maintenance
cpih01,67,2026-02-18T00:00:00.000Z,137.3,Apr-25,Apr-25,K02000001,United Kingdom,CP0611,06.1.1 Pharmaceutical products
cpih01,67,2026-02-18T00:00:00.000Z,139.3,Apr-25,Apr-25,K02000001,United Kingdom,CP06,06 Health
cpih01,67,2026-02-18T00:00:00.000Z,136.5,Apr-25,Apr-25,K02000001,United Kingdom,CP0116,01.1.6 Fruit
cpih01,67,2026-02-18T00:00:00.000Z,202.0,Apr-25,Apr-25,K02000001,United Kingdom,CP0952,09.5.2 Newspapers and periodicals
cpih01,67,2026-02-18T00:00:00.000Z,120.8,Apr-25,Apr-25,K02000001,United Kingdom,CP0712_0713,07.1.2/3 Motocycles and bicycles
cpih01,67,2026-02-18T00:00:00.000Z,113.5,Apr-25,Apr-25,K02000001,United Kingdom,CP052,05.2 Household textiles
cpih01,67,2026-02-18T00:00:00.000Z,141.4,Apr-25,Apr-25,K02000001,United Kingdom,CP0111,01.1.1 Bread and cereals
cpih01,67,2026-02-18T00:00:00.000Z,80.9,Apr-25,Apr-25,K02000001,United Kingdom,CP0911,09.1.1 Reception and reproduction of sound and pictures
cpih01,67,2026-02-18T00:00:00.000Z,106.2,Apr-25,Apr-25,K02000001,United Kingdom,CP0931,"09.3.1 Games, toys and hobbies"
cpih01,67,2026-02-18T00:00:00.000Z,122.3,Apr-25,Apr-25,K02000001,United Kingdom,CP0312,03.1.2 Garments
cpih01,67,2026-02-18T00:00:00.000Z,138.5,Apr-25,Apr-25,K02000001,United Kingdom,CP0562,05.6.2 Domestic services and household services
cpih01,67,2026-02-18T00:00:00.000Z,158.6,Apr-25,Apr-25,K02000001,United Kingdom,CP0452,04.5.2 Gas
cpih01,67,2026-02-18T00:00:00.000Z,144.5,Apr-25,Apr-25,K02000001,United Kingdom,CP0118,"01.1.8 Sugar, jam, syrups, chocolate and confectionery"
cpih01,67,2026-02-18T00:00:00.000Z,109.0,Apr-25,Apr-25,K02000001,United Kingdom,CP054,"05.4 Glassware, tableware and household utensils"
cpih01,67,2026-02-18T00:00:00.000Z,143.5,Apr-25,Apr-25,K02000001,United Kingdom,CP0114,"01.1.4 Milk, cheese and eggs"
cpih01,67,2026-02-18T00:00:00.000Z,172.7,Apr-25,Apr-25,K02000001,United Kingdom,CP1254,12.5.4 Transport insurance
cpih01,67,2026-02-18T00:00:00.000Z,193.2,Apr-25,Apr-25,K02000001,United Kingdom,CP0115,01.1.5 Oils and fats
cpih01,67,2026-02-18T00:00:00.000Z,141.5,Apr-25,Apr-25,K02000001,United Kingdom,CP0453,04.5.3 Liquid fuels
cpih01,67,2026-02-18T00:00:00.000Z,137.7,Apr-25,Apr-25,K02000001,United Kingdom,CP00,Overall Index
cpih01,67,2026-02-18T00:00:00.000Z,119.0,Apr-25,Apr-25,K02000001,United Kingdom,CP03,03 Clothing and footwear
cpih01,67,2026-02-18T00:00:00.000Z,164.0,Apr-25,Apr-25,K02000001,United Kingdom,CP0443,04.4.3 Sewerage collection
cpih01,67,2026-02-18T00:00:00.000Z,122.6,Apr-25,Apr-25,K02000001,United Kingdom,CP12,12 Miscellaneous goods and services
cpih01,67,2026-02-18T00:00:00.000Z,156.8,Apr-25,Apr-25,K02000001,United Kingdom,CP096,09.6 Package holidays
cpih01,67,2026-02-18T00:00:00.000Z,133.8,Apr-25,Apr-25,K02000001,United Kingdom,CP09,09 Recreation and culture
cpih01,67,2026-02-18T00:00:00.000Z,152.4,Apr-25,Apr-25,K02000001,United Kingdom,CP0314,"03.1.4 Cleaning, repair and hire of clothing"
cpih01,67,2026-02-18T00:00:00.000Z,140.1,Apr-25,Apr-25,K02000001,United Kingdom,CP04,"04 Housing, water, electricity, gas and other fuels"
cpih01,67,2026-02-18T00:00:00.000Z,130.5,Apr-25,Apr-25,K02000001,United Kingdom,CP061,"06.1 Medical products, appliances and equipment"
cpih01,67,2026-02-18T00:00:00.000Z,97.5,Apr-25,Apr-25,K02000001,United Kingdom,CP091,09.1 Audio-visual equipment and related products
cpih01,67,2026-02-18T00:00:00.000Z,150.4,Apr-25,Apr-25,K02000001,United Kingdom,CP0951,09.5.1 Books
cpih01,67,2026-02-18T00:00:00.000Z,174.0,Apr-25,Apr-25,K02000001,United Kingdom,CP125,12.5 Insurance
cpih01,67,2026-02-18T00:00:00.000Z,171.3,Apr-25,Apr-25,K02000001,United Kingdom,CP1253,12.5.3 Health insurance
cpih01,67,2026-02-18T00:00:00.000Z,118.9,Apr-25,Apr-25,K02000001,United Kingdom,CP123,12.3 Personal effects (nec)
cpih01,67,2026-02-18T00:00:00.000Z,116.0,Apr-25,Apr-25,K02000001,United Kingdom,CP0313,03.1.3 Other clothing and clothing accessories
cpih01,67,2026-02-18T00:00:00.000Z,136.7,Apr-25,Apr-25,K02000001,United Kingdom,CP0512,05.1.2 Carpets and other floor coverings
cpih01,67,2026-02-18T00:00:00.000Z,196.8,Apr-25,Apr-25,K02000001,United Kingdom,CP0451,04.5.1 Electricity
cpih01,67,2026-02-18T00:00:00.000Z,91.9,Apr-25,Apr-25,K02000001,United Kingdom,CP126,12.6 Financial services (nec)
cpih01,67,2026-02-18T00:00:00.000Z,165.5,Apr-25,Apr-25,K02000001,United Kingdom,CP0441,04.4.1 Water supply
cpih01,67,2026-02-18T00:00:00.000Z,171.5,Apr-25,Apr-25,K02000001,United Kingdom,CP0733,07.3.3 Passenger transport by air
cpih01,67,2026-02-18T00:00:00.000Z,117.9,Apr-25,Apr-25,K02000001,United Kingdom,CP0561,05.6.1 Non-durable household goods
cpih01,67,2026-02-18T00:00:00.000Z,186.9,Apr-25,Apr-25,K02000001,United Kingdom,CP0724,07.2.4 Other services
cpih01,67,2026-02-18T00:00:00.000Z,136.5,Apr-25,Apr-25,K02000001,United Kingdom,CP062,06.2 Out-patient services
cpih01,67,2026-02-18T00:00:00.000Z,190.0,Apr-25,Apr-25,K02000001,United Kingdom,CP022,02.2 Tobacco
cpih01,67,2026-02-18T00:00:00.000Z,125.0,Apr-25,Apr-25,K02000001,United Kingdom,CP05,"05 Furniture, household equipment and maintenance"
cpih01,67,2026-02-18T00:00:00.000Z,75.8,Apr-25,Apr-25,K02000001,United Kingdom,CP0913,09.1.3 Data processing equipment
cpih01,67,2026-02-18T00:00:00.000Z,119.2,Apr-25,Apr-25,K02000001,United Kingdom,CP0212,02.1.2 Wine
cpih01,67,2026-02-18T00:00:00.000Z,180.0,Apr-25,Apr-25,K02000001,United Kingdom,CP045,"04.5 Electricity, gas and other fuels"
cpih01,67,2026-02-18T00:00:00.000Z,135.2,Apr-25,Apr-25,K02000001,United Kingdom,CP0953_0954,"09.5.3/4 Miscellaneous printed matter, stationery and drawing materials"
cpih01,67,2026-02-18T00:00:00.000Z,143.4,Apr-25,Apr-25,K02000001,United Kingdom,CP1211,12.1.1 Hairdressing and personal grooming establishments
cpih01,67,2026-02-18T00:00:00.000Z,149.5,Apr-25,Apr-25,K02000001,United Kingdom,CP0622,06.2.2 Dental services
cpih01,67,2026-02-18T00:00:00.000Z,118.6,Apr-25,Apr-25,K02000001,United Kingdom,CP1212_1213,12.1.2/3 Appliances and products for personal care
cpih01,67,2026-02-18T00:00:00.000Z,147.1,Apr-25,Apr-25,K02000001,United Kingdom,CP0122,"01.2.2 Mineral waters, soft drinks and juices"
cpih01,67,2026-02-18T00:00:00.000Z,164.4,Apr-25,Apr-25,K02000001,United Kingdom,CP044,04.4 Water supply and miscellaneous services relating to the dwelling
cpih01,67,2026-02-18T00:00:00.000Z,176.8,Apr-25,Apr-25,K02000001,United Kingdom,CP0734,07.3.4 Passenger transport by sea and inland waterway
cpih01,67,2026-02-18T00:00:00.000Z,128.0,Apr-25,Apr-25,K02000001,United Kingdom,CP0933,"09.3.3 Gardens, plants and flowers"
cpih01,67,2026-02-18T00:00:00.000Z,124.4,Apr-25,Apr-25,K02000001,United Kingdom,CP071,07.1 Purchase of vehicles
cpih01,67,2026-02-18T00:00:00.000Z,126.4,Apr-25,Apr-25,K02000001,United Kingdom,CP1231,"12.3.1 Jewellery, clocks and watches"
cpih01,67,2026-02-18T00:00:00.000Z,132.5,Apr-25,Apr-25,K02000001,United Kingdom,CP092,09.2 Other major durables for recreation and culture
cpih01,67,2026-02-18T00:00:00.000Z,166.7,Apr-25,Apr-25,K02000001,United Kingdom,CP0732_0736,07.3.2/6 Passenger transport by road and other services
cpih01,67,2026-02-18T00:00:00.000Z,131.3,Apr-25,Apr-25,K02000001,United Kingdom,CP0112,01.1.2 Meat
cpih01,67,2026-02-18T00:00:00.000Z,121.3,Apr-25,Apr-25,K02000001,United Kingdom,CP0932,09.3.2 Equipment for sport and open-air recreation
cpih01,67,2026-02-18T00:00:00.000Z,124.4,Apr-25,Apr-25,K02000001,United Kingdom,CP121,12.1 Personal care
cpih01,67,2026-02-18T00:00:00.000Z,129.1,Apr-25,Apr-25,K02000001,United Kingdom,CP0431,04.3.1 Materials for maintenance and repair of the dwelling
cpih01,67,2026-02-18T00:00:00.000Z,140.0,Apr-25,Apr-25,K02000001,United Kingdom,CP011,01.1 Food
cpih01,67,2026-02-18T00:00:00.000Z,136.8,Apr-25,Apr-25,K02000001,United Kingdom,CP0721,07.2.1 Spare parts and accessories
cpih01,67,2026-02-18T00:00:00.000Z,145.0,Apr-25,Apr-25,K02000001,United Kingdom,CP012,01.2 Non-alcoholic beverages
cpih01,67,2026-02-18T00:00:00.000Z,151.9,Apr-25,Apr-25,K02000001,United Kingdom,CP112,11.2 Accommodation services
cpih01,67,2026-02-18T00:00:00.000Z,145.3,Apr-25,Apr-25,K02000001,United Kingdom,CP0941,09.4.1 Recreational and sporting services
cpih01,67,2026-02-18T00:00:00.000Z,148.2,Apr-25,Apr-25,K02000001,United Kingdom,CP11,11 Restaurants and hotels
cpih01,67,2026-02-18T00:00:00.000Z,139.6,Apr-25,Apr-25,K02000001,United Kingdom,CP0711N1,07.1.1.1 New motor cars
cpih01,67,2026-02-18T00:00:00.000Z,138.9,Mar-25,Mar-25,K02000001,United Kingdom,CP06,06 Health
cpih01,67,2026-02-18T00:00:00.000Z,129.7,Mar-25,Mar-25,K02000001,United Kingdom,CP0113,01.1.3 Fish
cpih01,67,2026-02-18T00:00:00.000Z,120.3,Mar-25,Mar-25,K02000001,United Kingdom,CP03,03 Clothing and footwear
cpih01,67,2026-02-18T00:00:00.000Z,119.2,Mar-25,Mar-25,K02000001,United Kingdom,CP0211,02.1.1 Spirits
cpih01,67,2026-02-18T00:00:00.000Z,131.9,Mar-25,Mar-25,K02000001,United Kingdom,CP056,05.6 Goods and services for routine maintenance
cpih01,67,2026-02-18T00:00:00.000Z,151.4,Mar-25,Mar-25,K02000001,United Kingdom,CP112,11.2 Accommodation services
cpih01,67,2026-02-18T00:00:00.000Z,110.0,Mar-25,Mar-25,K02000001,United Kingdom,CP0432,04.3.2 Services for maintenance and repair of the dwelling
cpih01,67,2026-02-18T00:00:00.000Z,121.6,Mar-25,Mar-25,K02000001,United Kingdom,CP0932,09.3.2 Equipment for sport and open-air recreation
cpih01,67,2026-02-18T00:00:00.000Z,123.7,Mar-25,Mar-25,K02000001,United Kingdom,CP093,"09.3 Other recreational items, gardens and pets"
cpih01,67,2026-02-18T00:00:00.000Z,108.1,Mar-25,Mar-25,K02000001,United Kingdom,CP127,12.7 Other services (nec)
cpih01,67,2026-02-18T00:00:00.000Z,99.1,Mar-25,Mar-25,K02000001,United Kingdom,CP091,09.1 Audio-visual equipment and related products
cpih01,67,2026-02-18T00:00:00.000Z,140.9,Mar-25,Mar-25,K02000001,United Kingdom,CP0941,09.4.1 Recreational and sporting services
cpih01,67,2026-02-18T00:00:00.000Z,169.2,Mar-25,Mar-25,K02000001,United Kingdom,CP081,08.1 Postal services
cpih01,67,2026-02-18T00:00:00.000Z,173.2,Mar-25,Mar-25,K02000001,United Kingdom,CP1254,12.5.4 Transport insurance
cpih01,67,2026-02-18T00:00:00.000Z,116.6,Mar-25,Mar-25,K02000001,United Kingdom,CP0561,05.6.1 Non-durable household goods
cpih01,67,2026-02-18T00:00:00.000Z,137.4,Mar-25,Mar-25,K02000001,United Kingdom,CP0942,09.4.2 Cultural services
cpih01,67,2026-02-18T00:00:00.000Z,139.2,Mar-25,Mar-25,K02000001,United Kingdom,CP011,01.1 Food
cpih01,67,2026-02-18T00:00:00.000Z,154.8,Mar-25,Mar-25,K02000001,United Kingdom,CP02,02 Alcoholic beverages and tobacco
cpih01,67,2026-02-18T00:00:00.000Z,137.7,Mar-25,Mar-25,K02000001,United Kingdom,CP04,"04 Housing, water, electricity, gas and other fuels"
cpih01,67,2026-02-18T00:00:00.000Z,133.4,Mar-25,Mar-25,K02000001,United Kingdom,CP1252,12.5.2 House contents insurance
cpih01,67,2026-02-18T00:00:00.000Z,172.5,Mar-25,Mar-25,K02000001,United Kingdom,CP045,"04.5 Electricity, gas and other fuels"
cpih01,67,2026-02-18T00:00:00.000Z,116.9,Mar-25,Mar-25,K02000001,United Kingdom,CP0313,03.1.3 Other clothing and clothing accessories
cpih01,67,2026-02-18T00:00:00.000Z,141.8,Mar-25,Mar-25,K02000001,United Kingdom,CP0731,07.3.1 Passenger transport by railway
cpih01,67,2026-02-18T00:00:00.000Z,122.4,Mar-25,Mar-25,K02000001,United Kingdom,CP0533,05.3.3 Repair of household appliances
cpih01,67,2026-02-18T00:00:00.000Z,130.2,Mar-25,Mar-25,K02000001,United Kingdom,CP0443,04.4.3 Sewerage collection
cpih01,67,2026-02-18T00:00:00.000Z,149.0,Mar-25,Mar-25,K02000001,United Kingdom,CP0951,09.5.1 Books
cpih01,67,2026-02-18T00:00:00.000Z,144.9,Mar-25,Mar-25,K02000001,United Kingdom,CP049,04.9 Council Tax and rates
cpih01,67,2026-02-18T00:00:00.000Z,123.5,Mar-25,Mar-25,K02000001,United Kingdom,CP071,07.1 Purchase of vehicles
cpih01,67,2026-02-18T00:00:00.000Z,122.7,Mar-25,Mar-25,K02000001,United Kingdom,CP0531_0532,05.3.1/2 Major appliances and small electric goods
cpih01,67,2026-02-18T00:00:00.000Z,123.5,Mar-25,Mar-25,K02000001,United Kingdom,CP031,03.1 Clothing
cpih01,67,2026-02-18T00:00:00.000Z,147.5,Mar-25,Mar-25,K02000001,United Kingdom,CP0452,04.5.2 Gas
cpih01,67,2026-02-18T00:00:00.000Z,137.5,Mar-25,Mar-25,K02000001,United Kingdom,CP0116,01.1.6 Fruit
cpih01,67,2026-02-18T00:00:00.000Z,107.5,Mar-25,Mar-25,K02000001,United Kingdom,CP0931,"09.3.1 Games, toys and hobbies"
cpih01,67,2026-02-18T00:00:00.000Z,142.9,Mar-25,Mar-25,K02000001,United Kingdom,CP0934_0935,"09.3.4/5 Pets, related products and services"
cpih01,67,2026-02-18T00:00:00.000Z,102.8,Mar-25,Mar-25,K02000001,United Kingdom,CP1232,12.3.2 Other personal effects
cpih01,67,2026-02-18T00:00:00.000Z,106.1,Mar-25,Mar-25,K02000001,United Kingdom,CP0915,09.1.5 Repair of audio-visual equipment and related products
cpih01,67,2026-02-18T00:00:00.000Z,150.3,Mar-25,Mar-25,K02000001,United Kingdom,CP073,07.3 Transport services
cpih01,67,2026-02-18T00:00:00.000Z,136.5,Mar-25,Mar-25,K02000001,United Kingdom,CP072,07.2 Operation of personal transport equipment
cpih01,67,2026-02-18T00:00:00.000Z,118.8,Mar-25,Mar-25,K02000001,United Kingdom,CP0612_0613,06.1.2/3 Other medical and therapeutic equipment
cpih01,67,2026-02-18T00:00:00.000Z,138.9,Mar-25,Mar-25,K02000001,United Kingdom,CP0711N1,07.1.1.1 New motor cars
cpih01,67,2026-02-18T00:00:00.000Z,136.0,Mar-25,Mar-25,K02000001,United Kingdom,CP0721,07.2.1 Spare parts and accessories
cpih01,67,2026-02-18T00:00:00.000Z,140.5,Mar-25,Mar-25,K02000001,United Kingdom,CP0111,01.1.1 Bread and cereals
cpih01,67,2026-02-18T00:00:00.000Z,123.6,Mar-25,Mar-25,K02000001,United Kingdom,CP0312,03.1.2 Garments
cpih01,67,2026-02-18T00:00:00.000Z,105.6,Mar-25,Mar-25,K02000001,United Kingdom,CP1112,11.1.2 Canteens
cpih01,67,2026-02-18T00:00:00.000Z,189.3,Mar-25,Mar-25,K02000001,United Kingdom,CP022,02.2 Tobacco
cpih01,67,2026-02-18T00:00:00.000Z,109.9,Mar-25,Mar-25,K02000001,United Kingdom,CP054,"05.4 Glassware, tableware and household utensils"
cpih01,67,2026-02-18T00:00:00.000Z,137.9,Mar-25,Mar-25,K02000001,United Kingdom,CP0562,05.6.2 Domestic services and household services
cpih01,67,2026-02-18T00:00:00.000Z,142.1,Mar-25,Mar-25,K02000001,United Kingdom,CP1211,12.1.1 Hairdressing and personal grooming establishments
cpih01,67,2026-02-18T00:00:00.000Z,128.1,Mar-25,Mar-25,K02000001,United Kingdom,CP0933,"09.3.3 Gardens, plants and flowers"
cpih01,67,2026-02-18T00:00:00.000Z,83.6,Mar-25,Mar-25,K02000001,United Kingdom,CP0912,"09.1.2 Photographic, cinematographic and optical equipment"
cpih01,67,2026-02-18T00:00:00.000Z,135.8,Mar-25,Mar-25,K02000001,United Kingdom,CP062,06.2 Out-patient services
cpih01,67,2026-02-18T00:00:00.000Z,122.2,Mar-25,Mar-25,K02000001,United Kingdom,CP053,"05.3 Household appliances, fitting and repairs"
cpih01,67,2026-02-18T00:00:00.000Z,119.3,Mar-25,Mar-25,K02000001,United Kingdom,CP123,12.3 Personal effects (nec)
cpih01,67,2026-02-18T00:00:00.000Z,155.3,Mar-25,Mar-25,K02000001,United Kingdom,CP095,"09.5 Books, newspapers and stationery"
cpih01,67,2026-02-18T00:00:00.000Z,139.2,Mar-25,Mar-25,K02000001,United Kingdom,CP051,"05.1 Furniture, furnishings and carpets"
cpih01,67,2026-02-18T00:00:00.000Z,82.7,Mar-25,Mar-25,K02000001,United Kingdom,CP0911,09.1.1 Reception and reproduction of sound and pictures
cpih01,67,2026-02-18T00:00:00.000Z,152.3,Mar-25,Mar-25,K02000001,United Kingdom,CP0734,07.3.4 Passenger transport by sea and inland waterway
cpih01,67,2026-02-18T00:00:00.000Z,104.5,Mar-25,Mar-25,K02000001,United Kingdom,CP032,03.2 Footwear including repairs
cpih01,67,2026-02-18T00:00:00.000Z,77.6,Mar-25,Mar-25,K02000001,United Kingdom,CP0913,09.1.3 Data processing equipment
cpih01,67,2026-02-18T00:00:00.000Z,190.1,Mar-25,Mar-25,K02000001,United Kingdom,CP0115,01.1.5 Oils and fats
cpih01,67,2026-02-18T00:00:00.000Z,168.4,Mar-25,Mar-25,K02000001,United Kingdom,CP1253,12.5.3 Health insurance
cpih01,67,2026-02-18T00:00:00.000Z,139.6,Mar-25,Mar-25,K02000001,United Kingdom,CP01,01 Food and non-alcoholic beverages
cpih01,67,2026-02-18T00:00:00.000Z,122.6,Mar-25,Mar-25,K02000001,United Kingdom,CP021,02.1 Alcoholic beverages
cpih01,67,2026-02-18T00:00:00.000Z,191.1,Mar-25,Mar-25,K02000001,United Kingdom,CP0451,04.5.1 Electricity
cpih01,67,2026-02-18T00:00:00.000Z,135.6,Mar-25,Mar-25,K02000001,United Kingdom,CP0953_0954,"09.5.3/4 Miscellaneous printed matter, stationery and drawing materials"
cpih01,67,2026-02-18T00:00:00.000Z,131.3,Mar-25,Mar-25,K02000001,United Kingdom,CP041,04.1 Actual rentals for housing
cpih01,67,2026-02-18T00:00:00.000Z,136.8,Mar-25,Mar-25,K02000001,United Kingdom,CP08,08 Communication
cpih01,67,2026-02-18T00:00:00.000Z,134.6,Mar-25,Mar-25,K02000001,United Kingdom,CP0733,07.3.3 Passenger transport by air
cpih01,67,2026-02-18T00:00:00.000Z,137.0,Mar-25,Mar-25,K02000001,United Kingdom,CP0611,06.1.1 Pharmaceutical products
cpih01,67,2026-02-18T00:00:00.000Z,126.6,Mar-25,Mar-25,K02000001,United Kingdom,CP1231,"12.3.1 Jewellery, clocks and watches"
cpih01,67,2026-02-18T00:00:00.000Z,141.8,Mar-25,Mar-25,K02000001,United Kingdom,CP0118,"01.1.8 Sugar, jam, syrups, chocolate and confectionery"
cpih01,67,2026-02-18T00:00:00.000Z,120.5,Mar-25,Mar-25,K02000001,United Kingdom,CP043,04.3 Regular maintenance and repair of the dwelling
cpih01,67,2026-02-18T00:00:00.000Z,150.1,Mar-25,Mar-25,K02000001,United Kingdom,CP0119,01.1.9 Food products (nec)
cpih01,67,2026-02-18T00:00:00.000Z,135.2,Mar-25,Mar-25,K02000001,United Kingdom,CP082_083,08.2/3 Telephone and telefax equipment
cpih01,67,2026-02-18T00:00:00.000Z,152.7,Mar-25,Mar-25,K02000001,United Kingdom,CP0454,04.5.4 Solid fuels
cpih01,67,2026-02-18T00:00:00.000Z,121.8,Mar-25,Mar-25,K02000001,United Kingdom,CP0712_0713,07.1.2/3 Motocycles and bicycles
cpih01,67,2026-02-18T00:00:00.000Z,132.9,Mar-25,Mar-25,K02000001,United Kingdom,CP042,04.2 Owner Occupiers Housing Costs
cpih01,67,2026-02-18T00:00:00.000Z,153.9,Mar-25,Mar-25,K02000001,United Kingdom,CP0914,09.1.4 Recording media
cpih01,67,2026-02-18T00:00:00.000Z,144.6,Mar-25,Mar-25,K02000001,United Kingdom,CP124,12.4 Social protection
cpih01,67,2026-02-18T00:00:00.000Z,148.0,Mar-25,Mar-25,K02000001,United Kingdom,CP0723,07.2.3 Maintenance and repairs
cpih01,67,2026-02-18T00:00:00.000Z,172.3,Mar-25,Mar-25,K02000001,United Kingdom,CP125,12.5 Insurance
cpih01,67,2026-02-18T00:00:00.000Z,144.4,Mar-25,Mar-25,K02000001,United Kingdom,CP0114,"01.1.4 Milk, cheese and eggs"
cpih01,67,2026-02-18T00:00:00.000Z,119.7,Mar-25,Mar-25,K02000001,United Kingdom,CP0212,02.1.2 Wine
cpih01,67,2026-02-18T00:00:00.000Z,118.6,Mar-25,Mar-25,K02000001,United Kingdom,CP1212_1213,12.1.2/3 Appliances and products for personal care
cpih01,67,2026-02-18T00:00:00.000Z,137.7,Mar-25,Mar-25,K02000001,United Kingdom,CP0512,05.1.2 Carpets and other floor coverings
cpih01,67,2026-02-18T00:00:00.000Z,137.0,Mar-25,Mar-25,K02000001,United Kingdom,CP0121,"01.2.1 Coffee, tea and cocoa"
cpih01,67,2026-02-18T00:00:00.000Z,125.1,Mar-25,Mar-25,K02000001,United Kingdom,CP0722,07.2.2 Fuels and lubricants
cpih01,67,2026-02-18T00:00:00.000Z,163.5,Mar-25,Mar-25,K02000001,United Kingdom,CP063,06.3 Hospital services
cpih01,67,2026-02-18T00:00:00.000Z,150.5,Mar-25,Mar-25,K02000001,United Kingdom,CP0314,"03.1.4 Cleaning, repair and hire of clothing"
cpih01,67,2026-02-18T00:00:00.000Z,91.8,Mar-25,Mar-25,K02000001,United Kingdom,CP126,12.6 Financial services (nec)
cpih01,67,2026-02-18T00:00:00.000Z,148.2,Mar-25,Mar-25,K02000001,United Kingdom,CP0622,06.2.2 Dental services
cpih01,67,2026-02-18T00:00:00.000Z,132.1,Mar-25,Mar-25,K02000001,United Kingdom,CP09,09 Recreation and culture
cpih01,67,2026-02-18T00:00:00.000Z,147.3,Mar-25,Mar-25,K02000001,United Kingdom,CP11,11 Restaurants and hotels
cpih01,67,2026-02-18T00:00:00.000Z,131.7,Mar-25,Mar-25,K02000001,United Kingdom,CP0213,02.1.3 Beer
cpih01,67,2026-02-18T00:00:00.000Z,136.1,Mar-25,Mar-25,K02000001,United Kingdom,CP00,Overall Index
cpih01,67,2026-02-18T00:00:00.000Z,124.2,Mar-25,Mar-25,K02000001,United Kingdom,CP121,12.1 Personal care
cpih01,67,2026-02-18T00:00:00.000Z,127.2,Mar-25,Mar-25,K02000001,United Kingdom,CP05,"05 Furniture, household equipment and maintenance"
cpih01,67,2026-02-18T00:00:00.000Z,119.1,Mar-25,Mar-25,K02000001,United Kingdom,CP055,05.5 Tools and equipment for house and garden
cpih01,67,2026-02-18T00:00:00.000Z,127.5,Mar-25,Mar-25,K02000001,United Kingdom,CP0621_0623,06.2.1/3 Medical services and paramedical services
cpih01,67,2026-02-18T00:00:00.000Z,111.7,Mar-25,Mar-25,K02000001,United Kingdom,CP0711N2,07.1.1.2 Second-hand motor cars
cpih01,67,2026-02-18T00:00:00.000Z,142.4,Mar-25,Mar-25,K02000001,United Kingdom,CP012,01.2 Non-alcoholic beverages
cpih01,67,2026-02-18T00:00:00.000Z,115.2,Mar-25,Mar-25,K02000001,United Kingdom,CP052,05.2 Household textiles
cpih01,67,2026-02-18T00:00:00.000Z,137.1,Mar-25,Mar-25,K02000001,United Kingdom,CP0117,01.1.7 Vegetables including potatoes and tubers
cpih01,67,2026-02-18T00:00:00.000Z,138.3,Mar-25,Mar-25,K02000001,United Kingdom,CP094,09.4 Recreational and cultural services
cpih01,67,2026-02-18T00:00:00.000Z,156.5,Mar-25,Mar-25,K02000001,United Kingdom,CP0724,07.2.4 Other services
cpih01,67,2026-02-18T00:00:00.000Z,139.9,Mar-25,Mar-25,K02000001,United Kingdom,CP0511,05.1.1 Furniture and furnishings
cpih01,67,2026-02-18T00:00:00.000Z,128.8,Mar-25,Mar-25,K02000001,United Kingdom,CP0112,01.1.2 Meat
cpih01,67,2026-02-18T00:00:00.000Z,153.4,Mar-25,Mar-25,K02000001,United Kingdom,CP096,09.6 Package holidays
cpih01,67,2026-02-18T00:00:00.000Z,144.6,Mar-25,Mar-25,K02000001,United Kingdom,CP0122,"01.2.2 Mineral waters, soft drinks and juices"
cpih01,67,2026-02-18T00:00:00.000Z,131.0,Mar-25,Mar-25,K02000001,United Kingdom,CP0441,04.4.1 Water supply
cpih01,67,2026-02-18T00:00:00.000Z,146.5,Mar-25,Mar-25,K02000001,United Kingdom,CP111,11.1 Catering services
cpih01,67,2026-02-18T00:00:00.000Z,148.1,Mar-25,Mar-25,K02000001,United Kingdom,CP1111,11.1.1 Restaurants and cafes
cpih01,67,2026-02-18T00:00:00.000Z,153.4,Mar-25,Mar-25,K02000001,United Kingdom,CP0453,04.5.3 Liquid fuels
cpih01,67,2026-02-18T00:00:00.000Z,130.1,Mar-25,Mar-25,K02000001,United Kingdom,CP061,"06.1 Medical products, appliances and equipment"
cpih01,67,2026-02-18T00:00:00.000Z,130.4,Mar-25,Mar-25,K02000001,United Kingdom,CP044,04.4 Water supply and miscellaneous services relating to the dwelling
cpih01,67,2026-02-18T00:00:00.000Z,197.4,Mar-25,Mar-25,K02000001,United Kingdom,CP0952,09.5.2 Newspapers and periodicals
cpih01,67,2026-02-18T00:00:00.000Z,130.4,Mar-25,Mar-25,K02000001,United Kingdom,CP0431,04.3.1 Materials for maintenance and repair of the dwelling
cpih01,67,2026-02-18T00:00:00.000Z,134.4,Mar-25,Mar-25,K02000001,United Kingdom,CP07,07 Transport
cpih01,67,2026-02-18T00:00:00.000Z,163.5,Mar-25,Mar-25,K02000001,United Kingdom,CP0732_0736,07.3.2/6 Passenger transport by road and other services
cpih01,67,2026-02-18T00:00:00.000Z,122.3,Mar-25,Mar-25,K02000001,United Kingdom,CP12,12 Miscellaneous goods and services
cpih01,67,2026-02-18T00:00:00.000Z,145.3,Mar-25,Mar-25,K02000001,United Kingdom,CP10,10 Education
cpih01,67,2026-02-18T00:00:00.000Z,130.7,Mar-25,Mar-25,K02000001,United Kingdom,CP092,09.2 Other major durables for recreation and culture
cpih01,67,2026-02-18T00:00:00.000Z,126.4,Feb-25,Feb-25,K02000001,United Kingdom,CP05,"05 Furniture, household equipment and maintenance"
cpih01,67,2026-02-18T00:00:00.000Z,146.0,Feb-25,Feb-25,K02000001,United Kingdom,CP111,11.1 Catering services
cpih01,67,2026-02-18T00:00:00.000Z,163.1,Feb-25,Feb-25,K02000001,United Kingdom,CP063,06.3 Hospital services
cpih01,67,2026-02-18T00:00:00.000Z,117.6,Feb-25,Feb-25,K02000001,United Kingdom,CP03,03 Clothing and footwear
cpih01,67,2026-02-18T00:00:00.000Z,126.0,Feb-25,Feb-25,K02000001,United Kingdom,CP1231,"12.3.1 Jewellery, clocks and watches"
cpih01,67,2026-02-18T00:00:00.000Z,137.2,Feb-25,Feb-25,K02000001,United Kingdom,CP094,09.4 Recreational and cultural services
cpih01,67,2026-02-18T00:00:00.000Z,156.4,Feb-25,Feb-25,K02000001,United Kingdom,CP0724,07.2.4 Other services
cpih01,67,2026-02-18T00:00:00.000Z,122.6,Feb-25,Feb-25,K02000001,United Kingdom,CP071,07.1 Purchase of vehicles
cpih01,67,2026-02-18T00:00:00.000Z,110.0,Feb-25,Feb-25,K02000001,United Kingdom,CP0432,04.3.2 Services for maintenance and repair of the dwelling
cpih01,67,2026-02-18T00:00:00.000Z,110.8,Feb-25,Feb-25,K02000001,United Kingdom,CP0711N2,07.1.1.2 Second-hand motor cars
cpih01,67,2026-02-18T00:00:00.000Z,139.2,Feb-25,Feb-25,K02000001,United Kingdom,CP011,01.1 Food
cpih01,67,2026-02-18T00:00:00.000Z,132.8,Feb-25,Feb-25,K02000001,United Kingdom,CP0113,01.1.3 Fish
cpih01,67,2026-02-18T00:00:00.000Z,198.8,Feb-25,Feb-25,K02000001,United Kingdom,CP0952,09.5.2 Newspapers and periodicals
cpih01,67,2026-02-18T00:00:00.000Z,126.5,Feb-25,Feb-25,K02000001,United Kingdom,CP0722,07.2.2 Fuels and lubricants
cpih01,67,2026-02-18T00:00:00.000Z,135.3,Feb-25,Feb-25,K02000001,United Kingdom,CP0953_0954,"09.5.3/4 Miscellaneous printed matter, stationery and drawing materials"
cpih01,67,2026-02-18T00:00:00.000Z,134.7,Feb-25,Feb-25,K02000001,United Kingdom,CP1252,12.5.2 House contents insurance
cpih01,67,2026-02-18T00:00:00.000Z,115.7,Feb-25,Feb-25,K02000001,United Kingdom,CP052,05.2 Household textiles
cpih01,67,2026-02-18T00:00:00.000Z,138.4,Feb-25,Feb-25,K02000001,United Kingdom,CP0121,"01.2.1 Coffee, tea and cocoa"
cpih01,67,2026-02-18T00:00:00.000Z,134.6,Feb-25,Feb-25,K02000001,United Kingdom,CP082_083,08.2/3 Telephone and telefax equipment
cpih01,67,2026-02-18T00:00:00.000Z,155.9,Feb-25,Feb-25,K02000001,United Kingdom,CP0914,09.1.4 Recording media
cpih01,67,2026-02-18T00:00:00.000Z,144.9,Feb-25,Feb-25,K02000001,United Kingdom,CP049,04.9 Council Tax and rates
cpih01,67,2026-02-18T00:00:00.000Z,118.8,Feb-25,Feb-25,K02000001,United Kingdom,CP0612_0613,06.1.2/3 Other medical and therapeutic equipment
cpih01,67,2026-02-18T00:00:00.000Z,122.3,Feb-25,Feb-25,K02000001,United Kingdom,CP0533,05.3.3 Repair of household appliances
cpih01,67,2026-02-18T00:00:00.000Z,135.0,Feb-25,Feb-25,K02000001,United Kingdom,CP0733,07.3.3 Passenger transport by air
cpih01,67,2026-02-18T00:00:00.000Z,137.8,Feb-25,Feb-25,K02000001,United Kingdom,CP0731,07.3.1 Passenger transport by railway
cpih01,67,2026-02-18T00:00:00.000Z,118.0,Feb-25,Feb-25,K02000001,United Kingdom,CP1212_1213,12.1.2/3 Appliances and products for personal care
cpih01,67,2026-02-18T00:00:00.000Z,133.2,Feb-25,Feb-25,K02000001,United Kingdom,CP056,05.6 Goods and services for routine maintenance
cpih01,67,2026-02-18T00:00:00.000Z,121.6,Feb-25,Feb-25,K02000001,United Kingdom,CP0531_0532,05.3.1/2 Major appliances and small electric goods
cpih01,67,2026-02-18T00:00:00.000Z,120.6,Feb-25,Feb-25,K02000001,United Kingdom,CP0312,03.1.2 Garments
cpih01,67,2026-02-18T00:00:00.000Z,91.7,Feb-25,Feb-25,K02000001,United Kingdom,CP126,12.6 Financial services (nec)
cpih01,67,2026-02-18T00:00:00.000Z,143.4,Feb-25,Feb-25,K02000001,United Kingdom,CP0118,"01.1.8 Sugar, jam, syrups, chocolate and confectionery"
cpih01,67,2026-02-18T00:00:00.000Z,131.0,Feb-25,Feb-25,K02000001,United Kingdom,CP041,04.1 Actual rentals for housing
cpih01,67,2026-02-18T00:00:00.000Z,103.3,Feb-25,Feb-25,K02000001,United Kingdom,CP032,03.2 Footwear including repairs
cpih01,67,2026-02-18T00:00:00.000Z,126.8,Feb-25,Feb-25,K02000001,United Kingdom,CP0621_0623,06.2.1/3 Medical services and paramedical services
cpih01,67,2026-02-18T00:00:00.000Z,137.6,Feb-25,Feb-25,K02000001,United Kingdom,CP0511,05.1.1 Furniture and furnishings
cpih01,67,2026-02-18T00:00:00.000Z,129.2,Feb-25,Feb-25,K02000001,United Kingdom,CP0112,01.1.2 Meat
cpih01,67,2026-02-18T00:00:00.000Z,123.5,Feb-25,Feb-25,K02000001,United Kingdom,CP121,12.1 Personal care
cpih01,67,2026-02-18T00:00:00.000Z,154.1,Feb-25,Feb-25,K02000001,United Kingdom,CP02,02 Alcoholic beverages and tobacco
cpih01,67,2026-02-18T00:00:00.000Z,121.9,Feb-25,Feb-25,K02000001,United Kingdom,CP0932,09.3.2 Equipment for sport and open-air recreation
cpih01,67,2026-02-18T00:00:00.000Z,137.0,Feb-25,Feb-25,K02000001,United Kingdom,CP072,07.2 Operation of personal transport equipment
cpih01,67,2026-02-18T00:00:00.000Z,140.0,Feb-25,Feb-25,K02000001,United Kingdom,CP0111,01.1.1 Bread and cereals
cpih01,67,2026-02-18T00:00:00.000Z,82.9,Feb-25,Feb-25,K02000001,United Kingdom,CP0912,"09.1.2 Photographic, cinematographic and optical equipment"
cpih01,67,2026-02-18T00:00:00.000Z,162.1,Feb-25,Feb-25,K02000001,United Kingdom,CP0734,07.3.4 Passenger transport by sea and inland waterway
cpih01,67,2026-02-18T00:00:00.000Z,107.8,Feb-25,Feb-25,K02000001,United Kingdom,CP127,12.7 Other services (nec)
cpih01,67,2026-02-18T00:00:00.000Z,149.8,Feb-25,Feb-25,K02000001,United Kingdom,CP0314,"03.1.4 Cleaning, repair and hire of clothing"
cpih01,67,2026-02-18T00:00:00.000Z,120.4,Feb-25,Feb-25,K02000001,United Kingdom,CP031,03.1 Clothing
cpih01,67,2026-02-18T00:00:00.000Z,105.9,Feb-25,Feb-25,K02000001,United Kingdom,CP1112,11.1.2 Canteens
cpih01,67,2026-02-18T00:00:00.000Z,174.7,Feb-25,Feb-25,K02000001,United Kingdom,CP1254,12.5.4 Transport insurance
cpih01,67,2026-02-18T00:00:00.000Z,84.7,Feb-25,Feb-25,K02000001,United Kingdom,CP0911,09.1.1 Reception and reproduction of sound and pictures
cpih01,67,2026-02-18T00:00:00.000Z,118.9,Feb-25,Feb-25,K02000001,United Kingdom,CP123,12.3 Personal effects (nec)
cpih01,67,2026-02-18T00:00:00.000Z,168.4,Feb-25,Feb-25,K02000001,United Kingdom,CP1253,12.5.3 Health insurance
cpih01,67,2026-02-18T00:00:00.000Z,154.2,Feb-25,Feb-25,K02000001,United Kingdom,CP095,"09.5 Books, newspapers and stationery"
cpih01,67,2026-02-18T00:00:00.000Z,130.6,Feb-25,Feb-25,K02000001,United Kingdom,CP092,09.2 Other major durables for recreation and culture
cpih01,67,2026-02-18T00:00:00.000Z,130.4,Feb-25,Feb-25,K02000001,United Kingdom,CP044,04.4 Water supply and miscellaneous services relating to the dwelling
cpih01,67,2026-02-18T00:00:00.000Z,173.0,Feb-25,Feb-25,K02000001,United Kingdom,CP125,12.5 Insurance
cpih01,67,2026-02-18T00:00:00.000Z,118.4,Feb-25,Feb-25,K02000001,United Kingdom,CP0211,02.1.1 Spirits
cpih01,67,2026-02-18T00:00:00.000Z,142.6,Feb-25,Feb-25,K02000001,United Kingdom,CP0934_0935,"09.3.4/5 Pets, related products and services"
cpih01,67,2026-02-18T00:00:00.000Z,188.3,Feb-25,Feb-25,K02000001,United Kingdom,CP022,02.2 Tobacco
cpih01,67,2026-02-18T00:00:00.000Z,135.6,Feb-25,Feb-25,K02000001,United Kingdom,CP00,Overall Index
cpih01,67,2026-02-18T00:00:00.000Z,102.8,Feb-25,Feb-25,K02000001,United Kingdom,CP1232,12.3.2 Other personal effects
cpih01,67,2026-02-18T00:00:00.000Z,147.5,Feb-25,Feb-25,K02000001,United Kingdom,CP0452,04.5.2 Gas
cpih01,67,2026-02-18T00:00:00.000Z,144.2,Feb-25,Feb-25,K02000001,United Kingdom,CP124,12.4 Social protection
cpih01,67,2026-02-18T00:00:00.000Z,149.7,Feb-25,Feb-25,K02000001,United Kingdom,CP0119,01.1.9 Food products (nec)
cpih01,67,2026-02-18T00:00:00.000Z,131.2,Feb-25,Feb-25,K02000001,United Kingdom,CP0431,04.3.1 Materials for maintenance and repair of the dwelling
cpih01,67,2026-02-18T00:00:00.000Z,136.0,Feb-25,Feb-25,K02000001,United Kingdom,CP0721,07.2.1 Spare parts and accessories
cpih01,67,2026-02-18T00:00:00.000Z,131.0,Feb-25,Feb-25,K02000001,United Kingdom,CP0441,04.4.1 Water supply
cpih01,67,2026-02-18T00:00:00.000Z,143.3,Feb-25,Feb-25,K02000001,United Kingdom,CP0114,"01.1.4 Milk, cheese and eggs"
cpih01,67,2026-02-18T00:00:00.000Z,130.2,Feb-25,Feb-25,K02000001,United Kingdom,CP0443,04.4.3 Sewerage collection
cpih01,67,2026-02-18T00:00:00.000Z,131.3,Feb-25,Feb-25,K02000001,United Kingdom,CP0213,02.1.3 Beer
cpih01,67,2026-02-18T00:00:00.000Z,77.7,Feb-25,Feb-25,K02000001,United Kingdom,CP0913,09.1.3 Data processing equipment
cpih01,67,2026-02-18T00:00:00.000Z,141.5,Feb-25,Feb-25,K02000001,United Kingdom,CP1211,12.1.1 Hairdressing and personal grooming establishments
cpih01,67,2026-02-18T00:00:00.000Z,110.1,Feb-25,Feb-25,K02000001,United Kingdom,CP054,"05.4 Glassware, tableware and household utensils"
cpih01,67,2026-02-18T00:00:00.000Z,139.7,Feb-25,Feb-25,K02000001,United Kingdom,CP01,01 Food and non-alcoholic beverages
cpih01,67,2026-02-18T00:00:00.000Z,128.1,Feb-25,Feb-25,K02000001,United Kingdom,CP0933,"09.3.3 Gardens, plants and flowers"
cpih01,67,2026-02-18T00:00:00.000Z,137.2,Feb-25,Feb-25,K02000001,United Kingdom,CP051,"05.1 Furniture, furnishings and carpets"
cpih01,67,2026-02-18T00:00:00.000Z,164.3,Feb-25,Feb-25,K02000001,United Kingdom,CP0732_0736,07.3.2/6 Passenger transport by road and other services
cpih01,67,2026-02-18T00:00:00.000Z,136.3,Feb-25,Feb-25,K02000001,United Kingdom,CP0117,01.1.7 Vegetables including potatoes and tubers
cpih01,67,2026-02-18T00:00:00.000Z,134.9,Feb-25,Feb-25,K02000001,United Kingdom,CP062,06.2 Out-patient services
cpih01,67,2026-02-18T00:00:00.000Z,137.7,Feb-25,Feb-25,K02000001,United Kingdom,CP0116,01.1.6 Fruit
cpih01,67,2026-02-18T00:00:00.000Z,152.7,Feb-25,Feb-25,K02000001,United Kingdom,CP0454,04.5.4 Solid fuels
cpih01,67,2026-02-18T00:00:00.000Z,129.9,Feb-25,Feb-25,K02000001,United Kingdom,CP061,"06.1 Medical products, appliances and equipment"
cpih01,67,2026-02-18T00:00:00.000Z,122.1,Feb-25,Feb-25,K02000001,United Kingdom,CP021,02.1 Alcoholic beverages
cpih01,67,2026-02-18T00:00:00.000Z,144.7,Feb-25,Feb-25,K02000001,United Kingdom,CP0951,09.5.1 Books
cpih01,67,2026-02-18T00:00:00.000Z,134.3,Feb-25,Feb-25,K02000001,United Kingdom,CP07,07 Transport
cpih01,67,2026-02-18T00:00:00.000Z,136.6,Feb-25,Feb-25,K02000001,United Kingdom,CP0611,06.1.1 Pharmaceutical products
cpih01,67,2026-02-18T00:00:00.000Z,191.2,Feb-25,Feb-25,K02000001,United Kingdom,CP0451,04.5.1 Electricity
cpih01,67,2026-02-18T00:00:00.000Z,135.9,Feb-25,Feb-25,K02000001,United Kingdom,CP0942,09.4.2 Cultural services
cpih01,67,2026-02-18T00:00:00.000Z,145.3,Feb-25,Feb-25,K02000001,United Kingdom,CP10,10 Education
cpih01,67,2026-02-18T00:00:00.000Z,146.4,Feb-25,Feb-25,K02000001,United Kingdom,CP11,11 Restaurants and hotels
cpih01,67,2026-02-18T00:00:00.000Z,132.4,Feb-25,Feb-25,K02000001,United Kingdom,CP042,04.2 Owner Occupiers Housing Costs
cpih01,67,2026-02-18T00:00:00.000Z,110.5,Feb-25,Feb-25,K02000001,United Kingdom,CP0931,"09.3.1 Games, toys and hobbies"
cpih01,67,2026-02-18T00:00:00.000Z,137.3,Feb-25,Feb-25,K02000001,United Kingdom,CP0562,05.6.2 Domestic services and household services
cpih01,67,2026-02-18T00:00:00.000Z,104.9,Feb-25,Feb-25,K02000001,United Kingdom,CP0915,09.1.5 Repair of audio-visual equipment and related products
cpih01,67,2026-02-18T00:00:00.000Z,153.4,Feb-25,Feb-25,K02000001,United Kingdom,CP096,09.6 Package holidays
cpih01,67,2026-02-18T00:00:00.000Z,172.8,Feb-25,Feb-25,K02000001,United Kingdom,CP045,"04.5 Electricity, gas and other fuels"
cpih01,67,2026-02-18T00:00:00.000Z,147.4,Feb-25,Feb-25,K02000001,United Kingdom,CP0723,07.2.3 Maintenance and repairs
cpih01,67,2026-02-18T00:00:00.000Z,191.3,Feb-25,Feb-25,K02000001,United Kingdom,CP0115,01.1.5 Oils and fats
cpih01,67,2026-02-18T00:00:00.000Z,124.6,Feb-25,Feb-25,K02000001,United Kingdom,CP093,"09.3 Other recreational items, gardens and pets"
cpih01,67,2026-02-18T00:00:00.000Z,120.9,Feb-25,Feb-25,K02000001,United Kingdom,CP043,04.3 Regular maintenance and repair of the dwelling
cpih01,67,2026-02-18T00:00:00.000Z,118.6,Feb-25,Feb-25,K02000001,United Kingdom,CP0561,05.6.1 Non-durable household goods
cpih01,67,2026-02-18T00:00:00.000Z,144.6,Feb-25,Feb-25,K02000001,United Kingdom,CP0122,"01.2.2 Mineral waters, soft drinks and juices"
cpih01,67,2026-02-18T00:00:00.000Z,137.4,Feb-25,Feb-25,K02000001,United Kingdom,CP04,"04 Housing, water, electricity, gas and other fuels"
cpih01,67,2026-02-18T00:00:00.000Z,140.7,Feb-25,Feb-25,K02000001,United Kingdom,CP0941,09.4.1 Recreational and sporting services
cpih01,67,2026-02-18T00:00:00.000Z,148.7,Feb-25,Feb-25,K02000001,United Kingdom,CP112,11.2 Accommodation services
cpih01,67,2026-02-18T00:00:00.000Z,117.5,Feb-25,Feb-25,K02000001,United Kingdom,CP055,05.5 Tools and equipment for house and garden
cpih01,67,2026-02-18T00:00:00.000Z,147.5,Feb-25,Feb-25,K02000001,United Kingdom,CP1111,11.1.1 Restaurants and cafes
cpih01,67,2026-02-18T00:00:00.000Z,121.5,Feb-25,Feb-25,K02000001,United Kingdom,CP0712_0713,07.1.2/3 Motocycles and bicycles
cpih01,67,2026-02-18T00:00:00.000Z,119.4,Feb-25,Feb-25,K02000001,United Kingdom,CP0212,02.1.2 Wine
cpih01,67,2026-02-18T00:00:00.000Z,149.9,Feb-25,Feb-25,K02000001,United Kingdom,CP073,07.3 Transport services
cpih01,67,2026-02-18T00:00:00.000Z,136.2,Feb-25,Feb-25,K02000001,United Kingdom,CP08,08 Communication
cpih01,67,2026-02-18T00:00:00.000Z,113.3,Feb-25,Feb-25,K02000001,United Kingdom,CP0313,03.1.3 Other clothing and clothing accessories
cpih01,67,2026-02-18T00:00:00.000Z,137.9,Feb-25,Feb-25,K02000001,United Kingdom,CP0711N1,07.1.1.1 New motor cars
cpih01,67,2026-02-18T00:00:00.000Z,170.6,Feb-25,Feb-25,K02000001,United Kingdom,CP081,08.1 Postal services
cpih01,67,2026-02-18T00:00:00.000Z,165.9,Feb-25,Feb-25,K02000001,United Kingdom,CP0453,04.5.3 Liquid fuels
cpih01,67,2026-02-18T00:00:00.000Z,138.4,Feb-25,Feb-25,K02000001,United Kingdom,CP06,06 Health
cpih01,67,2026-02-18T00:00:00.000Z,137.0,Feb-25,Feb-25,K02000001,United Kingdom,CP0512,05.1.2 Carpets and other floor coverings
cpih01,67,2026-02-18T00:00:00.000Z,121.1,Feb-25,Feb-25,K02000001,United Kingdom,CP053,"05.3 Household appliances, fitting and repairs"
cpih01,67,2026-02-18T00:00:00.000Z,146.9,Feb-25,Feb-25,K02000001,United Kingdom,CP0622,06.2.2 Dental services
cpih01,67,2026-02-18T00:00:00.000Z,132.2,Feb-25,Feb-25,K02000001,United Kingdom,CP09,09 Recreation and culture
cpih01,67,2026-02-18T00:00:00.000Z,142.8,Feb-25,Feb-25,K02000001,United Kingdom,CP012,01.2 Non-alcoholic beverages
cpih01,67,2026-02-18T00:00:00.000Z,121.9,Feb-25,Feb-25,K02000001,United Kingdom,CP12,12 Miscellaneous goods and services
cpih01,67,2026-02-18T00:00:00.000Z,100.1,Feb-25,Feb-25,K02000001,United Kingdom,CP091,09.1 Audio-visual equipment and related products
cpih01,67,2026-02-18T00:00:00.000Z,136.5,Jan-25,Jan-25,K02000001,United Kingdom,CP0611,06.1.1 Pharmaceutical products
cpih01,67,2026-02-18T00:00:00.000Z,144.8,Jan-25,Jan-25,K02000001,United Kingdom,CP11,11 Restaurants and hotels
cpih01,67,2026-02-18T00:00:00.000Z,177.0,Jan-25,Jan-25,K02000001,United Kingdom,CP1254,12.5.4 Transport insurance
cpih01,67,2026-02-18T00:00:00.000Z,122.2,Jan-25,Jan-25,K02000001,United Kingdom,CP0533,05.3.3 Repair of household appliances
cpih01,67,2026-02-18T00:00:00.000Z,124.7,Jan-25,Jan-25,K02000001,United Kingdom,CP0722,07.2.2 Fuels and lubricants
cpih01,67,2026-02-18T00:00:00.000Z,146.1,Jan-25,Jan-25,K02000001,United Kingdom,CP0622,06.2.2 Dental services
cpih01,67,2026-02-18T00:00:00.000Z,144.2,Jan-25,Jan-25,K02000001,United Kingdom,CP0114,"01.1.4 Milk, cheese and eggs"
cpih01,67,2026-02-18T00:00:00.000Z,137.2,Jan-25,Jan-25,K02000001,United Kingdom,CP094,09.4 Recreational and cultural services
cpih01,67,2026-02-18T00:00:00.000Z,139.8,Jan-25,Jan-25,K02000001,United Kingdom,CP0121,"01.2.1 Coffee, tea and cocoa"
cpih01,67,2026-02-18T00:00:00.000Z,191.0,Jan-25,Jan-25,K02000001,United Kingdom,CP0115,01.1.5 Oils and fats
cpih01,67,2026-02-18T00:00:00.000Z,126.6,Jan-25,Jan-25,K02000001,United Kingdom,CP0621_0623,06.2.1/3 Medical services and paramedical services
cpih01,67,2026-02-18T00:00:00.000Z,134.9,Jan-25,Jan-25,K02000001,United Kingdom,CP0511,05.1.1 Furniture and furnishings
cpih01,67,2026-02-18T00:00:00.000Z,118.4,Jan-25,Jan-25,K02000001,United Kingdom,CP1212_1213,12.1.2/3 Appliances and products for personal care
cpih01,67,2026-02-18T00:00:00.000Z,148.6,Jan-25,Jan-25,K02000001,United Kingdom,CP0119,01.1.9 Food products (nec)
cpih01,67,2026-02-18T00:00:00.000Z,131.8,Jan-25,Jan-25,K02000001,United Kingdom,CP042,04.2 Owner Occupiers Housing Costs
cpih01,67,2026-02-18T00:00:00.000Z,97.6,Jan-25,Jan-25,K02000001,United Kingdom,CP091,09.1 Audio-visual equipment and related products
cpih01,67,2026-02-18T00:00:00.000Z,156.4,Jan-25,Jan-25,K02000001,United Kingdom,CP0724,07.2.4 Other services
cpih01,67,2026-02-18T00:00:00.000Z,142.7,Jan-25,Jan-25,K02000001,United Kingdom,CP012,01.2 Non-alcoholic beverages
cpih01,67,2026-02-18T00:00:00.000Z,105.5,Jan-25,Jan-25,K02000001,United Kingdom,CP1112,11.1.2 Canteens
cpih01,67,2026-02-18T00:00:00.000Z,114.3,Jan-25,Jan-25,K02000001,United Kingdom,CP0931,"09.3.1 Games, toys and hobbies"
cpih01,67,2026-02-18T00:00:00.000Z,122.6,Jan-25,Jan-25,K02000001,United Kingdom,CP071,07.1 Purchase of vehicles
cpih01,67,2026-02-18T00:00:00.000Z,147.6,Jan-25,Jan-25,K02000001,United Kingdom,CP112,11.2 Accommodation services
cpih01,67,2026-02-18T00:00:00.000Z,120.5,Jan-25,Jan-25,K02000001,United Kingdom,CP0312,03.1.2 Garments
cpih01,67,2026-02-18T00:00:00.000Z,138.0,Jan-25,Jan-25,K02000001,United Kingdom,CP1252,12.5.2 House contents insurance
cpih01,67,2026-02-18T00:00:00.000Z,122.6,Jan-25,Jan-25,K02000001,United Kingdom,CP0712_0713,07.1.2/3 Motocycles and bicycles
cpih01,67,2026-02-18T00:00:00.000Z,83.9,Jan-25,Jan-25,K02000001,United Kingdom,CP0912,"09.1.2 Photographic, cinematographic and optical equipment"
cpih01,67,2026-02-18T00:00:00.000Z,122.5,Jan-25,Jan-25,K02000001,United Kingdom,CP053,"05.3 Household appliances, fitting and repairs"
cpih01,67,2026-02-18T00:00:00.000Z,138.9,Jan-25,Jan-25,K02000001,United Kingdom,CP0111,01.1.1 Bread and cereals
cpih01,67,2026-02-18T00:00:00.000Z,163.9,Jan-25,Jan-25,K02000001,United Kingdom,CP0732_0736,07.3.2/6 Passenger transport by road and other services
cpih01,67,2026-02-18T00:00:00.000Z,118.0,Jan-25,Jan-25,K02000001,United Kingdom,CP03,03 Clothing and footwear
cpih01,67,2026-02-18T00:00:00.000Z,145.7,Jan-25,Jan-25,K02000001,United Kingdom,CP1111,11.1.1 Restaurants and cafes
cpih01,67,2026-02-18T00:00:00.000Z,130.2,Jan-25,Jan-25,K02000001,United Kingdom,CP0443,04.4.3 Sewerage collection
cpih01,67,2026-02-18T00:00:00.000Z,129.6,Jan-25,Jan-25,K02000001,United Kingdom,CP061,"06.1 Medical products, appliances and equipment"
cpih01,67,2026-02-18T00:00:00.000Z,152.6,Jan-25,Jan-25,K02000001,United Kingdom,CP02,02 Alcoholic beverages and tobacco
cpih01,67,2026-02-18T00:00:00.000Z,137.2,Jan-25,Jan-25,K02000001,United Kingdom,CP0116,01.1.6 Fruit
cpih01,67,2026-02-18T00:00:00.000Z,134.5,Jan-25,Jan-25,K02000001,United Kingdom,CP062,06.2 Out-patient services
cpih01,67,2026-02-18T00:00:00.000Z,138.4,Jan-25,Jan-25,K02000001,United Kingdom,CP0711N1,07.1.1.1 New motor cars
cpih01,67,2026-02-18T00:00:00.000Z,135.1,Jan-25,Jan-25,K02000001,United Kingdom,CP0731,07.3.1 Passenger transport by railway
cpih01,67,2026-02-18T00:00:00.000Z,110.3,Jan-25,Jan-25,K02000001,United Kingdom,CP0711N2,07.1.1.2 Second-hand motor cars
cpih01,67,2026-02-18T00:00:00.000Z,75.2,Jan-25,Jan-25,K02000001,United Kingdom,CP0913,09.1.3 Data processing equipment
cpih01,67,2026-02-18T00:00:00.000Z,162.5,Jan-25,Jan-25,K02000001,United Kingdom,CP063,06.3 Hospital services
cpih01,67,2026-02-18T00:00:00.000Z,122.3,Jan-25,Jan-25,K02000001,United Kingdom,CP0932,09.3.2 Equipment for sport and open-air recreation
cpih01,67,2026-02-18T00:00:00.000Z,109.0,Jan-25,Jan-25,K02000001,United Kingdom,CP054,"05.4 Glassware, tableware and household utensils"
cpih01,67,2026-02-18T00:00:00.000Z,147.4,Jan-25,Jan-25,K02000001,United Kingdom,CP0452,04.5.2 Gas
cpih01,67,2026-02-18T00:00:00.000Z,147.5,Jan-25,Jan-25,K02000001,United Kingdom,CP0723,07.2.3 Maintenance and repairs
cpih01,67,2026-02-18T00:00:00.000Z,144.9,Jan-25,Jan-25,K02000001,United Kingdom,CP049,04.9 Council Tax and rates
cpih01,67,2026-02-18T00:00:00.000Z,121.6,Jan-25,Jan-25,K02000001,United Kingdom,CP12,12 Miscellaneous goods and services
cpih01,67,2026-02-18T00:00:00.000Z,125.9,Jan-25,Jan-25,K02000001,United Kingdom,CP093,"09.3 Other recreational items, gardens and pets"
cpih01,67,2026-02-18T00:00:00.000Z,149.0,Jan-25,Jan-25,K02000001,United Kingdom,CP0314,"03.1.4 Cleaning, repair and hire of clothing"
cpih01,67,2026-02-18T00:00:00.000Z,172.9,Jan-25,Jan-25,K02000001,United Kingdom,CP045,"04.5 Electricity, gas and other fuels"
cpih01,67,2026-02-18T00:00:00.000Z,166.2,Jan-25,Jan-25,K02000001,United Kingdom,CP0453,04.5.3 Liquid fuels
cpih01,67,2026-02-18T00:00:00.000Z,152.5,Jan-25,Jan-25,K02000001,United Kingdom,CP0454,04.5.4 Solid fuels
cpih01,67,2026-02-18T00:00:00.000Z,129.1,Jan-25,Jan-25,K02000001,United Kingdom,CP0213,02.1.3 Beer
cpih01,67,2026-02-18T00:00:00.000Z,136.0,Jan-25,Jan-25,K02000001,United Kingdom,CP0942,09.4.2 Cultural services
cpih01,67,2026-02-18T00:00:00.000Z,127.9,Jan-25,Jan-25,K02000001,United Kingdom,CP0933,"09.3.3 Gardens, plants and flowers"
cpih01,67,2026-02-18T00:00:00.000Z,84.1,Jan-25,Jan-25,K02000001,United Kingdom,CP0911,09.1.1 Reception and reproduction of sound and pictures
cpih01,67,2026-02-18T00:00:00.000Z,168.4,Jan-25,Jan-25,K02000001,United Kingdom,CP1253,12.5.3 Health insurance
cpih01,67,2026-02-18T00:00:00.000Z,153.3,Jan-25,Jan-25,K02000001,United Kingdom,CP096,09.6 Package holidays
cpih01,67,2026-02-18T00:00:00.000Z,123.8,Jan-25,Jan-25,K02000001,United Kingdom,CP121,12.1 Personal care
cpih01,67,2026-02-18T00:00:00.000Z,132.8,Jan-25,Jan-25,K02000001,United Kingdom,CP0113,01.1.3 Fish
cpih01,67,2026-02-18T00:00:00.000Z,135.1,Jan-25,Jan-25,K02000001,United Kingdom,CP00,Overall Index
cpih01,67,2026-02-18T00:00:00.000Z,191.2,Jan-25,Jan-25,K02000001,United Kingdom,CP0451,04.5.1 Electricity
cpih01,67,2026-02-18T00:00:00.000Z,139.4,Jan-25,Jan-25,K02000001,United Kingdom,CP01,01 Food and non-alcoholic beverages
cpih01,67,2026-02-18T00:00:00.000Z,132.0,Jan-25,Jan-25,K02000001,United Kingdom,CP09,09 Recreation and culture
cpih01,67,2026-02-18T00:00:00.000Z,137.0,Jan-25,Jan-25,K02000001,United Kingdom,CP04,"04 Housing, water, electricity, gas and other fuels"
cpih01,67,2026-02-18T00:00:00.000Z,134.8,Jan-25,Jan-25,K02000001,United Kingdom,CP051,"05.1 Furniture, furnishings and carpets"
cpih01,67,2026-02-18T00:00:00.000Z,118.8,Jan-25,Jan-25,K02000001,United Kingdom,CP0212,02.1.2 Wine
cpih01,67,2026-02-18T00:00:00.000Z,131.0,Jan-25,Jan-25,K02000001,United Kingdom,CP0441,04.4.1 Water supply
cpih01,67,2026-02-18T00:00:00.000Z,152.7,Jan-25,Jan-25,K02000001,United Kingdom,CP095,"09.5 Books, newspapers and stationery"
cpih01,67,2026-02-18T00:00:00.000Z,101.1,Jan-25,Jan-25,K02000001,United Kingdom,CP1232,12.3.2 Other personal effects
cpih01,67,2026-02-18T00:00:00.000Z,130.4,Jan-25,Jan-25,K02000001,United Kingdom,CP044,04.4 Water supply and miscellaneous services relating to the dwelling
cpih01,67,2026-02-18T00:00:00.000Z,145.3,Jan-25,Jan-25,K02000001,United Kingdom,CP10,10 Education
cpih01,67,2026-02-18T00:00:00.000Z,136.0,Jan-25,Jan-25,K02000001,United Kingdom,CP0512,05.1.2 Carpets and other floor coverings
cpih01,67,2026-02-18T00:00:00.000Z,122.8,Jan-25,Jan-25,K02000001,United Kingdom,CP1231,"12.3.1 Jewellery, clocks and watches"
cpih01,67,2026-02-18T00:00:00.000Z,142.1,Jan-25,Jan-25,K02000001,United Kingdom,CP0118,"01.1.8 Sugar, jam, syrups, chocolate and confectionery"
cpih01,67,2026-02-18T00:00:00.000Z,136.1,Jan-25,Jan-25,K02000001,United Kingdom,CP072,07.2 Operation of personal transport equipment
cpih01,67,2026-02-18T00:00:00.000Z,121.1,Jan-25,Jan-25,K02000001,United Kingdom,CP043,04.3 Regular maintenance and repair of the dwelling
cpih01,67,2026-02-18T00:00:00.000Z,140.4,Jan-25,Jan-25,K02000001,United Kingdom,CP0941,09.4.1 Recreational and sporting services
cpih01,67,2026-02-18T00:00:00.000Z,104.9,Jan-25,Jan-25,K02000001,United Kingdom,CP0915,09.1.5 Repair of audio-visual equipment and related products
cpih01,67,2026-02-18T00:00:00.000Z,143.3,Jan-25,Jan-25,K02000001,United Kingdom,CP0934_0935,"09.3.4/5 Pets, related products and services"
cpih01,67,2026-02-18T00:00:00.000Z,150.4,Jan-25,Jan-25,K02000001,United Kingdom,CP0914,09.1.4 Recording media
cpih01,67,2026-02-18T00:00:00.000Z,119.0,Jan-25,Jan-25,K02000001,United Kingdom,CP055,05.5 Tools and equipment for house and garden
cpih01,67,2026-02-18T00:00:00.000Z,111.9,Jan-25,Jan-25,K02000001,United Kingdom,CP052,05.2 Household textiles
cpih01,67,2026-02-18T00:00:00.000Z,116.1,Jan-25,Jan-25,K02000001,United Kingdom,CP123,12.3 Personal effects (nec)
cpih01,67,2026-02-18T00:00:00.000Z,135.9,Jan-25,Jan-25,K02000001,United Kingdom,CP08,08 Communication
cpih01,67,2026-02-18T00:00:00.000Z,135.6,Jan-25,Jan-25,K02000001,United Kingdom,CP0562,05.6.2 Domestic services and household services
cpih01,67,2026-02-18T00:00:00.000Z,91.7,Jan-25,Jan-25,K02000001,United Kingdom,CP126,12.6 Financial services (nec)
cpih01,67,2026-02-18T00:00:00.000Z,109.9,Jan-25,Jan-25,K02000001,United Kingdom,CP0432,04.3.2 Services for maintenance and repair of the dwelling
cpih01,67,2026-02-18T00:00:00.000Z,140.7,Jan-25,Jan-25,K02000001,United Kingdom,CP1211,12.1.1 Hairdressing and personal grooming establishments
cpih01,67,2026-02-18T00:00:00.000Z,174.2,Jan-25,Jan-25,K02000001,United Kingdom,CP125,12.5 Insurance
cpih01,67,2026-02-18T00:00:00.000Z,125.1,Jan-25,Jan-25,K02000001,United Kingdom,CP05,"05 Furniture, household equipment and maintenance"
cpih01,67,2026-02-18T00:00:00.000Z,123.1,Jan-25,Jan-25,K02000001,United Kingdom,CP0531_0532,05.3.1/2 Major appliances and small electric goods
cpih01,67,2026-02-18T00:00:00.000Z,107.6,Jan-25,Jan-25,K02000001,United Kingdom,CP127,12.7 Other services (nec)
cpih01,67,2026-02-18T00:00:00.000Z,143.7,Jan-25,Jan-25,K02000001,United Kingdom,CP124,12.4 Social protection
cpih01,67,2026-02-18T00:00:00.000Z,135.8,Jan-25,Jan-25,K02000001,United Kingdom,CP0721,07.2.1 Spare parts and accessories
cpih01,67,2026-02-18T00:00:00.000Z,144.3,Jan-25,Jan-25,K02000001,United Kingdom,CP111,11.1 Catering services
cpih01,67,2026-02-18T00:00:00.000Z,152.2,Jan-25,Jan-25,K02000001,United Kingdom,CP0734,07.3.4 Passenger transport by sea and inland waterway
cpih01,67,2026-02-18T00:00:00.000Z,138.0,Jan-25,Jan-25,K02000001,United Kingdom,CP06,06 Health
cpih01,67,2026-02-18T00:00:00.000Z,121.3,Jan-25,Jan-25,K02000001,United Kingdom,CP021,02.1 Alcoholic beverages
cpih01,67,2026-02-18T00:00:00.000Z,196.4,Jan-25,Jan-25,K02000001,United Kingdom,CP0952,09.5.2 Newspapers and periodicals
cpih01,67,2026-02-18T00:00:00.000Z,102.9,Jan-25,Jan-25,K02000001,United Kingdom,CP032,03.2 Footwear including repairs
cpih01,67,2026-02-18T00:00:00.000Z,138.9,Jan-25,Jan-25,K02000001,United Kingdom,CP011,01.1 Food
cpih01,67,2026-02-18T00:00:00.000Z,121.0,Jan-25,Jan-25,K02000001,United Kingdom,CP031,03.1 Clothing
cpih01,67,2026-02-18T00:00:00.000Z,127.5,Jan-25,Jan-25,K02000001,United Kingdom,CP0733,07.3.3 Passenger transport by air
cpih01,67,2026-02-18T00:00:00.000Z,134.3,Jan-25,Jan-25,K02000001,United Kingdom,CP082_083,08.2/3 Telephone and telefax equipment
cpih01,67,2026-02-18T00:00:00.000Z,133.1,Jan-25,Jan-25,K02000001,United Kingdom,CP07,07 Transport
cpih01,67,2026-02-18T00:00:00.000Z,132.2,Jan-25,Jan-25,K02000001,United Kingdom,CP0431,04.3.1 Materials for maintenance and repair of the dwelling
cpih01,67,2026-02-18T00:00:00.000Z,118.0,Jan-25,Jan-25,K02000001,United Kingdom,CP0211,02.1.1 Spirits
cpih01,67,2026-02-18T00:00:00.000Z,136.2,Jan-25,Jan-25,K02000001,United Kingdom,CP0117,01.1.7 Vegetables including potatoes and tubers
cpih01,67,2026-02-18T00:00:00.000Z,129.3,Jan-25,Jan-25,K02000001,United Kingdom,CP0112,01.1.2 Meat
cpih01,67,2026-02-18T00:00:00.000Z,115.4,Jan-25,Jan-25,K02000001,United Kingdom,CP0561,05.6.1 Non-durable household goods
cpih01,67,2026-02-18T00:00:00.000Z,130.6,Jan-25,Jan-25,K02000001,United Kingdom,CP041,04.1 Actual rentals for housing
cpih01,67,2026-02-18T00:00:00.000Z,130.1,Jan-25,Jan-25,K02000001,United Kingdom,CP092,09.2 Other major durables for recreation and culture
cpih01,67,2026-02-18T00:00:00.000Z,169.2,Jan-25,Jan-25,K02000001,United Kingdom,CP081,08.1 Postal services
cpih01,67,2026-02-18T00:00:00.000Z,118.3,Jan-25,Jan-25,K02000001,United Kingdom,CP0612_0613,06.1.2/3 Other medical and therapeutic equipment
cpih01,67,2026-02-18T00:00:00.000Z,146.2,Jan-25,Jan-25,K02000001,United Kingdom,CP073,07.3 Transport services
cpih01,67,2026-02-18T00:00:00.000Z,117.8,Jan-25,Jan-25,K02000001,United Kingdom,CP0313,03.1.3 Other clothing and clothing accessories
cpih01,67,2026-02-18T00:00:00.000Z,130.2,Jan-25,Jan-25,K02000001,United Kingdom,CP056,05.6 Goods and services for routine maintenance
cpih01,67,2026-02-18T00:00:00.000Z,143.4,Jan-25,Jan-25,K02000001,United Kingdom,CP0951,09.5.1 Books
cpih01,67,2026-02-18T00:00:00.000Z,144.1,Jan-25,Jan-25,K02000001,United Kingdom,CP0122,"01.2.2 Mineral waters, soft drinks and juices"
cpih01,67,2026-02-18T00:00:00.000Z,134.2,Jan-25,Jan-25,K02000001,United Kingdom,CP0953_0954,"09.5.3/4 Miscellaneous printed matter, stationery and drawing materials"
cpih01,67,2026-02-18T00:00:00.000Z,186.0,Jan-25,Jan-25,K02000001,United Kingdom,CP022,02.2 Tobacco
cpih01,67,2026-02-18T00:00:00.000Z,81.6,Dec-24,Dec-24,K02000001,United Kingdom,CP0911,09.1.1 Reception and reproduction of sound and pictures
cpih01,67,2026-02-18T00:00:00.000Z,133.6,Dec-24,Dec-24,K02000001,United Kingdom,CP0121,"01.2.1 Coffee, tea and cocoa"
cpih01,67,2026-02-18T00:00:00.000Z,138.2,Dec-24,Dec-24,K02000001,United Kingdom,CP01,01 Food and non-alcoholic beverages
cpih01,67,2026-02-18T00:00:00.000Z,118.7,Dec-24,Dec-24,K02000001,United Kingdom,CP123,12.3 Personal effects (nec)
cpih01,67,2026-02-18T00:00:00.000Z,109.5,Dec-24,Dec-24,K02000001,United Kingdom,CP0432,04.3.2 Services for maintenance and repair of the dwelling
cpih01,67,2026-02-18T00:00:00.000Z,128.7,Dec-24,Dec-24,K02000001,United Kingdom,CP061,"06.1 Medical products, appliances and equipment"
cpih01,67,2026-02-18T00:00:00.000Z,132.1,Dec-24,Dec-24,K02000001,United Kingdom,CP056,05.6 Goods and services for routine maintenance
cpih01,67,2026-02-18T00:00:00.000Z,144.8,Dec-24,Dec-24,K02000001,United Kingdom,CP0622,06.2.2 Dental services
cpih01,67,2026-02-18T00:00:00.000Z,132.4,Dec-24,Dec-24,K02000001,United Kingdom,CP0113,01.1.3 Fish
cpih01,67,2026-02-18T00:00:00.000Z,117.8,Dec-24,Dec-24,K02000001,United Kingdom,CP0313,03.1.3 Other clothing and clothing accessories
cpih01,67,2026-02-18T00:00:00.000Z,118.3,Dec-24,Dec-24,K02000001,United Kingdom,CP055,05.5 Tools and equipment for house and garden
cpih01,67,2026-02-18T00:00:00.000Z,136.9,Dec-24,Dec-24,K02000001,United Kingdom,CP06,06 Health
cpih01,67,2026-02-18T00:00:00.000Z,194.7,Dec-24,Dec-24,K02000001,United Kingdom,CP0952,09.5.2 Newspapers and periodicals
cpih01,67,2026-02-18T00:00:00.000Z,110.1,Dec-24,Dec-24,K02000001,United Kingdom,CP054,"05.4 Glassware, tableware and household utensils"
cpih01,67,2026-02-18T00:00:00.000Z,138.2,Dec-24,Dec-24,K02000001,United Kingdom,CP0118,"01.1.8 Sugar, jam, syrups, chocolate and confectionery"
cpih01,67,2026-02-18T00:00:00.000Z,117.6,Dec-24,Dec-24,K02000001,United Kingdom,CP0612_0613,06.1.2/3 Other medical and therapeutic equipment
cpih01,67,2026-02-18T00:00:00.000Z,140.3,Dec-24,Dec-24,K02000001,United Kingdom,CP1211,12.1.1 Hairdressing and personal grooming establishments
cpih01,67,2026-02-18T00:00:00.000Z,146.2,Dec-24,Dec-24,K02000001,United Kingdom,CP11,11 Restaurants and hotels
cpih01,67,2026-02-18T00:00:00.000Z,135.1,Dec-24,Dec-24,K02000001,United Kingdom,CP072,07.2 Operation of personal transport equipment
cpih01,67,2026-02-18T00:00:00.000Z,131.0,Dec-24,Dec-24,K02000001,United Kingdom,CP0441,04.4.1 Water supply
cpih01,67,2026-02-18T00:00:00.000Z,129.7,Dec-24,Dec-24,K02000001,United Kingdom,CP041,04.1 Actual rentals for housing
cpih01,67,2026-02-18T00:00:00.000Z,128.5,Dec-24,Dec-24,K02000001,United Kingdom,CP0933,"09.3.3 Gardens, plants and flowers"
cpih01,67,2026-02-18T00:00:00.000Z,153.5,Dec-24,Dec-24,K02000001,United Kingdom,CP112,11.2 Accommodation services
cpih01,67,2026-02-18T00:00:00.000Z,127.1,Dec-24,Dec-24,K02000001,United Kingdom,CP0213,02.1.3 Beer
cpih01,67,2026-02-18T00:00:00.000Z,127.2,Dec-24,Dec-24,K02000001,United Kingdom,CP0112,01.1.2 Meat
cpih01,67,2026-02-18T00:00:00.000Z,76.1,Dec-24,Dec-24,K02000001,United Kingdom,CP0912,"09.1.2 Photographic, cinematographic and optical equipment"
cpih01,67,2026-02-18T00:00:00.000Z,149.9,Dec-24,Dec-24,K02000001,United Kingdom,CP02,02 Alcoholic beverages and tobacco
cpih01,67,2026-02-18T00:00:00.000Z,145.5,Dec-24,Dec-24,K02000001,United Kingdom,CP0452,04.5.2 Gas
cpih01,67,2026-02-18T00:00:00.000Z,145.3,Dec-24,Dec-24,K02000001,United Kingdom,CP0723,07.2.3 Maintenance and repairs
cpih01,67,2026-02-18T00:00:00.000Z,138.3,Dec-24,Dec-24,K02000001,United Kingdom,CP094,09.4 Recreational and cultural services
cpih01,67,2026-02-18T00:00:00.000Z,104.9,Dec-24,Dec-24,K02000001,United Kingdom,CP0915,09.1.5 Repair of audio-visual equipment and related products
cpih01,67,2026-02-18T00:00:00.000Z,105.7,Dec-24,Dec-24,K02000001,United Kingdom,CP1112,11.1.2 Canteens
cpih01,67,2026-02-18T00:00:00.000Z,131.3,Dec-24,Dec-24,K02000001,United Kingdom,CP042,04.2 Owner Occupiers Housing Costs
cpih01,67,2026-02-18T00:00:00.000Z,136.8,Dec-24,Dec-24,K02000001,United Kingdom,CP0942,09.4.2 Cultural services
cpih01,67,2026-02-18T00:00:00.000Z,147.3,Dec-24,Dec-24,K02000001,United Kingdom,CP0951,09.5.1 Books
cpih01,67,2026-02-18T00:00:00.000Z,110.8,Dec-24,Dec-24,K02000001,United Kingdom,CP0711N2,07.1.1.2 Second-hand motor cars
cpih01,67,2026-02-18T00:00:00.000Z,144.7,Dec-24,Dec-24,K02000001,United Kingdom,CP111,11.1 Catering services
cpih01,67,2026-02-18T00:00:00.000Z,125.7,Dec-24,Dec-24,K02000001,United Kingdom,CP0312,03.1.2 Garments
cpih01,67,2026-02-18T00:00:00.000Z,149.5,Dec-24,Dec-24,K02000001,United Kingdom,CP0119,01.1.9 Food products (nec)
cpih01,67,2026-02-18T00:00:00.000Z,148.9,Dec-24,Dec-24,K02000001,United Kingdom,CP0734,07.3.4 Passenger transport by sea and inland waterway
cpih01,67,2026-02-18T00:00:00.000Z,137.0,Dec-24,Dec-24,K02000001,United Kingdom,CP0116,01.1.6 Fruit
cpih01,67,2026-02-18T00:00:00.000Z,153.3,Dec-24,Dec-24,K02000001,United Kingdom,CP0453,04.5.3 Liquid fuels
cpih01,67,2026-02-18T00:00:00.000Z,131.6,Dec-24,Dec-24,K02000001,United Kingdom,CP09,09 Recreation and culture
cpih01,67,2026-02-18T00:00:00.000Z,125.4,Dec-24,Dec-24,K02000001,United Kingdom,CP031,03.1 Clothing
cpih01,67,2026-02-18T00:00:00.000Z,136.5,Dec-24,Dec-24,K02000001,United Kingdom,CP0731,07.3.1 Passenger transport by railway
cpih01,67,2026-02-18T00:00:00.000Z,123.7,Dec-24,Dec-24,K02000001,United Kingdom,CP0722,07.2.2 Fuels and lubricants
cpih01,67,2026-02-18T00:00:00.000Z,144.9,Dec-24,Dec-24,K02000001,United Kingdom,CP049,04.9 Council Tax and rates
cpih01,67,2026-02-18T00:00:00.000Z,178.4,Dec-24,Dec-24,K02000001,United Kingdom,CP1254,12.5.4 Transport insurance
cpih01,67,2026-02-18T00:00:00.000Z,118.2,Dec-24,Dec-24,K02000001,United Kingdom,CP021,02.1 Alcoholic beverages
cpih01,67,2026-02-18T00:00:00.000Z,136.7,Dec-24,Dec-24,K02000001,United Kingdom,CP0512,05.1.2 Carpets and other floor coverings
cpih01,67,2026-02-18T00:00:00.000Z,128.1,Dec-24,Dec-24,K02000001,United Kingdom,CP05,"05 Furniture, household equipment and maintenance"
cpih01,67,2026-02-18T00:00:00.000Z,135.1,Dec-24,Dec-24,K02000001,United Kingdom,CP00,Overall Index
cpih01,67,2026-02-18T00:00:00.000Z,146.1,Dec-24,Dec-24,K02000001,United Kingdom,CP1111,11.1.1 Restaurants and cafes
cpih01,67,2026-02-18T00:00:00.000Z,133.8,Dec-24,Dec-24,K02000001,United Kingdom,CP07,07 Transport
cpih01,67,2026-02-18T00:00:00.000Z,138.1,Dec-24,Dec-24,K02000001,United Kingdom,CP1252,12.5.2 House contents insurance
cpih01,67,2026-02-18T00:00:00.000Z,135.5,Dec-24,Dec-24,K02000001,United Kingdom,CP0611,06.1.1 Pharmaceutical products
cpih01,67,2026-02-18T00:00:00.000Z,163.1,Dec-24,Dec-24,K02000001,United Kingdom,CP0732_0736,07.3.2/6 Passenger transport by road and other services
cpih01,67,2026-02-18T00:00:00.000Z,173.2,Dec-24,Dec-24,K02000001,United Kingdom,CP081,08.1 Postal services
cpih01,67,2026-02-18T00:00:00.000Z,152.6,Dec-24,Dec-24,K02000001,United Kingdom,CP0454,04.5.4 Solid fuels
cpih01,67,2026-02-18T00:00:00.000Z,123.1,Dec-24,Dec-24,K02000001,United Kingdom,CP121,12.1 Personal care
cpih01,67,2026-02-18T00:00:00.000Z,122.1,Dec-24,Dec-24,K02000001,United Kingdom,CP0932,09.3.2 Equipment for sport and open-air recreation
cpih01,67,2026-02-18T00:00:00.000Z,141.7,Dec-24,Dec-24,K02000001,United Kingdom,CP0511,05.1.1 Furniture and furnishings
cpih01,67,2026-02-18T00:00:00.000Z,136.2,Dec-24,Dec-24,K02000001,United Kingdom,CP0117,01.1.7 Vegetables including potatoes and tubers
cpih01,67,2026-02-18T00:00:00.000Z,135.9,Dec-24,Dec-24,K02000001,United Kingdom,CP08,08 Communication
cpih01,67,2026-02-18T00:00:00.000Z,140.6,Dec-24,Dec-24,K02000001,United Kingdom,CP051,"05.1 Furniture, furnishings and carpets"
cpih01,67,2026-02-18T00:00:00.000Z,142.8,Dec-24,Dec-24,K02000001,United Kingdom,CP0934_0935,"09.3.4/5 Pets, related products and services"
cpih01,67,2026-02-18T00:00:00.000Z,131.7,Dec-24,Dec-24,K02000001,United Kingdom,CP0431,04.3.1 Materials for maintenance and repair of the dwelling
cpih01,67,2026-02-18T00:00:00.000Z,142.0,Dec-24,Dec-24,K02000001,United Kingdom,CP10,10 Education
cpih01,67,2026-02-18T00:00:00.000Z,142.0,Dec-24,Dec-24,K02000001,United Kingdom,CP0941,09.4.1 Recreational and sporting services
cpih01,67,2026-02-18T00:00:00.000Z,103.7,Dec-24,Dec-24,K02000001,United Kingdom,CP1232,12.3.2 Other personal effects
cpih01,67,2026-02-18T00:00:00.000Z,90.7,Dec-24,Dec-24,K02000001,United Kingdom,CP126,12.6 Financial services (nec)
cpih01,67,2026-02-18T00:00:00.000Z,137.9,Dec-24,Dec-24,K02000001,United Kingdom,CP011,01.1 Food
cpih01,67,2026-02-18T00:00:00.000Z,157.3,Dec-24,Dec-24,K02000001,United Kingdom,CP0733,07.3.3 Passenger transport by air
cpih01,67,2026-02-18T00:00:00.000Z,134.1,Dec-24,Dec-24,K02000001,United Kingdom,CP082_083,08.2/3 Telephone and telefax equipment
cpih01,67,2026-02-18T00:00:00.000Z,137.3,Dec-24,Dec-24,K02000001,United Kingdom,CP0711N1,07.1.1.1 New motor cars
cpih01,67,2026-02-18T00:00:00.000Z,97.0,Dec-24,Dec-24,K02000001,United Kingdom,CP091,09.1 Audio-visual equipment and related products
cpih01,67,2026-02-18T00:00:00.000Z,134.4,Dec-24,Dec-24,K02000001,United Kingdom,CP0953_0954,"09.5.3/4 Miscellaneous printed matter, stationery and drawing materials"
cpih01,67,2026-02-18T00:00:00.000Z,121.4,Dec-24,Dec-24,K02000001,United Kingdom,CP12,12 Miscellaneous goods and services
cpih01,67,2026-02-18T00:00:00.000Z,176.1,Dec-24,Dec-24,K02000001,United Kingdom,CP125,12.5 Insurance
cpih01,67,2026-02-18T00:00:00.000Z,153.1,Dec-24,Dec-24,K02000001,United Kingdom,CP096,09.6 Package holidays
cpih01,67,2026-02-18T00:00:00.000Z,124.4,Dec-24,Dec-24,K02000001,United Kingdom,CP053,"05.3 Household appliances, fitting and repairs"
cpih01,67,2026-02-18T00:00:00.000Z,189.0,Dec-24,Dec-24,K02000001,United Kingdom,CP0451,04.5.1 Electricity
cpih01,67,2026-02-18T00:00:00.000Z,127.8,Dec-24,Dec-24,K02000001,United Kingdom,CP092,09.2 Other major durables for recreation and culture
cpih01,67,2026-02-18T00:00:00.000Z,138.3,Dec-24,Dec-24,K02000001,United Kingdom,CP0111,01.1.1 Bread and cereals
cpih01,67,2026-02-18T00:00:00.000Z,120.7,Dec-24,Dec-24,K02000001,United Kingdom,CP043,04.3 Regular maintenance and repair of the dwelling
cpih01,67,2026-02-18T00:00:00.000Z,156.4,Dec-24,Dec-24,K02000001,United Kingdom,CP0724,07.2.4 Other services
cpih01,67,2026-02-18T00:00:00.000Z,170.8,Dec-24,Dec-24,K02000001,United Kingdom,CP1253,12.5.3 Health insurance
cpih01,67,2026-02-18T00:00:00.000Z,184.1,Dec-24,Dec-24,K02000001,United Kingdom,CP022,02.2 Tobacco
cpih01,67,2026-02-18T00:00:00.000Z,160.9,Dec-24,Dec-24,K02000001,United Kingdom,CP063,06.3 Hospital services
cpih01,67,2026-02-18T00:00:00.000Z,157.8,Dec-24,Dec-24,K02000001,United Kingdom,CP0914,09.1.4 Recording media
cpih01,67,2026-02-18T00:00:00.000Z,125.3,Dec-24,Dec-24,K02000001,United Kingdom,CP1231,"12.3.1 Jewellery, clocks and watches"
cpih01,67,2026-02-18T00:00:00.000Z,118.0,Dec-24,Dec-24,K02000001,United Kingdom,CP0561,05.6.1 Non-durable household goods
cpih01,67,2026-02-18T00:00:00.000Z,126.4,Dec-24,Dec-24,K02000001,United Kingdom,CP0621_0623,06.2.1/3 Medical services and paramedical services
cpih01,67,2026-02-18T00:00:00.000Z,122.2,Dec-24,Dec-24,K02000001,United Kingdom,CP0533,05.3.3 Repair of household appliances
cpih01,67,2026-02-18T00:00:00.000Z,139.7,Dec-24,Dec-24,K02000001,United Kingdom,CP012,01.2 Non-alcoholic beverages
cpih01,67,2026-02-18T00:00:00.000Z,133.8,Dec-24,Dec-24,K02000001,United Kingdom,CP062,06.2 Out-patient services
cpih01,67,2026-02-18T00:00:00.000Z,104.8,Dec-24,Dec-24,K02000001,United Kingdom,CP032,03.2 Footwear including repairs
cpih01,67,2026-02-18T00:00:00.000Z,193.0,Dec-24,Dec-24,K02000001,United Kingdom,CP0115,01.1.5 Oils and fats
cpih01,67,2026-02-18T00:00:00.000Z,143.7,Dec-24,Dec-24,K02000001,United Kingdom,CP0114,"01.1.4 Milk, cheese and eggs"
cpih01,67,2026-02-18T00:00:00.000Z,122.0,Dec-24,Dec-24,K02000001,United Kingdom,CP03,03 Clothing and footwear
cpih01,67,2026-02-18T00:00:00.000Z,121.0,Dec-24,Dec-24,K02000001,United Kingdom,CP0712_0713,07.1.2/3 Motocycles and bicycles
cpih01,67,2026-02-18T00:00:00.000Z,108.5,Dec-24,Dec-24,K02000001,United Kingdom,CP0931,"09.3.1 Games, toys and hobbies"
cpih01,67,2026-02-18T00:00:00.000Z,113.8,Dec-24,Dec-24,K02000001,United Kingdom,CP0211,02.1.1 Spirits
cpih01,67,2026-02-18T00:00:00.000Z,124.1,Dec-24,Dec-24,K02000001,United Kingdom,CP093,"09.3 Other recreational items, gardens and pets"
cpih01,67,2026-02-18T00:00:00.000Z,130.2,Dec-24,Dec-24,K02000001,United Kingdom,CP0443,04.4.3 Sewerage collection
cpih01,67,2026-02-18T00:00:00.000Z,116.0,Dec-24,Dec-24,K02000001,United Kingdom,CP0212,02.1.2 Wine
cpih01,67,2026-02-18T00:00:00.000Z,117.7,Dec-24,Dec-24,K02000001,United Kingdom,CP1212_1213,12.1.2/3 Appliances and products for personal care
cpih01,67,2026-02-18T00:00:00.000Z,106.9,Dec-24,Dec-24,K02000001,United Kingdom,CP127,12.7 Other services (nec)
cpih01,67,2026-02-18T00:00:00.000Z,73.0,Dec-24,Dec-24,K02000001,United Kingdom,CP0913,09.1.3 Data processing equipment
cpih01,67,2026-02-18T00:00:00.000Z,125.1,Dec-24,Dec-24,K02000001,United Kingdom,CP0531_0532,05.3.1/2 Major appliances and small electric goods
cpih01,67,2026-02-18T00:00:00.000Z,170.4,Dec-24,Dec-24,K02000001,United Kingdom,CP045,"04.5 Electricity, gas and other fuels"
cpih01,67,2026-02-18T00:00:00.000Z,115.5,Dec-24,Dec-24,K02000001,United Kingdom,CP052,05.2 Household textiles
cpih01,67,2026-02-18T00:00:00.000Z,152.7,Dec-24,Dec-24,K02000001,United Kingdom,CP073,07.3 Transport services
cpih01,67,2026-02-18T00:00:00.000Z,130.4,Dec-24,Dec-24,K02000001,United Kingdom,CP044,04.4 Water supply and miscellaneous services relating to the dwelling
cpih01,67,2026-02-18T00:00:00.000Z,148.2,Dec-24,Dec-24,K02000001,United Kingdom,CP0314,"03.1.4 Cleaning, repair and hire of clothing"
cpih01,67,2026-02-18T00:00:00.000Z,122.4,Dec-24,Dec-24,K02000001,United Kingdom,CP071,07.1 Purchase of vehicles
cpih01,67,2026-02-18T00:00:00.000Z,136.3,Dec-24,Dec-24,K02000001,United Kingdom,CP04,"04 Housing, water, electricity, gas and other fuels"
cpih01,67,2026-02-18T00:00:00.000Z,142.8,Dec-24,Dec-24,K02000001,United Kingdom,CP124,12.4 Social protection
cpih01,67,2026-02-18T00:00:00.000Z,142.1,Dec-24,Dec-24,K02000001,United Kingdom,CP0122,"01.2.2 Mineral waters, soft drinks and juices"
cpih01,67,2026-02-18T00:00:00.000Z,153.6,Dec-24,Dec-24,K02000001,United Kingdom,CP095,"09.5 Books, newspapers and stationery"
cpih01,67,2026-02-18T00:00:00.000Z,134.5,Dec-24,Dec-24,K02000001,United Kingdom,CP0721,07.2.1 Spare parts and accessories
cpih01,67,2026-02-18T00:00:00.000Z,135.4,Dec-24,Dec-24,K02000001,United Kingdom,CP0562,05.6.2 Domestic services and household services
cpih01,67,2026-02-18T00:00:00.000Z,135.2,Nov-24,Nov-24,K02000001,United Kingdom,CP0721,07.2.1 Spare parts and accessories
cpih01,67,2026-02-18T00:00:00.000Z,124.4,Nov-24,Nov-24,K02000001,United Kingdom,CP093,"09.3 Other recreational items, gardens and pets"
cpih01,67,2026-02-18T00:00:00.000Z,77.9,Nov-24,Nov-24,K02000001,United Kingdom,CP0912,"09.1.2 Photographic, cinematographic and optical equipment"
cpih01,67,2026-02-18T00:00:00.000Z,136.5,Nov-24,Nov-24,K02000001,United Kingdom,CP0118,"01.1.8 Sugar, jam, syrups, chocolate and confectionery"
cpih01,67,2026-02-18T00:00:00.000Z,133.3,Nov-24,Nov-24,K02000001,United Kingdom,CP062,06.2 Out-patient services
cpih01,67,2026-02-18T00:00:00.000Z,135.4,Nov-24,Nov-24,K02000001,United Kingdom,CP0116,01.1.6 Fruit
cpih01,67,2026-02-18T00:00:00.000Z,170.3,Nov-24,Nov-24,K02000001,United Kingdom,CP045,"04.5 Electricity, gas and other fuels"
cpih01,67,2026-02-18T00:00:00.000Z,110.9,Nov-24,Nov-24,K02000001,United Kingdom,CP054,"05.4 Glassware, tableware and household utensils"
cpih01,67,2026-02-18T00:00:00.000Z,139.6,Nov-24,Nov-24,K02000001,United Kingdom,CP012,01.2 Non-alcoholic beverages
cpih01,67,2026-02-18T00:00:00.000Z,145.8,Nov-24,Nov-24,K02000001,United Kingdom,CP1111,11.1.1 Restaurants and cafes
cpih01,67,2026-02-18T00:00:00.000Z,119.7,Nov-24,Nov-24,K02000001,United Kingdom,CP053,"05.3 Household appliances, fitting and repairs"
cpih01,67,2026-02-18T00:00:00.000Z,146.4,Nov-24,Nov-24,K02000001,United Kingdom,CP11,11 Restaurants and hotels
cpih01,67,2026-02-18T00:00:00.000Z,131.7,Nov-24,Nov-24,K02000001,United Kingdom,CP09,09 Recreation and culture
cpih01,67,2026-02-18T00:00:00.000Z,144.9,Nov-24,Nov-24,K02000001,United Kingdom,CP049,04.9 Council Tax and rates
cpih01,67,2026-02-18T00:00:00.000Z,134.3,Nov-24,Nov-24,K02000001,United Kingdom,CP0953_0954,"09.5.3/4 Miscellaneous printed matter, stationery and drawing materials"
cpih01,67,2026-02-18T00:00:00.000Z,137.0,Nov-24,Nov-24,K02000001,United Kingdom,CP0942,09.4.2 Cultural services
cpih01,67,2026-02-18T00:00:00.000Z,121.2,Nov-24,Nov-24,K02000001,United Kingdom,CP12,12 Miscellaneous goods and services
cpih01,67,2026-02-18T00:00:00.000Z,145.8,Nov-24,Nov-24,K02000001,United Kingdom,CP0734,07.3.4 Passenger transport by sea and inland waterway
cpih01,67,2026-02-18T00:00:00.000Z,137.2,Nov-24,Nov-24,K02000001,United Kingdom,CP011,01.1 Food
cpih01,67,2026-02-18T00:00:00.000Z,115.5,Nov-24,Nov-24,K02000001,United Kingdom,CP0211,02.1.1 Spirits
cpih01,67,2026-02-18T00:00:00.000Z,182.3,Nov-24,Nov-24,K02000001,United Kingdom,CP1254,12.5.4 Transport insurance
cpih01,67,2026-02-18T00:00:00.000Z,144.1,Nov-24,Nov-24,K02000001,United Kingdom,CP0622,06.2.2 Dental services
cpih01,67,2026-02-18T00:00:00.000Z,139.8,Nov-24,Nov-24,K02000001,United Kingdom,CP1211,12.1.1 Hairdressing and personal grooming establishments
cpih01,67,2026-02-18T00:00:00.000Z,151.1,Nov-24,Nov-24,K02000001,United Kingdom,CP0914,09.1.4 Recording media
cpih01,67,2026-02-18T00:00:00.000Z,147.9,Nov-24,Nov-24,K02000001,United Kingdom,CP0314,"03.1.4 Cleaning, repair and hire of clothing"
cpih01,67,2026-02-18T00:00:00.000Z,142.5,Nov-24,Nov-24,K02000001,United Kingdom,CP0934_0935,"09.3.4/5 Pets, related products and services"
cpih01,67,2026-02-18T00:00:00.000Z,105.0,Nov-24,Nov-24,K02000001,United Kingdom,CP0915,09.1.5 Repair of audio-visual equipment and related products
cpih01,67,2026-02-18T00:00:00.000Z,160.3,Nov-24,Nov-24,K02000001,United Kingdom,CP063,06.3 Hospital services
cpih01,67,2026-02-18T00:00:00.000Z,143.5,Nov-24,Nov-24,K02000001,United Kingdom,CP0114,"01.1.4 Milk, cheese and eggs"
cpih01,67,2026-02-18T00:00:00.000Z,90.7,Nov-24,Nov-24,K02000001,United Kingdom,CP126,12.6 Financial services (nec)
cpih01,67,2026-02-18T00:00:00.000Z,125.9,Nov-24,Nov-24,K02000001,United Kingdom,CP031,03.1 Clothing
cpih01,67,2026-02-18T00:00:00.000Z,190.3,Nov-24,Nov-24,K02000001,United Kingdom,CP0115,01.1.5 Oils and fats
cpih01,67,2026-02-18T00:00:00.000Z,136.9,Nov-24,Nov-24,K02000001,United Kingdom,CP0711N1,07.1.1.1 New motor cars
cpih01,67,2026-02-18T00:00:00.000Z,144.8,Nov-24,Nov-24,K02000001,United Kingdom,CP0723,07.2.3 Maintenance and repairs
cpih01,67,2026-02-18T00:00:00.000Z,122.1,Nov-24,Nov-24,K02000001,United Kingdom,CP0533,05.3.3 Repair of household appliances
cpih01,67,2026-02-18T00:00:00.000Z,136.5,Nov-24,Nov-24,K02000001,United Kingdom,CP0731,07.3.1 Passenger transport by railway
cpih01,67,2026-02-18T00:00:00.000Z,135.4,Nov-24,Nov-24,K02000001,United Kingdom,CP0733,07.3.3 Passenger transport by air
cpih01,67,2026-02-18T00:00:00.000Z,106.0,Nov-24,Nov-24,K02000001,United Kingdom,CP032,03.2 Footwear including repairs
cpih01,67,2026-02-18T00:00:00.000Z,194.6,Nov-24,Nov-24,K02000001,United Kingdom,CP0952,09.5.2 Newspapers and periodicals
cpih01,67,2026-02-18T00:00:00.000Z,116.9,Nov-24,Nov-24,K02000001,United Kingdom,CP1212_1213,12.1.2/3 Appliances and products for personal care
cpih01,67,2026-02-18T00:00:00.000Z,127.1,Nov-24,Nov-24,K02000001,United Kingdom,CP0112,01.1.2 Meat
cpih01,67,2026-02-18T00:00:00.000Z,73.7,Nov-24,Nov-24,K02000001,United Kingdom,CP0913,09.1.3 Data processing equipment
cpih01,67,2026-02-18T00:00:00.000Z,136.7,Nov-24,Nov-24,K02000001,United Kingdom,CP0512,05.1.2 Carpets and other floor coverings
cpih01,67,2026-02-18T00:00:00.000Z,81.6,Nov-24,Nov-24,K02000001,United Kingdom,CP0911,09.1.1 Reception and reproduction of sound and pictures
cpih01,67,2026-02-18T00:00:00.000Z,131.0,Nov-24,Nov-24,K02000001,United Kingdom,CP0441,04.4.1 Water supply
cpih01,67,2026-02-18T00:00:00.000Z,129.3,Nov-24,Nov-24,K02000001,United Kingdom,CP041,04.1 Actual rentals for housing
cpih01,67,2026-02-18T00:00:00.000Z,169.5,Nov-24,Nov-24,K02000001,United Kingdom,CP081,08.1 Postal services
cpih01,67,2026-02-18T00:00:00.000Z,149.5,Nov-24,Nov-24,K02000001,United Kingdom,CP0119,01.1.9 Food products (nec)
cpih01,67,2026-02-18T00:00:00.000Z,133.4,Nov-24,Nov-24,K02000001,United Kingdom,CP0113,01.1.3 Fish
cpih01,67,2026-02-18T00:00:00.000Z,112.6,Nov-24,Nov-24,K02000001,United Kingdom,CP0931,"09.3.1 Games, toys and hobbies"
cpih01,67,2026-02-18T00:00:00.000Z,105.6,Nov-24,Nov-24,K02000001,United Kingdom,CP1112,11.1.2 Canteens
cpih01,67,2026-02-18T00:00:00.000Z,111.4,Nov-24,Nov-24,K02000001,United Kingdom,CP0711N2,07.1.1.2 Second-hand motor cars
cpih01,67,2026-02-18T00:00:00.000Z,156.5,Nov-24,Nov-24,K02000001,United Kingdom,CP0724,07.2.4 Other services
cpih01,67,2026-02-18T00:00:00.000Z,116.7,Nov-24,Nov-24,K02000001,United Kingdom,CP0313,03.1.3 Other clothing and clothing accessories
cpih01,67,2026-02-18T00:00:00.000Z,134.9,Nov-24,Nov-24,K02000001,United Kingdom,CP0611,06.1.1 Pharmaceutical products
cpih01,67,2026-02-18T00:00:00.000Z,122.6,Nov-24,Nov-24,K02000001,United Kingdom,CP071,07.1 Purchase of vehicles
cpih01,67,2026-02-18T00:00:00.000Z,155.1,Nov-24,Nov-24,K02000001,United Kingdom,CP112,11.2 Accommodation services
cpih01,67,2026-02-18T00:00:00.000Z,141.9,Nov-24,Nov-24,K02000001,United Kingdom,CP0941,09.4.1 Recreational and sporting services
cpih01,67,2026-02-18T00:00:00.000Z,142.0,Nov-24,Nov-24,K02000001,United Kingdom,CP10,10 Education
cpih01,67,2026-02-18T00:00:00.000Z,188.8,Nov-24,Nov-24,K02000001,United Kingdom,CP0451,04.5.1 Electricity
cpih01,67,2026-02-18T00:00:00.000Z,182.7,Nov-24,Nov-24,K02000001,United Kingdom,CP022,02.2 Tobacco
cpih01,67,2026-02-18T00:00:00.000Z,116.1,Nov-24,Nov-24,K02000001,United Kingdom,CP0612_0613,06.1.2/3 Other medical and therapeutic equipment
cpih01,67,2026-02-18T00:00:00.000Z,133.3,Nov-24,Nov-24,K02000001,United Kingdom,CP082_083,08.2/3 Telephone and telefax equipment
cpih01,67,2026-02-18T00:00:00.000Z,145.5,Nov-24,Nov-24,K02000001,United Kingdom,CP0452,04.5.2 Gas
cpih01,67,2026-02-18T00:00:00.000Z,95.9,Nov-24,Nov-24,K02000001,United Kingdom,CP091,09.1 Audio-visual equipment and related products
cpih01,67,2026-02-18T00:00:00.000Z,127.8,Nov-24,Nov-24,K02000001,United Kingdom,CP061,"06.1 Medical products, appliances and equipment"
cpih01,67,2026-02-18T00:00:00.000Z,144.4,Nov-24,Nov-24,K02000001,United Kingdom,CP111,11.1 Catering services
cpih01,67,2026-02-18T00:00:00.000Z,126.1,Nov-24,Nov-24,K02000001,United Kingdom,CP0621_0623,06.2.1/3 Medical services and paramedical services
cpih01,67,2026-02-18T00:00:00.000Z,130.5,Nov-24,Nov-24,K02000001,United Kingdom,CP042,04.2 Owner Occupiers Housing Costs
cpih01,67,2026-02-18T00:00:00.000Z,122.2,Nov-24,Nov-24,K02000001,United Kingdom,CP0722,07.2.2 Fuels and lubricants
cpih01,67,2026-02-18T00:00:00.000Z,170.8,Nov-24,Nov-24,K02000001,United Kingdom,CP1253,12.5.3 Health insurance
cpih01,67,2026-02-18T00:00:00.000Z,106.5,Nov-24,Nov-24,K02000001,United Kingdom,CP127,12.7 Other services (nec)
cpih01,67,2026-02-18T00:00:00.000Z,134.6,Nov-24,Nov-24,K02000001,United Kingdom,CP00,Overall Index
cpih01,67,2026-02-18T00:00:00.000Z,125.7,Nov-24,Nov-24,K02000001,United Kingdom,CP1231,"12.3.1 Jewellery, clocks and watches"
cpih01,67,2026-02-18T00:00:00.000Z,142.1,Nov-24,Nov-24,K02000001,United Kingdom,CP0122,"01.2.2 Mineral waters, soft drinks and juices"
cpih01,67,2026-02-18T00:00:00.000Z,104.0,Nov-24,Nov-24,K02000001,United Kingdom,CP1232,12.3.2 Other personal effects
cpih01,67,2026-02-18T00:00:00.000Z,138.0,Nov-24,Nov-24,K02000001,United Kingdom,CP051,"05.1 Furniture, furnishings and carpets"
cpih01,67,2026-02-18T00:00:00.000Z,132.9,Nov-24,Nov-24,K02000001,United Kingdom,CP0121,"01.2.1 Coffee, tea and cocoa"
cpih01,67,2026-02-18T00:00:00.000Z,152.7,Nov-24,Nov-24,K02000001,United Kingdom,CP0454,04.5.4 Solid fuels
cpih01,67,2026-02-18T00:00:00.000Z,130.2,Nov-24,Nov-24,K02000001,United Kingdom,CP0443,04.4.3 Sewerage collection
cpih01,67,2026-02-18T00:00:00.000Z,150.1,Nov-24,Nov-24,K02000001,United Kingdom,CP0453,04.5.3 Liquid fuels
cpih01,67,2026-02-18T00:00:00.000Z,130.6,Nov-24,Nov-24,K02000001,United Kingdom,CP0431,04.3.1 Materials for maintenance and repair of the dwelling
cpih01,67,2026-02-18T00:00:00.000Z,121.6,Nov-24,Nov-24,K02000001,United Kingdom,CP0712_0713,07.1.2/3 Motocycles and bicycles
cpih01,67,2026-02-18T00:00:00.000Z,134.7,Nov-24,Nov-24,K02000001,United Kingdom,CP0562,05.6.2 Domestic services and household services
cpih01,67,2026-02-18T00:00:00.000Z,114.3,Nov-24,Nov-24,K02000001,United Kingdom,CP052,05.2 Household textiles
cpih01,67,2026-02-18T00:00:00.000Z,154.6,Nov-24,Nov-24,K02000001,United Kingdom,CP095,"09.5 Books, newspapers and stationery"
cpih01,67,2026-02-18T00:00:00.000Z,117.0,Nov-24,Nov-24,K02000001,United Kingdom,CP0561,05.6.1 Non-durable household goods
cpih01,67,2026-02-18T00:00:00.000Z,134.3,Nov-24,Nov-24,K02000001,United Kingdom,CP072,07.2 Operation of personal transport equipment
cpih01,67,2026-02-18T00:00:00.000Z,119.5,Nov-24,Nov-24,K02000001,United Kingdom,CP021,02.1 Alcoholic beverages
cpih01,67,2026-02-18T00:00:00.000Z,138.4,Nov-24,Nov-24,K02000001,United Kingdom,CP0511,05.1.1 Furniture and furnishings
cpih01,67,2026-02-18T00:00:00.000Z,126.5,Nov-24,Nov-24,K02000001,United Kingdom,CP0312,03.1.2 Garments
cpih01,67,2026-02-18T00:00:00.000Z,177.3,Nov-24,Nov-24,K02000001,United Kingdom,CP125,12.5 Insurance
cpih01,67,2026-02-18T00:00:00.000Z,120.3,Nov-24,Nov-24,K02000001,United Kingdom,CP043,04.3 Regular maintenance and repair of the dwelling
cpih01,67,2026-02-18T00:00:00.000Z,131.0,Nov-24,Nov-24,K02000001,United Kingdom,CP056,05.6 Goods and services for routine maintenance
cpih01,67,2026-02-18T00:00:00.000Z,137.5,Nov-24,Nov-24,K02000001,United Kingdom,CP01,01 Food and non-alcoholic beverages
cpih01,67,2026-02-18T00:00:00.000Z,127.0,Nov-24,Nov-24,K02000001,United Kingdom,CP0933,"09.3.3 Gardens, plants and flowers"
cpih01,67,2026-02-18T00:00:00.000Z,130.4,Nov-24,Nov-24,K02000001,United Kingdom,CP044,04.4 Water supply and miscellaneous services relating to the dwelling
cpih01,67,2026-02-18T00:00:00.000Z,126.2,Nov-24,Nov-24,K02000001,United Kingdom,CP05,"05 Furniture, household equipment and maintenance"
cpih01,67,2026-02-18T00:00:00.000Z,122.6,Nov-24,Nov-24,K02000001,United Kingdom,CP03,03 Clothing and footwear
cpih01,67,2026-02-18T00:00:00.000Z,150.2,Nov-24,Nov-24,K02000001,United Kingdom,CP02,02 Alcoholic beverages and tobacco
cpih01,67,2026-02-18T00:00:00.000Z,109.5,Nov-24,Nov-24,K02000001,United Kingdom,CP0432,04.3.2 Services for maintenance and repair of the dwelling
cpih01,67,2026-02-18T00:00:00.000Z,122.4,Nov-24,Nov-24,K02000001,United Kingdom,CP121,12.1 Personal care
cpih01,67,2026-02-18T00:00:00.000Z,146.6,Nov-24,Nov-24,K02000001,United Kingdom,CP073,07.3 Transport services
cpih01,67,2026-02-18T00:00:00.000Z,135.5,Nov-24,Nov-24,K02000001,United Kingdom,CP0117,01.1.7 Vegetables including potatoes and tubers
cpih01,67,2026-02-18T00:00:00.000Z,138.3,Nov-24,Nov-24,K02000001,United Kingdom,CP094,09.4 Recreational and cultural services
cpih01,67,2026-02-18T00:00:00.000Z,150.7,Nov-24,Nov-24,K02000001,United Kingdom,CP0951,09.5.1 Books
cpih01,67,2026-02-18T00:00:00.000Z,161.4,Nov-24,Nov-24,K02000001,United Kingdom,CP0732_0736,07.3.2/6 Passenger transport by road and other services
cpih01,67,2026-02-18T00:00:00.000Z,138.8,Nov-24,Nov-24,K02000001,United Kingdom,CP1252,12.5.2 House contents insurance
cpih01,67,2026-02-18T00:00:00.000Z,135.0,Nov-24,Nov-24,K02000001,United Kingdom,CP08,08 Communication
cpih01,67,2026-02-18T00:00:00.000Z,137.3,Nov-24,Nov-24,K02000001,United Kingdom,CP0111,01.1.1 Bread and cereals
cpih01,67,2026-02-18T00:00:00.000Z,119.5,Nov-24,Nov-24,K02000001,United Kingdom,CP0932,09.3.2 Equipment for sport and open-air recreation
cpih01,67,2026-02-18T00:00:00.000Z,142.5,Nov-24,Nov-24,K02000001,United Kingdom,CP124,12.4 Social protection
cpih01,67,2026-02-18T00:00:00.000Z,120.2,Nov-24,Nov-24,K02000001,United Kingdom,CP0531_0532,05.3.1/2 Major appliances and small electric goods
cpih01,67,2026-02-18T00:00:00.000Z,127.8,Nov-24,Nov-24,K02000001,United Kingdom,CP092,09.2 Other major durables for recreation and culture
cpih01,67,2026-02-18T00:00:00.000Z,136.3,Nov-24,Nov-24,K02000001,United Kingdom,CP06,06 Health
cpih01,67,2026-02-18T00:00:00.000Z,117.2,Nov-24,Nov-24,K02000001,United Kingdom,CP0212,02.1.2 Wine
cpih01,67,2026-02-18T00:00:00.000Z,119.1,Nov-24,Nov-24,K02000001,United Kingdom,CP123,12.3 Personal effects (nec)
cpih01,67,2026-02-18T00:00:00.000Z,132.4,Nov-24,Nov-24,K02000001,United Kingdom,CP07,07 Transport
cpih01,67,2026-02-18T00:00:00.000Z,153.2,Nov-24,Nov-24,K02000001,United Kingdom,CP096,09.6 Package holidays
cpih01,67,2026-02-18T00:00:00.000Z,135.7,Nov-24,Nov-24,K02000001,United Kingdom,CP04,"04 Housing, water, electricity, gas and other fuels"
cpih01,67,2026-02-18T00:00:00.000Z,118.4,Nov-24,Nov-24,K02000001,United Kingdom,CP055,05.5 Tools and equipment for house and garden
cpih01,67,2026-02-18T00:00:00.000Z,127.9,Nov-24,Nov-24,K02000001,United Kingdom,CP0213,02.1.3 Beer
cpih01,67,2026-02-18T00:00:00.000Z,85.2,Oct-24,Oct-24,K02000001,United Kingdom,CP0911,09.1.1 Reception and reproduction of sound and pictures
cpih01,67,2026-02-18T00:00:00.000Z,98.5,Oct-24,Oct-24,K02000001,United Kingdom,CP091,09.1 Audio-visual equipment and related products
cpih01,67,2026-02-18T00:00:00.000Z,153.1,Oct-24,Oct-24,K02000001,United Kingdom,CP096,09.6 Package holidays
cpih01,67,2026-02-18T00:00:00.000Z,123.8,Oct-24,Oct-24,K02000001,United Kingdom,CP1231,"12.3.1 Jewellery, clocks and watches"
cpih01,67,2026-02-18T00:00:00.000Z,122.0,Oct-24,Oct-24,K02000001,United Kingdom,CP053,"05.3 Household appliances, fitting and repairs"
cpih01,67,2026-02-18T00:00:00.000Z,170.4,Oct-24,Oct-24,K02000001,United Kingdom,CP045,"04.5 Electricity, gas and other fuels"
cpih01,67,2026-02-18T00:00:00.000Z,125.0,Oct-24,Oct-24,K02000001,United Kingdom,CP031,03.1 Clothing
cpih01,67,2026-02-18T00:00:00.000Z,141.6,Oct-24,Oct-24,K02000001,United Kingdom,CP0941,09.4.1 Recreational and sporting services
cpih01,67,2026-02-18T00:00:00.000Z,178.1,Oct-24,Oct-24,K02000001,United Kingdom,CP125,12.5 Insurance
cpih01,67,2026-02-18T00:00:00.000Z,146.3,Oct-24,Oct-24,K02000001,United Kingdom,CP11,11 Restaurants and hotels
cpih01,67,2026-02-18T00:00:00.000Z,111.6,Oct-24,Oct-24,K02000001,United Kingdom,CP0711N2,07.1.1.2 Second-hand motor cars
cpih01,67,2026-02-18T00:00:00.000Z,117.6,Oct-24,Oct-24,K02000001,United Kingdom,CP0561,05.6.1 Non-durable household goods
cpih01,67,2026-02-18T00:00:00.000Z,193.3,Oct-24,Oct-24,K02000001,United Kingdom,CP0952,09.5.2 Newspapers and periodicals
cpih01,67,2026-02-18T00:00:00.000Z,128.5,Oct-24,Oct-24,K02000001,United Kingdom,CP041,04.1 Actual rentals for housing
cpih01,67,2026-02-18T00:00:00.000Z,170.8,Oct-24,Oct-24,K02000001,United Kingdom,CP1253,12.5.3 Health insurance
cpih01,67,2026-02-18T00:00:00.000Z,109.9,Oct-24,Oct-24,K02000001,United Kingdom,CP0931,"09.3.1 Games, toys and hobbies"
cpih01,67,2026-02-18T00:00:00.000Z,151.3,Oct-24,Oct-24,K02000001,United Kingdom,CP0951,09.5.1 Books
cpih01,67,2026-02-18T00:00:00.000Z,121.8,Oct-24,Oct-24,K02000001,United Kingdom,CP03,03 Clothing and footwear
cpih01,67,2026-02-18T00:00:00.000Z,136.9,Oct-24,Oct-24,K02000001,United Kingdom,CP01,01 Food and non-alcoholic beverages
cpih01,67,2026-02-18T00:00:00.000Z,122.6,Oct-24,Oct-24,K02000001,United Kingdom,CP071,07.1 Purchase of vehicles
cpih01,67,2026-02-18T00:00:00.000Z,126.3,Oct-24,Oct-24,K02000001,United Kingdom,CP05,"05 Furniture, household equipment and maintenance"
cpih01,67,2026-02-18T00:00:00.000Z,106.4,Oct-24,Oct-24,K02000001,United Kingdom,CP127,12.7 Other services (nec)
cpih01,67,2026-02-18T00:00:00.000Z,136.1,Oct-24,Oct-24,K02000001,United Kingdom,CP0111,01.1.1 Bread and cereals
cpih01,67,2026-02-18T00:00:00.000Z,134.3,Oct-24,Oct-24,K02000001,United Kingdom,CP082_083,08.2/3 Telephone and telefax equipment
cpih01,67,2026-02-18T00:00:00.000Z,119.9,Oct-24,Oct-24,K02000001,United Kingdom,CP021,02.1 Alcoholic beverages
cpih01,67,2026-02-18T00:00:00.000Z,135.4,Oct-24,Oct-24,K02000001,United Kingdom,CP0117,01.1.7 Vegetables including potatoes and tubers
cpih01,67,2026-02-18T00:00:00.000Z,104.3,Oct-24,Oct-24,K02000001,United Kingdom,CP1232,12.3.2 Other personal effects
cpih01,67,2026-02-18T00:00:00.000Z,114.6,Oct-24,Oct-24,K02000001,United Kingdom,CP052,05.2 Household textiles
cpih01,67,2026-02-18T00:00:00.000Z,137.5,Oct-24,Oct-24,K02000001,United Kingdom,CP0731,07.3.1 Passenger transport by railway
cpih01,67,2026-02-18T00:00:00.000Z,128.2,Oct-24,Oct-24,K02000001,United Kingdom,CP0213,02.1.3 Beer
cpih01,67,2026-02-18T00:00:00.000Z,117.7,Oct-24,Oct-24,K02000001,United Kingdom,CP1212_1213,12.1.2/3 Appliances and products for personal care
cpih01,67,2026-02-18T00:00:00.000Z,104.7,Oct-24,Oct-24,K02000001,United Kingdom,CP0915,09.1.5 Repair of audio-visual equipment and related products
cpih01,67,2026-02-18T00:00:00.000Z,188.8,Oct-24,Oct-24,K02000001,United Kingdom,CP0451,04.5.1 Electricity
cpih01,67,2026-02-18T00:00:00.000Z,149.0,Oct-24,Oct-24,K02000001,United Kingdom,CP0119,01.1.9 Food products (nec)
cpih01,67,2026-02-18T00:00:00.000Z,135.9,Oct-24,Oct-24,K02000001,United Kingdom,CP0711N1,07.1.1.1 New motor cars
cpih01,67,2026-02-18T00:00:00.000Z,134.4,Oct-24,Oct-24,K02000001,United Kingdom,CP0116,01.1.6 Fruit
cpih01,67,2026-02-18T00:00:00.000Z,155.8,Oct-24,Oct-24,K02000001,United Kingdom,CP112,11.2 Accommodation services
cpih01,67,2026-02-18T00:00:00.000Z,135.3,Oct-24,Oct-24,K02000001,United Kingdom,CP0611,06.1.1 Pharmaceutical products
cpih01,67,2026-02-18T00:00:00.000Z,106.2,Oct-24,Oct-24,K02000001,United Kingdom,CP032,03.2 Footwear including repairs
cpih01,67,2026-02-18T00:00:00.000Z,139.3,Oct-24,Oct-24,K02000001,United Kingdom,CP1211,12.1.1 Hairdressing and personal grooming establishments
cpih01,67,2026-02-18T00:00:00.000Z,133.5,Oct-24,Oct-24,K02000001,United Kingdom,CP072,07.2 Operation of personal transport equipment
cpih01,67,2026-02-18T00:00:00.000Z,137.8,Oct-24,Oct-24,K02000001,United Kingdom,CP051,"05.1 Furniture, furnishings and carpets"
cpih01,67,2026-02-18T00:00:00.000Z,134.8,Oct-24,Oct-24,K02000001,United Kingdom,CP0721,07.2.1 Spare parts and accessories
cpih01,67,2026-02-18T00:00:00.000Z,160.9,Oct-24,Oct-24,K02000001,United Kingdom,CP0732_0736,07.3.2/6 Passenger transport by road and other services
cpih01,67,2026-02-18T00:00:00.000Z,148.1,Oct-24,Oct-24,K02000001,United Kingdom,CP02,02 Alcoholic beverages and tobacco
cpih01,67,2026-02-18T00:00:00.000Z,117.6,Oct-24,Oct-24,K02000001,United Kingdom,CP123,12.3 Personal effects (nec)
cpih01,67,2026-02-18T00:00:00.000Z,116.4,Oct-24,Oct-24,K02000001,United Kingdom,CP055,05.5 Tools and equipment for house and garden
cpih01,67,2026-02-18T00:00:00.000Z,184.6,Oct-24,Oct-24,K02000001,United Kingdom,CP1254,12.5.4 Transport insurance
cpih01,67,2026-02-18T00:00:00.000Z,145.5,Oct-24,Oct-24,K02000001,United Kingdom,CP1111,11.1.1 Restaurants and cafes
cpih01,67,2026-02-18T00:00:00.000Z,121.3,Oct-24,Oct-24,K02000001,United Kingdom,CP0722,07.2.2 Fuels and lubricants
cpih01,67,2026-02-18T00:00:00.000Z,155.0,Oct-24,Oct-24,K02000001,United Kingdom,CP0453,04.5.3 Liquid fuels
cpih01,67,2026-02-18T00:00:00.000Z,134.3,Oct-24,Oct-24,K02000001,United Kingdom,CP00,Overall Index
cpih01,67,2026-02-18T00:00:00.000Z,116.3,Oct-24,Oct-24,K02000001,United Kingdom,CP0313,03.1.3 Other clothing and clothing accessories
cpih01,67,2026-02-18T00:00:00.000Z,147.4,Oct-24,Oct-24,K02000001,United Kingdom,CP0314,"03.1.4 Cleaning, repair and hire of clothing"
cpih01,67,2026-02-18T00:00:00.000Z,117.6,Oct-24,Oct-24,K02000001,United Kingdom,CP0212,02.1.2 Wine
cpih01,67,2026-02-18T00:00:00.000Z,187.0,Oct-24,Oct-24,K02000001,United Kingdom,CP0115,01.1.5 Oils and fats
cpih01,67,2026-02-18T00:00:00.000Z,139.5,Oct-24,Oct-24,K02000001,United Kingdom,CP1252,12.5.2 House contents insurance
cpih01,67,2026-02-18T00:00:00.000Z,133.5,Oct-24,Oct-24,K02000001,United Kingdom,CP07,07 Transport
cpih01,67,2026-02-18T00:00:00.000Z,144.9,Oct-24,Oct-24,K02000001,United Kingdom,CP049,04.9 Council Tax and rates
cpih01,67,2026-02-18T00:00:00.000Z,131.5,Oct-24,Oct-24,K02000001,United Kingdom,CP09,09 Recreation and culture
cpih01,67,2026-02-18T00:00:00.000Z,136.3,Oct-24,Oct-24,K02000001,United Kingdom,CP0942,09.4.2 Cultural services
cpih01,67,2026-02-18T00:00:00.000Z,122.6,Oct-24,Oct-24,K02000001,United Kingdom,CP0531_0532,05.3.1/2 Major appliances and small electric goods
cpih01,67,2026-02-18T00:00:00.000Z,110.7,Oct-24,Oct-24,K02000001,United Kingdom,CP054,"05.4 Glassware, tableware and household utensils"
cpih01,67,2026-02-18T00:00:00.000Z,136.5,Oct-24,Oct-24,K02000001,United Kingdom,CP0512,05.1.2 Carpets and other floor coverings
cpih01,67,2026-02-18T00:00:00.000Z,142.0,Oct-24,Oct-24,K02000001,United Kingdom,CP10,10 Education
cpih01,67,2026-02-18T00:00:00.000Z,134.2,Oct-24,Oct-24,K02000001,United Kingdom,CP0562,05.6.2 Domestic services and household services
cpih01,67,2026-02-18T00:00:00.000Z,139.8,Oct-24,Oct-24,K02000001,United Kingdom,CP012,01.2 Non-alcoholic beverages
cpih01,67,2026-02-18T00:00:00.000Z,127.8,Oct-24,Oct-24,K02000001,United Kingdom,CP0112,01.1.2 Meat
cpih01,67,2026-02-18T00:00:00.000Z,132.7,Oct-24,Oct-24,K02000001,United Kingdom,CP0121,"01.2.1 Coffee, tea and cocoa"
cpih01,67,2026-02-18T00:00:00.000Z,125.4,Oct-24,Oct-24,K02000001,United Kingdom,CP0312,03.1.2 Garments
cpih01,67,2026-02-18T00:00:00.000Z,156.6,Oct-24,Oct-24,K02000001,United Kingdom,CP0724,07.2.4 Other services
cpih01,67,2026-02-18T00:00:00.000Z,133.2,Oct-24,Oct-24,K02000001,United Kingdom,CP0953_0954,"09.5.3/4 Miscellaneous printed matter, stationery and drawing materials"
cpih01,67,2026-02-18T00:00:00.000Z,130.4,Oct-24,Oct-24,K02000001,United Kingdom,CP044,04.4 Water supply and miscellaneous services relating to the dwelling
cpih01,67,2026-02-18T00:00:00.000Z,106.0,Oct-24,Oct-24,K02000001,United Kingdom,CP1112,11.1.2 Canteens
cpih01,67,2026-02-18T00:00:00.000Z,136.4,Oct-24,Oct-24,K02000001,United Kingdom,CP011,01.1 Food
cpih01,67,2026-02-18T00:00:00.000Z,144.1,Oct-24,Oct-24,K02000001,United Kingdom,CP0622,06.2.2 Dental services
cpih01,67,2026-02-18T00:00:00.000Z,130.2,Oct-24,Oct-24,K02000001,United Kingdom,CP0443,04.4.3 Sewerage collection
cpih01,67,2026-02-18T00:00:00.000Z,119.4,Oct-24,Oct-24,K02000001,United Kingdom,CP0932,09.3.2 Equipment for sport and open-air recreation
cpih01,67,2026-02-18T00:00:00.000Z,142.0,Oct-24,Oct-24,K02000001,United Kingdom,CP124,12.4 Social protection
cpih01,67,2026-02-18T00:00:00.000Z,90.5,Oct-24,Oct-24,K02000001,United Kingdom,CP126,12.6 Financial services (nec)
cpih01,67,2026-02-18T00:00:00.000Z,120.9,Oct-24,Oct-24,K02000001,United Kingdom,CP043,04.3 Regular maintenance and repair of the dwelling
cpih01,67,2026-02-18T00:00:00.000Z,73.7,Oct-24,Oct-24,K02000001,United Kingdom,CP0913,09.1.3 Data processing equipment
cpih01,67,2026-02-18T00:00:00.000Z,123.7,Oct-24,Oct-24,K02000001,United Kingdom,CP0712_0713,07.1.2/3 Motocycles and bicycles
cpih01,67,2026-02-18T00:00:00.000Z,135.9,Oct-24,Oct-24,K02000001,United Kingdom,CP08,08 Communication
cpih01,67,2026-02-18T00:00:00.000Z,176.8,Oct-24,Oct-24,K02000001,United Kingdom,CP022,02.2 Tobacco
cpih01,67,2026-02-18T00:00:00.000Z,128.0,Oct-24,Oct-24,K02000001,United Kingdom,CP061,"06.1 Medical products, appliances and equipment"
cpih01,67,2026-02-18T00:00:00.000Z,127.7,Oct-24,Oct-24,K02000001,United Kingdom,CP0933,"09.3.3 Gardens, plants and flowers"
cpih01,67,2026-02-18T00:00:00.000Z,144.1,Oct-24,Oct-24,K02000001,United Kingdom,CP111,11.1 Catering services
cpih01,67,2026-02-18T00:00:00.000Z,149.8,Oct-24,Oct-24,K02000001,United Kingdom,CP0734,07.3.4 Passenger transport by sea and inland waterway
cpih01,67,2026-02-18T00:00:00.000Z,171.0,Oct-24,Oct-24,K02000001,United Kingdom,CP081,08.1 Postal services
cpih01,67,2026-02-18T00:00:00.000Z,141.5,Oct-24,Oct-24,K02000001,United Kingdom,CP0114,"01.1.4 Milk, cheese and eggs"
cpih01,67,2026-02-18T00:00:00.000Z,127.7,Oct-24,Oct-24,K02000001,United Kingdom,CP092,09.2 Other major durables for recreation and culture
cpih01,67,2026-02-18T00:00:00.000Z,143.2,Oct-24,Oct-24,K02000001,United Kingdom,CP0723,07.2.3 Maintenance and repairs
cpih01,67,2026-02-18T00:00:00.000Z,132.5,Oct-24,Oct-24,K02000001,United Kingdom,CP0431,04.3.1 Materials for maintenance and repair of the dwelling
cpih01,67,2026-02-18T00:00:00.000Z,135.0,Oct-24,Oct-24,K02000001,United Kingdom,CP04,"04 Housing, water, electricity, gas and other fuels"
cpih01,67,2026-02-18T00:00:00.000Z,137.8,Oct-24,Oct-24,K02000001,United Kingdom,CP094,09.4 Recreational and cultural services
cpih01,67,2026-02-18T00:00:00.000Z,138.2,Oct-24,Oct-24,K02000001,United Kingdom,CP0511,05.1.1 Furniture and furnishings
cpih01,67,2026-02-18T00:00:00.000Z,125.9,Oct-24,Oct-24,K02000001,United Kingdom,CP0621_0623,06.2.1/3 Medical services and paramedical services
cpih01,67,2026-02-18T00:00:00.000Z,123.3,Oct-24,Oct-24,K02000001,United Kingdom,CP093,"09.3 Other recreational items, gardens and pets"
cpih01,67,2026-02-18T00:00:00.000Z,132.3,Oct-24,Oct-24,K02000001,United Kingdom,CP0113,01.1.3 Fish
cpih01,67,2026-02-18T00:00:00.000Z,157.9,Oct-24,Oct-24,K02000001,United Kingdom,CP0914,09.1.4 Recording media
cpih01,67,2026-02-18T00:00:00.000Z,145.5,Oct-24,Oct-24,K02000001,United Kingdom,CP0452,04.5.2 Gas
cpih01,67,2026-02-18T00:00:00.000Z,79.5,Oct-24,Oct-24,K02000001,United Kingdom,CP0912,"09.1.2 Photographic, cinematographic and optical equipment"
cpih01,67,2026-02-18T00:00:00.000Z,142.5,Oct-24,Oct-24,K02000001,United Kingdom,CP0122,"01.2.2 Mineral waters, soft drinks and juices"
cpih01,67,2026-02-18T00:00:00.000Z,133.2,Oct-24,Oct-24,K02000001,United Kingdom,CP062,06.2 Out-patient services
cpih01,67,2026-02-18T00:00:00.000Z,154.9,Oct-24,Oct-24,K02000001,United Kingdom,CP073,07.3 Transport services
cpih01,67,2026-02-18T00:00:00.000Z,141.1,Oct-24,Oct-24,K02000001,United Kingdom,CP0934_0935,"09.3.4/5 Pets, related products and services"
cpih01,67,2026-02-18T00:00:00.000Z,122.1,Oct-24,Oct-24,K02000001,United Kingdom,CP0533,05.3.3 Repair of household appliances
cpih01,67,2026-02-18T00:00:00.000Z,129.5,Oct-24,Oct-24,K02000001,United Kingdom,CP042,04.2 Owner Occupiers Housing Costs
cpih01,67,2026-02-18T00:00:00.000Z,136.2,Oct-24,Oct-24,K02000001,United Kingdom,CP06,06 Health
cpih01,67,2026-02-18T00:00:00.000Z,131.4,Oct-24,Oct-24,K02000001,United Kingdom,CP056,05.6 Goods and services for routine maintenance
cpih01,67,2026-02-18T00:00:00.000Z,115.9,Oct-24,Oct-24,K02000001,United Kingdom,CP0211,02.1.1 Spirits
cpih01,67,2026-02-18T00:00:00.000Z,135.3,Oct-24,Oct-24,K02000001,United Kingdom,CP0118,"01.1.8 Sugar, jam, syrups, chocolate and confectionery"
cpih01,67,2026-02-18T00:00:00.000Z,153.6,Oct-24,Oct-24,K02000001,United Kingdom,CP0454,04.5.4 Solid fuels
cpih01,67,2026-02-18T00:00:00.000Z,167.7,Oct-24,Oct-24,K02000001,United Kingdom,CP0733,07.3.3 Passenger transport by air
cpih01,67,2026-02-18T00:00:00.000Z,122.9,Oct-24,Oct-24,K02000001,United Kingdom,CP121,12.1 Personal care
cpih01,67,2026-02-18T00:00:00.000Z,115.9,Oct-24,Oct-24,K02000001,United Kingdom,CP0612_0613,06.1.2/3 Other medical and therapeutic equipment
cpih01,67,2026-02-18T00:00:00.000Z,160.1,Oct-24,Oct-24,K02000001,United Kingdom,CP063,06.3 Hospital services
cpih01,67,2026-02-18T00:00:00.000Z,153.9,Oct-24,Oct-24,K02000001,United Kingdom,CP095,"09.5 Books, newspapers and stationery"
cpih01,67,2026-02-18T00:00:00.000Z,121.1,Oct-24,Oct-24,K02000001,United Kingdom,CP12,12 Miscellaneous goods and services
cpih01,67,2026-02-18T00:00:00.000Z,131.0,Oct-24,Oct-24,K02000001,United Kingdom,CP0441,04.4.1 Water supply
cpih01,67,2026-02-18T00:00:00.000Z,109.4,Oct-24,Oct-24,K02000001,United Kingdom,CP0432,04.3.2 Services for maintenance and repair of the dwelling
cpih01,67,2026-02-18T00:00:00.000Z,146.9,Sep-24,Sep-24,K02000001,United Kingdom,CP0314,"03.1.4 Cleaning, repair and hire of clothing"
cpih01,67,2026-02-18T00:00:00.000Z,119.0,Sep-24,Sep-24,K02000001,United Kingdom,CP0932,09.3.2 Equipment for sport and open-air recreation
cpih01,67,2026-02-18T00:00:00.000Z,81.6,Sep-24,Sep-24,K02000001,United Kingdom,CP0912,"09.1.2 Photographic, cinematographic and optical equipment"
cpih01,67,2026-02-18T00:00:00.000Z,106.6,Sep-24,Sep-24,K02000001,United Kingdom,CP032,03.2 Footwear including repairs
cpih01,67,2026-02-18T00:00:00.000Z,120.0,Sep-24,Sep-24,K02000001,United Kingdom,CP0531_0532,05.3.1/2 Major appliances and small electric goods
cpih01,67,2026-02-18T00:00:00.000Z,136.3,Sep-24,Sep-24,K02000001,United Kingdom,CP011,01.1 Food
cpih01,67,2026-02-18T00:00:00.000Z,187.5,Sep-24,Sep-24,K02000001,United Kingdom,CP0115,01.1.5 Oils and fats
cpih01,67,2026-02-18T00:00:00.000Z,116.9,Sep-24,Sep-24,K02000001,United Kingdom,CP055,05.5 Tools and equipment for house and garden
cpih01,67,2026-02-18T00:00:00.000Z,134.9,Sep-24,Sep-24,K02000001,United Kingdom,CP0611,06.1.1 Pharmaceutical products
cpih01,67,2026-02-18T00:00:00.000Z,132.4,Sep-24,Sep-24,K02000001,United Kingdom,CP0721,07.2.1 Spare parts and accessories
cpih01,67,2026-02-18T00:00:00.000Z,142.3,Sep-24,Sep-24,K02000001,United Kingdom,CP0723,07.2.3 Maintenance and repairs
cpih01,67,2026-02-18T00:00:00.000Z,176.8,Sep-24,Sep-24,K02000001,United Kingdom,CP022,02.2 Tobacco
cpih01,67,2026-02-18T00:00:00.000Z,134.1,Sep-24,Sep-24,K02000001,United Kingdom,CP0121,"01.2.1 Coffee, tea and cocoa"
cpih01,67,2026-02-18T00:00:00.000Z,133.2,Sep-24,Sep-24,K02000001,United Kingdom,CP04,"04 Housing, water, electricity, gas and other fuels"
cpih01,67,2026-02-18T00:00:00.000Z,132.8,Sep-24,Sep-24,K02000001,United Kingdom,CP062,06.2 Out-patient services
cpih01,67,2026-02-18T00:00:00.000Z,108.3,Sep-24,Sep-24,K02000001,United Kingdom,CP0931,"09.3.1 Games, toys and hobbies"
cpih01,67,2026-02-18T00:00:00.000Z,157.8,Sep-24,Sep-24,K02000001,United Kingdom,CP0733,07.3.3 Passenger transport by air
cpih01,67,2026-02-18T00:00:00.000Z,134.2,Sep-24,Sep-24,K02000001,United Kingdom,CP0113,01.1.3 Fish
cpih01,67,2026-02-18T00:00:00.000Z,77.7,Sep-24,Sep-24,K02000001,United Kingdom,CP0913,09.1.3 Data processing equipment
cpih01,67,2026-02-18T00:00:00.000Z,135.8,Sep-24,Sep-24,K02000001,United Kingdom,CP0711N1,07.1.1.1 New motor cars
cpih01,67,2026-02-18T00:00:00.000Z,157.3,Sep-24,Sep-24,K02000001,United Kingdom,CP0914,09.1.4 Recording media
cpih01,67,2026-02-18T00:00:00.000Z,116.0,Sep-24,Sep-24,K02000001,United Kingdom,CP0211,02.1.1 Spirits
cpih01,67,2026-02-18T00:00:00.000Z,130.4,Sep-24,Sep-24,K02000001,United Kingdom,CP044,04.4 Water supply and miscellaneous services relating to the dwelling
cpih01,67,2026-02-18T00:00:00.000Z,116.7,Sep-24,Sep-24,K02000001,United Kingdom,CP0212,02.1.2 Wine
cpih01,67,2026-02-18T00:00:00.000Z,106.2,Sep-24,Sep-24,K02000001,United Kingdom,CP127,12.7 Other services (nec)
cpih01,67,2026-02-18T00:00:00.000Z,152.2,Sep-24,Sep-24,K02000001,United Kingdom,CP073,07.3 Transport services
cpih01,67,2026-02-18T00:00:00.000Z,144.9,Sep-24,Sep-24,K02000001,United Kingdom,CP049,04.9 Council Tax and rates
cpih01,67,2026-02-18T00:00:00.000Z,135.4,Sep-24,Sep-24,K02000001,United Kingdom,CP0731,07.3.1 Passenger transport by railway
cpih01,67,2026-02-18T00:00:00.000Z,130.2,Sep-24,Sep-24,K02000001,United Kingdom,CP056,05.6 Goods and services for routine maintenance
cpih01,67,2026-02-18T00:00:00.000Z,123.5,Sep-24,Sep-24,K02000001,United Kingdom,CP0312,03.1.2 Garments
cpih01,67,2026-02-18T00:00:00.000Z,127.8,Sep-24,Sep-24,K02000001,United Kingdom,CP061,"06.1 Medical products, appliances and equipment"
cpih01,67,2026-02-18T00:00:00.000Z,128.5,Sep-24,Sep-24,K02000001,United Kingdom,CP042,04.2 Owner Occupiers Housing Costs
cpih01,67,2026-02-18T00:00:00.000Z,90.4,Sep-24,Sep-24,K02000001,United Kingdom,CP126,12.6 Financial services (nec)
cpih01,67,2026-02-18T00:00:00.000Z,130.3,Sep-24,Sep-24,K02000001,United Kingdom,CP0452,04.5.2 Gas
cpih01,67,2026-02-18T00:00:00.000Z,175.3,Sep-24,Sep-24,K02000001,United Kingdom,CP0451,04.5.1 Electricity
cpih01,67,2026-02-18T00:00:00.000Z,148.7,Sep-24,Sep-24,K02000001,United Kingdom,CP0951,09.5.1 Books
cpih01,67,2026-02-18T00:00:00.000Z,139.2,Sep-24,Sep-24,K02000001,United Kingdom,CP0511,05.1.1 Furniture and furnishings
cpih01,67,2026-02-18T00:00:00.000Z,118.4,Sep-24,Sep-24,K02000001,United Kingdom,CP1212_1213,12.1.2/3 Appliances and products for personal care
cpih01,67,2026-02-18T00:00:00.000Z,111.4,Sep-24,Sep-24,K02000001,United Kingdom,CP0711N2,07.1.1.2 Second-hand motor cars
cpih01,67,2026-02-18T00:00:00.000Z,132.2,Sep-24,Sep-24,K02000001,United Kingdom,CP0431,04.3.1 Materials for maintenance and repair of the dwelling
cpih01,67,2026-02-18T00:00:00.000Z,103.6,Sep-24,Sep-24,K02000001,United Kingdom,CP1232,12.3.2 Other personal effects
cpih01,67,2026-02-18T00:00:00.000Z,127.7,Sep-24,Sep-24,K02000001,United Kingdom,CP092,09.2 Other major durables for recreation and culture
cpih01,67,2026-02-18T00:00:00.000Z,141.1,Sep-24,Sep-24,K02000001,United Kingdom,CP0122,"01.2.2 Mineral waters, soft drinks and juices"
cpih01,67,2026-02-18T00:00:00.000Z,143.8,Sep-24,Sep-24,K02000001,United Kingdom,CP0622,06.2.2 Dental services
cpih01,67,2026-02-18T00:00:00.000Z,133.5,Sep-24,Sep-24,K02000001,United Kingdom,CP00,Overall Index
cpih01,67,2026-02-18T00:00:00.000Z,135.4,Sep-24,Sep-24,K02000001,United Kingdom,CP06,06 Health
cpih01,67,2026-02-18T00:00:00.000Z,140.6,Sep-24,Sep-24,K02000001,United Kingdom,CP0934_0935,"09.3.4/5 Pets, related products and services"
cpih01,67,2026-02-18T00:00:00.000Z,127.9,Sep-24,Sep-24,K02000001,United Kingdom,CP041,04.1 Actual rentals for housing
cpih01,67,2026-02-18T00:00:00.000Z,120.5,Sep-24,Sep-24,K02000001,United Kingdom,CP03,03 Clothing and footwear
cpih01,67,2026-02-18T00:00:00.000Z,125.7,Sep-24,Sep-24,K02000001,United Kingdom,CP05,"05 Furniture, household equipment and maintenance"
cpih01,67,2026-02-18T00:00:00.000Z,133.3,Sep-24,Sep-24,K02000001,United Kingdom,CP07,07 Transport
cpih01,67,2026-02-18T00:00:00.000Z,138.7,Sep-24,Sep-24,K02000001,United Kingdom,CP051,"05.1 Furniture, furnishings and carpets"
cpih01,67,2026-02-18T00:00:00.000Z,123.3,Sep-24,Sep-24,K02000001,United Kingdom,CP031,03.1 Clothing
cpih01,67,2026-02-18T00:00:00.000Z,117.5,Sep-24,Sep-24,K02000001,United Kingdom,CP123,12.3 Personal effects (nec)
cpih01,67,2026-02-18T00:00:00.000Z,139.1,Sep-24,Sep-24,K02000001,United Kingdom,CP1211,12.1.1 Hairdressing and personal grooming establishments
cpih01,67,2026-02-18T00:00:00.000Z,108.5,Sep-24,Sep-24,K02000001,United Kingdom,CP054,"05.4 Glassware, tableware and household utensils"
cpih01,67,2026-02-18T00:00:00.000Z,156.2,Sep-24,Sep-24,K02000001,United Kingdom,CP112,11.2 Accommodation services
cpih01,67,2026-02-18T00:00:00.000Z,139.1,Sep-24,Sep-24,K02000001,United Kingdom,CP012,01.2 Non-alcoholic beverages
cpih01,67,2026-02-18T00:00:00.000Z,134.4,Sep-24,Sep-24,K02000001,United Kingdom,CP082_083,08.2/3 Telephone and telefax equipment
cpih01,67,2026-02-18T00:00:00.000Z,142.2,Sep-24,Sep-24,K02000001,United Kingdom,CP0941,09.4.1 Recreational and sporting services
cpih01,67,2026-02-18T00:00:00.000Z,139.3,Sep-24,Sep-24,K02000001,United Kingdom,CP094,09.4 Recreational and cultural services
cpih01,67,2026-02-18T00:00:00.000Z,167.6,Sep-24,Sep-24,K02000001,United Kingdom,CP1253,12.5.3 Health insurance
cpih01,67,2026-02-18T00:00:00.000Z,122.3,Sep-24,Sep-24,K02000001,United Kingdom,CP093,"09.3 Other recreational items, gardens and pets"
cpih01,67,2026-02-18T00:00:00.000Z,125.6,Sep-24,Sep-24,K02000001,United Kingdom,CP0933,"09.3.3 Gardens, plants and flowers"
cpih01,67,2026-02-18T00:00:00.000Z,116.4,Sep-24,Sep-24,K02000001,United Kingdom,CP0561,05.6.1 Non-durable household goods
cpih01,67,2026-02-18T00:00:00.000Z,112.3,Sep-24,Sep-24,K02000001,United Kingdom,CP052,05.2 Household textiles
cpih01,67,2026-02-18T00:00:00.000Z,177.7,Sep-24,Sep-24,K02000001,United Kingdom,CP125,12.5 Insurance
cpih01,67,2026-02-18T00:00:00.000Z,116.3,Sep-24,Sep-24,K02000001,United Kingdom,CP0313,03.1.3 Other clothing and clothing accessories
cpih01,67,2026-02-18T00:00:00.000Z,105.5,Sep-24,Sep-24,K02000001,United Kingdom,CP1112,11.1.2 Canteens
cpih01,67,2026-02-18T00:00:00.000Z,122.3,Sep-24,Sep-24,K02000001,United Kingdom,CP071,07.1 Purchase of vehicles
cpih01,67,2026-02-18T00:00:00.000Z,122.1,Sep-24,Sep-24,K02000001,United Kingdom,CP0533,05.3.3 Repair of household appliances
cpih01,67,2026-02-18T00:00:00.000Z,135.1,Sep-24,Sep-24,K02000001,United Kingdom,CP0117,01.1.7 Vegetables including potatoes and tubers
cpih01,67,2026-02-18T00:00:00.000Z,84.4,Sep-24,Sep-24,K02000001,United Kingdom,CP0911,09.1.1 Reception and reproduction of sound and pictures
cpih01,67,2026-02-18T00:00:00.000Z,135.7,Sep-24,Sep-24,K02000001,United Kingdom,CP08,08 Communication
cpih01,67,2026-02-18T00:00:00.000Z,145.1,Sep-24,Sep-24,K02000001,United Kingdom,CP1111,11.1.1 Restaurants and cafes
cpih01,67,2026-02-18T00:00:00.000Z,119.9,Sep-24,Sep-24,K02000001,United Kingdom,CP0915,09.1.5 Repair of audio-visual equipment and related products
cpih01,67,2026-02-18T00:00:00.000Z,134.4,Sep-24,Sep-24,K02000001,United Kingdom,CP072,07.2 Operation of personal transport equipment
cpih01,67,2026-02-18T00:00:00.000Z,119.4,Sep-24,Sep-24,K02000001,United Kingdom,CP021,02.1 Alcoholic beverages
cpih01,67,2026-02-18T00:00:00.000Z,141.6,Sep-24,Sep-24,K02000001,United Kingdom,CP124,12.4 Social protection
cpih01,67,2026-02-18T00:00:00.000Z,136.0,Sep-24,Sep-24,K02000001,United Kingdom,CP0111,01.1.1 Bread and cereals
cpih01,67,2026-02-18T00:00:00.000Z,156.3,Sep-24,Sep-24,K02000001,United Kingdom,CP045,"04.5 Electricity, gas and other fuels"
cpih01,67,2026-02-18T00:00:00.000Z,137.6,Sep-24,Sep-24,K02000001,United Kingdom,CP10,10 Education
cpih01,67,2026-02-18T00:00:00.000Z,147.7,Sep-24,Sep-24,K02000001,United Kingdom,CP02,02 Alcoholic beverages and tobacco
cpih01,67,2026-02-18T00:00:00.000Z,136.7,Sep-24,Sep-24,K02000001,United Kingdom,CP01,01 Food and non-alcoholic beverages
cpih01,67,2026-02-18T00:00:00.000Z,125.4,Sep-24,Sep-24,K02000001,United Kingdom,CP0621_0623,06.2.1/3 Medical services and paramedical services
cpih01,67,2026-02-18T00:00:00.000Z,119.6,Sep-24,Sep-24,K02000001,United Kingdom,CP053,"05.3 Household appliances, fitting and repairs"
cpih01,67,2026-02-18T00:00:00.000Z,190.8,Sep-24,Sep-24,K02000001,United Kingdom,CP0952,09.5.2 Newspapers and periodicals
cpih01,67,2026-02-18T00:00:00.000Z,157.9,Sep-24,Sep-24,K02000001,United Kingdom,CP063,06.3 Hospital services
cpih01,67,2026-02-18T00:00:00.000Z,152.3,Sep-24,Sep-24,K02000001,United Kingdom,CP095,"09.5 Books, newspapers and stationery"
cpih01,67,2026-02-18T00:00:00.000Z,120.8,Sep-24,Sep-24,K02000001,United Kingdom,CP043,04.3 Regular maintenance and repair of the dwelling
cpih01,67,2026-02-18T00:00:00.000Z,143.7,Sep-24,Sep-24,K02000001,United Kingdom,CP111,11.1 Catering services
cpih01,67,2026-02-18T00:00:00.000Z,136.2,Sep-24,Sep-24,K02000001,United Kingdom,CP0118,"01.1.8 Sugar, jam, syrups, chocolate and confectionery"
cpih01,67,2026-02-18T00:00:00.000Z,152.8,Sep-24,Sep-24,K02000001,United Kingdom,CP096,09.6 Package holidays
cpih01,67,2026-02-18T00:00:00.000Z,133.5,Sep-24,Sep-24,K02000001,United Kingdom,CP0562,05.6.2 Domestic services and household services
cpih01,67,2026-02-18T00:00:00.000Z,190.5,Sep-24,Sep-24,K02000001,United Kingdom,CP1254,12.5.4 Transport insurance
cpih01,67,2026-02-18T00:00:00.000Z,109.4,Sep-24,Sep-24,K02000001,United Kingdom,CP0432,04.3.2 Services for maintenance and repair of the dwelling
cpih01,67,2026-02-18T00:00:00.000Z,161.0,Sep-24,Sep-24,K02000001,United Kingdom,CP0732_0736,07.3.2/6 Passenger transport by road and other services
cpih01,67,2026-02-18T00:00:00.000Z,131.5,Sep-24,Sep-24,K02000001,United Kingdom,CP0116,01.1.6 Fruit
cpih01,67,2026-02-18T00:00:00.000Z,116.0,Sep-24,Sep-24,K02000001,United Kingdom,CP0612_0613,06.1.2/3 Other medical and therapeutic equipment
cpih01,67,2026-02-18T00:00:00.000Z,127.8,Sep-24,Sep-24,K02000001,United Kingdom,CP0112,01.1.2 Meat
cpih01,67,2026-02-18T00:00:00.000Z,123.0,Sep-24,Sep-24,K02000001,United Kingdom,CP0712_0713,07.1.2/3 Motocycles and bicycles
cpih01,67,2026-02-18T00:00:00.000Z,123.8,Sep-24,Sep-24,K02000001,United Kingdom,CP1231,"12.3.1 Jewellery, clocks and watches"
cpih01,67,2026-02-18T00:00:00.000Z,141.6,Sep-24,Sep-24,K02000001,United Kingdom,CP0114,"01.1.4 Milk, cheese and eggs"
cpih01,67,2026-02-18T00:00:00.000Z,156.7,Sep-24,Sep-24,K02000001,United Kingdom,CP0724,07.2.4 Other services
cpih01,67,2026-02-18T00:00:00.000Z,127.7,Sep-24,Sep-24,K02000001,United Kingdom,CP0213,02.1.3 Beer
cpih01,67,2026-02-18T00:00:00.000Z,154.0,Sep-24,Sep-24,K02000001,United Kingdom,CP0454,04.5.4 Solid fuels
cpih01,67,2026-02-18T00:00:00.000Z,123.8,Sep-24,Sep-24,K02000001,United Kingdom,CP0722,07.2.2 Fuels and lubricants
cpih01,67,2026-02-18T00:00:00.000Z,162.6,Sep-24,Sep-24,K02000001,United Kingdom,CP081,08.1 Postal services
cpih01,67,2026-02-18T00:00:00.000Z,131.6,Sep-24,Sep-24,K02000001,United Kingdom,CP09,09 Recreation and culture
cpih01,67,2026-02-18T00:00:00.000Z,132.6,Sep-24,Sep-24,K02000001,United Kingdom,CP0953_0954,"09.5.3/4 Miscellaneous printed matter, stationery and drawing materials"
cpih01,67,2026-02-18T00:00:00.000Z,100.3,Sep-24,Sep-24,K02000001,United Kingdom,CP091,09.1 Audio-visual equipment and related products
cpih01,67,2026-02-18T00:00:00.000Z,146.0,Sep-24,Sep-24,K02000001,United Kingdom,CP11,11 Restaurants and hotels
cpih01,67,2026-02-18T00:00:00.000Z,130.2,Sep-24,Sep-24,K02000001,United Kingdom,CP0443,04.4.3 Sewerage collection
cpih01,67,2026-02-18T00:00:00.000Z,149.3,Sep-24,Sep-24,K02000001,United Kingdom,CP0119,01.1.9 Food products (nec)
cpih01,67,2026-02-18T00:00:00.000Z,137.0,Sep-24,Sep-24,K02000001,United Kingdom,CP0512,05.1.2 Carpets and other floor coverings
cpih01,67,2026-02-18T00:00:00.000Z,139.1,Sep-24,Sep-24,K02000001,United Kingdom,CP1252,12.5.2 House contents insurance
cpih01,67,2026-02-18T00:00:00.000Z,123.4,Sep-24,Sep-24,K02000001,United Kingdom,CP121,12.1 Personal care
cpih01,67,2026-02-18T00:00:00.000Z,150.0,Sep-24,Sep-24,K02000001,United Kingdom,CP0453,04.5.3 Liquid fuels
cpih01,67,2026-02-18T00:00:00.000Z,138.2,Sep-24,Sep-24,K02000001,United Kingdom,CP0942,09.4.2 Cultural services
cpih01,67,2026-02-18T00:00:00.000Z,159.5,Sep-24,Sep-24,K02000001,United Kingdom,CP0734,07.3.4 Passenger transport by sea and inland waterway
cpih01,67,2026-02-18T00:00:00.000Z,131.0,Sep-24,Sep-24,K02000001,United Kingdom,CP0441,04.4.1 Water supply
cpih01,67,2026-02-18T00:00:00.000Z,121.1,Sep-24,Sep-24,K02000001,United Kingdom,CP12,12 Miscellaneous goods and services
cpih01,67,2026-02-18T00:00:00.000Z,127.4,Aug-24,Aug-24,K02000001,United Kingdom,CP0213,02.1.3 Beer
cpih01,67,2026-02-18T00:00:00.000Z,115.8,Aug-24,Aug-24,K02000001,United Kingdom,CP0612_0613,06.1.2/3 Other medical and therapeutic equipment
cpih01,67,2026-02-18T00:00:00.000Z,120.7,Aug-24,Aug-24,K02000001,United Kingdom,CP0312,03.1.2 Garments
cpih01,67,2026-02-18T00:00:00.000Z,127.7,Aug-24,Aug-24,K02000001,United Kingdom,CP092,09.2 Other major durables for recreation and culture
cpih01,67,2026-02-18T00:00:00.000Z,100.1,Aug-24,Aug-24,K02000001,United Kingdom,CP091,09.1 Audio-visual equipment and related products
cpih01,67,2026-02-18T00:00:00.000Z,145.2,Aug-24,Aug-24,K02000001,United Kingdom,CP11,11 Restaurants and hotels
cpih01,67,2026-02-18T00:00:00.000Z,139.2,Aug-24,Aug-24,K02000001,United Kingdom,CP1252,12.5.2 House contents insurance
cpih01,67,2026-02-18T00:00:00.000Z,127.4,Aug-24,Aug-24,K02000001,United Kingdom,CP041,04.1 Actual rentals for housing
cpih01,67,2026-02-18T00:00:00.000Z,127.3,Aug-24,Aug-24,K02000001,United Kingdom,CP061,"06.1 Medical products, appliances and equipment"
cpih01,67,2026-02-18T00:00:00.000Z,119.0,Aug-24,Aug-24,K02000001,United Kingdom,CP021,02.1 Alcoholic beverages
cpih01,67,2026-02-18T00:00:00.000Z,154.9,Aug-24,Aug-24,K02000001,United Kingdom,CP0914,09.1.4 Recording media
cpih01,67,2026-02-18T00:00:00.000Z,131.0,Aug-24,Aug-24,K02000001,United Kingdom,CP0441,04.4.1 Water supply
cpih01,67,2026-02-18T00:00:00.000Z,144.9,Aug-24,Aug-24,K02000001,United Kingdom,CP049,04.9 Council Tax and rates
cpih01,67,2026-02-18T00:00:00.000Z,119.7,Aug-24,Aug-24,K02000001,United Kingdom,CP0932,09.3.2 Equipment for sport and open-air recreation
cpih01,67,2026-02-18T00:00:00.000Z,143.5,Aug-24,Aug-24,K02000001,United Kingdom,CP0622,06.2.2 Dental services
cpih01,67,2026-02-18T00:00:00.000Z,178.6,Aug-24,Aug-24,K02000001,United Kingdom,CP125,12.5 Insurance
cpih01,67,2026-02-18T00:00:00.000Z,111.1,Aug-24,Aug-24,K02000001,United Kingdom,CP0711N2,07.1.1.2 Second-hand motor cars
cpih01,67,2026-02-18T00:00:00.000Z,113.2,Aug-24,Aug-24,K02000001,United Kingdom,CP052,05.2 Household textiles
cpih01,67,2026-02-18T00:00:00.000Z,90.5,Aug-24,Aug-24,K02000001,United Kingdom,CP126,12.6 Financial services (nec)
cpih01,67,2026-02-18T00:00:00.000Z,135.1,Aug-24,Aug-24,K02000001,United Kingdom,CP06,06 Health
cpih01,67,2026-02-18T00:00:00.000Z,125.2,Aug-24,Aug-24,K02000001,United Kingdom,CP0621_0623,06.2.1/3 Medical services and paramedical services
cpih01,67,2026-02-18T00:00:00.000Z,130.2,Aug-24,Aug-24,K02000001,United Kingdom,CP0443,04.4.3 Sewerage collection
cpih01,67,2026-02-18T00:00:00.000Z,122.8,Aug-24,Aug-24,K02000001,United Kingdom,CP121,12.1 Personal care
cpih01,67,2026-02-18T00:00:00.000Z,115.8,Aug-24,Aug-24,K02000001,United Kingdom,CP0211,02.1.1 Spirits
cpih01,67,2026-02-18T00:00:00.000Z,151.9,Aug-24,Aug-24,K02000001,United Kingdom,CP096,09.6 Package holidays
cpih01,67,2026-02-18T00:00:00.000Z,136.6,Aug-24,Aug-24,K02000001,United Kingdom,CP0511,05.1.1 Furniture and furnishings
cpih01,67,2026-02-18T00:00:00.000Z,137.1,Aug-24,Aug-24,K02000001,United Kingdom,CP0942,09.4.2 Cultural services
cpih01,67,2026-02-18T00:00:00.000Z,141.0,Aug-24,Aug-24,K02000001,United Kingdom,CP124,12.4 Social protection
cpih01,67,2026-02-18T00:00:00.000Z,152.2,Aug-24,Aug-24,K02000001,United Kingdom,CP112,11.2 Accommodation services
cpih01,67,2026-02-18T00:00:00.000Z,120.6,Aug-24,Aug-24,K02000001,United Kingdom,CP043,04.3 Regular maintenance and repair of the dwelling
cpih01,67,2026-02-18T00:00:00.000Z,135.6,Aug-24,Aug-24,K02000001,United Kingdom,CP0711N1,07.1.1.1 New motor cars
cpih01,67,2026-02-18T00:00:00.000Z,134.3,Aug-24,Aug-24,K02000001,United Kingdom,CP08,08 Communication
cpih01,67,2026-02-18T00:00:00.000Z,175.3,Aug-24,Aug-24,K02000001,United Kingdom,CP0451,04.5.1 Electricity
cpih01,67,2026-02-18T00:00:00.000Z,85.5,Aug-24,Aug-24,K02000001,United Kingdom,CP0911,09.1.1 Reception and reproduction of sound and pictures
cpih01,67,2026-02-18T00:00:00.000Z,120.8,Aug-24,Aug-24,K02000001,United Kingdom,CP031,03.1 Clothing
cpih01,67,2026-02-18T00:00:00.000Z,143.6,Aug-24,Aug-24,K02000001,United Kingdom,CP111,11.1 Catering services
cpih01,67,2026-02-18T00:00:00.000Z,138.8,Aug-24,Aug-24,K02000001,United Kingdom,CP1211,12.1.1 Hairdressing and personal grooming establishments
cpih01,67,2026-02-18T00:00:00.000Z,104.5,Aug-24,Aug-24,K02000001,United Kingdom,CP032,03.2 Footwear including repairs
cpih01,67,2026-02-18T00:00:00.000Z,135.2,Aug-24,Aug-24,K02000001,United Kingdom,CP10,10 Education
cpih01,67,2026-02-18T00:00:00.000Z,115.5,Aug-24,Aug-24,K02000001,United Kingdom,CP0313,03.1.3 Other clothing and clothing accessories
cpih01,67,2026-02-18T00:00:00.000Z,187.1,Aug-24,Aug-24,K02000001,United Kingdom,CP0115,01.1.5 Oils and fats
cpih01,67,2026-02-18T00:00:00.000Z,147.6,Aug-24,Aug-24,K02000001,United Kingdom,CP02,02 Alcoholic beverages and tobacco
cpih01,67,2026-02-18T00:00:00.000Z,133.2,Aug-24,Aug-24,K02000001,United Kingdom,CP0121,"01.2.1 Coffee, tea and cocoa"
cpih01,67,2026-02-18T00:00:00.000Z,123.8,Aug-24,Aug-24,K02000001,United Kingdom,CP1231,"12.3.1 Jewellery, clocks and watches"
cpih01,67,2026-02-18T00:00:00.000Z,134.3,Aug-24,Aug-24,K02000001,United Kingdom,CP0611,06.1.1 Pharmaceutical products
cpih01,67,2026-02-18T00:00:00.000Z,132.9,Aug-24,Aug-24,K02000001,United Kingdom,CP082_083,08.2/3 Telephone and telefax equipment
cpih01,67,2026-02-18T00:00:00.000Z,119.9,Aug-24,Aug-24,K02000001,United Kingdom,CP0915,09.1.5 Repair of audio-visual equipment and related products
cpih01,67,2026-02-18T00:00:00.000Z,136.7,Aug-24,Aug-24,K02000001,United Kingdom,CP051,"05.1 Furniture, furnishings and carpets"
cpih01,67,2026-02-18T00:00:00.000Z,146.5,Aug-24,Aug-24,K02000001,United Kingdom,CP0314,"03.1.4 Cleaning, repair and hire of clothing"
cpih01,67,2026-02-18T00:00:00.000Z,121.5,Aug-24,Aug-24,K02000001,United Kingdom,CP0712_0713,07.1.2/3 Motocycles and bicycles
cpih01,67,2026-02-18T00:00:00.000Z,110.1,Aug-24,Aug-24,K02000001,United Kingdom,CP054,"05.4 Glassware, tableware and household utensils"
cpih01,67,2026-02-18T00:00:00.000Z,117.7,Aug-24,Aug-24,K02000001,United Kingdom,CP1212_1213,12.1.2/3 Appliances and products for personal care
cpih01,67,2026-02-18T00:00:00.000Z,137.6,Aug-24,Aug-24,K02000001,United Kingdom,CP094,09.4 Recreational and cultural services
cpih01,67,2026-02-18T00:00:00.000Z,141.6,Aug-24,Aug-24,K02000001,United Kingdom,CP0934_0935,"09.3.4/5 Pets, related products and services"
cpih01,67,2026-02-18T00:00:00.000Z,132.6,Aug-24,Aug-24,K02000001,United Kingdom,CP04,"04 Housing, water, electricity, gas and other fuels"
cpih01,67,2026-02-18T00:00:00.000Z,167.6,Aug-24,Aug-24,K02000001,United Kingdom,CP1253,12.5.3 Health insurance
cpih01,67,2026-02-18T00:00:00.000Z,118.0,Aug-24,Aug-24,K02000001,United Kingdom,CP055,05.5 Tools and equipment for house and garden
cpih01,67,2026-02-18T00:00:00.000Z,107.3,Aug-24,Aug-24,K02000001,United Kingdom,CP0931,"09.3.1 Games, toys and hobbies"
cpih01,67,2026-02-18T00:00:00.000Z,242.2,Aug-24,Aug-24,K02000001,United Kingdom,CP0733,07.3.3 Passenger transport by air
cpih01,67,2026-02-18T00:00:00.000Z,135.9,Aug-24,Aug-24,K02000001,United Kingdom,CP011,01.1 Food
cpih01,67,2026-02-18T00:00:00.000Z,177.1,Aug-24,Aug-24,K02000001,United Kingdom,CP022,02.2 Tobacco
cpih01,67,2026-02-18T00:00:00.000Z,125.6,Aug-24,Aug-24,K02000001,United Kingdom,CP0933,"09.3.3 Gardens, plants and flowers"
cpih01,67,2026-02-18T00:00:00.000Z,191.5,Aug-24,Aug-24,K02000001,United Kingdom,CP0734,07.3.4 Passenger transport by sea and inland waterway
cpih01,67,2026-02-18T00:00:00.000Z,127.8,Aug-24,Aug-24,K02000001,United Kingdom,CP0112,01.1.2 Meat
cpih01,67,2026-02-18T00:00:00.000Z,78.5,Aug-24,Aug-24,K02000001,United Kingdom,CP0912,"09.1.2 Photographic, cinematographic and optical equipment"
cpih01,67,2026-02-18T00:00:00.000Z,135.3,Aug-24,Aug-24,K02000001,United Kingdom,CP0731,07.3.1 Passenger transport by railway
cpih01,67,2026-02-18T00:00:00.000Z,133.3,Aug-24,Aug-24,K02000001,United Kingdom,CP0562,05.6.2 Domestic services and household services
cpih01,67,2026-02-18T00:00:00.000Z,130.9,Aug-24,Aug-24,K02000001,United Kingdom,CP09,09 Recreation and culture
cpih01,67,2026-02-18T00:00:00.000Z,131.5,Aug-24,Aug-24,K02000001,United Kingdom,CP0113,01.1.3 Fish
cpih01,67,2026-02-18T00:00:00.000Z,116.3,Aug-24,Aug-24,K02000001,United Kingdom,CP0212,02.1.2 Wine
cpih01,67,2026-02-18T00:00:00.000Z,161.0,Aug-24,Aug-24,K02000001,United Kingdom,CP0732_0736,07.3.2/6 Passenger transport by road and other services
cpih01,67,2026-02-18T00:00:00.000Z,139.2,Aug-24,Aug-24,K02000001,United Kingdom,CP0941,09.4.1 Recreational and sporting services
cpih01,67,2026-02-18T00:00:00.000Z,133.9,Aug-24,Aug-24,K02000001,United Kingdom,CP0117,01.1.7 Vegetables including potatoes and tubers
cpih01,67,2026-02-18T00:00:00.000Z,122.5,Aug-24,Aug-24,K02000001,United Kingdom,CP093,"09.3 Other recreational items, gardens and pets"
cpih01,67,2026-02-18T00:00:00.000Z,136.6,Aug-24,Aug-24,K02000001,United Kingdom,CP0118,"01.1.8 Sugar, jam, syrups, chocolate and confectionery"
cpih01,67,2026-02-18T00:00:00.000Z,144.5,Aug-24,Aug-24,K02000001,United Kingdom,CP0951,09.5.1 Books
cpih01,67,2026-02-18T00:00:00.000Z,118.4,Aug-24,Aug-24,K02000001,United Kingdom,CP053,"05.3 Household appliances, fitting and repairs"
cpih01,67,2026-02-18T00:00:00.000Z,127.7,Aug-24,Aug-24,K02000001,United Kingdom,CP042,04.2 Owner Occupiers Housing Costs
cpih01,67,2026-02-18T00:00:00.000Z,103.7,Aug-24,Aug-24,K02000001,United Kingdom,CP1232,12.3.2 Other personal effects
cpih01,67,2026-02-18T00:00:00.000Z,163.0,Aug-24,Aug-24,K02000001,United Kingdom,CP081,08.1 Postal services
cpih01,67,2026-02-18T00:00:00.000Z,118.8,Aug-24,Aug-24,K02000001,United Kingdom,CP0531_0532,05.3.1/2 Major appliances and small electric goods
cpih01,67,2026-02-18T00:00:00.000Z,138.4,Aug-24,Aug-24,K02000001,United Kingdom,CP07,07 Transport
cpih01,67,2026-02-18T00:00:00.000Z,136.2,Aug-24,Aug-24,K02000001,United Kingdom,CP01,01 Food and non-alcoholic beverages
cpih01,67,2026-02-18T00:00:00.000Z,130.4,Aug-24,Aug-24,K02000001,United Kingdom,CP044,04.4 Water supply and miscellaneous services relating to the dwelling
cpih01,67,2026-02-18T00:00:00.000Z,174.6,Aug-24,Aug-24,K02000001,United Kingdom,CP073,07.3 Transport services
cpih01,67,2026-02-18T00:00:00.000Z,106.1,Aug-24,Aug-24,K02000001,United Kingdom,CP127,12.7 Other services (nec)
cpih01,67,2026-02-18T00:00:00.000Z,156.5,Aug-24,Aug-24,K02000001,United Kingdom,CP045,"04.5 Electricity, gas and other fuels"
cpih01,67,2026-02-18T00:00:00.000Z,156.7,Aug-24,Aug-24,K02000001,United Kingdom,CP0724,07.2.4 Other services
cpih01,67,2026-02-18T00:00:00.000Z,143.1,Aug-24,Aug-24,K02000001,United Kingdom,CP0723,07.2.3 Maintenance and repairs
cpih01,67,2026-02-18T00:00:00.000Z,130.3,Aug-24,Aug-24,K02000001,United Kingdom,CP0452,04.5.2 Gas
cpih01,67,2026-02-18T00:00:00.000Z,145.0,Aug-24,Aug-24,K02000001,United Kingdom,CP1111,11.1.1 Restaurants and cafes
cpih01,67,2026-02-18T00:00:00.000Z,132.1,Aug-24,Aug-24,K02000001,United Kingdom,CP0953_0954,"09.5.3/4 Miscellaneous printed matter, stationery and drawing materials"
cpih01,67,2026-02-18T00:00:00.000Z,141.0,Aug-24,Aug-24,K02000001,United Kingdom,CP0114,"01.1.4 Milk, cheese and eggs"
cpih01,67,2026-02-18T00:00:00.000Z,157.8,Aug-24,Aug-24,K02000001,United Kingdom,CP063,06.3 Hospital services
cpih01,67,2026-02-18T00:00:00.000Z,120.9,Aug-24,Aug-24,K02000001,United Kingdom,CP12,12 Miscellaneous goods and services
cpih01,67,2026-02-18T00:00:00.000Z,189.3,Aug-24,Aug-24,K02000001,United Kingdom,CP0952,09.5.2 Newspapers and periodicals
cpih01,67,2026-02-18T00:00:00.000Z,156.3,Aug-24,Aug-24,K02000001,United Kingdom,CP0453,04.5.3 Liquid fuels
cpih01,67,2026-02-18T00:00:00.000Z,118.0,Aug-24,Aug-24,K02000001,United Kingdom,CP03,03 Clothing and footwear
cpih01,67,2026-02-18T00:00:00.000Z,133.4,Aug-24,Aug-24,K02000001,United Kingdom,CP00,Overall Index
cpih01,67,2026-02-18T00:00:00.000Z,136.4,Aug-24,Aug-24,K02000001,United Kingdom,CP0111,01.1.1 Bread and cereals
cpih01,67,2026-02-18T00:00:00.000Z,78.4,Aug-24,Aug-24,K02000001,United Kingdom,CP0913,09.1.3 Data processing equipment
cpih01,67,2026-02-18T00:00:00.000Z,138.1,Aug-24,Aug-24,K02000001,United Kingdom,CP012,01.2 Non-alcoholic beverages
cpih01,67,2026-02-18T00:00:00.000Z,122.0,Aug-24,Aug-24,K02000001,United Kingdom,CP071,07.1 Purchase of vehicles
cpih01,67,2026-02-18T00:00:00.000Z,109.3,Aug-24,Aug-24,K02000001,United Kingdom,CP0432,04.3.2 Services for maintenance and repair of the dwelling
cpih01,67,2026-02-18T00:00:00.000Z,108.2,Aug-24,Aug-24,K02000001,United Kingdom,CP1112,11.1.2 Canteens
cpih01,67,2026-02-18T00:00:00.000Z,153.9,Aug-24,Aug-24,K02000001,United Kingdom,CP0454,04.5.4 Solid fuels
cpih01,67,2026-02-18T00:00:00.000Z,129.8,Aug-24,Aug-24,K02000001,United Kingdom,CP0116,01.1.6 Fruit
cpih01,67,2026-02-18T00:00:00.000Z,132.5,Aug-24,Aug-24,K02000001,United Kingdom,CP062,06.2 Out-patient services
cpih01,67,2026-02-18T00:00:00.000Z,128.8,Aug-24,Aug-24,K02000001,United Kingdom,CP0722,07.2.2 Fuels and lubricants
cpih01,67,2026-02-18T00:00:00.000Z,140.1,Aug-24,Aug-24,K02000001,United Kingdom,CP0122,"01.2.2 Mineral waters, soft drinks and juices"
cpih01,67,2026-02-18T00:00:00.000Z,125.2,Aug-24,Aug-24,K02000001,United Kingdom,CP05,"05 Furniture, household equipment and maintenance"
cpih01,67,2026-02-18T00:00:00.000Z,117.5,Aug-24,Aug-24,K02000001,United Kingdom,CP123,12.3 Personal effects (nec)
cpih01,67,2026-02-18T00:00:00.000Z,148.9,Aug-24,Aug-24,K02000001,United Kingdom,CP0119,01.1.9 Food products (nec)
cpih01,67,2026-02-18T00:00:00.000Z,130.6,Aug-24,Aug-24,K02000001,United Kingdom,CP056,05.6 Goods and services for routine maintenance
cpih01,67,2026-02-18T00:00:00.000Z,137.0,Aug-24,Aug-24,K02000001,United Kingdom,CP072,07.2 Operation of personal transport equipment
cpih01,67,2026-02-18T00:00:00.000Z,132.7,Aug-24,Aug-24,K02000001,United Kingdom,CP0721,07.2.1 Spare parts and accessories
cpih01,67,2026-02-18T00:00:00.000Z,117.0,Aug-24,Aug-24,K02000001,United Kingdom,CP0561,05.6.1 Non-durable household goods
cpih01,67,2026-02-18T00:00:00.000Z,150.5,Aug-24,Aug-24,K02000001,United Kingdom,CP095,"09.5 Books, newspapers and stationery"
cpih01,67,2026-02-18T00:00:00.000Z,137.4,Aug-24,Aug-24,K02000001,United Kingdom,CP0512,05.1.2 Carpets and other floor coverings
cpih01,67,2026-02-18T00:00:00.000Z,131.7,Aug-24,Aug-24,K02000001,United Kingdom,CP0431,04.3.1 Materials for maintenance and repair of the dwelling
cpih01,67,2026-02-18T00:00:00.000Z,193.4,Aug-24,Aug-24,K02000001,United Kingdom,CP1254,12.5.4 Transport insurance
cpih01,67,2026-02-18T00:00:00.000Z,122.0,Aug-24,Aug-24,K02000001,United Kingdom,CP0533,05.3.3 Repair of household appliances
cpih01,67,2026-02-18T00:00:00.000Z,151.9,Jul-24,Jul-24,K02000001,United Kingdom,CP095,"09.5 Books, newspapers and stationery"
cpih01,67,2026-02-18T00:00:00.000Z,110.9,Jul-24,Jul-24,K02000001,United Kingdom,CP0711N2,07.1.1.2 Second-hand motor cars
cpih01,67,2026-02-18T00:00:00.000Z,76.5,Jul-24,Jul-24,K02000001,United Kingdom,CP0913,09.1.3 Data processing equipment
cpih01,67,2026-02-18T00:00:00.000Z,154.1,Jul-24,Jul-24,K02000001,United Kingdom,CP0454,04.5.4 Solid fuels
cpih01,67,2026-02-18T00:00:00.000Z,137.4,Jul-24,Jul-24,K02000001,United Kingdom,CP094,09.4 Recreational and cultural services
cpih01,67,2026-02-18T00:00:00.000Z,167.6,Jul-24,Jul-24,K02000001,United Kingdom,CP1253,12.5.3 Health insurance
cpih01,67,2026-02-18T00:00:00.000Z,126.9,Jul-24,Jul-24,K02000001,United Kingdom,CP042,04.2 Owner Occupiers Housing Costs
cpih01,67,2026-02-18T00:00:00.000Z,119.2,Jul-24,Jul-24,K02000001,United Kingdom,CP021,02.1 Alcoholic beverages
cpih01,67,2026-02-18T00:00:00.000Z,132.2,Jul-24,Jul-24,K02000001,United Kingdom,CP0431,04.3.1 Materials for maintenance and repair of the dwelling
cpih01,67,2026-02-18T00:00:00.000Z,132.9,Jul-24,Jul-24,K02000001,United Kingdom,CP00,Overall Index
cpih01,67,2026-02-18T00:00:00.000Z,157.7,Jul-24,Jul-24,K02000001,United Kingdom,CP063,06.3 Hospital services
cpih01,67,2026-02-18T00:00:00.000Z,134.4,Jul-24,Jul-24,K02000001,United Kingdom,CP0118,"01.1.8 Sugar, jam, syrups, chocolate and confectionery"
cpih01,67,2026-02-18T00:00:00.000Z,135.9,Jul-24,Jul-24,K02000001,United Kingdom,CP01,01 Food and non-alcoholic beverages
cpih01,67,2026-02-18T00:00:00.000Z,130.3,Jul-24,Jul-24,K02000001,United Kingdom,CP09,09 Recreation and culture
cpih01,67,2026-02-18T00:00:00.000Z,127.3,Jul-24,Jul-24,K02000001,United Kingdom,CP092,09.2 Other major durables for recreation and culture
cpih01,67,2026-02-18T00:00:00.000Z,121.8,Jul-24,Jul-24,K02000001,United Kingdom,CP0712_0713,07.1.2/3 Motocycles and bicycles
cpih01,67,2026-02-18T00:00:00.000Z,136.7,Jul-24,Jul-24,K02000001,United Kingdom,CP012,01.2 Non-alcoholic beverages
cpih01,67,2026-02-18T00:00:00.000Z,119.0,Jul-24,Jul-24,K02000001,United Kingdom,CP053,"05.3 Household appliances, fitting and repairs"
cpih01,67,2026-02-18T00:00:00.000Z,122.9,Jul-24,Jul-24,K02000001,United Kingdom,CP093,"09.3 Other recreational items, gardens and pets"
cpih01,67,2026-02-18T00:00:00.000Z,146.1,Jul-24,Jul-24,K02000001,United Kingdom,CP11,11 Restaurants and hotels
cpih01,67,2026-02-18T00:00:00.000Z,137.2,Jul-24,Jul-24,K02000001,United Kingdom,CP0942,09.4.2 Cultural services
cpih01,67,2026-02-18T00:00:00.000Z,131.0,Jul-24,Jul-24,K02000001,United Kingdom,CP0441,04.4.1 Water supply
cpih01,67,2026-02-18T00:00:00.000Z,142.9,Jul-24,Jul-24,K02000001,United Kingdom,CP0622,06.2.2 Dental services
cpih01,67,2026-02-18T00:00:00.000Z,140.4,Jul-24,Jul-24,K02000001,United Kingdom,CP124,12.4 Social protection
cpih01,67,2026-02-18T00:00:00.000Z,119.3,Jul-24,Jul-24,K02000001,United Kingdom,CP031,03.1 Clothing
cpih01,67,2026-02-18T00:00:00.000Z,115.3,Jul-24,Jul-24,K02000001,United Kingdom,CP0313,03.1.3 Other clothing and clothing accessories
cpih01,67,2026-02-18T00:00:00.000Z,124.5,Jul-24,Jul-24,K02000001,United Kingdom,CP05,"05 Furniture, household equipment and maintenance"
cpih01,67,2026-02-18T00:00:00.000Z,119.9,Jul-24,Jul-24,K02000001,United Kingdom,CP0915,09.1.5 Repair of audio-visual equipment and related products
cpih01,67,2026-02-18T00:00:00.000Z,156.8,Jul-24,Jul-24,K02000001,United Kingdom,CP045,"04.5 Electricity, gas and other fuels"
cpih01,67,2026-02-18T00:00:00.000Z,90.7,Jul-24,Jul-24,K02000001,United Kingdom,CP126,12.6 Financial services (nec)
cpih01,67,2026-02-18T00:00:00.000Z,163.0,Jul-24,Jul-24,K02000001,United Kingdom,CP081,08.1 Postal services
cpih01,67,2026-02-18T00:00:00.000Z,135.2,Jul-24,Jul-24,K02000001,United Kingdom,CP10,10 Education
cpih01,67,2026-02-18T00:00:00.000Z,175.3,Jul-24,Jul-24,K02000001,United Kingdom,CP0451,04.5.1 Electricity
cpih01,67,2026-02-18T00:00:00.000Z,168.6,Jul-24,Jul-24,K02000001,United Kingdom,CP0453,04.5.3 Liquid fuels
cpih01,67,2026-02-18T00:00:00.000Z,103.8,Jul-24,Jul-24,K02000001,United Kingdom,CP1232,12.3.2 Other personal effects
cpih01,67,2026-02-18T00:00:00.000Z,132.7,Jul-24,Jul-24,K02000001,United Kingdom,CP0611,06.1.1 Pharmaceutical products
cpih01,67,2026-02-18T00:00:00.000Z,136.9,Jul-24,Jul-24,K02000001,United Kingdom,CP0512,05.1.2 Carpets and other floor coverings
cpih01,67,2026-02-18T00:00:00.000Z,156.6,Jul-24,Jul-24,K02000001,United Kingdom,CP0724,07.2.4 Other services
cpih01,67,2026-02-18T00:00:00.000Z,115.4,Jul-24,Jul-24,K02000001,United Kingdom,CP123,12.3 Personal effects (nec)
cpih01,67,2026-02-18T00:00:00.000Z,132.1,Jul-24,Jul-24,K02000001,United Kingdom,CP0721,07.2.1 Spare parts and accessories
cpih01,67,2026-02-18T00:00:00.000Z,134.1,Jul-24,Jul-24,K02000001,United Kingdom,CP0511,05.1.1 Furniture and furnishings
cpih01,67,2026-02-18T00:00:00.000Z,119.5,Jul-24,Jul-24,K02000001,United Kingdom,CP0531_0532,05.3.1/2 Major appliances and small electric goods
cpih01,67,2026-02-18T00:00:00.000Z,181.5,Jul-24,Jul-24,K02000001,United Kingdom,CP0734,07.3.4 Passenger transport by sea and inland waterway
cpih01,67,2026-02-18T00:00:00.000Z,109.8,Jul-24,Jul-24,K02000001,United Kingdom,CP054,"05.4 Glassware, tableware and household utensils"
cpih01,67,2026-02-18T00:00:00.000Z,130.8,Jul-24,Jul-24,K02000001,United Kingdom,CP0722,07.2.2 Fuels and lubricants
cpih01,67,2026-02-18T00:00:00.000Z,133.4,Jul-24,Jul-24,K02000001,United Kingdom,CP0953_0954,"09.5.3/4 Miscellaneous printed matter, stationery and drawing materials"
cpih01,67,2026-02-18T00:00:00.000Z,149.7,Jul-24,Jul-24,K02000001,United Kingdom,CP0951,09.5.1 Books
cpih01,67,2026-02-18T00:00:00.000Z,116.8,Jul-24,Jul-24,K02000001,United Kingdom,CP03,03 Clothing and footwear
cpih01,67,2026-02-18T00:00:00.000Z,184.0,Jul-24,Jul-24,K02000001,United Kingdom,CP0115,01.1.5 Oils and fats
cpih01,67,2026-02-18T00:00:00.000Z,134.4,Jul-24,Jul-24,K02000001,United Kingdom,CP0117,01.1.7 Vegetables including potatoes and tubers
cpih01,67,2026-02-18T00:00:00.000Z,121.9,Jul-24,Jul-24,K02000001,United Kingdom,CP0533,05.3.3 Repair of household appliances
cpih01,67,2026-02-18T00:00:00.000Z,176.6,Jul-24,Jul-24,K02000001,United Kingdom,CP022,02.2 Tobacco
cpih01,67,2026-02-18T00:00:00.000Z,107.8,Jul-24,Jul-24,K02000001,United Kingdom,CP1112,11.1.2 Canteens
cpih01,67,2026-02-18T00:00:00.000Z,146.3,Jul-24,Jul-24,K02000001,United Kingdom,CP0314,"03.1.4 Cleaning, repair and hire of clothing"
cpih01,67,2026-02-18T00:00:00.000Z,130.0,Jul-24,Jul-24,K02000001,United Kingdom,CP0121,"01.2.1 Coffee, tea and cocoa"
cpih01,67,2026-02-18T00:00:00.000Z,133.5,Jul-24,Jul-24,K02000001,United Kingdom,CP0113,01.1.3 Fish
cpih01,67,2026-02-18T00:00:00.000Z,97.7,Jul-24,Jul-24,K02000001,United Kingdom,CP091,09.1 Audio-visual equipment and related products
cpih01,67,2026-02-18T00:00:00.000Z,134.4,Jul-24,Jul-24,K02000001,United Kingdom,CP08,08 Communication
cpih01,67,2026-02-18T00:00:00.000Z,136.5,Jul-24,Jul-24,K02000001,United Kingdom,CP0731,07.3.1 Passenger transport by railway
cpih01,67,2026-02-18T00:00:00.000Z,160.0,Jul-24,Jul-24,K02000001,United Kingdom,CP0732_0736,07.3.2/6 Passenger transport by road and other services
cpih01,67,2026-02-18T00:00:00.000Z,130.4,Jul-24,Jul-24,K02000001,United Kingdom,CP044,04.4 Water supply and miscellaneous services relating to the dwelling
cpih01,67,2026-02-18T00:00:00.000Z,130.3,Jul-24,Jul-24,K02000001,United Kingdom,CP0452,04.5.2 Gas
cpih01,67,2026-02-18T00:00:00.000Z,198.3,Jul-24,Jul-24,K02000001,United Kingdom,CP0733,07.3.3 Passenger transport by air
cpih01,67,2026-02-18T00:00:00.000Z,143.3,Jul-24,Jul-24,K02000001,United Kingdom,CP111,11.1 Catering services
cpih01,67,2026-02-18T00:00:00.000Z,139.7,Jul-24,Jul-24,K02000001,United Kingdom,CP1252,12.5.2 House contents insurance
cpih01,67,2026-02-18T00:00:00.000Z,134.6,Jul-24,Jul-24,K02000001,United Kingdom,CP051,"05.1 Furniture, furnishings and carpets"
cpih01,67,2026-02-18T00:00:00.000Z,130.9,Jul-24,Jul-24,K02000001,United Kingdom,CP056,05.6 Goods and services for routine maintenance
cpih01,67,2026-02-18T00:00:00.000Z,127.6,Jul-24,Jul-24,K02000001,United Kingdom,CP0213,02.1.3 Beer
cpih01,67,2026-02-18T00:00:00.000Z,127.0,Jul-24,Jul-24,K02000001,United Kingdom,CP041,04.1 Actual rentals for housing
cpih01,67,2026-02-18T00:00:00.000Z,133.0,Jul-24,Jul-24,K02000001,United Kingdom,CP082_083,08.2/3 Telephone and telefax equipment
cpih01,67,2026-02-18T00:00:00.000Z,107.8,Jul-24,Jul-24,K02000001,United Kingdom,CP0931,"09.3.1 Games, toys and hobbies"
cpih01,67,2026-02-18T00:00:00.000Z,132.1,Jul-24,Jul-24,K02000001,United Kingdom,CP062,06.2 Out-patient services
cpih01,67,2026-02-18T00:00:00.000Z,185.1,Jul-24,Jul-24,K02000001,United Kingdom,CP0952,09.5.2 Newspapers and periodicals
cpih01,67,2026-02-18T00:00:00.000Z,144.9,Jul-24,Jul-24,K02000001,United Kingdom,CP049,04.9 Council Tax and rates
cpih01,67,2026-02-18T00:00:00.000Z,104.5,Jul-24,Jul-24,K02000001,United Kingdom,CP032,03.2 Footwear including repairs
cpih01,67,2026-02-18T00:00:00.000Z,132.9,Jul-24,Jul-24,K02000001,United Kingdom,CP0562,05.6.2 Domestic services and household services
cpih01,67,2026-02-18T00:00:00.000Z,115.4,Jul-24,Jul-24,K02000001,United Kingdom,CP0612_0613,06.1.2/3 Other medical and therapeutic equipment
cpih01,67,2026-02-18T00:00:00.000Z,136.7,Jul-24,Jul-24,K02000001,United Kingdom,CP07,07 Transport
cpih01,67,2026-02-18T00:00:00.000Z,126.5,Jul-24,Jul-24,K02000001,United Kingdom,CP0933,"09.3.3 Gardens, plants and flowers"
cpih01,67,2026-02-18T00:00:00.000Z,135.8,Jul-24,Jul-24,K02000001,United Kingdom,CP0111,01.1.1 Bread and cereals
cpih01,67,2026-02-18T00:00:00.000Z,135.7,Jul-24,Jul-24,K02000001,United Kingdom,CP011,01.1 Food
cpih01,67,2026-02-18T00:00:00.000Z,121.9,Jul-24,Jul-24,K02000001,United Kingdom,CP071,07.1 Purchase of vehicles
cpih01,67,2026-02-18T00:00:00.000Z,78.7,Jul-24,Jul-24,K02000001,United Kingdom,CP0912,"09.1.2 Photographic, cinematographic and optical equipment"
cpih01,67,2026-02-18T00:00:00.000Z,122.6,Jul-24,Jul-24,K02000001,United Kingdom,CP121,12.1 Personal care
cpih01,67,2026-02-18T00:00:00.000Z,115.2,Jul-24,Jul-24,K02000001,United Kingdom,CP0211,02.1.1 Spirits
cpih01,67,2026-02-18T00:00:00.000Z,109.3,Jul-24,Jul-24,K02000001,United Kingdom,CP0432,04.3.2 Services for maintenance and repair of the dwelling
cpih01,67,2026-02-18T00:00:00.000Z,126.2,Jul-24,Jul-24,K02000001,United Kingdom,CP061,"06.1 Medical products, appliances and equipment"
cpih01,67,2026-02-18T00:00:00.000Z,150.0,Jul-24,Jul-24,K02000001,United Kingdom,CP096,09.6 Package holidays
cpih01,67,2026-02-18T00:00:00.000Z,106.0,Jul-24,Jul-24,K02000001,United Kingdom,CP127,12.7 Other services (nec)
cpih01,67,2026-02-18T00:00:00.000Z,112.2,Jul-24,Jul-24,K02000001,United Kingdom,CP052,05.2 Household textiles
cpih01,67,2026-02-18T00:00:00.000Z,120.6,Jul-24,Jul-24,K02000001,United Kingdom,CP12,12 Miscellaneous goods and services
cpih01,67,2026-02-18T00:00:00.000Z,147.6,Jul-24,Jul-24,K02000001,United Kingdom,CP02,02 Alcoholic beverages and tobacco
cpih01,67,2026-02-18T00:00:00.000Z,121.1,Jul-24,Jul-24,K02000001,United Kingdom,CP1231,"12.3.1 Jewellery, clocks and watches"
cpih01,67,2026-02-18T00:00:00.000Z,119.1,Jul-24,Jul-24,K02000001,United Kingdom,CP0312,03.1.2 Garments
cpih01,67,2026-02-18T00:00:00.000Z,134.5,Jul-24,Jul-24,K02000001,United Kingdom,CP06,06 Health
cpih01,67,2026-02-18T00:00:00.000Z,138.6,Jul-24,Jul-24,K02000001,United Kingdom,CP1211,12.1.1 Hairdressing and personal grooming establishments
cpih01,67,2026-02-18T00:00:00.000Z,117.6,Jul-24,Jul-24,K02000001,United Kingdom,CP1212_1213,12.1.2/3 Appliances and products for personal care
cpih01,67,2026-02-18T00:00:00.000Z,116.9,Jul-24,Jul-24,K02000001,United Kingdom,CP0212,02.1.2 Wine
cpih01,67,2026-02-18T00:00:00.000Z,163.4,Jul-24,Jul-24,K02000001,United Kingdom,CP073,07.3 Transport services
cpih01,67,2026-02-18T00:00:00.000Z,130.2,Jul-24,Jul-24,K02000001,United Kingdom,CP0443,04.4.3 Sewerage collection
cpih01,67,2026-02-18T00:00:00.000Z,144.7,Jul-24,Jul-24,K02000001,United Kingdom,CP1111,11.1.1 Restaurants and cafes
cpih01,67,2026-02-18T00:00:00.000Z,141.8,Jul-24,Jul-24,K02000001,United Kingdom,CP0934_0935,"09.3.4/5 Pets, related products and services"
cpih01,67,2026-02-18T00:00:00.000Z,193.9,Jul-24,Jul-24,K02000001,United Kingdom,CP1254,12.5.4 Transport insurance
cpih01,67,2026-02-18T00:00:00.000Z,117.6,Jul-24,Jul-24,K02000001,United Kingdom,CP0561,05.6.1 Non-durable household goods
cpih01,67,2026-02-18T00:00:00.000Z,137.5,Jul-24,Jul-24,K02000001,United Kingdom,CP072,07.2 Operation of personal transport equipment
cpih01,67,2026-02-18T00:00:00.000Z,130.6,Jul-24,Jul-24,K02000001,United Kingdom,CP0116,01.1.6 Fruit
cpih01,67,2026-02-18T00:00:00.000Z,141.8,Jul-24,Jul-24,K02000001,United Kingdom,CP0114,"01.1.4 Milk, cheese and eggs"
cpih01,67,2026-02-18T00:00:00.000Z,149.4,Jul-24,Jul-24,K02000001,United Kingdom,CP0119,01.1.9 Food products (nec)
cpih01,67,2026-02-18T00:00:00.000Z,120.0,Jul-24,Jul-24,K02000001,United Kingdom,CP0932,09.3.2 Equipment for sport and open-air recreation
cpih01,67,2026-02-18T00:00:00.000Z,149.5,Jul-24,Jul-24,K02000001,United Kingdom,CP0914,09.1.4 Recording media
cpih01,67,2026-02-18T00:00:00.000Z,127.2,Jul-24,Jul-24,K02000001,United Kingdom,CP0112,01.1.2 Meat
cpih01,67,2026-02-18T00:00:00.000Z,138.6,Jul-24,Jul-24,K02000001,United Kingdom,CP0941,09.4.1 Recreational and sporting services
cpih01,67,2026-02-18T00:00:00.000Z,135.6,Jul-24,Jul-24,K02000001,United Kingdom,CP0711N1,07.1.1.1 New motor cars
cpih01,67,2026-02-18T00:00:00.000Z,124.8,Jul-24,Jul-24,K02000001,United Kingdom,CP0621_0623,06.2.1/3 Medical services and paramedical services
cpih01,67,2026-02-18T00:00:00.000Z,139.3,Jul-24,Jul-24,K02000001,United Kingdom,CP0122,"01.2.2 Mineral waters, soft drinks and juices"
cpih01,67,2026-02-18T00:00:00.000Z,141.5,Jul-24,Jul-24,K02000001,United Kingdom,CP0723,07.2.3 Maintenance and repairs
cpih01,67,2026-02-18T00:00:00.000Z,118.4,Jul-24,Jul-24,K02000001,United Kingdom,CP055,05.5 Tools and equipment for house and garden
cpih01,67,2026-02-18T00:00:00.000Z,132.1,Jul-24,Jul-24,K02000001,United Kingdom,CP04,"04 Housing, water, electricity, gas and other fuels"
cpih01,67,2026-02-18T00:00:00.000Z,178.8,Jul-24,Jul-24,K02000001,United Kingdom,CP125,12.5 Insurance
cpih01,67,2026-02-18T00:00:00.000Z,84.3,Jul-24,Jul-24,K02000001,United Kingdom,CP0911,09.1.1 Reception and reproduction of sound and pictures
cpih01,67,2026-02-18T00:00:00.000Z,120.8,Jul-24,Jul-24,K02000001,United Kingdom,CP043,04.3 Regular maintenance and repair of the dwelling
cpih01,67,2026-02-18T00:00:00.000Z,158.1,Jul-24,Jul-24,K02000001,United Kingdom,CP112,11.2 Accommodation services
cpih01,67,2026-02-18T00:00:00.000Z,132.7,Jun-24,Jun-24,K02000001,United Kingdom,CP0611,06.1.1 Pharmaceutical products
cpih01,67,2026-02-18T00:00:00.000Z,126.4,Jun-24,Jun-24,K02000001,United Kingdom,CP0213,02.1.3 Beer
cpih01,67,2026-02-18T00:00:00.000Z,149.6,Jun-24,Jun-24,K02000001,United Kingdom,CP096,09.6 Package holidays
cpih01,67,2026-02-18T00:00:00.000Z,132.3,Jun-24,Jun-24,K02000001,United Kingdom,CP0721,07.2.1 Spare parts and accessories
cpih01,67,2026-02-18T00:00:00.000Z,163.9,Jun-24,Jun-24,K02000001,United Kingdom,CP081,08.1 Postal services
cpih01,67,2026-02-18T00:00:00.000Z,135.8,Jun-24,Jun-24,K02000001,United Kingdom,CP08,08 Communication
cpih01,67,2026-02-18T00:00:00.000Z,144.3,Jun-24,Jun-24,K02000001,United Kingdom,CP1111,11.1.1 Restaurants and cafes
cpih01,67,2026-02-18T00:00:00.000Z,134.9,Jun-24,Jun-24,K02000001,United Kingdom,CP0731,07.3.1 Passenger transport by railway
cpih01,67,2026-02-18T00:00:00.000Z,184.4,Jun-24,Jun-24,K02000001,United Kingdom,CP0115,01.1.5 Oils and fats
cpih01,67,2026-02-18T00:00:00.000Z,133.3,Jun-24,Jun-24,K02000001,United Kingdom,CP0953_0954,"09.5.3/4 Miscellaneous printed matter, stationery and drawing materials"
cpih01,67,2026-02-18T00:00:00.000Z,118.4,Jun-24,Jun-24,K02000001,United Kingdom,CP021,02.1 Alcoholic beverages
cpih01,67,2026-02-18T00:00:00.000Z,120.6,Jun-24,Jun-24,K02000001,United Kingdom,CP0932,09.3.2 Equipment for sport and open-air recreation
cpih01,67,2026-02-18T00:00:00.000Z,115.4,Jun-24,Jun-24,K02000001,United Kingdom,CP0211,02.1.1 Spirits
cpih01,67,2026-02-18T00:00:00.000Z,188.1,Jun-24,Jun-24,K02000001,United Kingdom,CP0451,04.5.1 Electricity
cpih01,67,2026-02-18T00:00:00.000Z,135.8,Jun-24,Jun-24,K02000001,United Kingdom,CP01,01 Food and non-alcoholic beverages
cpih01,67,2026-02-18T00:00:00.000Z,120.1,Jun-24,Jun-24,K02000001,United Kingdom,CP0915,09.1.5 Repair of audio-visual equipment and related products
cpih01,67,2026-02-18T00:00:00.000Z,117.2,Jun-24,Jun-24,K02000001,United Kingdom,CP0313,03.1.3 Other clothing and clothing accessories
cpih01,67,2026-02-18T00:00:00.000Z,130.4,Jun-24,Jun-24,K02000001,United Kingdom,CP044,04.4 Water supply and miscellaneous services relating to the dwelling
cpih01,67,2026-02-18T00:00:00.000Z,131.7,Jun-24,Jun-24,K02000001,United Kingdom,CP062,06.2 Out-patient services
cpih01,67,2026-02-18T00:00:00.000Z,121.6,Jun-24,Jun-24,K02000001,United Kingdom,CP0312,03.1.2 Garments
cpih01,67,2026-02-18T00:00:00.000Z,104.2,Jun-24,Jun-24,K02000001,United Kingdom,CP127,12.7 Other services (nec)
cpih01,67,2026-02-18T00:00:00.000Z,162.0,Jun-24,Jun-24,K02000001,United Kingdom,CP112,11.2 Accommodation services
cpih01,67,2026-02-18T00:00:00.000Z,142.9,Jun-24,Jun-24,K02000001,United Kingdom,CP111,11.1 Catering services
cpih01,67,2026-02-18T00:00:00.000Z,151.5,Jun-24,Jun-24,K02000001,United Kingdom,CP095,"09.5 Books, newspapers and stationery"
cpih01,67,2026-02-18T00:00:00.000Z,112.5,Jun-24,Jun-24,K02000001,United Kingdom,CP052,05.2 Household textiles
cpih01,67,2026-02-18T00:00:00.000Z,134.4,Jun-24,Jun-24,K02000001,United Kingdom,CP082_083,08.2/3 Telephone and telefax equipment
cpih01,67,2026-02-18T00:00:00.000Z,121.2,Jun-24,Jun-24,K02000001,United Kingdom,CP1231,"12.3.1 Jewellery, clocks and watches"
cpih01,67,2026-02-18T00:00:00.000Z,141.9,Jun-24,Jun-24,K02000001,United Kingdom,CP0723,07.2.3 Maintenance and repairs
cpih01,67,2026-02-18T00:00:00.000Z,191.7,Jun-24,Jun-24,K02000001,United Kingdom,CP1254,12.5.4 Transport insurance
cpih01,67,2026-02-18T00:00:00.000Z,138.2,Jun-24,Jun-24,K02000001,United Kingdom,CP0942,09.4.2 Cultural services
cpih01,67,2026-02-18T00:00:00.000Z,130.6,Jun-24,Jun-24,K02000001,United Kingdom,CP0116,01.1.6 Fruit
cpih01,67,2026-02-18T00:00:00.000Z,135.2,Jun-24,Jun-24,K02000001,United Kingdom,CP10,10 Education
cpih01,67,2026-02-18T00:00:00.000Z,130.2,Jun-24,Jun-24,K02000001,United Kingdom,CP0443,04.4.3 Sewerage collection
cpih01,67,2026-02-18T00:00:00.000Z,116.6,Jun-24,Jun-24,K02000001,United Kingdom,CP0561,05.6.1 Non-durable household goods
cpih01,67,2026-02-18T00:00:00.000Z,109.3,Jun-24,Jun-24,K02000001,United Kingdom,CP0432,04.3.2 Services for maintenance and repair of the dwelling
cpih01,67,2026-02-18T00:00:00.000Z,147.5,Jun-24,Jun-24,K02000001,United Kingdom,CP0914,09.1.4 Recording media
cpih01,67,2026-02-18T00:00:00.000Z,140.4,Jun-24,Jun-24,K02000001,United Kingdom,CP0114,"01.1.4 Milk, cheese and eggs"
cpih01,67,2026-02-18T00:00:00.000Z,137.7,Jun-24,Jun-24,K02000001,United Kingdom,CP094,09.4 Recreational and cultural services
cpih01,67,2026-02-18T00:00:00.000Z,138.0,Jun-24,Jun-24,K02000001,United Kingdom,CP1211,12.1.1 Hairdressing and personal grooming establishments
cpih01,67,2026-02-18T00:00:00.000Z,106.5,Jun-24,Jun-24,K02000001,United Kingdom,CP0931,"09.3.1 Games, toys and hobbies"
cpih01,67,2026-02-18T00:00:00.000Z,132.7,Jun-24,Jun-24,K02000001,United Kingdom,CP0118,"01.1.8 Sugar, jam, syrups, chocolate and confectionery"
cpih01,67,2026-02-18T00:00:00.000Z,110.8,Jun-24,Jun-24,K02000001,United Kingdom,CP0711N2,07.1.1.2 Second-hand motor cars
cpih01,67,2026-02-18T00:00:00.000Z,103.7,Jun-24,Jun-24,K02000001,United Kingdom,CP1232,12.3.2 Other personal effects
cpih01,67,2026-02-18T00:00:00.000Z,126.1,Jun-24,Jun-24,K02000001,United Kingdom,CP05,"05 Furniture, household equipment and maintenance"
cpih01,67,2026-02-18T00:00:00.000Z,131.0,Jun-24,Jun-24,K02000001,United Kingdom,CP0441,04.4.1 Water supply
cpih01,67,2026-02-18T00:00:00.000Z,156.8,Jun-24,Jun-24,K02000001,United Kingdom,CP063,06.3 Hospital services
cpih01,67,2026-02-18T00:00:00.000Z,124.5,Jun-24,Jun-24,K02000001,United Kingdom,CP0621_0623,06.2.1/3 Medical services and paramedical services
cpih01,67,2026-02-18T00:00:00.000Z,118.9,Jun-24,Jun-24,K02000001,United Kingdom,CP055,05.5 Tools and equipment for house and garden
cpih01,67,2026-02-18T00:00:00.000Z,132.0,Jun-24,Jun-24,K02000001,United Kingdom,CP04,"04 Housing, water, electricity, gas and other fuels"
cpih01,67,2026-02-18T00:00:00.000Z,172.3,Jun-24,Jun-24,K02000001,United Kingdom,CP0734,07.3.4 Passenger transport by sea and inland waterway
cpih01,67,2026-02-18T00:00:00.000Z,141.3,Jun-24,Jun-24,K02000001,United Kingdom,CP0452,04.5.2 Gas
cpih01,67,2026-02-18T00:00:00.000Z,79.9,Jun-24,Jun-24,K02000001,United Kingdom,CP0912,"09.1.2 Photographic, cinematographic and optical equipment"
cpih01,67,2026-02-18T00:00:00.000Z,115.5,Jun-24,Jun-24,K02000001,United Kingdom,CP123,12.3 Personal effects (nec)
cpih01,67,2026-02-18T00:00:00.000Z,115.7,Jun-24,Jun-24,K02000001,United Kingdom,CP0612_0613,06.1.2/3 Other medical and therapeutic equipment
cpih01,67,2026-02-18T00:00:00.000Z,90.3,Jun-24,Jun-24,K02000001,United Kingdom,CP126,12.6 Financial services (nec)
cpih01,67,2026-02-18T00:00:00.000Z,141.4,Jun-24,Jun-24,K02000001,United Kingdom,CP0122,"01.2.2 Mineral waters, soft drinks and juices"
cpih01,67,2026-02-18T00:00:00.000Z,126.3,Jun-24,Jun-24,K02000001,United Kingdom,CP061,"06.1 Medical products, appliances and equipment"
cpih01,67,2026-02-18T00:00:00.000Z,138.9,Jun-24,Jun-24,K02000001,United Kingdom,CP012,01.2 Non-alcoholic beverages
cpih01,67,2026-02-18T00:00:00.000Z,137.7,Jun-24,Jun-24,K02000001,United Kingdom,CP0512,05.1.2 Carpets and other floor coverings
cpih01,67,2026-02-18T00:00:00.000Z,144.9,Jun-24,Jun-24,K02000001,United Kingdom,CP049,04.9 Council Tax and rates
cpih01,67,2026-02-18T00:00:00.000Z,142.5,Jun-24,Jun-24,K02000001,United Kingdom,CP0622,06.2.2 Dental services
cpih01,67,2026-02-18T00:00:00.000Z,130.2,Jun-24,Jun-24,K02000001,United Kingdom,CP09,09 Recreation and culture
cpih01,67,2026-02-18T00:00:00.000Z,121.3,Jun-24,Jun-24,K02000001,United Kingdom,CP043,04.3 Regular maintenance and repair of the dwelling
cpih01,67,2026-02-18T00:00:00.000Z,133.0,Jun-24,Jun-24,K02000001,United Kingdom,CP00,Overall Index
cpih01,67,2026-02-18T00:00:00.000Z,104.5,Jun-24,Jun-24,K02000001,United Kingdom,CP032,03.2 Footwear including repairs
cpih01,67,2026-02-18T00:00:00.000Z,139.0,Jun-24,Jun-24,K02000001,United Kingdom,CP0511,05.1.1 Furniture and furnishings
cpih01,67,2026-02-18T00:00:00.000Z,138.7,Jun-24,Jun-24,K02000001,United Kingdom,CP051,"05.1 Furniture, furnishings and carpets"
cpih01,67,2026-02-18T00:00:00.000Z,151.3,Jun-24,Jun-24,K02000001,United Kingdom,CP0951,09.5.1 Books
cpih01,67,2026-02-18T00:00:00.000Z,128.1,Jun-24,Jun-24,K02000001,United Kingdom,CP092,09.2 Other major durables for recreation and culture
cpih01,67,2026-02-18T00:00:00.000Z,149.6,Jun-24,Jun-24,K02000001,United Kingdom,CP0119,01.1.9 Food products (nec)
cpih01,67,2026-02-18T00:00:00.000Z,156.5,Jun-24,Jun-24,K02000001,United Kingdom,CP0724,07.2.4 Other services
cpih01,67,2026-02-18T00:00:00.000Z,135.7,Jun-24,Jun-24,K02000001,United Kingdom,CP07,07 Transport
cpih01,67,2026-02-18T00:00:00.000Z,147.0,Jun-24,Jun-24,K02000001,United Kingdom,CP02,02 Alcoholic beverages and tobacco
cpih01,67,2026-02-18T00:00:00.000Z,124.9,Jun-24,Jun-24,K02000001,United Kingdom,CP041,04.1 Actual rentals for housing
cpih01,67,2026-02-18T00:00:00.000Z,97.5,Jun-24,Jun-24,K02000001,United Kingdom,CP091,09.1 Audio-visual equipment and related products
cpih01,67,2026-02-18T00:00:00.000Z,139.9,Jun-24,Jun-24,K02000001,United Kingdom,CP124,12.4 Social protection
cpih01,67,2026-02-18T00:00:00.000Z,133.8,Jun-24,Jun-24,K02000001,United Kingdom,CP0431,04.3.1 Materials for maintenance and repair of the dwelling
cpih01,67,2026-02-18T00:00:00.000Z,77.2,Jun-24,Jun-24,K02000001,United Kingdom,CP0913,09.1.3 Data processing equipment
cpih01,67,2026-02-18T00:00:00.000Z,130.1,Jun-24,Jun-24,K02000001,United Kingdom,CP056,05.6 Goods and services for routine maintenance
cpih01,67,2026-02-18T00:00:00.000Z,138.1,Jun-24,Jun-24,K02000001,United Kingdom,CP072,07.2 Operation of personal transport equipment
cpih01,67,2026-02-18T00:00:00.000Z,123.1,Jun-24,Jun-24,K02000001,United Kingdom,CP0712_0713,07.1.2/3 Motocycles and bicycles
cpih01,67,2026-02-18T00:00:00.000Z,156.2,Jun-24,Jun-24,K02000001,United Kingdom,CP073,07.3 Transport services
cpih01,67,2026-02-18T00:00:00.000Z,132.8,Jun-24,Jun-24,K02000001,United Kingdom,CP0562,05.6.2 Domestic services and household services
cpih01,67,2026-02-18T00:00:00.000Z,176.5,Jun-24,Jun-24,K02000001,United Kingdom,CP022,02.2 Tobacco
cpih01,67,2026-02-18T00:00:00.000Z,84.0,Jun-24,Jun-24,K02000001,United Kingdom,CP0911,09.1.1 Reception and reproduction of sound and pictures
cpih01,67,2026-02-18T00:00:00.000Z,126.1,Jun-24,Jun-24,K02000001,United Kingdom,CP042,04.2 Owner Occupiers Housing Costs
cpih01,67,2026-02-18T00:00:00.000Z,115.8,Jun-24,Jun-24,K02000001,United Kingdom,CP0212,02.1.2 Wine
cpih01,67,2026-02-18T00:00:00.000Z,121.2,Jun-24,Jun-24,K02000001,United Kingdom,CP0533,05.3.3 Repair of household appliances
cpih01,67,2026-02-18T00:00:00.000Z,121.8,Jun-24,Jun-24,K02000001,United Kingdom,CP031,03.1 Clothing
cpih01,67,2026-02-18T00:00:00.000Z,131.9,Jun-24,Jun-24,K02000001,United Kingdom,CP0722,07.2.2 Fuels and lubricants
cpih01,67,2026-02-18T00:00:00.000Z,120.2,Jun-24,Jun-24,K02000001,United Kingdom,CP0531_0532,05.3.1/2 Major appliances and small electric goods
cpih01,67,2026-02-18T00:00:00.000Z,140.9,Jun-24,Jun-24,K02000001,United Kingdom,CP1252,12.5.2 House contents insurance
cpih01,67,2026-02-18T00:00:00.000Z,134.2,Jun-24,Jun-24,K02000001,United Kingdom,CP06,06 Health
cpih01,67,2026-02-18T00:00:00.000Z,127.2,Jun-24,Jun-24,K02000001,United Kingdom,CP0933,"09.3.3 Gardens, plants and flowers"
cpih01,67,2026-02-18T00:00:00.000Z,146.7,Jun-24,Jun-24,K02000001,United Kingdom,CP11,11 Restaurants and hotels
cpih01,67,2026-02-18T00:00:00.000Z,135.4,Jun-24,Jun-24,K02000001,United Kingdom,CP011,01.1 Food
cpih01,67,2026-02-18T00:00:00.000Z,135.1,Jun-24,Jun-24,K02000001,United Kingdom,CP0117,01.1.7 Vegetables including potatoes and tubers
cpih01,67,2026-02-18T00:00:00.000Z,119.8,Jun-24,Jun-24,K02000001,United Kingdom,CP12,12 Miscellaneous goods and services
cpih01,67,2026-02-18T00:00:00.000Z,177.3,Jun-24,Jun-24,K02000001,United Kingdom,CP125,12.5 Insurance
cpih01,67,2026-02-18T00:00:00.000Z,118.9,Jun-24,Jun-24,K02000001,United Kingdom,CP03,03 Clothing and footwear
cpih01,67,2026-02-18T00:00:00.000Z,119.7,Jun-24,Jun-24,K02000001,United Kingdom,CP053,"05.3 Household appliances, fitting and repairs"
cpih01,67,2026-02-18T00:00:00.000Z,136.0,Jun-24,Jun-24,K02000001,United Kingdom,CP0111,01.1.1 Bread and cereals
cpih01,67,2026-02-18T00:00:00.000Z,117.1,Jun-24,Jun-24,K02000001,United Kingdom,CP1212_1213,12.1.2/3 Appliances and products for personal care
cpih01,67,2026-02-18T00:00:00.000Z,110.6,Jun-24,Jun-24,K02000001,United Kingdom,CP054,"05.4 Glassware, tableware and household utensils"
cpih01,67,2026-02-18T00:00:00.000Z,122.2,Jun-24,Jun-24,K02000001,United Kingdom,CP121,12.1 Personal care
cpih01,67,2026-02-18T00:00:00.000Z,180.9,Jun-24,Jun-24,K02000001,United Kingdom,CP0952,09.5.2 Newspapers and periodicals
cpih01,67,2026-02-18T00:00:00.000Z,168.2,Jun-24,Jun-24,K02000001,United Kingdom,CP045,"04.5 Electricity, gas and other fuels"
cpih01,67,2026-02-18T00:00:00.000Z,121.9,Jun-24,Jun-24,K02000001,United Kingdom,CP071,07.1 Purchase of vehicles
cpih01,67,2026-02-18T00:00:00.000Z,122.4,Jun-24,Jun-24,K02000001,United Kingdom,CP093,"09.3 Other recreational items, gardens and pets"
cpih01,67,2026-02-18T00:00:00.000Z,140.8,Jun-24,Jun-24,K02000001,United Kingdom,CP0934_0935,"09.3.4/5 Pets, related products and services"
cpih01,67,2026-02-18T00:00:00.000Z,166.1,Jun-24,Jun-24,K02000001,United Kingdom,CP1253,12.5.3 Health insurance
cpih01,67,2026-02-18T00:00:00.000Z,154.6,Jun-24,Jun-24,K02000001,United Kingdom,CP0454,04.5.4 Solid fuels
cpih01,67,2026-02-18T00:00:00.000Z,134.0,Jun-24,Jun-24,K02000001,United Kingdom,CP0113,01.1.3 Fish
cpih01,67,2026-02-18T00:00:00.000Z,137.3,Jun-24,Jun-24,K02000001,United Kingdom,CP0941,09.4.1 Recreational and sporting services
cpih01,67,2026-02-18T00:00:00.000Z,175.0,Jun-24,Jun-24,K02000001,United Kingdom,CP0733,07.3.3 Passenger transport by air
cpih01,67,2026-02-18T00:00:00.000Z,126.9,Jun-24,Jun-24,K02000001,United Kingdom,CP0112,01.1.2 Meat
cpih01,67,2026-02-18T00:00:00.000Z,132.6,Jun-24,Jun-24,K02000001,United Kingdom,CP0121,"01.2.1 Coffee, tea and cocoa"
cpih01,67,2026-02-18T00:00:00.000Z,108.0,Jun-24,Jun-24,K02000001,United Kingdom,CP1112,11.1.2 Canteens
cpih01,67,2026-02-18T00:00:00.000Z,158.6,Jun-24,Jun-24,K02000001,United Kingdom,CP0453,04.5.3 Liquid fuels
cpih01,67,2026-02-18T00:00:00.000Z,159.0,Jun-24,Jun-24,K02000001,United Kingdom,CP0732_0736,07.3.2/6 Passenger transport by road and other services
cpih01,67,2026-02-18T00:00:00.000Z,135.4,Jun-24,Jun-24,K02000001,United Kingdom,CP0711N1,07.1.1.1 New motor cars
cpih01,67,2026-02-18T00:00:00.000Z,145.8,Jun-24,Jun-24,K02000001,United Kingdom,CP0314,"03.1.4 Cleaning, repair and hire of clothing"
cpih01,67,2026-02-18T00:00:00.000Z,156.3,May-24,May-24,K02000001,United Kingdom,CP0724,07.2.4 Other services
cpih01,67,2026-02-18T00:00:00.000Z,150.8,May-24,May-24,K02000001,United Kingdom,CP095,"09.5 Books, newspapers and stationery"
cpih01,67,2026-02-18T00:00:00.000Z,137.0,May-24,May-24,K02000001,United Kingdom,CP0942,09.4.2 Cultural services
cpih01,67,2026-02-18T00:00:00.000Z,155.2,May-24,May-24,K02000001,United Kingdom,CP0454,04.5.4 Solid fuels
cpih01,67,2026-02-18T00:00:00.000Z,167.9,May-24,May-24,K02000001,United Kingdom,CP0453,04.5.3 Liquid fuels
cpih01,67,2026-02-18T00:00:00.000Z,138.5,May-24,May-24,K02000001,United Kingdom,CP124,12.4 Social protection
cpih01,67,2026-02-18T00:00:00.000Z,132.2,May-24,May-24,K02000001,United Kingdom,CP0611,06.1.1 Pharmaceutical products
cpih01,67,2026-02-18T00:00:00.000Z,135.0,May-24,May-24,K02000001,United Kingdom,CP0711N1,07.1.1.1 New motor cars
cpih01,67,2026-02-18T00:00:00.000Z,127.2,May-24,May-24,K02000001,United Kingdom,CP0112,01.1.2 Meat
cpih01,67,2026-02-18T00:00:00.000Z,98.8,May-24,May-24,K02000001,United Kingdom,CP091,09.1 Audio-visual equipment and related products
cpih01,67,2026-02-18T00:00:00.000Z,107.9,May-24,May-24,K02000001,United Kingdom,CP1112,11.1.2 Canteens
cpih01,67,2026-02-18T00:00:00.000Z,136.8,May-24,May-24,K02000001,United Kingdom,CP094,09.4 Recreational and cultural services
cpih01,67,2026-02-18T00:00:00.000Z,119.3,May-24,May-24,K02000001,United Kingdom,CP021,02.1 Alcoholic beverages
cpih01,67,2026-02-18T00:00:00.000Z,124.3,May-24,May-24,K02000001,United Kingdom,CP041,04.1 Actual rentals for housing
cpih01,67,2026-02-18T00:00:00.000Z,123.3,May-24,May-24,K02000001,United Kingdom,CP0312,03.1.2 Garments
cpih01,67,2026-02-18T00:00:00.000Z,117.5,May-24,May-24,K02000001,United Kingdom,CP1212_1213,12.1.2/3 Appliances and products for personal care
cpih01,67,2026-02-18T00:00:00.000Z,132.0,May-24,May-24,K02000001,United Kingdom,CP0562,05.6.2 Domestic services and household services
cpih01,67,2026-02-18T00:00:00.000Z,128.3,May-24,May-24,K02000001,United Kingdom,CP0213,02.1.3 Beer
cpih01,67,2026-02-18T00:00:00.000Z,129.6,May-24,May-24,K02000001,United Kingdom,CP0121,"01.2.1 Coffee, tea and cocoa"
cpih01,67,2026-02-18T00:00:00.000Z,136.3,May-24,May-24,K02000001,United Kingdom,CP08,08 Communication
cpih01,67,2026-02-18T00:00:00.000Z,132.3,May-24,May-24,K02000001,United Kingdom,CP0116,01.1.6 Fruit
cpih01,67,2026-02-18T00:00:00.000Z,122.4,May-24,May-24,K02000001,United Kingdom,CP121,12.1 Personal care
cpih01,67,2026-02-18T00:00:00.000Z,110.8,May-24,May-24,K02000001,United Kingdom,CP0931,"09.3.1 Games, toys and hobbies"
cpih01,67,2026-02-18T00:00:00.000Z,131.5,May-24,May-24,K02000001,United Kingdom,CP0953_0954,"09.5.3/4 Miscellaneous printed matter, stationery and drawing materials"
cpih01,67,2026-02-18T00:00:00.000Z,123.2,May-24,May-24,K02000001,United Kingdom,CP031,03.1 Clothing
cpih01,67,2026-02-18T00:00:00.000Z,90.2,May-24,May-24,K02000001,United Kingdom,CP126,12.6 Financial services (nec)
cpih01,67,2026-02-18T00:00:00.000Z,193.1,May-24,May-24,K02000001,United Kingdom,CP1254,12.5.4 Transport insurance
cpih01,67,2026-02-18T00:00:00.000Z,135.6,May-24,May-24,K02000001,United Kingdom,CP01,01 Food and non-alcoholic beverages
cpih01,67,2026-02-18T00:00:00.000Z,176.5,May-24,May-24,K02000001,United Kingdom,CP022,02.2 Tobacco
cpih01,67,2026-02-18T00:00:00.000Z,135.6,May-24,May-24,K02000001,United Kingdom,CP0111,01.1.1 Bread and cereals
cpih01,67,2026-02-18T00:00:00.000Z,168.5,May-24,May-24,K02000001,United Kingdom,CP045,"04.5 Electricity, gas and other fuels"
cpih01,67,2026-02-18T00:00:00.000Z,135.1,May-24,May-24,K02000001,United Kingdom,CP0722,07.2.2 Fuels and lubricants
cpih01,67,2026-02-18T00:00:00.000Z,137.2,May-24,May-24,K02000001,United Kingdom,CP051,"05.1 Furniture, furnishings and carpets"
cpih01,67,2026-02-18T00:00:00.000Z,177.7,May-24,May-24,K02000001,United Kingdom,CP125,12.5 Insurance
cpih01,67,2026-02-18T00:00:00.000Z,134.9,May-24,May-24,K02000001,United Kingdom,CP082_083,08.2/3 Telephone and telefax equipment
cpih01,67,2026-02-18T00:00:00.000Z,122.6,May-24,May-24,K02000001,United Kingdom,CP093,"09.3 Other recreational items, gardens and pets"
cpih01,67,2026-02-18T00:00:00.000Z,147.6,May-24,May-24,K02000001,United Kingdom,CP02,02 Alcoholic beverages and tobacco
cpih01,67,2026-02-18T00:00:00.000Z,139.4,May-24,May-24,K02000001,United Kingdom,CP072,07.2 Operation of personal transport equipment
cpih01,67,2026-02-18T00:00:00.000Z,115.6,May-24,May-24,K02000001,United Kingdom,CP0211,02.1.1 Spirits
cpih01,67,2026-02-18T00:00:00.000Z,130.8,May-24,May-24,K02000001,United Kingdom,CP056,05.6 Goods and services for routine maintenance
cpih01,67,2026-02-18T00:00:00.000Z,109.2,May-24,May-24,K02000001,United Kingdom,CP0432,04.3.2 Services for maintenance and repair of the dwelling
cpih01,67,2026-02-18T00:00:00.000Z,120.3,May-24,May-24,K02000001,United Kingdom,CP03,03 Clothing and footwear
cpih01,67,2026-02-18T00:00:00.000Z,131.0,May-24,May-24,K02000001,United Kingdom,CP0441,04.4.1 Water supply
cpih01,67,2026-02-18T00:00:00.000Z,132.5,May-24,May-24,K02000001,United Kingdom,CP0431,04.3.1 Materials for maintenance and repair of the dwelling
cpih01,67,2026-02-18T00:00:00.000Z,139.0,May-24,May-24,K02000001,United Kingdom,CP0122,"01.2.2 Mineral waters, soft drinks and juices"
cpih01,67,2026-02-18T00:00:00.000Z,142.6,May-24,May-24,K02000001,United Kingdom,CP111,11.1 Catering services
cpih01,67,2026-02-18T00:00:00.000Z,136.4,May-24,May-24,K02000001,United Kingdom,CP0731,07.3.1 Passenger transport by railway
cpih01,67,2026-02-18T00:00:00.000Z,135.4,May-24,May-24,K02000001,United Kingdom,CP011,01.1 Food
cpih01,67,2026-02-18T00:00:00.000Z,145.3,May-24,May-24,K02000001,United Kingdom,CP11,11 Restaurants and hotels
cpih01,67,2026-02-18T00:00:00.000Z,134.3,May-24,May-24,K02000001,United Kingdom,CP0117,01.1.7 Vegetables including potatoes and tubers
cpih01,67,2026-02-18T00:00:00.000Z,188.1,May-24,May-24,K02000001,United Kingdom,CP0451,04.5.1 Electricity
cpih01,67,2026-02-18T00:00:00.000Z,148.5,May-24,May-24,K02000001,United Kingdom,CP0119,01.1.9 Food products (nec)
cpih01,67,2026-02-18T00:00:00.000Z,154.4,May-24,May-24,K02000001,United Kingdom,CP073,07.3 Transport services
cpih01,67,2026-02-18T00:00:00.000Z,169.6,May-24,May-24,K02000001,United Kingdom,CP0733,07.3.3 Passenger transport by air
cpih01,67,2026-02-18T00:00:00.000Z,135.2,May-24,May-24,K02000001,United Kingdom,CP10,10 Education
cpih01,67,2026-02-18T00:00:00.000Z,120.0,May-24,May-24,K02000001,United Kingdom,CP0915,09.1.5 Repair of audio-visual equipment and related products
cpih01,67,2026-02-18T00:00:00.000Z,151.3,May-24,May-24,K02000001,United Kingdom,CP0951,09.5.1 Books
cpih01,67,2026-02-18T00:00:00.000Z,163.7,May-24,May-24,K02000001,United Kingdom,CP0734,07.3.4 Passenger transport by sea and inland waterway
cpih01,67,2026-02-18T00:00:00.000Z,110.7,May-24,May-24,K02000001,United Kingdom,CP054,"05.4 Glassware, tableware and household utensils"
cpih01,67,2026-02-18T00:00:00.000Z,133.8,May-24,May-24,K02000001,United Kingdom,CP06,06 Health
cpih01,67,2026-02-18T00:00:00.000Z,120.1,May-24,May-24,K02000001,United Kingdom,CP0531_0532,05.3.1/2 Major appliances and small electric goods
cpih01,67,2026-02-18T00:00:00.000Z,138.2,May-24,May-24,K02000001,United Kingdom,CP0934_0935,"09.3.4/5 Pets, related products and services"
cpih01,67,2026-02-18T00:00:00.000Z,142.1,May-24,May-24,K02000001,United Kingdom,CP0622,06.2.2 Dental services
cpih01,67,2026-02-18T00:00:00.000Z,157.1,May-24,May-24,K02000001,United Kingdom,CP0732_0736,07.3.2/6 Passenger transport by road and other services
cpih01,67,2026-02-18T00:00:00.000Z,144.5,May-24,May-24,K02000001,United Kingdom,CP0314,"03.1.4 Cleaning, repair and hire of clothing"
cpih01,67,2026-02-18T00:00:00.000Z,120.2,May-24,May-24,K02000001,United Kingdom,CP0932,09.3.2 Equipment for sport and open-air recreation
cpih01,67,2026-02-18T00:00:00.000Z,130.0,May-24,May-24,K02000001,United Kingdom,CP09,09 Recreation and culture
cpih01,67,2026-02-18T00:00:00.000Z,156.5,May-24,May-24,K02000001,United Kingdom,CP063,06.3 Hospital services
cpih01,67,2026-02-18T00:00:00.000Z,144.9,May-24,May-24,K02000001,United Kingdom,CP049,04.9 Council Tax and rates
cpih01,67,2026-02-18T00:00:00.000Z,126.4,May-24,May-24,K02000001,United Kingdom,CP0933,"09.3.3 Gardens, plants and flowers"
cpih01,67,2026-02-18T00:00:00.000Z,119.8,May-24,May-24,K02000001,United Kingdom,CP12,12 Miscellaneous goods and services
cpih01,67,2026-02-18T00:00:00.000Z,82.8,May-24,May-24,K02000001,United Kingdom,CP0911,09.1.1 Reception and reproduction of sound and pictures
cpih01,67,2026-02-18T00:00:00.000Z,120.8,May-24,May-24,K02000001,United Kingdom,CP043,04.3 Regular maintenance and repair of the dwelling
cpih01,67,2026-02-18T00:00:00.000Z,122.5,May-24,May-24,K02000001,United Kingdom,CP1231,"12.3.1 Jewellery, clocks and watches"
cpih01,67,2026-02-18T00:00:00.000Z,121.1,May-24,May-24,K02000001,United Kingdom,CP0533,05.3.3 Repair of household appliances
cpih01,67,2026-02-18T00:00:00.000Z,76.9,May-24,May-24,K02000001,United Kingdom,CP0913,09.1.3 Data processing equipment
cpih01,67,2026-02-18T00:00:00.000Z,143.9,May-24,May-24,K02000001,United Kingdom,CP1111,11.1.1 Restaurants and cafes
cpih01,67,2026-02-18T00:00:00.000Z,133.5,May-24,May-24,K02000001,United Kingdom,CP0113,01.1.3 Fish
cpih01,67,2026-02-18T00:00:00.000Z,117.7,May-24,May-24,K02000001,United Kingdom,CP0313,03.1.3 Other clothing and clothing accessories
cpih01,67,2026-02-18T00:00:00.000Z,130.2,May-24,May-24,K02000001,United Kingdom,CP0443,04.4.3 Sewerage collection
cpih01,67,2026-02-18T00:00:00.000Z,123.4,May-24,May-24,K02000001,United Kingdom,CP0712_0713,07.1.2/3 Motocycles and bicycles
cpih01,67,2026-02-18T00:00:00.000Z,137.2,May-24,May-24,K02000001,United Kingdom,CP0511,05.1.1 Furniture and furnishings
cpih01,67,2026-02-18T00:00:00.000Z,111.1,May-24,May-24,K02000001,United Kingdom,CP0711N2,07.1.1.2 Second-hand motor cars
cpih01,67,2026-02-18T00:00:00.000Z,140.1,May-24,May-24,K02000001,United Kingdom,CP1252,12.5.2 House contents insurance
cpih01,67,2026-02-18T00:00:00.000Z,141.3,May-24,May-24,K02000001,United Kingdom,CP0452,04.5.2 Gas
cpih01,67,2026-02-18T00:00:00.000Z,136.4,May-24,May-24,K02000001,United Kingdom,CP012,01.2 Non-alcoholic beverages
cpih01,67,2026-02-18T00:00:00.000Z,104.3,May-24,May-24,K02000001,United Kingdom,CP1232,12.3.2 Other personal effects
cpih01,67,2026-02-18T00:00:00.000Z,137.8,May-24,May-24,K02000001,United Kingdom,CP1211,12.1.1 Hairdressing and personal grooming establishments
cpih01,67,2026-02-18T00:00:00.000Z,153.1,May-24,May-24,K02000001,United Kingdom,CP0914,09.1.4 Recording media
cpih01,67,2026-02-18T00:00:00.000Z,117.8,May-24,May-24,K02000001,United Kingdom,CP0561,05.6.1 Non-durable household goods
cpih01,67,2026-02-18T00:00:00.000Z,132.3,May-24,May-24,K02000001,United Kingdom,CP0721,07.2.1 Spare parts and accessories
cpih01,67,2026-02-18T00:00:00.000Z,183.5,May-24,May-24,K02000001,United Kingdom,CP0115,01.1.5 Oils and fats
cpih01,67,2026-02-18T00:00:00.000Z,121.9,May-24,May-24,K02000001,United Kingdom,CP071,07.1 Purchase of vehicles
cpih01,67,2026-02-18T00:00:00.000Z,125.9,May-24,May-24,K02000001,United Kingdom,CP05,"05 Furniture, household equipment and maintenance"
cpih01,67,2026-02-18T00:00:00.000Z,141.3,May-24,May-24,K02000001,United Kingdom,CP0114,"01.1.4 Milk, cheese and eggs"
cpih01,67,2026-02-18T00:00:00.000Z,125.8,May-24,May-24,K02000001,United Kingdom,CP061,"06.1 Medical products, appliances and equipment"
cpih01,67,2026-02-18T00:00:00.000Z,182.2,May-24,May-24,K02000001,United Kingdom,CP0952,09.5.2 Newspapers and periodicals
cpih01,67,2026-02-18T00:00:00.000Z,116.6,May-24,May-24,K02000001,United Kingdom,CP0212,02.1.2 Wine
cpih01,67,2026-02-18T00:00:00.000Z,128.1,May-24,May-24,K02000001,United Kingdom,CP092,09.2 Other major durables for recreation and culture
cpih01,67,2026-02-18T00:00:00.000Z,119.6,May-24,May-24,K02000001,United Kingdom,CP055,05.5 Tools and equipment for house and garden
cpih01,67,2026-02-18T00:00:00.000Z,132.0,May-24,May-24,K02000001,United Kingdom,CP0118,"01.1.8 Sugar, jam, syrups, chocolate and confectionery"
cpih01,67,2026-02-18T00:00:00.000Z,105.6,May-24,May-24,K02000001,United Kingdom,CP032,03.2 Footwear including repairs
cpih01,67,2026-02-18T00:00:00.000Z,149.0,May-24,May-24,K02000001,United Kingdom,CP096,09.6 Package holidays
cpih01,67,2026-02-18T00:00:00.000Z,156.8,May-24,May-24,K02000001,United Kingdom,CP112,11.2 Accommodation services
cpih01,67,2026-02-18T00:00:00.000Z,136.0,May-24,May-24,K02000001,United Kingdom,CP07,07 Transport
cpih01,67,2026-02-18T00:00:00.000Z,123.9,May-24,May-24,K02000001,United Kingdom,CP0621_0623,06.2.1/3 Medical services and paramedical services
cpih01,67,2026-02-18T00:00:00.000Z,131.2,May-24,May-24,K02000001,United Kingdom,CP062,06.2 Out-patient services
cpih01,67,2026-02-18T00:00:00.000Z,116.6,May-24,May-24,K02000001,United Kingdom,CP123,12.3 Personal effects (nec)
cpih01,67,2026-02-18T00:00:00.000Z,163.9,May-24,May-24,K02000001,United Kingdom,CP081,08.1 Postal services
cpih01,67,2026-02-18T00:00:00.000Z,119.6,May-24,May-24,K02000001,United Kingdom,CP053,"05.3 Household appliances, fitting and repairs"
cpih01,67,2026-02-18T00:00:00.000Z,125.3,May-24,May-24,K02000001,United Kingdom,CP042,04.2 Owner Occupiers Housing Costs
cpih01,67,2026-02-18T00:00:00.000Z,103.9,May-24,May-24,K02000001,United Kingdom,CP127,12.7 Other services (nec)
cpih01,67,2026-02-18T00:00:00.000Z,115.4,May-24,May-24,K02000001,United Kingdom,CP0612_0613,06.1.2/3 Other medical and therapeutic equipment
cpih01,67,2026-02-18T00:00:00.000Z,140.8,May-24,May-24,K02000001,United Kingdom,CP0723,07.2.3 Maintenance and repairs
cpih01,67,2026-02-18T00:00:00.000Z,131.4,May-24,May-24,K02000001,United Kingdom,CP04,"04 Housing, water, electricity, gas and other fuels"
cpih01,67,2026-02-18T00:00:00.000Z,136.9,May-24,May-24,K02000001,United Kingdom,CP0941,09.4.1 Recreational and sporting services
cpih01,67,2026-02-18T00:00:00.000Z,85.5,May-24,May-24,K02000001,United Kingdom,CP0912,"09.1.2 Photographic, cinematographic and optical equipment"
cpih01,67,2026-02-18T00:00:00.000Z,137.1,May-24,May-24,K02000001,United Kingdom,CP0512,05.1.2 Carpets and other floor coverings
cpih01,67,2026-02-18T00:00:00.000Z,132.7,May-24,May-24,K02000001,United Kingdom,CP00,Overall Index
cpih01,67,2026-02-18T00:00:00.000Z,113.8,May-24,May-24,K02000001,United Kingdom,CP052,05.2 Household textiles
cpih01,67,2026-02-18T00:00:00.000Z,166.1,May-24,May-24,K02000001,United Kingdom,CP1253,12.5.3 Health insurance
cpih01,67,2026-02-18T00:00:00.000Z,130.4,May-24,May-24,K02000001,United Kingdom,CP044,04.4 Water supply and miscellaneous services relating to the dwelling
cpih01,67,2026-02-18T00:00:00.000Z,108.7,Apr-24,Apr-24,K02000001,United Kingdom,CP1112,11.1.2 Canteens
cpih01,67,2026-02-18T00:00:00.000Z,137.7,Apr-24,Apr-24,K02000001,United Kingdom,CP124,12.4 Social protection
cpih01,67,2026-02-18T00:00:00.000Z,139.2,Apr-24,Apr-24,K02000001,United Kingdom,CP072,07.2 Operation of personal transport equipment
cpih01,67,2026-02-18T00:00:00.000Z,129.8,Apr-24,Apr-24,K02000001,United Kingdom,CP09,09 Recreation and culture
cpih01,67,2026-02-18T00:00:00.000Z,137.0,Apr-24,Apr-24,K02000001,United Kingdom,CP0512,05.1.2 Carpets and other floor coverings
cpih01,67,2026-02-18T00:00:00.000Z,90.1,Apr-24,Apr-24,K02000001,United Kingdom,CP126,12.6 Financial services (nec)
cpih01,67,2026-02-18T00:00:00.000Z,128.1,Apr-24,Apr-24,K02000001,United Kingdom,CP0213,02.1.3 Beer
cpih01,67,2026-02-18T00:00:00.000Z,153.7,Apr-24,Apr-24,K02000001,United Kingdom,CP112,11.2 Accommodation services
cpih01,67,2026-02-18T00:00:00.000Z,123.9,Apr-24,Apr-24,K02000001,United Kingdom,CP041,04.1 Actual rentals for housing
cpih01,67,2026-02-18T00:00:00.000Z,135.6,Apr-24,Apr-24,K02000001,United Kingdom,CP0711N1,07.1.1.1 New motor cars
cpih01,67,2026-02-18T00:00:00.000Z,122.4,Apr-24,Apr-24,K02000001,United Kingdom,CP071,07.1 Purchase of vehicles
cpih01,67,2026-02-18T00:00:00.000Z,134.9,Apr-24,Apr-24,K02000001,United Kingdom,CP08,08 Communication
cpih01,67,2026-02-18T00:00:00.000Z,155.6,Apr-24,Apr-24,K02000001,United Kingdom,CP0734,07.3.4 Passenger transport by sea and inland waterway
cpih01,67,2026-02-18T00:00:00.000Z,136.9,Apr-24,Apr-24,K02000001,United Kingdom,CP0111,01.1.1 Bread and cereals
cpih01,67,2026-02-18T00:00:00.000Z,139.2,Apr-24,Apr-24,K02000001,United Kingdom,CP0122,"01.2.2 Mineral waters, soft drinks and juices"
cpih01,67,2026-02-18T00:00:00.000Z,122.6,Apr-24,Apr-24,K02000001,United Kingdom,CP093,"09.3 Other recreational items, gardens and pets"
cpih01,67,2026-02-18T00:00:00.000Z,121.2,Apr-24,Apr-24,K02000001,United Kingdom,CP0533,05.3.3 Repair of household appliances
cpih01,67,2026-02-18T00:00:00.000Z,133.5,Apr-24,Apr-24,K02000001,United Kingdom,CP06,06 Health
cpih01,67,2026-02-18T00:00:00.000Z,133.6,Apr-24,Apr-24,K02000001,United Kingdom,CP0113,01.1.3 Fish
cpih01,67,2026-02-18T00:00:00.000Z,136.1,Apr-24,Apr-24,K02000001,United Kingdom,CP094,09.4 Recreational and cultural services
cpih01,67,2026-02-18T00:00:00.000Z,135.7,Apr-24,Apr-24,K02000001,United Kingdom,CP011,01.1 Food
cpih01,67,2026-02-18T00:00:00.000Z,166.1,Apr-24,Apr-24,K02000001,United Kingdom,CP1253,12.5.3 Health insurance
cpih01,67,2026-02-18T00:00:00.000Z,136.3,Apr-24,Apr-24,K02000001,United Kingdom,CP0941,09.4.1 Recreational and sporting services
cpih01,67,2026-02-18T00:00:00.000Z,105.6,Apr-24,Apr-24,K02000001,United Kingdom,CP032,03.2 Footwear including repairs
cpih01,67,2026-02-18T00:00:00.000Z,103.6,Apr-24,Apr-24,K02000001,United Kingdom,CP127,12.7 Other services (nec)
cpih01,67,2026-02-18T00:00:00.000Z,152.9,Apr-24,Apr-24,K02000001,United Kingdom,CP0951,09.5.1 Books
cpih01,67,2026-02-18T00:00:00.000Z,130.2,Apr-24,Apr-24,K02000001,United Kingdom,CP0953_0954,"09.5.3/4 Miscellaneous printed matter, stationery and drawing materials"
cpih01,67,2026-02-18T00:00:00.000Z,156.7,Apr-24,Apr-24,K02000001,United Kingdom,CP0732_0736,07.3.2/6 Passenger transport by road and other services
cpih01,67,2026-02-18T00:00:00.000Z,131.9,Apr-24,Apr-24,K02000001,United Kingdom,CP0721,07.2.1 Spare parts and accessories
cpih01,67,2026-02-18T00:00:00.000Z,118.9,Apr-24,Apr-24,K02000001,United Kingdom,CP021,02.1 Alcoholic beverages
cpih01,67,2026-02-18T00:00:00.000Z,131.0,Apr-24,Apr-24,K02000001,United Kingdom,CP0441,04.4.1 Water supply
cpih01,67,2026-02-18T00:00:00.000Z,134.3,Apr-24,Apr-24,K02000001,United Kingdom,CP0118,"01.1.8 Sugar, jam, syrups, chocolate and confectionery"
cpih01,67,2026-02-18T00:00:00.000Z,147.6,Apr-24,Apr-24,K02000001,United Kingdom,CP0733,07.3.3 Passenger transport by air
cpih01,67,2026-02-18T00:00:00.000Z,134.8,Apr-24,Apr-24,K02000001,United Kingdom,CP0117,01.1.7 Vegetables including potatoes and tubers
cpih01,67,2026-02-18T00:00:00.000Z,135.0,Apr-24,Apr-24,K02000001,United Kingdom,CP0722,07.2.2 Fuels and lubricants
cpih01,67,2026-02-18T00:00:00.000Z,116.3,Apr-24,Apr-24,K02000001,United Kingdom,CP0561,05.6.1 Non-durable household goods
cpih01,67,2026-02-18T00:00:00.000Z,179.0,Apr-24,Apr-24,K02000001,United Kingdom,CP0952,09.5.2 Newspapers and periodicals
cpih01,67,2026-02-18T00:00:00.000Z,188.1,Apr-24,Apr-24,K02000001,United Kingdom,CP0451,04.5.1 Electricity
cpih01,67,2026-02-18T00:00:00.000Z,76.8,Apr-24,Apr-24,K02000001,United Kingdom,CP0913,09.1.3 Data processing equipment
cpih01,67,2026-02-18T00:00:00.000Z,148.3,Apr-24,Apr-24,K02000001,United Kingdom,CP073,07.3 Transport services
cpih01,67,2026-02-18T00:00:00.000Z,117.8,Apr-24,Apr-24,K02000001,United Kingdom,CP1212_1213,12.1.2/3 Appliances and products for personal care
cpih01,67,2026-02-18T00:00:00.000Z,136.1,Apr-24,Apr-24,K02000001,United Kingdom,CP0731,07.3.1 Passenger transport by railway
cpih01,67,2026-02-18T00:00:00.000Z,126.8,Apr-24,Apr-24,K02000001,United Kingdom,CP0112,01.1.2 Meat
cpih01,67,2026-02-18T00:00:00.000Z,179.0,Apr-24,Apr-24,K02000001,United Kingdom,CP125,12.5 Insurance
cpih01,67,2026-02-18T00:00:00.000Z,132.2,Apr-24,Apr-24,K02000001,United Kingdom,CP0116,01.1.6 Fruit
cpih01,67,2026-02-18T00:00:00.000Z,123.2,Apr-24,Apr-24,K02000001,United Kingdom,CP0531_0532,05.3.1/2 Major appliances and small electric goods
cpih01,67,2026-02-18T00:00:00.000Z,180.7,Apr-24,Apr-24,K02000001,United Kingdom,CP0115,01.1.5 Oils and fats
cpih01,67,2026-02-18T00:00:00.000Z,132.2,Apr-24,Apr-24,K02000001,United Kingdom,CP0611,06.1.1 Pharmaceutical products
cpih01,67,2026-02-18T00:00:00.000Z,109.0,Apr-24,Apr-24,K02000001,United Kingdom,CP0931,"09.3.1 Games, toys and hobbies"
cpih01,67,2026-02-18T00:00:00.000Z,133.5,Apr-24,Apr-24,K02000001,United Kingdom,CP082_083,08.2/3 Telephone and telefax equipment
cpih01,67,2026-02-18T00:00:00.000Z,84.2,Apr-24,Apr-24,K02000001,United Kingdom,CP0912,"09.1.2 Photographic, cinematographic and optical equipment"
cpih01,67,2026-02-18T00:00:00.000Z,130.4,Apr-24,Apr-24,K02000001,United Kingdom,CP044,04.4 Water supply and miscellaneous services relating to the dwelling
cpih01,67,2026-02-18T00:00:00.000Z,132.2,Apr-24,Apr-24,K02000001,United Kingdom,CP00,Overall Index
cpih01,67,2026-02-18T00:00:00.000Z,98.7,Apr-24,Apr-24,K02000001,United Kingdom,CP091,09.1 Audio-visual equipment and related products
cpih01,67,2026-02-18T00:00:00.000Z,123.7,Apr-24,Apr-24,K02000001,United Kingdom,CP0621_0623,06.2.1/3 Medical services and paramedical services
cpih01,67,2026-02-18T00:00:00.000Z,137.1,Apr-24,Apr-24,K02000001,United Kingdom,CP1211,12.1.1 Hairdressing and personal grooming establishments
cpih01,67,2026-02-18T00:00:00.000Z,129.5,Apr-24,Apr-24,K02000001,United Kingdom,CP056,05.6 Goods and services for routine maintenance
cpih01,67,2026-02-18T00:00:00.000Z,144.3,Apr-24,Apr-24,K02000001,United Kingdom,CP11,11 Restaurants and hotels
cpih01,67,2026-02-18T00:00:00.000Z,122.3,Apr-24,Apr-24,K02000001,United Kingdom,CP031,03.1 Clothing
cpih01,67,2026-02-18T00:00:00.000Z,155.8,Apr-24,Apr-24,K02000001,United Kingdom,CP0454,04.5.4 Solid fuels
cpih01,67,2026-02-18T00:00:00.000Z,178.6,Apr-24,Apr-24,K02000001,United Kingdom,CP0453,04.5.3 Liquid fuels
cpih01,67,2026-02-18T00:00:00.000Z,135.2,Apr-24,Apr-24,K02000001,United Kingdom,CP10,10 Education
cpih01,67,2026-02-18T00:00:00.000Z,135.0,Apr-24,Apr-24,K02000001,United Kingdom,CP07,07 Transport
cpih01,67,2026-02-18T00:00:00.000Z,140.2,Apr-24,Apr-24,K02000001,United Kingdom,CP0114,"01.1.4 Milk, cheese and eggs"
cpih01,67,2026-02-18T00:00:00.000Z,115.3,Apr-24,Apr-24,K02000001,United Kingdom,CP0612_0613,06.1.2/3 Other medical and therapeutic equipment
cpih01,67,2026-02-18T00:00:00.000Z,125.6,Apr-24,Apr-24,K02000001,United Kingdom,CP0933,"09.3.3 Gardens, plants and flowers"
cpih01,67,2026-02-18T00:00:00.000Z,137.2,Apr-24,Apr-24,K02000001,United Kingdom,CP012,01.2 Non-alcoholic beverages
cpih01,67,2026-02-18T00:00:00.000Z,136.0,Apr-24,Apr-24,K02000001,United Kingdom,CP051,"05.1 Furniture, furnishings and carpets"
cpih01,67,2026-02-18T00:00:00.000Z,144.9,Apr-24,Apr-24,K02000001,United Kingdom,CP049,04.9 Council Tax and rates
cpih01,67,2026-02-18T00:00:00.000Z,140.7,Apr-24,Apr-24,K02000001,United Kingdom,CP0723,07.2.3 Maintenance and repairs
cpih01,67,2026-02-18T00:00:00.000Z,135.8,Apr-24,Apr-24,K02000001,United Kingdom,CP0511,05.1.1 Furniture and furnishings
cpih01,67,2026-02-18T00:00:00.000Z,130.9,Apr-24,Apr-24,K02000001,United Kingdom,CP04,"04 Housing, water, electricity, gas and other fuels"
cpih01,67,2026-02-18T00:00:00.000Z,136.3,Apr-24,Apr-24,K02000001,United Kingdom,CP0942,09.4.2 Cultural services
cpih01,67,2026-02-18T00:00:00.000Z,121.4,Apr-24,Apr-24,K02000001,United Kingdom,CP1231,"12.3.1 Jewellery, clocks and watches"
cpih01,67,2026-02-18T00:00:00.000Z,104.7,Apr-24,Apr-24,K02000001,United Kingdom,CP1232,12.3.2 Other personal effects
cpih01,67,2026-02-18T00:00:00.000Z,143.4,Apr-24,Apr-24,K02000001,United Kingdom,CP1111,11.1.1 Restaurants and cafes
cpih01,67,2026-02-18T00:00:00.000Z,168.8,Apr-24,Apr-24,K02000001,United Kingdom,CP045,"04.5 Electricity, gas and other fuels"
cpih01,67,2026-02-18T00:00:00.000Z,133.5,Apr-24,Apr-24,K02000001,United Kingdom,CP0431,04.3.1 Materials for maintenance and repair of the dwelling
cpih01,67,2026-02-18T00:00:00.000Z,143.7,Apr-24,Apr-24,K02000001,United Kingdom,CP0314,"03.1.4 Cleaning, repair and hire of clothing"
cpih01,67,2026-02-18T00:00:00.000Z,85.2,Apr-24,Apr-24,K02000001,United Kingdom,CP0911,09.1.1 Reception and reproduction of sound and pictures
cpih01,67,2026-02-18T00:00:00.000Z,113.2,Apr-24,Apr-24,K02000001,United Kingdom,CP052,05.2 Household textiles
cpih01,67,2026-02-18T00:00:00.000Z,155.9,Apr-24,Apr-24,K02000001,United Kingdom,CP063,06.3 Hospital services
cpih01,67,2026-02-18T00:00:00.000Z,132.2,Apr-24,Apr-24,K02000001,United Kingdom,CP0121,"01.2.1 Coffee, tea and cocoa"
cpih01,67,2026-02-18T00:00:00.000Z,130.9,Apr-24,Apr-24,K02000001,United Kingdom,CP062,06.2 Out-patient services
cpih01,67,2026-02-18T00:00:00.000Z,115.6,Apr-24,Apr-24,K02000001,United Kingdom,CP0212,02.1.2 Wine
cpih01,67,2026-02-18T00:00:00.000Z,120.0,Apr-24,Apr-24,K02000001,United Kingdom,CP0915,09.1.5 Repair of audio-visual equipment and related products
cpih01,67,2026-02-18T00:00:00.000Z,176.0,Apr-24,Apr-24,K02000001,United Kingdom,CP022,02.2 Tobacco
cpih01,67,2026-02-18T00:00:00.000Z,147.1,Apr-24,Apr-24,K02000001,United Kingdom,CP02,02 Alcoholic beverages and tobacco
cpih01,67,2026-02-18T00:00:00.000Z,122.2,Apr-24,Apr-24,K02000001,United Kingdom,CP0712_0713,07.1.2/3 Motocycles and bicycles
cpih01,67,2026-02-18T00:00:00.000Z,121.1,Apr-24,Apr-24,K02000001,United Kingdom,CP043,04.3 Regular maintenance and repair of the dwelling
cpih01,67,2026-02-18T00:00:00.000Z,122.5,Apr-24,Apr-24,K02000001,United Kingdom,CP053,"05.3 Household appliances, fitting and repairs"
cpih01,67,2026-02-18T00:00:00.000Z,119.5,Apr-24,Apr-24,K02000001,United Kingdom,CP03,03 Clothing and footwear
cpih01,67,2026-02-18T00:00:00.000Z,124.6,Apr-24,Apr-24,K02000001,United Kingdom,CP042,04.2 Owner Occupiers Housing Costs
cpih01,67,2026-02-18T00:00:00.000Z,115.8,Apr-24,Apr-24,K02000001,United Kingdom,CP123,12.3 Personal effects (nec)
cpih01,67,2026-02-18T00:00:00.000Z,131.6,Apr-24,Apr-24,K02000001,United Kingdom,CP0562,05.6.2 Domestic services and household services
cpih01,67,2026-02-18T00:00:00.000Z,111.0,Apr-24,Apr-24,K02000001,United Kingdom,CP054,"05.4 Glassware, tableware and household utensils"
cpih01,67,2026-02-18T00:00:00.000Z,119.6,Apr-24,Apr-24,K02000001,United Kingdom,CP12,12 Miscellaneous goods and services
cpih01,67,2026-02-18T00:00:00.000Z,119.2,Apr-24,Apr-24,K02000001,United Kingdom,CP055,05.5 Tools and equipment for house and garden
cpih01,67,2026-02-18T00:00:00.000Z,141.6,Apr-24,Apr-24,K02000001,United Kingdom,CP0622,06.2.2 Dental services
cpih01,67,2026-02-18T00:00:00.000Z,139.7,Apr-24,Apr-24,K02000001,United Kingdom,CP0934_0935,"09.3.4/5 Pets, related products and services"
cpih01,67,2026-02-18T00:00:00.000Z,115.7,Apr-24,Apr-24,K02000001,United Kingdom,CP0211,02.1.1 Spirits
cpih01,67,2026-02-18T00:00:00.000Z,156.1,Apr-24,Apr-24,K02000001,United Kingdom,CP0724,07.2.4 Other services
cpih01,67,2026-02-18T00:00:00.000Z,149.1,Apr-24,Apr-24,K02000001,United Kingdom,CP0119,01.1.9 Food products (nec)
cpih01,67,2026-02-18T00:00:00.000Z,109.2,Apr-24,Apr-24,K02000001,United Kingdom,CP0432,04.3.2 Services for maintenance and repair of the dwelling
cpih01,67,2026-02-18T00:00:00.000Z,163.9,Apr-24,Apr-24,K02000001,United Kingdom,CP081,08.1 Postal services
cpih01,67,2026-02-18T00:00:00.000Z,121.3,Apr-24,Apr-24,K02000001,United Kingdom,CP0932,09.3.2 Equipment for sport and open-air recreation
cpih01,67,2026-02-18T00:00:00.000Z,148.8,Apr-24,Apr-24,K02000001,United Kingdom,CP096,09.6 Package holidays
cpih01,67,2026-02-18T00:00:00.000Z,142.1,Apr-24,Apr-24,K02000001,United Kingdom,CP111,11.1 Catering services
cpih01,67,2026-02-18T00:00:00.000Z,141.3,Apr-24,Apr-24,K02000001,United Kingdom,CP0452,04.5.2 Gas
cpih01,67,2026-02-18T00:00:00.000Z,150.8,Apr-24,Apr-24,K02000001,United Kingdom,CP0914,09.1.4 Recording media
cpih01,67,2026-02-18T00:00:00.000Z,198.3,Apr-24,Apr-24,K02000001,United Kingdom,CP1254,12.5.4 Transport insurance
cpih01,67,2026-02-18T00:00:00.000Z,128.1,Apr-24,Apr-24,K02000001,United Kingdom,CP092,09.2 Other major durables for recreation and culture
cpih01,67,2026-02-18T00:00:00.000Z,111.7,Apr-24,Apr-24,K02000001,United Kingdom,CP0711N2,07.1.1.2 Second-hand motor cars
cpih01,67,2026-02-18T00:00:00.000Z,125.6,Apr-24,Apr-24,K02000001,United Kingdom,CP05,"05 Furniture, household equipment and maintenance"
cpih01,67,2026-02-18T00:00:00.000Z,150.0,Apr-24,Apr-24,K02000001,United Kingdom,CP095,"09.5 Books, newspapers and stationery"
cpih01,67,2026-02-18T00:00:00.000Z,122.4,Apr-24,Apr-24,K02000001,United Kingdom,CP0312,03.1.2 Garments
cpih01,67,2026-02-18T00:00:00.000Z,122.5,Apr-24,Apr-24,K02000001,United Kingdom,CP121,12.1 Personal care
cpih01,67,2026-02-18T00:00:00.000Z,135.9,Apr-24,Apr-24,K02000001,United Kingdom,CP01,01 Food and non-alcoholic beverages
cpih01,67,2026-02-18T00:00:00.000Z,130.2,Apr-24,Apr-24,K02000001,United Kingdom,CP0443,04.4.3 Sewerage collection
cpih01,67,2026-02-18T00:00:00.000Z,138.4,Apr-24,Apr-24,K02000001,United Kingdom,CP1252,12.5.2 House contents insurance
cpih01,67,2026-02-18T00:00:00.000Z,125.8,Apr-24,Apr-24,K02000001,United Kingdom,CP061,"06.1 Medical products, appliances and equipment"
cpih01,67,2026-02-18T00:00:00.000Z,116.6,Apr-24,Apr-24,K02000001,United Kingdom,CP0313,03.1.3 Other clothing and clothing accessories
cpih01,67,2026-02-18T00:00:00.000Z,155.0,Mar-24,Mar-24,K02000001,United Kingdom,CP0454,04.5.4 Solid fuels
cpih01,67,2026-02-18T00:00:00.000Z,112.2,Mar-24,Mar-24,K02000001,United Kingdom,CP0931,"09.3.1 Games, toys and hobbies"
cpih01,67,2026-02-18T00:00:00.000Z,102.5,Mar-24,Mar-24,K02000001,United Kingdom,CP127,12.7 Other services (nec)
cpih01,67,2026-02-18T00:00:00.000Z,117.2,Mar-24,Mar-24,K02000001,United Kingdom,CP0561,05.6.1 Non-durable household goods
cpih01,67,2026-02-18T00:00:00.000Z,111.1,Mar-24,Mar-24,K02000001,United Kingdom,CP0711N2,07.1.1.2 Second-hand motor cars
cpih01,67,2026-02-18T00:00:00.000Z,125.9,Mar-24,Mar-24,K02000001,United Kingdom,CP0933,"09.3.3 Gardens, plants and flowers"
cpih01,67,2026-02-18T00:00:00.000Z,156.2,Mar-24,Mar-24,K02000001,United Kingdom,CP0732_0736,07.3.2/6 Passenger transport by road and other services
cpih01,67,2026-02-18T00:00:00.000Z,134.7,Mar-24,Mar-24,K02000001,United Kingdom,CP0711N1,07.1.1.1 New motor cars
cpih01,67,2026-02-18T00:00:00.000Z,85.8,Mar-24,Mar-24,K02000001,United Kingdom,CP0911,09.1.1 Reception and reproduction of sound and pictures
cpih01,67,2026-02-18T00:00:00.000Z,88.8,Mar-24,Mar-24,K02000001,United Kingdom,CP126,12.6 Financial services (nec)
cpih01,67,2026-02-18T00:00:00.000Z,140.4,Mar-24,Mar-24,K02000001,United Kingdom,CP0723,07.2.3 Maintenance and repairs
cpih01,67,2026-02-18T00:00:00.000Z,125.7,Mar-24,Mar-24,K02000001,United Kingdom,CP061,"06.1 Medical products, appliances and equipment"
cpih01,67,2026-02-18T00:00:00.000Z,135.2,Mar-24,Mar-24,K02000001,United Kingdom,CP10,10 Education
cpih01,67,2026-02-18T00:00:00.000Z,131.6,Mar-24,Mar-24,K02000001,United Kingdom,CP00,Overall Index
cpih01,67,2026-02-18T00:00:00.000Z,119.7,Mar-24,Mar-24,K02000001,United Kingdom,CP055,05.5 Tools and equipment for house and garden
cpih01,67,2026-02-18T00:00:00.000Z,148.3,Mar-24,Mar-24,K02000001,United Kingdom,CP095,"09.5 Books, newspapers and stationery"
cpih01,67,2026-02-18T00:00:00.000Z,114.6,Mar-24,Mar-24,K02000001,United Kingdom,CP0612_0613,06.1.2/3 Other medical and therapeutic equipment
cpih01,67,2026-02-18T00:00:00.000Z,137.1,Mar-24,Mar-24,K02000001,United Kingdom,CP012,01.2 Non-alcoholic beverages
cpih01,67,2026-02-18T00:00:00.000Z,119.0,Mar-24,Mar-24,K02000001,United Kingdom,CP03,03 Clothing and footwear
cpih01,67,2026-02-18T00:00:00.000Z,131.4,Mar-24,Mar-24,K02000001,United Kingdom,CP094,09.4 Recreational and cultural services
cpih01,67,2026-02-18T00:00:00.000Z,119.6,Mar-24,Mar-24,K02000001,United Kingdom,CP021,02.1 Alcoholic beverages
cpih01,67,2026-02-18T00:00:00.000Z,121.2,Mar-24,Mar-24,K02000001,United Kingdom,CP0533,05.3.3 Repair of household appliances
cpih01,67,2026-02-18T00:00:00.000Z,176.9,Mar-24,Mar-24,K02000001,United Kingdom,CP0952,09.5.2 Newspapers and periodicals
cpih01,67,2026-02-18T00:00:00.000Z,130.3,Mar-24,Mar-24,K02000001,United Kingdom,CP0121,"01.2.1 Coffee, tea and cocoa"
cpih01,67,2026-02-18T00:00:00.000Z,130.9,Mar-24,Mar-24,K02000001,United Kingdom,CP0562,05.6.2 Domestic services and household services
cpih01,67,2026-02-18T00:00:00.000Z,122.4,Mar-24,Mar-24,K02000001,United Kingdom,CP041,04.1 Actual rentals for housing
cpih01,67,2026-02-18T00:00:00.000Z,209.6,Mar-24,Mar-24,K02000001,United Kingdom,CP0451,04.5.1 Electricity
cpih01,67,2026-02-18T00:00:00.000Z,124.4,Mar-24,Mar-24,K02000001,United Kingdom,CP093,"09.3 Other recreational items, gardens and pets"
cpih01,67,2026-02-18T00:00:00.000Z,120.6,Mar-24,Mar-24,K02000001,United Kingdom,CP044,04.4 Water supply and miscellaneous services relating to the dwelling
cpih01,67,2026-02-18T00:00:00.000Z,146.5,Mar-24,Mar-24,K02000001,United Kingdom,CP081,08.1 Postal services
cpih01,67,2026-02-18T00:00:00.000Z,121.9,Mar-24,Mar-24,K02000001,United Kingdom,CP031,03.1 Clothing
cpih01,67,2026-02-18T00:00:00.000Z,81.8,Mar-24,Mar-24,K02000001,United Kingdom,CP0913,09.1.3 Data processing equipment
cpih01,67,2026-02-18T00:00:00.000Z,140.2,Mar-24,Mar-24,K02000001,United Kingdom,CP0512,05.1.2 Carpets and other floor coverings
cpih01,67,2026-02-18T00:00:00.000Z,109.1,Mar-24,Mar-24,K02000001,United Kingdom,CP0432,04.3.2 Services for maintenance and repair of the dwelling
cpih01,67,2026-02-18T00:00:00.000Z,138.6,Mar-24,Mar-24,K02000001,United Kingdom,CP0733,07.3.3 Passenger transport by air
cpih01,67,2026-02-18T00:00:00.000Z,139.7,Mar-24,Mar-24,K02000001,United Kingdom,CP0122,"01.2.2 Mineral waters, soft drinks and juices"
cpih01,67,2026-02-18T00:00:00.000Z,138.9,Mar-24,Mar-24,K02000001,United Kingdom,CP051,"05.1 Furniture, furnishings and carpets"
cpih01,67,2026-02-18T00:00:00.000Z,139.4,Mar-24,Mar-24,K02000001,United Kingdom,CP0622,06.2.2 Dental services
cpih01,67,2026-02-18T00:00:00.000Z,127.7,Mar-24,Mar-24,K02000001,United Kingdom,CP092,09.2 Other major durables for recreation and culture
cpih01,67,2026-02-18T00:00:00.000Z,136.6,Mar-24,Mar-24,K02000001,United Kingdom,CP1252,12.5.2 House contents insurance
cpih01,67,2026-02-18T00:00:00.000Z,132.6,Mar-24,Mar-24,K02000001,United Kingdom,CP0113,01.1.3 Fish
cpih01,67,2026-02-18T00:00:00.000Z,126.6,Mar-24,Mar-24,K02000001,United Kingdom,CP05,"05 Furniture, household equipment and maintenance"
cpih01,67,2026-02-18T00:00:00.000Z,133.6,Mar-24,Mar-24,K02000001,United Kingdom,CP0941,09.4.1 Recreational and sporting services
cpih01,67,2026-02-18T00:00:00.000Z,176.1,Mar-24,Mar-24,K02000001,United Kingdom,CP0453,04.5.3 Liquid fuels
cpih01,67,2026-02-18T00:00:00.000Z,117.0,Mar-24,Mar-24,K02000001,United Kingdom,CP0313,03.1.3 Other clothing and clothing accessories
cpih01,67,2026-02-18T00:00:00.000Z,140.9,Mar-24,Mar-24,K02000001,United Kingdom,CP111,11.1 Catering services
cpih01,67,2026-02-18T00:00:00.000Z,151.1,Mar-24,Mar-24,K02000001,United Kingdom,CP0734,07.3.4 Passenger transport by sea and inland waterway
cpih01,67,2026-02-18T00:00:00.000Z,117.3,Mar-24,Mar-24,K02000001,United Kingdom,CP1212_1213,12.1.2/3 Appliances and products for personal care
cpih01,67,2026-02-18T00:00:00.000Z,104.6,Mar-24,Mar-24,K02000001,United Kingdom,CP1232,12.3.2 Other personal effects
cpih01,67,2026-02-18T00:00:00.000Z,152.8,Mar-24,Mar-24,K02000001,United Kingdom,CP063,06.3 Hospital services
cpih01,67,2026-02-18T00:00:00.000Z,84.0,Mar-24,Mar-24,K02000001,United Kingdom,CP0912,"09.1.2 Photographic, cinematographic and optical equipment"
cpih01,67,2026-02-18T00:00:00.000Z,138.6,Mar-24,Mar-24,K02000001,United Kingdom,CP0511,05.1.1 Furniture and furnishings
cpih01,67,2026-02-18T00:00:00.000Z,132.4,Mar-24,Mar-24,K02000001,United Kingdom,CP0611,06.1.1 Pharmaceutical products
cpih01,67,2026-02-18T00:00:00.000Z,174.7,Mar-24,Mar-24,K02000001,United Kingdom,CP022,02.2 Tobacco
cpih01,67,2026-02-18T00:00:00.000Z,129.5,Mar-24,Mar-24,K02000001,United Kingdom,CP062,06.2 Out-patient services
cpih01,67,2026-02-18T00:00:00.000Z,121.9,Mar-24,Mar-24,K02000001,United Kingdom,CP0312,03.1.2 Garments
cpih01,67,2026-02-18T00:00:00.000Z,121.6,Mar-24,Mar-24,K02000001,United Kingdom,CP0712_0713,07.1.2/3 Motocycles and bicycles
cpih01,67,2026-02-18T00:00:00.000Z,160.7,Mar-24,Mar-24,K02000001,United Kingdom,CP1253,12.5.3 Health insurance
cpih01,67,2026-02-18T00:00:00.000Z,118.7,Mar-24,Mar-24,K02000001,United Kingdom,CP12,12 Miscellaneous goods and services
cpih01,67,2026-02-18T00:00:00.000Z,129.1,Mar-24,Mar-24,K02000001,United Kingdom,CP08,08 Communication
cpih01,67,2026-02-18T00:00:00.000Z,137.1,Mar-24,Mar-24,K02000001,United Kingdom,CP124,12.4 Social protection
cpih01,67,2026-02-18T00:00:00.000Z,130.6,Mar-24,Mar-24,K02000001,United Kingdom,CP0942,09.4.2 Cultural services
cpih01,67,2026-02-18T00:00:00.000Z,121.9,Mar-24,Mar-24,K02000001,United Kingdom,CP1231,"12.3.1 Jewellery, clocks and watches"
cpih01,67,2026-02-18T00:00:00.000Z,121.2,Mar-24,Mar-24,K02000001,United Kingdom,CP043,04.3 Regular maintenance and repair of the dwelling
cpih01,67,2026-02-18T00:00:00.000Z,148.9,Mar-24,Mar-24,K02000001,United Kingdom,CP0951,09.5.1 Books
cpih01,67,2026-02-18T00:00:00.000Z,131.1,Mar-24,Mar-24,K02000001,United Kingdom,CP04,"04 Housing, water, electricity, gas and other fuels"
cpih01,67,2026-02-18T00:00:00.000Z,138.1,Mar-24,Mar-24,K02000001,United Kingdom,CP049,04.9 Council Tax and rates
cpih01,67,2026-02-18T00:00:00.000Z,191.8,Mar-24,Mar-24,K02000001,United Kingdom,CP045,"04.5 Electricity, gas and other fuels"
cpih01,67,2026-02-18T00:00:00.000Z,126.2,Mar-24,Mar-24,K02000001,United Kingdom,CP0112,01.1.2 Meat
cpih01,67,2026-02-18T00:00:00.000Z,132.7,Mar-24,Mar-24,K02000001,United Kingdom,CP07,07 Transport
cpih01,67,2026-02-18T00:00:00.000Z,152.3,Mar-24,Mar-24,K02000001,United Kingdom,CP112,11.2 Accommodation services
cpih01,67,2026-02-18T00:00:00.000Z,133.2,Mar-24,Mar-24,K02000001,United Kingdom,CP0118,"01.1.8 Sugar, jam, syrups, chocolate and confectionery"
cpih01,67,2026-02-18T00:00:00.000Z,133.8,Mar-24,Mar-24,K02000001,United Kingdom,CP0431,04.3.1 Materials for maintenance and repair of the dwelling
cpih01,67,2026-02-18T00:00:00.000Z,136.5,Mar-24,Mar-24,K02000001,United Kingdom,CP0111,01.1.1 Bread and cereals
cpih01,67,2026-02-18T00:00:00.000Z,123.9,Mar-24,Mar-24,K02000001,United Kingdom,CP042,04.2 Owner Occupiers Housing Costs
cpih01,67,2026-02-18T00:00:00.000Z,131.4,Mar-24,Mar-24,K02000001,United Kingdom,CP0721,07.2.1 Spare parts and accessories
cpih01,67,2026-02-18T00:00:00.000Z,140.6,Mar-24,Mar-24,K02000001,United Kingdom,CP0934_0935,"09.3.4/5 Pets, related products and services"
cpih01,67,2026-02-18T00:00:00.000Z,136.3,Mar-24,Mar-24,K02000001,United Kingdom,CP072,07.2 Operation of personal transport equipment
cpih01,67,2026-02-18T00:00:00.000Z,167.7,Mar-24,Mar-24,K02000001,United Kingdom,CP0452,04.5.2 Gas
cpih01,67,2026-02-18T00:00:00.000Z,122.4,Mar-24,Mar-24,K02000001,United Kingdom,CP0441,04.4.1 Water supply
cpih01,67,2026-02-18T00:00:00.000Z,175.8,Mar-24,Mar-24,K02000001,United Kingdom,CP125,12.5 Insurance
cpih01,67,2026-02-18T00:00:00.000Z,129.1,Mar-24,Mar-24,K02000001,United Kingdom,CP0213,02.1.3 Beer
cpih01,67,2026-02-18T00:00:00.000Z,100.4,Mar-24,Mar-24,K02000001,United Kingdom,CP091,09.1 Audio-visual equipment and related products
cpih01,67,2026-02-18T00:00:00.000Z,135.5,Mar-24,Mar-24,K02000001,United Kingdom,CP01,01 Food and non-alcoholic beverages
cpih01,67,2026-02-18T00:00:00.000Z,144.6,Mar-24,Mar-24,K02000001,United Kingdom,CP073,07.3 Transport services
cpih01,67,2026-02-18T00:00:00.000Z,122.9,Mar-24,Mar-24,K02000001,United Kingdom,CP0621_0623,06.2.1/3 Medical services and paramedical services
cpih01,67,2026-02-18T00:00:00.000Z,116.5,Mar-24,Mar-24,K02000001,United Kingdom,CP0212,02.1.2 Wine
cpih01,67,2026-02-18T00:00:00.000Z,123.3,Mar-24,Mar-24,K02000001,United Kingdom,CP0932,09.3.2 Equipment for sport and open-air recreation
cpih01,67,2026-02-18T00:00:00.000Z,142.1,Mar-24,Mar-24,K02000001,United Kingdom,CP1111,11.1.1 Restaurants and cafes
cpih01,67,2026-02-18T00:00:00.000Z,129.1,Mar-24,Mar-24,K02000001,United Kingdom,CP09,09 Recreation and culture
cpih01,67,2026-02-18T00:00:00.000Z,130.0,Mar-24,Mar-24,K02000001,United Kingdom,CP056,05.6 Goods and services for routine maintenance
cpih01,67,2026-02-18T00:00:00.000Z,120.1,Mar-24,Mar-24,K02000001,United Kingdom,CP0915,09.1.5 Repair of audio-visual equipment and related products
cpih01,67,2026-02-18T00:00:00.000Z,200.0,Mar-24,Mar-24,K02000001,United Kingdom,CP1254,12.5.4 Transport insurance
cpih01,67,2026-02-18T00:00:00.000Z,119.3,Mar-24,Mar-24,K02000001,United Kingdom,CP0443,04.4.3 Sewerage collection
cpih01,67,2026-02-18T00:00:00.000Z,104.5,Mar-24,Mar-24,K02000001,United Kingdom,CP032,03.2 Footwear including repairs
cpih01,67,2026-02-18T00:00:00.000Z,149.6,Mar-24,Mar-24,K02000001,United Kingdom,CP0724,07.2.4 Other services
cpih01,67,2026-02-18T00:00:00.000Z,177.0,Mar-24,Mar-24,K02000001,United Kingdom,CP0115,01.1.5 Oils and fats
cpih01,67,2026-02-18T00:00:00.000Z,140.3,Mar-24,Mar-24,K02000001,United Kingdom,CP0114,"01.1.4 Milk, cheese and eggs"
cpih01,67,2026-02-18T00:00:00.000Z,132.3,Mar-24,Mar-24,K02000001,United Kingdom,CP06,06 Health
cpih01,67,2026-02-18T00:00:00.000Z,116.0,Mar-24,Mar-24,K02000001,United Kingdom,CP0211,02.1.1 Spirits
cpih01,67,2026-02-18T00:00:00.000Z,132.2,Mar-24,Mar-24,K02000001,United Kingdom,CP0722,07.2.2 Fuels and lubricants
cpih01,67,2026-02-18T00:00:00.000Z,147.5,Mar-24,Mar-24,K02000001,United Kingdom,CP0914,09.1.4 Recording media
cpih01,67,2026-02-18T00:00:00.000Z,113.9,Mar-24,Mar-24,K02000001,United Kingdom,CP052,05.2 Household textiles
cpih01,67,2026-02-18T00:00:00.000Z,148.2,Mar-24,Mar-24,K02000001,United Kingdom,CP096,09.6 Package holidays
cpih01,67,2026-02-18T00:00:00.000Z,135.2,Mar-24,Mar-24,K02000001,United Kingdom,CP011,01.1 Food
cpih01,67,2026-02-18T00:00:00.000Z,128.2,Mar-24,Mar-24,K02000001,United Kingdom,CP082_083,08.2/3 Telephone and telefax equipment
cpih01,67,2026-02-18T00:00:00.000Z,121.7,Mar-24,Mar-24,K02000001,United Kingdom,CP071,07.1 Purchase of vehicles
cpih01,67,2026-02-18T00:00:00.000Z,134.5,Mar-24,Mar-24,K02000001,United Kingdom,CP0117,01.1.7 Vegetables including potatoes and tubers
cpih01,67,2026-02-18T00:00:00.000Z,121.9,Mar-24,Mar-24,K02000001,United Kingdom,CP121,12.1 Personal care
cpih01,67,2026-02-18T00:00:00.000Z,149.0,Mar-24,Mar-24,K02000001,United Kingdom,CP0119,01.1.9 Food products (nec)
cpih01,67,2026-02-18T00:00:00.000Z,142.6,Mar-24,Mar-24,K02000001,United Kingdom,CP0314,"03.1.4 Cleaning, repair and hire of clothing"
cpih01,67,2026-02-18T00:00:00.000Z,136.0,Mar-24,Mar-24,K02000001,United Kingdom,CP1211,12.1.1 Hairdressing and personal grooming establishments
cpih01,67,2026-02-18T00:00:00.000Z,108.2,Mar-24,Mar-24,K02000001,United Kingdom,CP1112,11.1.2 Canteens
cpih01,67,2026-02-18T00:00:00.000Z,130.0,Mar-24,Mar-24,K02000001,United Kingdom,CP0953_0954,"09.5.3/4 Miscellaneous printed matter, stationery and drawing materials"
cpih01,67,2026-02-18T00:00:00.000Z,111.1,Mar-24,Mar-24,K02000001,United Kingdom,CP054,"05.4 Glassware, tableware and household utensils"
cpih01,67,2026-02-18T00:00:00.000Z,121.1,Mar-24,Mar-24,K02000001,United Kingdom,CP0531_0532,05.3.1/2 Major appliances and small electric goods
cpih01,67,2026-02-18T00:00:00.000Z,133.2,Mar-24,Mar-24,K02000001,United Kingdom,CP0731,07.3.1 Passenger transport by railway
cpih01,67,2026-02-18T00:00:00.000Z,120.5,Mar-24,Mar-24,K02000001,United Kingdom,CP053,"05.3 Household appliances, fitting and repairs"
cpih01,67,2026-02-18T00:00:00.000Z,116.2,Mar-24,Mar-24,K02000001,United Kingdom,CP123,12.3 Personal effects (nec)
cpih01,67,2026-02-18T00:00:00.000Z,143.0,Mar-24,Mar-24,K02000001,United Kingdom,CP11,11 Restaurants and hotels
cpih01,67,2026-02-18T00:00:00.000Z,147.0,Mar-24,Mar-24,K02000001,United Kingdom,CP02,02 Alcoholic beverages and tobacco
cpih01,67,2026-02-18T00:00:00.000Z,132.6,Mar-24,Mar-24,K02000001,United Kingdom,CP0116,01.1.6 Fruit
cpih01,67,2026-02-18T00:00:00.000Z,135.3,Feb-24,Feb-24,K02000001,United Kingdom,CP1211,12.1.1 Hairdressing and personal grooming establishments
cpih01,67,2026-02-18T00:00:00.000Z,138.3,Feb-24,Feb-24,K02000001,United Kingdom,CP0122,"01.2.2 Mineral waters, soft drinks and juices"
cpih01,67,2026-02-18T00:00:00.000Z,128.4,Feb-24,Feb-24,K02000001,United Kingdom,CP0213,02.1.3 Beer
cpih01,67,2026-02-18T00:00:00.000Z,172.1,Feb-24,Feb-24,K02000001,United Kingdom,CP022,02.2 Tobacco
cpih01,67,2026-02-18T00:00:00.000Z,136.4,Feb-24,Feb-24,K02000001,United Kingdom,CP0511,05.1.1 Furniture and furnishings
cpih01,67,2026-02-18T00:00:00.000Z,131.8,Feb-24,Feb-24,K02000001,United Kingdom,CP0721,07.2.1 Spare parts and accessories
cpih01,67,2026-02-18T00:00:00.000Z,130.5,Feb-24,Feb-24,K02000001,United Kingdom,CP04,"04 Housing, water, electricity, gas and other fuels"
cpih01,67,2026-02-18T00:00:00.000Z,114.2,Feb-24,Feb-24,K02000001,United Kingdom,CP0612_0613,06.1.2/3 Other medical and therapeutic equipment
cpih01,67,2026-02-18T00:00:00.000Z,126.8,Feb-24,Feb-24,K02000001,United Kingdom,CP0112,01.1.2 Meat
cpih01,67,2026-02-18T00:00:00.000Z,123.1,Feb-24,Feb-24,K02000001,United Kingdom,CP093,"09.3 Other recreational items, gardens and pets"
cpih01,67,2026-02-18T00:00:00.000Z,138.1,Feb-24,Feb-24,K02000001,United Kingdom,CP049,04.9 Council Tax and rates
cpih01,67,2026-02-18T00:00:00.000Z,119.2,Feb-24,Feb-24,K02000001,United Kingdom,CP055,05.5 Tools and equipment for house and garden
cpih01,67,2026-02-18T00:00:00.000Z,120.6,Feb-24,Feb-24,K02000001,United Kingdom,CP044,04.4 Water supply and miscellaneous services relating to the dwelling
cpih01,67,2026-02-18T00:00:00.000Z,147.7,Feb-24,Feb-24,K02000001,United Kingdom,CP096,09.6 Package holidays
cpih01,67,2026-02-18T00:00:00.000Z,160.7,Feb-24,Feb-24,K02000001,United Kingdom,CP1253,12.5.3 Health insurance
cpih01,67,2026-02-18T00:00:00.000Z,84.9,Feb-24,Feb-24,K02000001,United Kingdom,CP0912,"09.1.2 Photographic, cinematographic and optical equipment"
cpih01,67,2026-02-18T00:00:00.000Z,121.6,Feb-24,Feb-24,K02000001,United Kingdom,CP121,12.1 Personal care
cpih01,67,2026-02-18T00:00:00.000Z,126.2,Feb-24,Feb-24,K02000001,United Kingdom,CP05,"05 Furniture, household equipment and maintenance"
cpih01,67,2026-02-18T00:00:00.000Z,129.1,Feb-24,Feb-24,K02000001,United Kingdom,CP062,06.2 Out-patient services
cpih01,67,2026-02-18T00:00:00.000Z,187.5,Feb-24,Feb-24,K02000001,United Kingdom,CP0453,04.5.3 Liquid fuels
cpih01,67,2026-02-18T00:00:00.000Z,149.6,Feb-24,Feb-24,K02000001,United Kingdom,CP0724,07.2.4 Other services
cpih01,67,2026-02-18T00:00:00.000Z,121.2,Feb-24,Feb-24,K02000001,United Kingdom,CP0533,05.3.3 Repair of household appliances
cpih01,67,2026-02-18T00:00:00.000Z,125.9,Feb-24,Feb-24,K02000001,United Kingdom,CP082_083,08.2/3 Telephone and telefax equipment
cpih01,67,2026-02-18T00:00:00.000Z,131.1,Feb-24,Feb-24,K02000001,United Kingdom,CP0611,06.1.1 Pharmaceutical products
cpih01,67,2026-02-18T00:00:00.000Z,136.2,Feb-24,Feb-24,K02000001,United Kingdom,CP0111,01.1.1 Bread and cereals
cpih01,67,2026-02-18T00:00:00.000Z,117.2,Feb-24,Feb-24,K02000001,United Kingdom,CP1212_1213,12.1.2/3 Appliances and products for personal care
cpih01,67,2026-02-18T00:00:00.000Z,121.9,Feb-24,Feb-24,K02000001,United Kingdom,CP041,04.1 Actual rentals for housing
cpih01,67,2026-02-18T00:00:00.000Z,118.3,Feb-24,Feb-24,K02000001,United Kingdom,CP03,03 Clothing and footwear
cpih01,67,2026-02-18T00:00:00.000Z,121.3,Feb-24,Feb-24,K02000001,United Kingdom,CP031,03.1 Clothing
cpih01,67,2026-02-18T00:00:00.000Z,119.2,Feb-24,Feb-24,K02000001,United Kingdom,CP021,02.1 Alcoholic beverages
cpih01,67,2026-02-18T00:00:00.000Z,141.2,Feb-24,Feb-24,K02000001,United Kingdom,CP0114,"01.1.4 Milk, cheese and eggs"
cpih01,67,2026-02-18T00:00:00.000Z,156.6,Feb-24,Feb-24,K02000001,United Kingdom,CP0734,07.3.4 Passenger transport by sea and inland waterway
cpih01,67,2026-02-18T00:00:00.000Z,130.8,Feb-24,Feb-24,K02000001,United Kingdom,CP094,09.4 Recreational and cultural services
cpih01,67,2026-02-18T00:00:00.000Z,175.8,Feb-24,Feb-24,K02000001,United Kingdom,CP125,12.5 Insurance
cpih01,67,2026-02-18T00:00:00.000Z,145.8,Feb-24,Feb-24,K02000001,United Kingdom,CP02,02 Alcoholic beverages and tobacco
cpih01,67,2026-02-18T00:00:00.000Z,136.6,Feb-24,Feb-24,K02000001,United Kingdom,CP124,12.4 Social protection
cpih01,67,2026-02-18T00:00:00.000Z,146.5,Feb-24,Feb-24,K02000001,United Kingdom,CP081,08.1 Postal services
cpih01,67,2026-02-18T00:00:00.000Z,117.8,Feb-24,Feb-24,K02000001,United Kingdom,CP0561,05.6.1 Non-durable household goods
cpih01,67,2026-02-18T00:00:00.000Z,145.9,Feb-24,Feb-24,K02000001,United Kingdom,CP095,"09.5 Books, newspapers and stationery"
cpih01,67,2026-02-18T00:00:00.000Z,127.0,Feb-24,Feb-24,K02000001,United Kingdom,CP08,08 Communication
cpih01,67,2026-02-18T00:00:00.000Z,107.9,Feb-24,Feb-24,K02000001,United Kingdom,CP1112,11.1.2 Canteens
cpih01,67,2026-02-18T00:00:00.000Z,121.0,Feb-24,Feb-24,K02000001,United Kingdom,CP0932,09.3.2 Equipment for sport and open-air recreation
cpih01,67,2026-02-18T00:00:00.000Z,88.7,Feb-24,Feb-24,K02000001,United Kingdom,CP126,12.6 Financial services (nec)
cpih01,67,2026-02-18T00:00:00.000Z,114.8,Feb-24,Feb-24,K02000001,United Kingdom,CP0211,02.1.1 Spirits
cpih01,67,2026-02-18T00:00:00.000Z,119.8,Feb-24,Feb-24,K02000001,United Kingdom,CP0915,09.1.5 Repair of audio-visual equipment and related products
cpih01,67,2026-02-18T00:00:00.000Z,122.5,Feb-24,Feb-24,K02000001,United Kingdom,CP0712_0713,07.1.2/3 Motocycles and bicycles
cpih01,67,2026-02-18T00:00:00.000Z,122.4,Feb-24,Feb-24,K02000001,United Kingdom,CP0441,04.4.1 Water supply
cpih01,67,2026-02-18T00:00:00.000Z,140.2,Feb-24,Feb-24,K02000001,United Kingdom,CP0934_0935,"09.3.4/5 Pets, related products and services"
cpih01,67,2026-02-18T00:00:00.000Z,132.1,Feb-24,Feb-24,K02000001,United Kingdom,CP0116,01.1.6 Fruit
cpih01,67,2026-02-18T00:00:00.000Z,131.9,Feb-24,Feb-24,K02000001,United Kingdom,CP07,07 Transport
cpih01,67,2026-02-18T00:00:00.000Z,150.2,Feb-24,Feb-24,K02000001,United Kingdom,CP0119,01.1.9 Food products (nec)
cpih01,67,2026-02-18T00:00:00.000Z,131.7,Feb-24,Feb-24,K02000001,United Kingdom,CP06,06 Health
cpih01,67,2026-02-18T00:00:00.000Z,141.7,Feb-24,Feb-24,K02000001,United Kingdom,CP1111,11.1.1 Restaurants and cafes
cpih01,67,2026-02-18T00:00:00.000Z,118.4,Feb-24,Feb-24,K02000001,United Kingdom,CP12,12 Miscellaneous goods and services
cpih01,67,2026-02-18T00:00:00.000Z,130.8,Feb-24,Feb-24,K02000001,United Kingdom,CP00,Overall Index
cpih01,67,2026-02-18T00:00:00.000Z,104.7,Feb-24,Feb-24,K02000001,United Kingdom,CP1232,12.3.2 Other personal effects
cpih01,67,2026-02-18T00:00:00.000Z,134.8,Feb-24,Feb-24,K02000001,United Kingdom,CP0711N1,07.1.1.1 New motor cars
cpih01,67,2026-02-18T00:00:00.000Z,126.2,Feb-24,Feb-24,K02000001,United Kingdom,CP0933,"09.3.3 Gardens, plants and flowers"
cpih01,67,2026-02-18T00:00:00.000Z,167.7,Feb-24,Feb-24,K02000001,United Kingdom,CP0452,04.5.2 Gas
cpih01,67,2026-02-18T00:00:00.000Z,122.5,Feb-24,Feb-24,K02000001,United Kingdom,CP053,"05.3 Household appliances, fitting and repairs"
cpih01,67,2026-02-18T00:00:00.000Z,156.0,Feb-24,Feb-24,K02000001,United Kingdom,CP0732_0736,07.3.2/6 Passenger transport by road and other services
cpih01,67,2026-02-18T00:00:00.000Z,133.8,Feb-24,Feb-24,K02000001,United Kingdom,CP0113,01.1.3 Fish
cpih01,67,2026-02-18T00:00:00.000Z,121.0,Feb-24,Feb-24,K02000001,United Kingdom,CP043,04.3 Regular maintenance and repair of the dwelling
cpih01,67,2026-02-18T00:00:00.000Z,139.3,Feb-24,Feb-24,K02000001,United Kingdom,CP0723,07.2.3 Maintenance and repairs
cpih01,67,2026-02-18T00:00:00.000Z,122.7,Feb-24,Feb-24,K02000001,United Kingdom,CP0621_0623,06.2.1/3 Medical services and paramedical services
cpih01,67,2026-02-18T00:00:00.000Z,129.7,Feb-24,Feb-24,K02000001,United Kingdom,CP0953_0954,"09.5.3/4 Miscellaneous printed matter, stationery and drawing materials"
cpih01,67,2026-02-18T00:00:00.000Z,141.9,Feb-24,Feb-24,K02000001,United Kingdom,CP0951,09.5.1 Books
cpih01,67,2026-02-18T00:00:00.000Z,129.8,Feb-24,Feb-24,K02000001,United Kingdom,CP0722,07.2.2 Fuels and lubricants
cpih01,67,2026-02-18T00:00:00.000Z,110.4,Feb-24,Feb-24,K02000001,United Kingdom,CP054,"05.4 Glassware, tableware and household utensils"
cpih01,67,2026-02-18T00:00:00.000Z,130.4,Feb-24,Feb-24,K02000001,United Kingdom,CP056,05.6 Goods and services for routine maintenance
cpih01,67,2026-02-18T00:00:00.000Z,209.6,Feb-24,Feb-24,K02000001,United Kingdom,CP0451,04.5.1 Electricity
cpih01,67,2026-02-18T00:00:00.000Z,135.2,Feb-24,Feb-24,K02000001,United Kingdom,CP01,01 Food and non-alcoholic beverages
cpih01,67,2026-02-18T00:00:00.000Z,109.0,Feb-24,Feb-24,K02000001,United Kingdom,CP0432,04.3.2 Services for maintenance and repair of the dwelling
cpih01,67,2026-02-18T00:00:00.000Z,130.3,Feb-24,Feb-24,K02000001,United Kingdom,CP0121,"01.2.1 Coffee, tea and cocoa"
cpih01,67,2026-02-18T00:00:00.000Z,123.1,Feb-24,Feb-24,K02000001,United Kingdom,CP0531_0532,05.3.1/2 Major appliances and small electric goods
cpih01,67,2026-02-18T00:00:00.000Z,130.5,Feb-24,Feb-24,K02000001,United Kingdom,CP0731,07.3.1 Passenger transport by railway
cpih01,67,2026-02-18T00:00:00.000Z,138.5,Feb-24,Feb-24,K02000001,United Kingdom,CP0733,07.3.3 Passenger transport by air
cpih01,67,2026-02-18T00:00:00.000Z,192.1,Feb-24,Feb-24,K02000001,United Kingdom,CP045,"04.5 Electricity, gas and other fuels"
cpih01,67,2026-02-18T00:00:00.000Z,119.3,Feb-24,Feb-24,K02000001,United Kingdom,CP0443,04.4.3 Sewerage collection
cpih01,67,2026-02-18T00:00:00.000Z,141.5,Feb-24,Feb-24,K02000001,United Kingdom,CP11,11 Restaurants and hotels
cpih01,67,2026-02-18T00:00:00.000Z,135.1,Feb-24,Feb-24,K02000001,United Kingdom,CP011,01.1 Food
cpih01,67,2026-02-18T00:00:00.000Z,103.7,Feb-24,Feb-24,K02000001,United Kingdom,CP032,03.2 Footwear including repairs
cpih01,67,2026-02-18T00:00:00.000Z,146.7,Feb-24,Feb-24,K02000001,United Kingdom,CP112,11.2 Accommodation services
cpih01,67,2026-02-18T00:00:00.000Z,121.3,Feb-24,Feb-24,K02000001,United Kingdom,CP0312,03.1.2 Garments
cpih01,67,2026-02-18T00:00:00.000Z,110.8,Feb-24,Feb-24,K02000001,United Kingdom,CP0711N2,07.1.1.2 Second-hand motor cars
cpih01,67,2026-02-18T00:00:00.000Z,127.7,Feb-24,Feb-24,K02000001,United Kingdom,CP092,09.2 Other major durables for recreation and culture
cpih01,67,2026-02-18T00:00:00.000Z,143.8,Feb-24,Feb-24,K02000001,United Kingdom,CP073,07.3 Transport services
cpih01,67,2026-02-18T00:00:00.000Z,154.5,Feb-24,Feb-24,K02000001,United Kingdom,CP0454,04.5.4 Solid fuels
cpih01,67,2026-02-18T00:00:00.000Z,152.7,Feb-24,Feb-24,K02000001,United Kingdom,CP063,06.3 Hospital services
cpih01,67,2026-02-18T00:00:00.000Z,115.9,Feb-24,Feb-24,K02000001,United Kingdom,CP0313,03.1.3 Other clothing and clothing accessories
cpih01,67,2026-02-18T00:00:00.000Z,97.5,Feb-24,Feb-24,K02000001,United Kingdom,CP091,09.1 Audio-visual equipment and related products
cpih01,67,2026-02-18T00:00:00.000Z,76.0,Feb-24,Feb-24,K02000001,United Kingdom,CP0913,09.1.3 Data processing equipment
cpih01,67,2026-02-18T00:00:00.000Z,138.6,Feb-24,Feb-24,K02000001,United Kingdom,CP0622,06.2.2 Dental services
cpih01,67,2026-02-18T00:00:00.000Z,124.7,Feb-24,Feb-24,K02000001,United Kingdom,CP061,"06.1 Medical products, appliances and equipment"
cpih01,67,2026-02-18T00:00:00.000Z,102.2,Feb-24,Feb-24,K02000001,United Kingdom,CP127,12.7 Other services (nec)
cpih01,67,2026-02-18T00:00:00.000Z,146.5,Feb-24,Feb-24,K02000001,United Kingdom,CP0914,09.1.4 Recording media
cpih01,67,2026-02-18T00:00:00.000Z,114.5,Feb-24,Feb-24,K02000001,United Kingdom,CP052,05.2 Household textiles
cpih01,67,2026-02-18T00:00:00.000Z,133.7,Feb-24,Feb-24,K02000001,United Kingdom,CP0117,01.1.7 Vegetables including potatoes and tubers
cpih01,67,2026-02-18T00:00:00.000Z,135.0,Feb-24,Feb-24,K02000001,United Kingdom,CP072,07.2 Operation of personal transport equipment
cpih01,67,2026-02-18T00:00:00.000Z,115.7,Feb-24,Feb-24,K02000001,United Kingdom,CP123,12.3 Personal effects (nec)
cpih01,67,2026-02-18T00:00:00.000Z,121.6,Feb-24,Feb-24,K02000001,United Kingdom,CP071,07.1 Purchase of vehicles
cpih01,67,2026-02-18T00:00:00.000Z,176.3,Feb-24,Feb-24,K02000001,United Kingdom,CP0115,01.1.5 Oils and fats
cpih01,67,2026-02-18T00:00:00.000Z,200.7,Feb-24,Feb-24,K02000001,United Kingdom,CP1254,12.5.4 Transport insurance
cpih01,67,2026-02-18T00:00:00.000Z,140.5,Feb-24,Feb-24,K02000001,United Kingdom,CP111,11.1 Catering services
cpih01,67,2026-02-18T00:00:00.000Z,116.8,Feb-24,Feb-24,K02000001,United Kingdom,CP0212,02.1.2 Wine
cpih01,67,2026-02-18T00:00:00.000Z,130.9,Feb-24,Feb-24,K02000001,United Kingdom,CP0118,"01.1.8 Sugar, jam, syrups, chocolate and confectionery"
cpih01,67,2026-02-18T00:00:00.000Z,134.9,Feb-24,Feb-24,K02000001,United Kingdom,CP1252,12.5.2 House contents insurance
cpih01,67,2026-02-18T00:00:00.000Z,136.1,Feb-24,Feb-24,K02000001,United Kingdom,CP012,01.2 Non-alcoholic beverages
cpih01,67,2026-02-18T00:00:00.000Z,123.2,Feb-24,Feb-24,K02000001,United Kingdom,CP042,04.2 Owner Occupiers Housing Costs
cpih01,67,2026-02-18T00:00:00.000Z,130.7,Feb-24,Feb-24,K02000001,United Kingdom,CP0562,05.6.2 Domestic services and household services
cpih01,67,2026-02-18T00:00:00.000Z,133.5,Feb-24,Feb-24,K02000001,United Kingdom,CP0431,04.3.1 Materials for maintenance and repair of the dwelling
cpih01,67,2026-02-18T00:00:00.000Z,121.2,Feb-24,Feb-24,K02000001,United Kingdom,CP1231,"12.3.1 Jewellery, clocks and watches"
cpih01,67,2026-02-18T00:00:00.000Z,127.9,Feb-24,Feb-24,K02000001,United Kingdom,CP09,09 Recreation and culture
cpih01,67,2026-02-18T00:00:00.000Z,142.1,Feb-24,Feb-24,K02000001,United Kingdom,CP0314,"03.1.4 Cleaning, repair and hire of clothing"
cpih01,67,2026-02-18T00:00:00.000Z,129.8,Feb-24,Feb-24,K02000001,United Kingdom,CP0942,09.4.2 Cultural services
cpih01,67,2026-02-18T00:00:00.000Z,137.0,Feb-24,Feb-24,K02000001,United Kingdom,CP051,"05.1 Furniture, furnishings and carpets"
cpih01,67,2026-02-18T00:00:00.000Z,109.7,Feb-24,Feb-24,K02000001,United Kingdom,CP0931,"09.3.1 Games, toys and hobbies"
cpih01,67,2026-02-18T00:00:00.000Z,139.4,Feb-24,Feb-24,K02000001,United Kingdom,CP0512,05.1.2 Carpets and other floor coverings
cpih01,67,2026-02-18T00:00:00.000Z,133.4,Feb-24,Feb-24,K02000001,United Kingdom,CP0941,09.4.1 Recreational and sporting services
cpih01,67,2026-02-18T00:00:00.000Z,176.9,Feb-24,Feb-24,K02000001,United Kingdom,CP0952,09.5.2 Newspapers and periodicals
cpih01,67,2026-02-18T00:00:00.000Z,135.2,Feb-24,Feb-24,K02000001,United Kingdom,CP10,10 Education
cpih01,67,2026-02-18T00:00:00.000Z,86.1,Feb-24,Feb-24,K02000001,United Kingdom,CP0911,09.1.1 Reception and reproduction of sound and pictures
cpih01,67,2026-02-18T00:00:00.000Z,132.5,Jan-24,Jan-24,K02000001,United Kingdom,CP0117,01.1.7 Vegetables including potatoes and tubers
cpih01,67,2026-02-18T00:00:00.000Z,119.2,Jan-24,Jan-24,K02000001,United Kingdom,CP1231,"12.3.1 Jewellery, clocks and watches"
cpih01,67,2026-02-18T00:00:00.000Z,138.8,Jan-24,Jan-24,K02000001,United Kingdom,CP0622,06.2.2 Dental services
cpih01,67,2026-02-18T00:00:00.000Z,132.7,Jan-24,Jan-24,K02000001,United Kingdom,CP0431,04.3.1 Materials for maintenance and repair of the dwelling
cpih01,67,2026-02-18T00:00:00.000Z,121.0,Jan-24,Jan-24,K02000001,United Kingdom,CP0533,05.3.3 Repair of household appliances
cpih01,67,2026-02-18T00:00:00.000Z,123.3,Jan-24,Jan-24,K02000001,United Kingdom,CP053,"05.3 Household appliances, fitting and repairs"
cpih01,67,2026-02-18T00:00:00.000Z,129.0,Jan-24,Jan-24,K02000001,United Kingdom,CP062,06.2 Out-patient services
cpih01,67,2026-02-18T00:00:00.000Z,119.3,Jan-24,Jan-24,K02000001,United Kingdom,CP0443,04.4.3 Sewerage collection
cpih01,67,2026-02-18T00:00:00.000Z,129.7,Jan-24,Jan-24,K02000001,United Kingdom,CP0953_0954,"09.5.3/4 Miscellaneous printed matter, stationery and drawing materials"
cpih01,67,2026-02-18T00:00:00.000Z,160.7,Jan-24,Jan-24,K02000001,United Kingdom,CP1253,12.5.3 Health insurance
cpih01,67,2026-02-18T00:00:00.000Z,114.1,Jan-24,Jan-24,K02000001,United Kingdom,CP123,12.3 Personal effects (nec)
cpih01,67,2026-02-18T00:00:00.000Z,141.3,Jan-24,Jan-24,K02000001,United Kingdom,CP0314,"03.1.4 Cleaning, repair and hire of clothing"
cpih01,67,2026-02-18T00:00:00.000Z,112.3,Jan-24,Jan-24,K02000001,United Kingdom,CP0931,"09.3.1 Games, toys and hobbies"
cpih01,67,2026-02-18T00:00:00.000Z,140.1,Jan-24,Jan-24,K02000001,United Kingdom,CP11,11 Restaurants and hotels
cpih01,67,2026-02-18T00:00:00.000Z,170.0,Jan-24,Jan-24,K02000001,United Kingdom,CP022,02.2 Tobacco
cpih01,67,2026-02-18T00:00:00.000Z,111.6,Jan-24,Jan-24,K02000001,United Kingdom,CP052,05.2 Household textiles
cpih01,67,2026-02-18T00:00:00.000Z,134.3,Jan-24,Jan-24,K02000001,United Kingdom,CP0511,05.1.1 Furniture and furnishings
cpih01,67,2026-02-18T00:00:00.000Z,122.4,Jan-24,Jan-24,K02000001,United Kingdom,CP0441,04.4.1 Water supply
cpih01,67,2026-02-18T00:00:00.000Z,102.0,Jan-24,Jan-24,K02000001,United Kingdom,CP127,12.7 Other services (nec)
cpih01,67,2026-02-18T00:00:00.000Z,144.5,Jan-24,Jan-24,K02000001,United Kingdom,CP095,"09.5 Books, newspapers and stationery"
cpih01,67,2026-02-18T00:00:00.000Z,126.4,Jan-24,Jan-24,K02000001,United Kingdom,CP0112,01.1.2 Meat
cpih01,67,2026-02-18T00:00:00.000Z,128.8,Jan-24,Jan-24,K02000001,United Kingdom,CP0213,02.1.3 Beer
cpih01,67,2026-02-18T00:00:00.000Z,109.8,Jan-24,Jan-24,K02000001,United Kingdom,CP054,"05.4 Glassware, tableware and household utensils"
cpih01,67,2026-02-18T00:00:00.000Z,127.3,Jan-24,Jan-24,K02000001,United Kingdom,CP082_083,08.2/3 Telephone and telefax equipment
cpih01,67,2026-02-18T00:00:00.000Z,149.6,Jan-24,Jan-24,K02000001,United Kingdom,CP0724,07.2.4 Other services
cpih01,67,2026-02-18T00:00:00.000Z,135.6,Jan-24,Jan-24,K02000001,United Kingdom,CP012,01.2 Non-alcoholic beverages
cpih01,67,2026-02-18T00:00:00.000Z,134.7,Jan-24,Jan-24,K02000001,United Kingdom,CP0711N1,07.1.1.1 New motor cars
cpih01,67,2026-02-18T00:00:00.000Z,113.7,Jan-24,Jan-24,K02000001,United Kingdom,CP0612_0613,06.1.2/3 Other medical and therapeutic equipment
cpih01,67,2026-02-18T00:00:00.000Z,120.0,Jan-24,Jan-24,K02000001,United Kingdom,CP021,02.1 Alcoholic beverages
cpih01,67,2026-02-18T00:00:00.000Z,139.6,Jan-24,Jan-24,K02000001,United Kingdom,CP0934_0935,"09.3.4/5 Pets, related products and services"
cpih01,67,2026-02-18T00:00:00.000Z,140.8,Jan-24,Jan-24,K02000001,United Kingdom,CP1111,11.1.1 Restaurants and cafes
cpih01,67,2026-02-18T00:00:00.000Z,198.8,Jan-24,Jan-24,K02000001,United Kingdom,CP1254,12.5.4 Transport insurance
cpih01,67,2026-02-18T00:00:00.000Z,124.0,Jan-24,Jan-24,K02000001,United Kingdom,CP0531_0532,05.3.1/2 Major appliances and small electric goods
cpih01,67,2026-02-18T00:00:00.000Z,128.3,Jan-24,Jan-24,K02000001,United Kingdom,CP056,05.6 Goods and services for routine maintenance
cpih01,67,2026-02-18T00:00:00.000Z,139.8,Jan-24,Jan-24,K02000001,United Kingdom,CP0723,07.2.3 Maintenance and repairs
cpih01,67,2026-02-18T00:00:00.000Z,127.6,Jan-24,Jan-24,K02000001,United Kingdom,CP0722,07.2.2 Fuels and lubricants
cpih01,67,2026-02-18T00:00:00.000Z,116.7,Jan-24,Jan-24,K02000001,United Kingdom,CP0313,03.1.3 Other clothing and clothing accessories
cpih01,67,2026-02-18T00:00:00.000Z,136.3,Jan-24,Jan-24,K02000001,United Kingdom,CP124,12.4 Social protection
cpih01,67,2026-02-18T00:00:00.000Z,209.6,Jan-24,Jan-24,K02000001,United Kingdom,CP0451,04.5.1 Electricity
cpih01,67,2026-02-18T00:00:00.000Z,176.7,Jan-24,Jan-24,K02000001,United Kingdom,CP0952,09.5.2 Newspapers and periodicals
cpih01,67,2026-02-18T00:00:00.000Z,130.9,Jan-24,Jan-24,K02000001,United Kingdom,CP07,07 Transport
cpih01,67,2026-02-18T00:00:00.000Z,116.4,Jan-24,Jan-24,K02000001,United Kingdom,CP0211,02.1.1 Spirits
cpih01,67,2026-02-18T00:00:00.000Z,128.4,Jan-24,Jan-24,K02000001,United Kingdom,CP08,08 Communication
cpih01,67,2026-02-18T00:00:00.000Z,134.0,Jan-24,Jan-24,K02000001,United Kingdom,CP072,07.2 Operation of personal transport equipment
cpih01,67,2026-02-18T00:00:00.000Z,104.6,Jan-24,Jan-24,K02000001,United Kingdom,CP1232,12.3.2 Other personal effects
cpih01,67,2026-02-18T00:00:00.000Z,108.0,Jan-24,Jan-24,K02000001,United Kingdom,CP1112,11.1.2 Canteens
cpih01,67,2026-02-18T00:00:00.000Z,127.2,Jan-24,Jan-24,K02000001,United Kingdom,CP09,09 Recreation and culture
cpih01,67,2026-02-18T00:00:00.000Z,138.1,Jan-24,Jan-24,K02000001,United Kingdom,CP049,04.9 Council Tax and rates
cpih01,67,2026-02-18T00:00:00.000Z,137.2,Jan-24,Jan-24,K02000001,United Kingdom,CP0951,09.5.1 Books
cpih01,67,2026-02-18T00:00:00.000Z,127.4,Jan-24,Jan-24,K02000001,United Kingdom,CP092,09.2 Other major durables for recreation and culture
cpih01,67,2026-02-18T00:00:00.000Z,132.5,Jan-24,Jan-24,K02000001,United Kingdom,CP0116,01.1.6 Fruit
cpih01,67,2026-02-18T00:00:00.000Z,134.9,Jan-24,Jan-24,K02000001,United Kingdom,CP01,01 Food and non-alcoholic beverages
cpih01,67,2026-02-18T00:00:00.000Z,131.5,Jan-24,Jan-24,K02000001,United Kingdom,CP0118,"01.1.8 Sugar, jam, syrups, chocolate and confectionery"
cpih01,67,2026-02-18T00:00:00.000Z,150.3,Jan-24,Jan-24,K02000001,United Kingdom,CP0119,01.1.9 Food products (nec)
cpih01,67,2026-02-18T00:00:00.000Z,123.9,Jan-24,Jan-24,K02000001,United Kingdom,CP0933,"09.3.3 Gardens, plants and flowers"
cpih01,67,2026-02-18T00:00:00.000Z,130.8,Jan-24,Jan-24,K02000001,United Kingdom,CP0611,06.1.1 Pharmaceutical products
cpih01,67,2026-02-18T00:00:00.000Z,129.2,Jan-24,Jan-24,K02000001,United Kingdom,CP0562,05.6.2 Domestic services and household services
cpih01,67,2026-02-18T00:00:00.000Z,97.0,Jan-24,Jan-24,K02000001,United Kingdom,CP091,09.1 Audio-visual equipment and related products
cpih01,67,2026-02-18T00:00:00.000Z,133.1,Jan-24,Jan-24,K02000001,United Kingdom,CP0941,09.4.1 Recreational and sporting services
cpih01,67,2026-02-18T00:00:00.000Z,124.5,Jan-24,Jan-24,K02000001,United Kingdom,CP05,"05 Furniture, household equipment and maintenance"
cpih01,67,2026-02-18T00:00:00.000Z,124.4,Jan-24,Jan-24,K02000001,United Kingdom,CP061,"06.1 Medical products, appliances and equipment"
cpih01,67,2026-02-18T00:00:00.000Z,178.2,Jan-24,Jan-24,K02000001,United Kingdom,CP0453,04.5.3 Liquid fuels
cpih01,67,2026-02-18T00:00:00.000Z,103.5,Jan-24,Jan-24,K02000001,United Kingdom,CP032,03.2 Footwear including repairs
cpih01,67,2026-02-18T00:00:00.000Z,83.6,Jan-24,Jan-24,K02000001,United Kingdom,CP0912,"09.1.2 Photographic, cinematographic and optical equipment"
cpih01,67,2026-02-18T00:00:00.000Z,128.0,Jan-24,Jan-24,K02000001,United Kingdom,CP0942,09.4.2 Cultural services
cpih01,67,2026-02-18T00:00:00.000Z,121.3,Jan-24,Jan-24,K02000001,United Kingdom,CP0712_0713,07.1.2/3 Motocycles and bicycles
cpih01,67,2026-02-18T00:00:00.000Z,129.7,Jan-24,Jan-24,K02000001,United Kingdom,CP04,"04 Housing, water, electricity, gas and other fuels"
cpih01,67,2026-02-18T00:00:00.000Z,122.1,Jan-24,Jan-24,K02000001,United Kingdom,CP042,04.2 Owner Occupiers Housing Costs
cpih01,67,2026-02-18T00:00:00.000Z,173.3,Jan-24,Jan-24,K02000001,United Kingdom,CP0115,01.1.5 Oils and fats
cpih01,67,2026-02-18T00:00:00.000Z,146.5,Jan-24,Jan-24,K02000001,United Kingdom,CP081,08.1 Postal services
cpih01,67,2026-02-18T00:00:00.000Z,120.0,Jan-24,Jan-24,K02000001,United Kingdom,CP0932,09.3.2 Equipment for sport and open-air recreation
cpih01,67,2026-02-18T00:00:00.000Z,140.2,Jan-24,Jan-24,K02000001,United Kingdom,CP073,07.3 Transport services
cpih01,67,2026-02-18T00:00:00.000Z,141.1,Jan-24,Jan-24,K02000001,United Kingdom,CP0114,"01.1.4 Milk, cheese and eggs"
cpih01,67,2026-02-18T00:00:00.000Z,118.4,Jan-24,Jan-24,K02000001,United Kingdom,CP12,12 Miscellaneous goods and services
cpih01,67,2026-02-18T00:00:00.000Z,135.8,Jan-24,Jan-24,K02000001,United Kingdom,CP0111,01.1.1 Bread and cereals
cpih01,67,2026-02-18T00:00:00.000Z,120.7,Jan-24,Jan-24,K02000001,United Kingdom,CP043,04.3 Regular maintenance and repair of the dwelling
cpih01,67,2026-02-18T00:00:00.000Z,132.2,Jan-24,Jan-24,K02000001,United Kingdom,CP0721,07.2.1 Spare parts and accessories
cpih01,67,2026-02-18T00:00:00.000Z,117.3,Jan-24,Jan-24,K02000001,United Kingdom,CP0212,02.1.2 Wine
cpih01,67,2026-02-18T00:00:00.000Z,89.3,Jan-24,Jan-24,K02000001,United Kingdom,CP126,12.6 Financial services (nec)
cpih01,67,2026-02-18T00:00:00.000Z,147.1,Jan-24,Jan-24,K02000001,United Kingdom,CP096,09.6 Package holidays
cpih01,67,2026-02-18T00:00:00.000Z,167.7,Jan-24,Jan-24,K02000001,United Kingdom,CP0452,04.5.2 Gas
cpih01,67,2026-02-18T00:00:00.000Z,117.9,Jan-24,Jan-24,K02000001,United Kingdom,CP055,05.5 Tools and equipment for house and garden
cpih01,67,2026-02-18T00:00:00.000Z,129.4,Jan-24,Jan-24,K02000001,United Kingdom,CP094,09.4 Recreational and cultural services
cpih01,67,2026-02-18T00:00:00.000Z,118.0,Jan-24,Jan-24,K02000001,United Kingdom,CP0312,03.1.2 Garments
cpih01,67,2026-02-18T00:00:00.000Z,81.4,Jan-24,Jan-24,K02000001,United Kingdom,CP0913,09.1.3 Data processing equipment
cpih01,67,2026-02-18T00:00:00.000Z,109.0,Jan-24,Jan-24,K02000001,United Kingdom,CP0432,04.3.2 Services for maintenance and repair of the dwelling
cpih01,67,2026-02-18T00:00:00.000Z,133.6,Jan-24,Jan-24,K02000001,United Kingdom,CP1252,12.5.2 House contents insurance
cpih01,67,2026-02-18T00:00:00.000Z,135.2,Jan-24,Jan-24,K02000001,United Kingdom,CP0512,05.1.2 Carpets and other floor coverings
cpih01,67,2026-02-18T00:00:00.000Z,175.2,Jan-24,Jan-24,K02000001,United Kingdom,CP125,12.5 Insurance
cpih01,67,2026-02-18T00:00:00.000Z,155.1,Jan-24,Jan-24,K02000001,United Kingdom,CP0732_0736,07.3.2/6 Passenger transport by road and other services
cpih01,67,2026-02-18T00:00:00.000Z,134.4,Jan-24,Jan-24,K02000001,United Kingdom,CP051,"05.1 Furniture, furnishings and carpets"
cpih01,67,2026-02-18T00:00:00.000Z,130.1,Jan-24,Jan-24,K02000001,United Kingdom,CP0733,07.3.3 Passenger transport by air
cpih01,67,2026-02-18T00:00:00.000Z,128.7,Jan-24,Jan-24,K02000001,United Kingdom,CP0731,07.3.1 Passenger transport by railway
cpih01,67,2026-02-18T00:00:00.000Z,127.4,Jan-24,Jan-24,K02000001,United Kingdom,CP0121,"01.2.1 Coffee, tea and cocoa"
cpih01,67,2026-02-18T00:00:00.000Z,121.8,Jan-24,Jan-24,K02000001,United Kingdom,CP071,07.1 Purchase of vehicles
cpih01,67,2026-02-18T00:00:00.000Z,135.2,Jan-24,Jan-24,K02000001,United Kingdom,CP10,10 Education
cpih01,67,2026-02-18T00:00:00.000Z,131.4,Jan-24,Jan-24,K02000001,United Kingdom,CP06,06 Health
cpih01,67,2026-02-18T00:00:00.000Z,118.5,Jan-24,Jan-24,K02000001,United Kingdom,CP031,03.1 Clothing
cpih01,67,2026-02-18T00:00:00.000Z,134.1,Jan-24,Jan-24,K02000001,United Kingdom,CP0113,01.1.3 Fish
cpih01,67,2026-02-18T00:00:00.000Z,122.1,Jan-24,Jan-24,K02000001,United Kingdom,CP121,12.1 Personal care
cpih01,67,2026-02-18T00:00:00.000Z,145.5,Jan-24,Jan-24,K02000001,United Kingdom,CP02,02 Alcoholic beverages and tobacco
cpih01,67,2026-02-18T00:00:00.000Z,115.6,Jan-24,Jan-24,K02000001,United Kingdom,CP0561,05.6.1 Non-durable household goods
cpih01,67,2026-02-18T00:00:00.000Z,143.5,Jan-24,Jan-24,K02000001,United Kingdom,CP112,11.2 Accommodation services
cpih01,67,2026-02-18T00:00:00.000Z,152.4,Jan-24,Jan-24,K02000001,United Kingdom,CP063,06.3 Hospital services
cpih01,67,2026-02-18T00:00:00.000Z,115.9,Jan-24,Jan-24,K02000001,United Kingdom,CP03,03 Clothing and footwear
cpih01,67,2026-02-18T00:00:00.000Z,130.0,Jan-24,Jan-24,K02000001,United Kingdom,CP00,Overall Index
cpih01,67,2026-02-18T00:00:00.000Z,117.9,Jan-24,Jan-24,K02000001,United Kingdom,CP1212_1213,12.1.2/3 Appliances and products for personal care
cpih01,67,2026-02-18T00:00:00.000Z,111.3,Jan-24,Jan-24,K02000001,United Kingdom,CP0711N2,07.1.1.2 Second-hand motor cars
cpih01,67,2026-02-18T00:00:00.000Z,121.2,Jan-24,Jan-24,K02000001,United Kingdom,CP041,04.1 Actual rentals for housing
cpih01,67,2026-02-18T00:00:00.000Z,146.4,Jan-24,Jan-24,K02000001,United Kingdom,CP0734,07.3.4 Passenger transport by sea and inland waterway
cpih01,67,2026-02-18T00:00:00.000Z,122.4,Jan-24,Jan-24,K02000001,United Kingdom,CP0621_0623,06.2.1/3 Medical services and paramedical services
cpih01,67,2026-02-18T00:00:00.000Z,123.1,Jan-24,Jan-24,K02000001,United Kingdom,CP093,"09.3 Other recreational items, gardens and pets"
cpih01,67,2026-02-18T00:00:00.000Z,154.3,Jan-24,Jan-24,K02000001,United Kingdom,CP0454,04.5.4 Solid fuels
cpih01,67,2026-02-18T00:00:00.000Z,134.8,Jan-24,Jan-24,K02000001,United Kingdom,CP1211,12.1.1 Hairdressing and personal grooming establishments
cpih01,67,2026-02-18T00:00:00.000Z,191.9,Jan-24,Jan-24,K02000001,United Kingdom,CP045,"04.5 Electricity, gas and other fuels"
cpih01,67,2026-02-18T00:00:00.000Z,119.8,Jan-24,Jan-24,K02000001,United Kingdom,CP0915,09.1.5 Repair of audio-visual equipment and related products
cpih01,67,2026-02-18T00:00:00.000Z,134.8,Jan-24,Jan-24,K02000001,United Kingdom,CP011,01.1 Food
cpih01,67,2026-02-18T00:00:00.000Z,120.6,Jan-24,Jan-24,K02000001,United Kingdom,CP044,04.4 Water supply and miscellaneous services relating to the dwelling
cpih01,67,2026-02-18T00:00:00.000Z,84.5,Jan-24,Jan-24,K02000001,United Kingdom,CP0911,09.1.1 Reception and reproduction of sound and pictures
cpih01,67,2026-02-18T00:00:00.000Z,138.6,Jan-24,Jan-24,K02000001,United Kingdom,CP0122,"01.2.2 Mineral waters, soft drinks and juices"
cpih01,67,2026-02-18T00:00:00.000Z,139.6,Jan-24,Jan-24,K02000001,United Kingdom,CP111,11.1 Catering services
cpih01,67,2026-02-18T00:00:00.000Z,135.1,Jan-24,Jan-24,K02000001,United Kingdom,CP0914,09.1.4 Recording media
cpih01,67,2026-02-18T00:00:00.000Z,112.1,Dec-23,Dec-23,K02000001,United Kingdom,CP054,"05.4 Glassware, tableware and household utensils"
cpih01,67,2026-02-18T00:00:00.000Z,118.6,Dec-23,Dec-23,K02000001,United Kingdom,CP055,05.5 Tools and equipment for house and garden
cpih01,67,2026-02-18T00:00:00.000Z,84.0,Dec-23,Dec-23,K02000001,United Kingdom,CP0911,09.1.1 Reception and reproduction of sound and pictures
cpih01,67,2026-02-18T00:00:00.000Z,140.8,Dec-23,Dec-23,K02000001,United Kingdom,CP0951,09.5.1 Books
cpih01,67,2026-02-18T00:00:00.000Z,120.7,Dec-23,Dec-23,K02000001,United Kingdom,CP03,03 Clothing and footwear
cpih01,67,2026-02-18T00:00:00.000Z,134.6,Dec-23,Dec-23,K02000001,United Kingdom,CP072,07.2 Operation of personal transport equipment
cpih01,67,2026-02-18T00:00:00.000Z,140.7,Dec-23,Dec-23,K02000001,United Kingdom,CP0314,"03.1.4 Cleaning, repair and hire of clothing"
cpih01,67,2026-02-18T00:00:00.000Z,128.6,Dec-23,Dec-23,K02000001,United Kingdom,CP04,"04 Housing, water, electricity, gas and other fuels"
cpih01,67,2026-02-18T00:00:00.000Z,130.2,Dec-23,Dec-23,K02000001,United Kingdom,CP0722,07.2.2 Fuels and lubricants
cpih01,67,2026-02-18T00:00:00.000Z,78.1,Dec-23,Dec-23,K02000001,United Kingdom,CP0913,09.1.3 Data processing equipment
cpih01,67,2026-02-18T00:00:00.000Z,134.6,Dec-23,Dec-23,K02000001,United Kingdom,CP1211,12.1.1 Hairdressing and personal grooming establishments
cpih01,67,2026-02-18T00:00:00.000Z,114.8,Dec-23,Dec-23,K02000001,United Kingdom,CP052,05.2 Household textiles
cpih01,67,2026-02-18T00:00:00.000Z,129.1,Dec-23,Dec-23,K02000001,United Kingdom,CP0562,05.6.2 Domestic services and household services
cpih01,67,2026-02-18T00:00:00.000Z,122.4,Dec-23,Dec-23,K02000001,United Kingdom,CP0441,04.4.1 Water supply
cpih01,67,2026-02-18T00:00:00.000Z,119.3,Dec-23,Dec-23,K02000001,United Kingdom,CP0443,04.4.3 Sewerage collection
cpih01,67,2026-02-18T00:00:00.000Z,113.5,Dec-23,Dec-23,K02000001,United Kingdom,CP0612_0613,06.1.2/3 Other medical and therapeutic equipment
cpih01,67,2026-02-18T00:00:00.000Z,129.7,Dec-23,Dec-23,K02000001,United Kingdom,CP06,06 Health
cpih01,67,2026-02-18T00:00:00.000Z,120.5,Dec-23,Dec-23,K02000001,United Kingdom,CP041,04.1 Actual rentals for housing
cpih01,67,2026-02-18T00:00:00.000Z,155.8,Dec-23,Dec-23,K02000001,United Kingdom,CP0454,04.5.4 Solid fuels
cpih01,67,2026-02-18T00:00:00.000Z,128.9,Dec-23,Dec-23,K02000001,United Kingdom,CP0118,"01.1.8 Sugar, jam, syrups, chocolate and confectionery"
cpih01,67,2026-02-18T00:00:00.000Z,128.8,Dec-23,Dec-23,K02000001,United Kingdom,CP0721,07.2.1 Spare parts and accessories
cpih01,67,2026-02-18T00:00:00.000Z,126.3,Dec-23,Dec-23,K02000001,United Kingdom,CP053,"05.3 Household appliances, fitting and repairs"
cpih01,67,2026-02-18T00:00:00.000Z,201.4,Dec-23,Dec-23,K02000001,United Kingdom,CP0451,04.5.1 Electricity
cpih01,67,2026-02-18T00:00:00.000Z,128.9,Dec-23,Dec-23,K02000001,United Kingdom,CP0942,09.4.2 Cultural services
cpih01,67,2026-02-18T00:00:00.000Z,200.0,Dec-23,Dec-23,K02000001,United Kingdom,CP1254,12.5.4 Transport insurance
cpih01,67,2026-02-18T00:00:00.000Z,135.5,Dec-23,Dec-23,K02000001,United Kingdom,CP01,01 Food and non-alcoholic beverages
cpih01,67,2026-02-18T00:00:00.000Z,140.8,Dec-23,Dec-23,K02000001,United Kingdom,CP1111,11.1.1 Restaurants and cafes
cpih01,67,2026-02-18T00:00:00.000Z,168.5,Dec-23,Dec-23,K02000001,United Kingdom,CP022,02.2 Tobacco
cpih01,67,2026-02-18T00:00:00.000Z,140.4,Dec-23,Dec-23,K02000001,United Kingdom,CP0934_0935,"09.3.4/5 Pets, related products and services"
cpih01,67,2026-02-18T00:00:00.000Z,136.9,Dec-23,Dec-23,K02000001,United Kingdom,CP0113,01.1.3 Fish
cpih01,67,2026-02-18T00:00:00.000Z,138.9,Dec-23,Dec-23,K02000001,United Kingdom,CP0122,"01.2.2 Mineral waters, soft drinks and juices"
cpih01,67,2026-02-18T00:00:00.000Z,149.4,Dec-23,Dec-23,K02000001,United Kingdom,CP112,11.2 Accommodation services
cpih01,67,2026-02-18T00:00:00.000Z,79.1,Dec-23,Dec-23,K02000001,United Kingdom,CP0912,"09.1.2 Photographic, cinematographic and optical equipment"
cpih01,67,2026-02-18T00:00:00.000Z,136.1,Dec-23,Dec-23,K02000001,United Kingdom,CP124,12.4 Social protection
cpih01,67,2026-02-18T00:00:00.000Z,129.9,Dec-23,Dec-23,K02000001,United Kingdom,CP0953_0954,"09.5.3/4 Miscellaneous printed matter, stationery and drawing materials"
cpih01,67,2026-02-18T00:00:00.000Z,176.1,Dec-23,Dec-23,K02000001,United Kingdom,CP0115,01.1.5 Oils and fats
cpih01,67,2026-02-18T00:00:00.000Z,135.3,Dec-23,Dec-23,K02000001,United Kingdom,CP011,01.1 Food
cpih01,67,2026-02-18T00:00:00.000Z,130.2,Dec-23,Dec-23,K02000001,United Kingdom,CP094,09.4 Recreational and cultural services
cpih01,67,2026-02-18T00:00:00.000Z,142.4,Dec-23,Dec-23,K02000001,United Kingdom,CP02,02 Alcoholic beverages and tobacco
cpih01,67,2026-02-18T00:00:00.000Z,140.3,Dec-23,Dec-23,K02000001,United Kingdom,CP0512,05.1.2 Carpets and other floor coverings
cpih01,67,2026-02-18T00:00:00.000Z,212.7,Dec-23,Dec-23,K02000001,United Kingdom,CP0733,07.3.3 Passenger transport by air
cpih01,67,2026-02-18T00:00:00.000Z,110.3,Dec-23,Dec-23,K02000001,United Kingdom,CP1112,11.1.2 Canteens
cpih01,67,2026-02-18T00:00:00.000Z,137.6,Dec-23,Dec-23,K02000001,United Kingdom,CP0111,01.1.1 Bread and cereals
cpih01,67,2026-02-18T00:00:00.000Z,127.2,Dec-23,Dec-23,K02000001,United Kingdom,CP0112,01.1.2 Meat
cpih01,67,2026-02-18T00:00:00.000Z,117.3,Dec-23,Dec-23,K02000001,United Kingdom,CP12,12 Miscellaneous goods and services
cpih01,67,2026-02-18T00:00:00.000Z,153.1,Dec-23,Dec-23,K02000001,United Kingdom,CP1253,12.5.3 Health insurance
cpih01,67,2026-02-18T00:00:00.000Z,109.7,Dec-23,Dec-23,K02000001,United Kingdom,CP0711N2,07.1.1.2 Second-hand motor cars
cpih01,67,2026-02-18T00:00:00.000Z,128.1,Dec-23,Dec-23,K02000001,United Kingdom,CP08,08 Communication
cpih01,67,2026-02-18T00:00:00.000Z,119.7,Dec-23,Dec-23,K02000001,United Kingdom,CP0915,09.1.5 Repair of audio-visual equipment and related products
cpih01,67,2026-02-18T00:00:00.000Z,132.6,Dec-23,Dec-23,K02000001,United Kingdom,CP1252,12.5.2 House contents insurance
cpih01,67,2026-02-18T00:00:00.000Z,132.7,Dec-23,Dec-23,K02000001,United Kingdom,CP0117,01.1.7 Vegetables including potatoes and tubers
cpih01,67,2026-02-18T00:00:00.000Z,120.9,Dec-23,Dec-23,K02000001,United Kingdom,CP0533,05.3.3 Repair of household appliances
cpih01,67,2026-02-18T00:00:00.000Z,122.9,Dec-23,Dec-23,K02000001,United Kingdom,CP093,"09.3 Other recreational items, gardens and pets"
cpih01,67,2026-02-18T00:00:00.000Z,126.3,Dec-23,Dec-23,K02000001,United Kingdom,CP0213,02.1.3 Beer
cpih01,67,2026-02-18T00:00:00.000Z,124.8,Dec-23,Dec-23,K02000001,United Kingdom,CP0712_0713,07.1.2/3 Motocycles and bicycles
cpih01,67,2026-02-18T00:00:00.000Z,146.5,Dec-23,Dec-23,K02000001,United Kingdom,CP081,08.1 Postal services
cpih01,67,2026-02-18T00:00:00.000Z,141.3,Dec-23,Dec-23,K02000001,United Kingdom,CP051,"05.1 Furniture, furnishings and carpets"
cpih01,67,2026-02-18T00:00:00.000Z,120.8,Dec-23,Dec-23,K02000001,United Kingdom,CP043,04.3 Regular maintenance and repair of the dwelling
cpih01,67,2026-02-18T00:00:00.000Z,129.7,Dec-23,Dec-23,K02000001,United Kingdom,CP0121,"01.2.1 Coffee, tea and cocoa"
cpih01,67,2026-02-18T00:00:00.000Z,143.7,Dec-23,Dec-23,K02000001,United Kingdom,CP0734,07.3.4 Passenger transport by sea and inland waterway
cpih01,67,2026-02-18T00:00:00.000Z,113.6,Dec-23,Dec-23,K02000001,United Kingdom,CP0212,02.1.2 Wine
cpih01,67,2026-02-18T00:00:00.000Z,134.2,Dec-23,Dec-23,K02000001,United Kingdom,CP0711N1,07.1.1.1 New motor cars
cpih01,67,2026-02-18T00:00:00.000Z,183.8,Dec-23,Dec-23,K02000001,United Kingdom,CP0453,04.5.3 Liquid fuels
cpih01,67,2026-02-18T00:00:00.000Z,141.7,Dec-23,Dec-23,K02000001,United Kingdom,CP0511,05.1.1 Furniture and furnishings
cpih01,67,2026-02-18T00:00:00.000Z,134.6,Dec-23,Dec-23,K02000001,United Kingdom,CP07,07 Transport
cpih01,67,2026-02-18T00:00:00.000Z,89.4,Dec-23,Dec-23,K02000001,United Kingdom,CP126,12.6 Financial services (nec)
cpih01,67,2026-02-18T00:00:00.000Z,151.8,Dec-23,Dec-23,K02000001,United Kingdom,CP0119,01.1.9 Food products (nec)
cpih01,67,2026-02-18T00:00:00.000Z,130.5,Dec-23,Dec-23,K02000001,United Kingdom,CP00,Overall Index
cpih01,67,2026-02-18T00:00:00.000Z,128.6,Dec-23,Dec-23,K02000001,United Kingdom,CP062,06.2 Out-patient services
cpih01,67,2026-02-18T00:00:00.000Z,183.0,Dec-23,Dec-23,K02000001,United Kingdom,CP045,"04.5 Electricity, gas and other fuels"
cpih01,67,2026-02-18T00:00:00.000Z,124.4,Dec-23,Dec-23,K02000001,United Kingdom,CP0933,"09.3.3 Gardens, plants and flowers"
cpih01,67,2026-02-18T00:00:00.000Z,123.7,Dec-23,Dec-23,K02000001,United Kingdom,CP031,03.1 Clothing
cpih01,67,2026-02-18T00:00:00.000Z,147.0,Dec-23,Dec-23,K02000001,United Kingdom,CP063,06.3 Hospital services
cpih01,67,2026-02-18T00:00:00.000Z,143.6,Dec-23,Dec-23,K02000001,United Kingdom,CP0914,09.1.4 Recording media
cpih01,67,2026-02-18T00:00:00.000Z,128.5,Dec-23,Dec-23,K02000001,United Kingdom,CP05,"05 Furniture, household equipment and maintenance"
cpih01,67,2026-02-18T00:00:00.000Z,157.0,Dec-23,Dec-23,K02000001,United Kingdom,CP0452,04.5.2 Gas
cpih01,67,2026-02-18T00:00:00.000Z,109.6,Dec-23,Dec-23,K02000001,United Kingdom,CP0931,"09.3.1 Games, toys and hobbies"
cpih01,67,2026-02-18T00:00:00.000Z,170.4,Dec-23,Dec-23,K02000001,United Kingdom,CP125,12.5 Insurance
cpih01,67,2026-02-18T00:00:00.000Z,137.6,Dec-23,Dec-23,K02000001,United Kingdom,CP0723,07.2.3 Maintenance and repairs
cpih01,67,2026-02-18T00:00:00.000Z,97.0,Dec-23,Dec-23,K02000001,United Kingdom,CP091,09.1 Audio-visual equipment and related products
cpih01,67,2026-02-18T00:00:00.000Z,132.1,Dec-23,Dec-23,K02000001,United Kingdom,CP0116,01.1.6 Fruit
cpih01,67,2026-02-18T00:00:00.000Z,138.4,Dec-23,Dec-23,K02000001,United Kingdom,CP0622,06.2.2 Dental services
cpih01,67,2026-02-18T00:00:00.000Z,130.2,Dec-23,Dec-23,K02000001,United Kingdom,CP0731,07.3.1 Passenger transport by railway
cpih01,67,2026-02-18T00:00:00.000Z,123.6,Dec-23,Dec-23,K02000001,United Kingdom,CP0312,03.1.2 Garments
cpih01,67,2026-02-18T00:00:00.000Z,149.7,Dec-23,Dec-23,K02000001,United Kingdom,CP0724,07.2.4 Other services
cpih01,67,2026-02-18T00:00:00.000Z,146.3,Dec-23,Dec-23,K02000001,United Kingdom,CP096,09.6 Package holidays
cpih01,67,2026-02-18T00:00:00.000Z,115.0,Dec-23,Dec-23,K02000001,United Kingdom,CP1212_1213,12.1.2/3 Appliances and products for personal care
cpih01,67,2026-02-18T00:00:00.000Z,127.2,Dec-23,Dec-23,K02000001,United Kingdom,CP0531_0532,05.3.1/2 Major appliances and small electric goods
cpih01,67,2026-02-18T00:00:00.000Z,145.6,Dec-23,Dec-23,K02000001,United Kingdom,CP095,"09.5 Books, newspapers and stationery"
cpih01,67,2026-02-18T00:00:00.000Z,105.5,Dec-23,Dec-23,K02000001,United Kingdom,CP032,03.2 Footwear including repairs
cpih01,67,2026-02-18T00:00:00.000Z,100.9,Dec-23,Dec-23,K02000001,United Kingdom,CP127,12.7 Other services (nec)
cpih01,67,2026-02-18T00:00:00.000Z,120.6,Dec-23,Dec-23,K02000001,United Kingdom,CP044,04.4 Water supply and miscellaneous services relating to the dwelling
cpih01,67,2026-02-18T00:00:00.000Z,127.3,Dec-23,Dec-23,K02000001,United Kingdom,CP09,09 Recreation and culture
cpih01,67,2026-02-18T00:00:00.000Z,118.0,Dec-23,Dec-23,K02000001,United Kingdom,CP0561,05.6.1 Non-durable household goods
cpih01,67,2026-02-18T00:00:00.000Z,111.2,Dec-23,Dec-23,K02000001,United Kingdom,CP0211,02.1.1 Spirits
cpih01,67,2026-02-18T00:00:00.000Z,130.3,Dec-23,Dec-23,K02000001,United Kingdom,CP0611,06.1.1 Pharmaceutical products
cpih01,67,2026-02-18T00:00:00.000Z,120.8,Dec-23,Dec-23,K02000001,United Kingdom,CP071,07.1 Purchase of vehicles
cpih01,67,2026-02-18T00:00:00.000Z,119.7,Dec-23,Dec-23,K02000001,United Kingdom,CP121,12.1 Personal care
cpih01,67,2026-02-18T00:00:00.000Z,176.0,Dec-23,Dec-23,K02000001,United Kingdom,CP0952,09.5.2 Newspapers and periodicals
cpih01,67,2026-02-18T00:00:00.000Z,122.0,Dec-23,Dec-23,K02000001,United Kingdom,CP0621_0623,06.2.1/3 Medical services and paramedical services
cpih01,67,2026-02-18T00:00:00.000Z,121.6,Dec-23,Dec-23,K02000001,United Kingdom,CP042,04.2 Owner Occupiers Housing Costs
cpih01,67,2026-02-18T00:00:00.000Z,119.4,Dec-23,Dec-23,K02000001,United Kingdom,CP0313,03.1.3 Other clothing and clothing accessories
cpih01,67,2026-02-18T00:00:00.000Z,139.6,Dec-23,Dec-23,K02000001,United Kingdom,CP111,11.1 Catering services
cpih01,67,2026-02-18T00:00:00.000Z,141.4,Dec-23,Dec-23,K02000001,United Kingdom,CP11,11 Restaurants and hotels
cpih01,67,2026-02-18T00:00:00.000Z,133.0,Dec-23,Dec-23,K02000001,United Kingdom,CP0431,04.3.1 Materials for maintenance and repair of the dwelling
cpih01,67,2026-02-18T00:00:00.000Z,141.6,Dec-23,Dec-23,K02000001,United Kingdom,CP0114,"01.1.4 Milk, cheese and eggs"
cpih01,67,2026-02-18T00:00:00.000Z,121.3,Dec-23,Dec-23,K02000001,United Kingdom,CP0932,09.3.2 Equipment for sport and open-air recreation
cpih01,67,2026-02-18T00:00:00.000Z,138.1,Dec-23,Dec-23,K02000001,United Kingdom,CP049,04.9 Council Tax and rates
cpih01,67,2026-02-18T00:00:00.000Z,127.8,Dec-23,Dec-23,K02000001,United Kingdom,CP092,09.2 Other major durables for recreation and culture
cpih01,67,2026-02-18T00:00:00.000Z,157.2,Dec-23,Dec-23,K02000001,United Kingdom,CP0732_0736,07.3.2/6 Passenger transport by road and other services
cpih01,67,2026-02-18T00:00:00.000Z,105.7,Dec-23,Dec-23,K02000001,United Kingdom,CP1232,12.3.2 Other personal effects
cpih01,67,2026-02-18T00:00:00.000Z,127.1,Dec-23,Dec-23,K02000001,United Kingdom,CP082_083,08.2/3 Telephone and telefax equipment
cpih01,67,2026-02-18T00:00:00.000Z,116.2,Dec-23,Dec-23,K02000001,United Kingdom,CP021,02.1 Alcoholic beverages
cpih01,67,2026-02-18T00:00:00.000Z,130.0,Dec-23,Dec-23,K02000001,United Kingdom,CP056,05.6 Goods and services for routine maintenance
cpih01,67,2026-02-18T00:00:00.000Z,124.0,Dec-23,Dec-23,K02000001,United Kingdom,CP061,"06.1 Medical products, appliances and equipment"
cpih01,67,2026-02-18T00:00:00.000Z,135.2,Dec-23,Dec-23,K02000001,United Kingdom,CP10,10 Education
cpih01,67,2026-02-18T00:00:00.000Z,116.0,Dec-23,Dec-23,K02000001,United Kingdom,CP123,12.3 Personal effects (nec)
cpih01,67,2026-02-18T00:00:00.000Z,161.9,Dec-23,Dec-23,K02000001,United Kingdom,CP073,07.3 Transport services
cpih01,67,2026-02-18T00:00:00.000Z,108.9,Dec-23,Dec-23,K02000001,United Kingdom,CP0432,04.3.2 Services for maintenance and repair of the dwelling
cpih01,67,2026-02-18T00:00:00.000Z,121.4,Dec-23,Dec-23,K02000001,United Kingdom,CP1231,"12.3.1 Jewellery, clocks and watches"
cpih01,67,2026-02-18T00:00:00.000Z,136.4,Dec-23,Dec-23,K02000001,United Kingdom,CP012,01.2 Non-alcoholic beverages
cpih01,67,2026-02-18T00:00:00.000Z,133.7,Dec-23,Dec-23,K02000001,United Kingdom,CP0941,09.4.1 Recreational and sporting services
cpih01,67,2026-02-18T00:00:00.000Z,198.8,Nov-23,Nov-23,K02000001,United Kingdom,CP1254,12.5.4 Transport insurance
cpih01,67,2026-02-18T00:00:00.000Z,115.5,Nov-23,Nov-23,K02000001,United Kingdom,CP0212,02.1.2 Wine
cpih01,67,2026-02-18T00:00:00.000Z,85.2,Nov-23,Nov-23,K02000001,United Kingdom,CP0912,"09.1.2 Photographic, cinematographic and optical equipment"
cpih01,67,2026-02-18T00:00:00.000Z,117.3,Nov-23,Nov-23,K02000001,United Kingdom,CP055,05.5 Tools and equipment for house and garden
cpih01,67,2026-02-18T00:00:00.000Z,139.4,Nov-23,Nov-23,K02000001,United Kingdom,CP0511,05.1.1 Furniture and furnishings
cpih01,67,2026-02-18T00:00:00.000Z,146.5,Nov-23,Nov-23,K02000001,United Kingdom,CP081,08.1 Postal services
cpih01,67,2026-02-18T00:00:00.000Z,131.9,Nov-23,Nov-23,K02000001,United Kingdom,CP0117,01.1.7 Vegetables including potatoes and tubers
cpih01,67,2026-02-18T00:00:00.000Z,140.9,Nov-23,Nov-23,K02000001,United Kingdom,CP0114,"01.1.4 Milk, cheese and eggs"
cpih01,67,2026-02-18T00:00:00.000Z,121.1,Nov-23,Nov-23,K02000001,United Kingdom,CP042,04.2 Owner Occupiers Housing Costs
cpih01,67,2026-02-18T00:00:00.000Z,134.6,Nov-23,Nov-23,K02000001,United Kingdom,CP011,01.1 Food
cpih01,67,2026-02-18T00:00:00.000Z,153.1,Nov-23,Nov-23,K02000001,United Kingdom,CP1253,12.5.3 Health insurance
cpih01,67,2026-02-18T00:00:00.000Z,140.6,Nov-23,Nov-23,K02000001,United Kingdom,CP0314,"03.1.4 Cleaning, repair and hire of clothing"
cpih01,67,2026-02-18T00:00:00.000Z,122.9,Nov-23,Nov-23,K02000001,United Kingdom,CP031,03.1 Clothing
cpih01,67,2026-02-18T00:00:00.000Z,183.2,Nov-23,Nov-23,K02000001,United Kingdom,CP045,"04.5 Electricity, gas and other fuels"
cpih01,67,2026-02-18T00:00:00.000Z,111.5,Nov-23,Nov-23,K02000001,United Kingdom,CP0931,"09.3.1 Games, toys and hobbies"
cpih01,67,2026-02-18T00:00:00.000Z,129.5,Nov-23,Nov-23,K02000001,United Kingdom,CP0731,07.3.1 Passenger transport by railway
cpih01,67,2026-02-18T00:00:00.000Z,192.6,Nov-23,Nov-23,K02000001,United Kingdom,CP0453,04.5.3 Liquid fuels
cpih01,67,2026-02-18T00:00:00.000Z,174.9,Nov-23,Nov-23,K02000001,United Kingdom,CP0952,09.5.2 Newspapers and periodicals
cpih01,67,2026-02-18T00:00:00.000Z,201.4,Nov-23,Nov-23,K02000001,United Kingdom,CP0451,04.5.1 Electricity
cpih01,67,2026-02-18T00:00:00.000Z,135.7,Nov-23,Nov-23,K02000001,United Kingdom,CP124,12.4 Social protection
cpih01,67,2026-02-18T00:00:00.000Z,144.5,Nov-23,Nov-23,K02000001,United Kingdom,CP0914,09.1.4 Recording media
cpih01,67,2026-02-18T00:00:00.000Z,122.4,Nov-23,Nov-23,K02000001,United Kingdom,CP0441,04.4.1 Water supply
cpih01,67,2026-02-18T00:00:00.000Z,124.4,Nov-23,Nov-23,K02000001,United Kingdom,CP0712_0713,07.1.2/3 Motocycles and bicycles
cpih01,67,2026-02-18T00:00:00.000Z,120.4,Nov-23,Nov-23,K02000001,United Kingdom,CP043,04.3 Regular maintenance and repair of the dwelling
cpih01,67,2026-02-18T00:00:00.000Z,129.1,Nov-23,Nov-23,K02000001,United Kingdom,CP0611,06.1.1 Pharmaceutical products
cpih01,67,2026-02-18T00:00:00.000Z,142.8,Nov-23,Nov-23,K02000001,United Kingdom,CP0951,09.5.1 Books
cpih01,67,2026-02-18T00:00:00.000Z,133.6,Nov-23,Nov-23,K02000001,United Kingdom,CP0941,09.4.1 Recreational and sporting services
cpih01,67,2026-02-18T00:00:00.000Z,128.8,Nov-23,Nov-23,K02000001,United Kingdom,CP094,09.4 Recreational and cultural services
cpih01,67,2026-02-18T00:00:00.000Z,137.2,Nov-23,Nov-23,K02000001,United Kingdom,CP0722,07.2.2 Fuels and lubricants
cpih01,67,2026-02-18T00:00:00.000Z,122.8,Nov-23,Nov-23,K02000001,United Kingdom,CP0312,03.1.2 Garments
cpih01,67,2026-02-18T00:00:00.000Z,119.3,Nov-23,Nov-23,K02000001,United Kingdom,CP0443,04.4.3 Sewerage collection
cpih01,67,2026-02-18T00:00:00.000Z,120.8,Nov-23,Nov-23,K02000001,United Kingdom,CP1231,"12.3.1 Jewellery, clocks and watches"
cpih01,67,2026-02-18T00:00:00.000Z,120.6,Nov-23,Nov-23,K02000001,United Kingdom,CP121,12.1 Personal care
cpih01,67,2026-02-18T00:00:00.000Z,122.2,Nov-23,Nov-23,K02000001,United Kingdom,CP0933,"09.3.3 Gardens, plants and flowers"
cpih01,67,2026-02-18T00:00:00.000Z,137.9,Nov-23,Nov-23,K02000001,United Kingdom,CP0622,06.2.2 Dental services
cpih01,67,2026-02-18T00:00:00.000Z,121.9,Nov-23,Nov-23,K02000001,United Kingdom,CP0621_0623,06.2.1/3 Medical services and paramedical services
cpih01,67,2026-02-18T00:00:00.000Z,151.5,Nov-23,Nov-23,K02000001,United Kingdom,CP0119,01.1.9 Food products (nec)
cpih01,67,2026-02-18T00:00:00.000Z,123.2,Nov-23,Nov-23,K02000001,United Kingdom,CP061,"06.1 Medical products, appliances and equipment"
cpih01,67,2026-02-18T00:00:00.000Z,128.6,Nov-23,Nov-23,K02000001,United Kingdom,CP0721,07.2.1 Spare parts and accessories
cpih01,67,2026-02-18T00:00:00.000Z,127.1,Nov-23,Nov-23,K02000001,United Kingdom,CP09,09 Recreation and culture
cpih01,67,2026-02-18T00:00:00.000Z,123.1,Nov-23,Nov-23,K02000001,United Kingdom,CP053,"05.3 Household appliances, fitting and repairs"
cpih01,67,2026-02-18T00:00:00.000Z,115.9,Nov-23,Nov-23,K02000001,United Kingdom,CP123,12.3 Personal effects (nec)
cpih01,67,2026-02-18T00:00:00.000Z,133.9,Nov-23,Nov-23,K02000001,United Kingdom,CP0711N1,07.1.1.1 New motor cars
cpih01,67,2026-02-18T00:00:00.000Z,133.9,Nov-23,Nov-23,K02000001,United Kingdom,CP07,07 Transport
cpih01,67,2026-02-18T00:00:00.000Z,135.4,Nov-23,Nov-23,K02000001,United Kingdom,CP0733,07.3.3 Passenger transport by air
cpih01,67,2026-02-18T00:00:00.000Z,132.2,Nov-23,Nov-23,K02000001,United Kingdom,CP0116,01.1.6 Fruit
cpih01,67,2026-02-18T00:00:00.000Z,139.3,Nov-23,Nov-23,K02000001,United Kingdom,CP111,11.1 Catering services
cpih01,67,2026-02-18T00:00:00.000Z,111.9,Nov-23,Nov-23,K02000001,United Kingdom,CP054,"05.4 Glassware, tableware and household utensils"
cpih01,67,2026-02-18T00:00:00.000Z,157.0,Nov-23,Nov-23,K02000001,United Kingdom,CP0452,04.5.2 Gas
cpih01,67,2026-02-18T00:00:00.000Z,90.1,Nov-23,Nov-23,K02000001,United Kingdom,CP126,12.6 Financial services (nec)
cpih01,67,2026-02-18T00:00:00.000Z,146.5,Nov-23,Nov-23,K02000001,United Kingdom,CP063,06.3 Hospital services
cpih01,67,2026-02-18T00:00:00.000Z,122.8,Nov-23,Nov-23,K02000001,United Kingdom,CP093,"09.3 Other recreational items, gardens and pets"
cpih01,67,2026-02-18T00:00:00.000Z,130.4,Nov-23,Nov-23,K02000001,United Kingdom,CP0953_0954,"09.5.3/4 Miscellaneous printed matter, stationery and drawing materials"
cpih01,67,2026-02-18T00:00:00.000Z,138.1,Nov-23,Nov-23,K02000001,United Kingdom,CP049,04.9 Council Tax and rates
cpih01,67,2026-02-18T00:00:00.000Z,135.2,Nov-23,Nov-23,K02000001,United Kingdom,CP10,10 Education
cpih01,67,2026-02-18T00:00:00.000Z,170.1,Nov-23,Nov-23,K02000001,United Kingdom,CP125,12.5 Insurance
cpih01,67,2026-02-18T00:00:00.000Z,146.1,Nov-23,Nov-23,K02000001,United Kingdom,CP095,"09.5 Books, newspapers and stationery"
cpih01,67,2026-02-18T00:00:00.000Z,106.7,Nov-23,Nov-23,K02000001,United Kingdom,CP032,03.2 Footwear including repairs
cpih01,67,2026-02-18T00:00:00.000Z,129.3,Nov-23,Nov-23,K02000001,United Kingdom,CP0118,"01.1.8 Sugar, jam, syrups, chocolate and confectionery"
cpih01,67,2026-02-18T00:00:00.000Z,162.0,Nov-23,Nov-23,K02000001,United Kingdom,CP022,02.2 Tobacco
cpih01,67,2026-02-18T00:00:00.000Z,126.8,Nov-23,Nov-23,K02000001,United Kingdom,CP05,"05 Furniture, household equipment and maintenance"
cpih01,67,2026-02-18T00:00:00.000Z,128.2,Nov-23,Nov-23,K02000001,United Kingdom,CP0562,05.6.2 Domestic services and household services
cpih01,67,2026-02-18T00:00:00.000Z,129.7,Nov-23,Nov-23,K02000001,United Kingdom,CP0121,"01.2.1 Coffee, tea and cocoa"
cpih01,67,2026-02-18T00:00:00.000Z,138.3,Nov-23,Nov-23,K02000001,United Kingdom,CP0512,05.1.2 Carpets and other floor coverings
cpih01,67,2026-02-18T00:00:00.000Z,98.6,Nov-23,Nov-23,K02000001,United Kingdom,CP091,09.1 Audio-visual equipment and related products
cpih01,67,2026-02-18T00:00:00.000Z,146.1,Nov-23,Nov-23,K02000001,United Kingdom,CP073,07.3 Transport services
cpih01,67,2026-02-18T00:00:00.000Z,126.9,Nov-23,Nov-23,K02000001,United Kingdom,CP0942,09.4.2 Cultural services
cpih01,67,2026-02-18T00:00:00.000Z,127.9,Nov-23,Nov-23,K02000001,United Kingdom,CP092,09.2 Other major durables for recreation and culture
cpih01,67,2026-02-18T00:00:00.000Z,129.1,Nov-23,Nov-23,K02000001,United Kingdom,CP06,06 Health
cpih01,67,2026-02-18T00:00:00.000Z,140.4,Nov-23,Nov-23,K02000001,United Kingdom,CP1111,11.1.1 Restaurants and cafes
cpih01,67,2026-02-18T00:00:00.000Z,149.8,Nov-23,Nov-23,K02000001,United Kingdom,CP0724,07.2.4 Other services
cpih01,67,2026-02-18T00:00:00.000Z,151.9,Nov-23,Nov-23,K02000001,United Kingdom,CP0732_0736,07.3.2/6 Passenger transport by road and other services
cpih01,67,2026-02-18T00:00:00.000Z,117.6,Nov-23,Nov-23,K02000001,United Kingdom,CP12,12 Miscellaneous goods and services
cpih01,67,2026-02-18T00:00:00.000Z,114.2,Nov-23,Nov-23,K02000001,United Kingdom,CP052,05.2 Household textiles
cpih01,67,2026-02-18T00:00:00.000Z,140.7,Nov-23,Nov-23,K02000001,United Kingdom,CP02,02 Alcoholic beverages and tobacco
cpih01,67,2026-02-18T00:00:00.000Z,100.7,Nov-23,Nov-23,K02000001,United Kingdom,CP127,12.7 Other services (nec)
cpih01,67,2026-02-18T00:00:00.000Z,120.9,Nov-23,Nov-23,K02000001,United Kingdom,CP0533,05.3.3 Repair of household appliances
cpih01,67,2026-02-18T00:00:00.000Z,155.1,Nov-23,Nov-23,K02000001,United Kingdom,CP0454,04.5.4 Solid fuels
cpih01,67,2026-02-18T00:00:00.000Z,110.4,Nov-23,Nov-23,K02000001,United Kingdom,CP1112,11.1.2 Canteens
cpih01,67,2026-02-18T00:00:00.000Z,108.8,Nov-23,Nov-23,K02000001,United Kingdom,CP0432,04.3.2 Services for maintenance and repair of the dwelling
cpih01,67,2026-02-18T00:00:00.000Z,120.2,Nov-23,Nov-23,K02000001,United Kingdom,CP03,03 Clothing and footwear
cpih01,67,2026-02-18T00:00:00.000Z,135.3,Nov-23,Nov-23,K02000001,United Kingdom,CP012,01.2 Non-alcoholic beverages
cpih01,67,2026-02-18T00:00:00.000Z,121.5,Nov-23,Nov-23,K02000001,United Kingdom,CP0932,09.3.2 Equipment for sport and open-air recreation
cpih01,67,2026-02-18T00:00:00.000Z,122.6,Nov-23,Nov-23,K02000001,United Kingdom,CP071,07.1 Purchase of vehicles
cpih01,67,2026-02-18T00:00:00.000Z,145.5,Nov-23,Nov-23,K02000001,United Kingdom,CP096,09.6 Package holidays
cpih01,67,2026-02-18T00:00:00.000Z,112.9,Nov-23,Nov-23,K02000001,United Kingdom,CP0711N2,07.1.1.2 Second-hand motor cars
cpih01,67,2026-02-18T00:00:00.000Z,135.2,Nov-23,Nov-23,K02000001,United Kingdom,CP0723,07.2.3 Maintenance and repairs
cpih01,67,2026-02-18T00:00:00.000Z,141.1,Nov-23,Nov-23,K02000001,United Kingdom,CP0734,07.3.4 Passenger transport by sea and inland waterway
cpih01,67,2026-02-18T00:00:00.000Z,139.1,Nov-23,Nov-23,K02000001,United Kingdom,CP051,"05.1 Furniture, furnishings and carpets"
cpih01,67,2026-02-18T00:00:00.000Z,80.2,Nov-23,Nov-23,K02000001,United Kingdom,CP0913,09.1.3 Data processing equipment
cpih01,67,2026-02-18T00:00:00.000Z,132.3,Nov-23,Nov-23,K02000001,United Kingdom,CP0431,04.3.1 Materials for maintenance and repair of the dwelling
cpih01,67,2026-02-18T00:00:00.000Z,127.5,Nov-23,Nov-23,K02000001,United Kingdom,CP0213,02.1.3 Beer
cpih01,67,2026-02-18T00:00:00.000Z,128.4,Nov-23,Nov-23,K02000001,United Kingdom,CP062,06.2 Out-patient services
cpih01,67,2026-02-18T00:00:00.000Z,119.5,Nov-23,Nov-23,K02000001,United Kingdom,CP0915,09.1.5 Repair of audio-visual equipment and related products
cpih01,67,2026-02-18T00:00:00.000Z,120.1,Nov-23,Nov-23,K02000001,United Kingdom,CP041,04.1 Actual rentals for housing
cpih01,67,2026-02-18T00:00:00.000Z,123.6,Nov-23,Nov-23,K02000001,United Kingdom,CP0531_0532,05.3.1/2 Major appliances and small electric goods
cpih01,67,2026-02-18T00:00:00.000Z,127.9,Nov-23,Nov-23,K02000001,United Kingdom,CP082_083,08.2/3 Telephone and telefax equipment
cpih01,67,2026-02-18T00:00:00.000Z,118.0,Nov-23,Nov-23,K02000001,United Kingdom,CP021,02.1 Alcoholic beverages
cpih01,67,2026-02-18T00:00:00.000Z,84.8,Nov-23,Nov-23,K02000001,United Kingdom,CP0911,09.1.1 Reception and reproduction of sound and pictures
cpih01,67,2026-02-18T00:00:00.000Z,116.2,Nov-23,Nov-23,K02000001,United Kingdom,CP1212_1213,12.1.2/3 Appliances and products for personal care
cpih01,67,2026-02-18T00:00:00.000Z,139.2,Nov-23,Nov-23,K02000001,United Kingdom,CP0934_0935,"09.3.4/5 Pets, related products and services"
cpih01,67,2026-02-18T00:00:00.000Z,120.6,Nov-23,Nov-23,K02000001,United Kingdom,CP044,04.4 Water supply and miscellaneous services relating to the dwelling
cpih01,67,2026-02-18T00:00:00.000Z,128.2,Nov-23,Nov-23,K02000001,United Kingdom,CP04,"04 Housing, water, electricity, gas and other fuels"
cpih01,67,2026-02-18T00:00:00.000Z,173.7,Nov-23,Nov-23,K02000001,United Kingdom,CP0115,01.1.5 Oils and fats
cpih01,67,2026-02-18T00:00:00.000Z,113.4,Nov-23,Nov-23,K02000001,United Kingdom,CP0612_0613,06.1.2/3 Other medical and therapeutic equipment
cpih01,67,2026-02-18T00:00:00.000Z,118.3,Nov-23,Nov-23,K02000001,United Kingdom,CP0313,03.1.3 Other clothing and clothing accessories
cpih01,67,2026-02-18T00:00:00.000Z,138.2,Nov-23,Nov-23,K02000001,United Kingdom,CP0113,01.1.3 Fish
cpih01,67,2026-02-18T00:00:00.000Z,107.2,Nov-23,Nov-23,K02000001,United Kingdom,CP1232,12.3.2 Other personal effects
cpih01,67,2026-02-18T00:00:00.000Z,134.1,Nov-23,Nov-23,K02000001,United Kingdom,CP1211,12.1.1 Hairdressing and personal grooming establishments
cpih01,67,2026-02-18T00:00:00.000Z,130.0,Nov-23,Nov-23,K02000001,United Kingdom,CP00,Overall Index
cpih01,67,2026-02-18T00:00:00.000Z,116.6,Nov-23,Nov-23,K02000001,United Kingdom,CP0561,05.6.1 Non-durable household goods
cpih01,67,2026-02-18T00:00:00.000Z,147.6,Nov-23,Nov-23,K02000001,United Kingdom,CP112,11.2 Accommodation services
cpih01,67,2026-02-18T00:00:00.000Z,137.5,Nov-23,Nov-23,K02000001,United Kingdom,CP0122,"01.2.2 Mineral waters, soft drinks and juices"
cpih01,67,2026-02-18T00:00:00.000Z,134.8,Nov-23,Nov-23,K02000001,United Kingdom,CP01,01 Food and non-alcoholic beverages
cpih01,67,2026-02-18T00:00:00.000Z,128.9,Nov-23,Nov-23,K02000001,United Kingdom,CP08,08 Communication
cpih01,67,2026-02-18T00:00:00.000Z,137.1,Nov-23,Nov-23,K02000001,United Kingdom,CP072,07.2 Operation of personal transport equipment
cpih01,67,2026-02-18T00:00:00.000Z,133.1,Nov-23,Nov-23,K02000001,United Kingdom,CP1252,12.5.2 House contents insurance
cpih01,67,2026-02-18T00:00:00.000Z,128.7,Nov-23,Nov-23,K02000001,United Kingdom,CP056,05.6 Goods and services for routine maintenance
cpih01,67,2026-02-18T00:00:00.000Z,127.0,Nov-23,Nov-23,K02000001,United Kingdom,CP0112,01.1.2 Meat
cpih01,67,2026-02-18T00:00:00.000Z,113.6,Nov-23,Nov-23,K02000001,United Kingdom,CP0211,02.1.1 Spirits
cpih01,67,2026-02-18T00:00:00.000Z,135.5,Nov-23,Nov-23,K02000001,United Kingdom,CP0111,01.1.1 Bread and cereals
cpih01,67,2026-02-18T00:00:00.000Z,140.8,Nov-23,Nov-23,K02000001,United Kingdom,CP11,11 Restaurants and hotels
cpih01,67,2026-02-18T00:00:00.000Z,133.8,Oct-23,Oct-23,K02000001,United Kingdom,CP0711N1,07.1.1.1 New motor cars
cpih01,67,2026-02-18T00:00:00.000Z,129.6,Oct-23,Oct-23,K02000001,United Kingdom,CP056,05.6 Goods and services for routine maintenance
cpih01,67,2026-02-18T00:00:00.000Z,87.3,Oct-23,Oct-23,K02000001,United Kingdom,CP0911,09.1.1 Reception and reproduction of sound and pictures
cpih01,67,2026-02-18T00:00:00.000Z,129.2,Oct-23,Oct-23,K02000001,United Kingdom,CP0942,09.4.2 Cultural services
cpih01,67,2026-02-18T00:00:00.000Z,138.6,Oct-23,Oct-23,K02000001,United Kingdom,CP111,11.1 Catering services
cpih01,67,2026-02-18T00:00:00.000Z,98.1,Oct-23,Oct-23,K02000001,United Kingdom,CP091,09.1 Audio-visual equipment and related products
cpih01,67,2026-02-18T00:00:00.000Z,137.8,Oct-23,Oct-23,K02000001,United Kingdom,CP0511,05.1.1 Furniture and furnishings
cpih01,67,2026-02-18T00:00:00.000Z,115.3,Oct-23,Oct-23,K02000001,United Kingdom,CP0711N2,07.1.1.2 Second-hand motor cars
cpih01,67,2026-02-18T00:00:00.000Z,121.1,Oct-23,Oct-23,K02000001,United Kingdom,CP0932,09.3.2 Equipment for sport and open-air recreation
cpih01,67,2026-02-18T00:00:00.000Z,126.6,Oct-23,Oct-23,K02000001,United Kingdom,CP0112,01.1.2 Meat
cpih01,67,2026-02-18T00:00:00.000Z,144.7,Oct-23,Oct-23,K02000001,United Kingdom,CP096,09.6 Package holidays
cpih01,67,2026-02-18T00:00:00.000Z,100.5,Oct-23,Oct-23,K02000001,United Kingdom,CP127,12.7 Other services (nec)
cpih01,67,2026-02-18T00:00:00.000Z,146.3,Oct-23,Oct-23,K02000001,United Kingdom,CP063,06.3 Hospital services
cpih01,67,2026-02-18T00:00:00.000Z,157.3,Oct-23,Oct-23,K02000001,United Kingdom,CP0733,07.3.3 Passenger transport by air
cpih01,67,2026-02-18T00:00:00.000Z,122.4,Oct-23,Oct-23,K02000001,United Kingdom,CP0441,04.4.1 Water supply
cpih01,67,2026-02-18T00:00:00.000Z,115.4,Oct-23,Oct-23,K02000001,United Kingdom,CP123,12.3 Personal effects (nec)
cpih01,67,2026-02-18T00:00:00.000Z,196.4,Oct-23,Oct-23,K02000001,United Kingdom,CP1254,12.5.4 Transport insurance
cpih01,67,2026-02-18T00:00:00.000Z,117.4,Oct-23,Oct-23,K02000001,United Kingdom,CP1212_1213,12.1.2/3 Appliances and products for personal care
cpih01,67,2026-02-18T00:00:00.000Z,140.8,Oct-23,Oct-23,K02000001,United Kingdom,CP02,02 Alcoholic beverages and tobacco
cpih01,67,2026-02-18T00:00:00.000Z,131.1,Oct-23,Oct-23,K02000001,United Kingdom,CP0117,01.1.7 Vegetables including potatoes and tubers
cpih01,67,2026-02-18T00:00:00.000Z,80.7,Oct-23,Oct-23,K02000001,United Kingdom,CP0913,09.1.3 Data processing equipment
cpih01,67,2026-02-18T00:00:00.000Z,152.0,Oct-23,Oct-23,K02000001,United Kingdom,CP0119,01.1.9 Food products (nec)
cpih01,67,2026-02-18T00:00:00.000Z,124.0,Oct-23,Oct-23,K02000001,United Kingdom,CP093,"09.3 Other recreational items, gardens and pets"
cpih01,67,2026-02-18T00:00:00.000Z,140.6,Oct-23,Oct-23,K02000001,United Kingdom,CP0722,07.2.2 Fuels and lubricants
cpih01,67,2026-02-18T00:00:00.000Z,118.1,Oct-23,Oct-23,K02000001,United Kingdom,CP021,02.1 Alcoholic beverages
cpih01,67,2026-02-18T00:00:00.000Z,129.1,Oct-23,Oct-23,K02000001,United Kingdom,CP0721,07.2.1 Spare parts and accessories
cpih01,67,2026-02-18T00:00:00.000Z,134.2,Oct-23,Oct-23,K02000001,United Kingdom,CP011,01.1 Food
cpih01,67,2026-02-18T00:00:00.000Z,172.7,Oct-23,Oct-23,K02000001,United Kingdom,CP0952,09.5.2 Newspapers and periodicals
cpih01,67,2026-02-18T00:00:00.000Z,120.8,Oct-23,Oct-23,K02000001,United Kingdom,CP0533,05.3.3 Repair of household appliances
cpih01,67,2026-02-18T00:00:00.000Z,119.0,Oct-23,Oct-23,K02000001,United Kingdom,CP0313,03.1.3 Other clothing and clothing accessories
cpih01,67,2026-02-18T00:00:00.000Z,140.3,Oct-23,Oct-23,K02000001,United Kingdom,CP0314,"03.1.4 Cleaning, repair and hire of clothing"
cpih01,67,2026-02-18T00:00:00.000Z,140.8,Oct-23,Oct-23,K02000001,United Kingdom,CP0114,"01.1.4 Milk, cheese and eggs"
cpih01,67,2026-02-18T00:00:00.000Z,107.9,Oct-23,Oct-23,K02000001,United Kingdom,CP1232,12.3.2 Other personal effects
cpih01,67,2026-02-18T00:00:00.000Z,120.0,Oct-23,Oct-23,K02000001,United Kingdom,CP043,04.3 Regular maintenance and repair of the dwelling
cpih01,67,2026-02-18T00:00:00.000Z,156.0,Oct-23,Oct-23,K02000001,United Kingdom,CP0454,04.5.4 Solid fuels
cpih01,67,2026-02-18T00:00:00.000Z,127.2,Oct-23,Oct-23,K02000001,United Kingdom,CP0531_0532,05.3.1/2 Major appliances and small electric goods
cpih01,67,2026-02-18T00:00:00.000Z,119.3,Oct-23,Oct-23,K02000001,United Kingdom,CP0443,04.4.3 Sewerage collection
cpih01,67,2026-02-18T00:00:00.000Z,140.3,Oct-23,Oct-23,K02000001,United Kingdom,CP11,11 Restaurants and hotels
cpih01,67,2026-02-18T00:00:00.000Z,118.8,Oct-23,Oct-23,K02000001,United Kingdom,CP0915,09.1.5 Repair of audio-visual equipment and related products
cpih01,67,2026-02-18T00:00:00.000Z,201.4,Oct-23,Oct-23,K02000001,United Kingdom,CP0451,04.5.1 Electricity
cpih01,67,2026-02-18T00:00:00.000Z,121.4,Oct-23,Oct-23,K02000001,United Kingdom,CP121,12.1 Personal care
cpih01,67,2026-02-18T00:00:00.000Z,119.7,Oct-23,Oct-23,K02000001,United Kingdom,CP041,04.1 Actual rentals for housing
cpih01,67,2026-02-18T00:00:00.000Z,138.1,Oct-23,Oct-23,K02000001,United Kingdom,CP049,04.9 Council Tax and rates
cpih01,67,2026-02-18T00:00:00.000Z,148.0,Oct-23,Oct-23,K02000001,United Kingdom,CP112,11.2 Accommodation services
cpih01,67,2026-02-18T00:00:00.000Z,138.6,Oct-23,Oct-23,K02000001,United Kingdom,CP0914,09.1.4 Recording media
cpih01,67,2026-02-18T00:00:00.000Z,130.4,Oct-23,Oct-23,K02000001,United Kingdom,CP094,09.4 Recreational and cultural services
cpih01,67,2026-02-18T00:00:00.000Z,137.4,Oct-23,Oct-23,K02000001,United Kingdom,CP0622,06.2.2 Dental services
cpih01,67,2026-02-18T00:00:00.000Z,82.1,Oct-23,Oct-23,K02000001,United Kingdom,CP0912,"09.1.2 Photographic, cinematographic and optical equipment"
cpih01,67,2026-02-18T00:00:00.000Z,183.5,Oct-23,Oct-23,K02000001,United Kingdom,CP045,"04.5 Electricity, gas and other fuels"
cpih01,67,2026-02-18T00:00:00.000Z,151.9,Oct-23,Oct-23,K02000001,United Kingdom,CP073,07.3 Transport services
cpih01,67,2026-02-18T00:00:00.000Z,126.3,Oct-23,Oct-23,K02000001,United Kingdom,CP0933,"09.3.3 Gardens, plants and flowers"
cpih01,67,2026-02-18T00:00:00.000Z,120.6,Oct-23,Oct-23,K02000001,United Kingdom,CP042,04.2 Owner Occupiers Housing Costs
cpih01,67,2026-02-18T00:00:00.000Z,113.0,Oct-23,Oct-23,K02000001,United Kingdom,CP052,05.2 Household textiles
cpih01,67,2026-02-18T00:00:00.000Z,123.3,Oct-23,Oct-23,K02000001,United Kingdom,CP031,03.1 Clothing
cpih01,67,2026-02-18T00:00:00.000Z,153.1,Oct-23,Oct-23,K02000001,United Kingdom,CP1253,12.5.3 Health insurance
cpih01,67,2026-02-18T00:00:00.000Z,147.9,Oct-23,Oct-23,K02000001,United Kingdom,CP0734,07.3.4 Passenger transport by sea and inland waterway
cpih01,67,2026-02-18T00:00:00.000Z,127.7,Oct-23,Oct-23,K02000001,United Kingdom,CP092,09.2 Other major durables for recreation and culture
cpih01,67,2026-02-18T00:00:00.000Z,129.6,Oct-23,Oct-23,K02000001,United Kingdom,CP0611,06.1.1 Pharmaceutical products
cpih01,67,2026-02-18T00:00:00.000Z,139.7,Oct-23,Oct-23,K02000001,United Kingdom,CP0934_0935,"09.3.4/5 Pets, related products and services"
cpih01,67,2026-02-18T00:00:00.000Z,107.3,Oct-23,Oct-23,K02000001,United Kingdom,CP032,03.2 Footwear including repairs
cpih01,67,2026-02-18T00:00:00.000Z,121.4,Oct-23,Oct-23,K02000001,United Kingdom,CP0621_0623,06.2.1/3 Medical services and paramedical services
cpih01,67,2026-02-18T00:00:00.000Z,119.9,Oct-23,Oct-23,K02000001,United Kingdom,CP1231,"12.3.1 Jewellery, clocks and watches"
cpih01,67,2026-02-18T00:00:00.000Z,117.6,Oct-23,Oct-23,K02000001,United Kingdom,CP055,05.5 Tools and equipment for house and garden
cpih01,67,2026-02-18T00:00:00.000Z,127.9,Oct-23,Oct-23,K02000001,United Kingdom,CP04,"04 Housing, water, electricity, gas and other fuels"
cpih01,67,2026-02-18T00:00:00.000Z,129.3,Oct-23,Oct-23,K02000001,United Kingdom,CP082_083,08.2/3 Telephone and telefax equipment
cpih01,67,2026-02-18T00:00:00.000Z,126.0,Oct-23,Oct-23,K02000001,United Kingdom,CP0712_0713,07.1.2/3 Motocycles and bicycles
cpih01,67,2026-02-18T00:00:00.000Z,108.7,Oct-23,Oct-23,K02000001,United Kingdom,CP0432,04.3.2 Services for maintenance and repair of the dwelling
cpih01,67,2026-02-18T00:00:00.000Z,113.7,Oct-23,Oct-23,K02000001,United Kingdom,CP054,"05.4 Glassware, tableware and household utensils"
cpih01,67,2026-02-18T00:00:00.000Z,127.6,Oct-23,Oct-23,K02000001,United Kingdom,CP09,09 Recreation and culture
cpih01,67,2026-02-18T00:00:00.000Z,115.8,Oct-23,Oct-23,K02000001,United Kingdom,CP0212,02.1.2 Wine
cpih01,67,2026-02-18T00:00:00.000Z,169.4,Oct-23,Oct-23,K02000001,United Kingdom,CP125,12.5 Insurance
cpih01,67,2026-02-18T00:00:00.000Z,157.0,Oct-23,Oct-23,K02000001,United Kingdom,CP0452,04.5.2 Gas
cpih01,67,2026-02-18T00:00:00.000Z,129.0,Oct-23,Oct-23,K02000001,United Kingdom,CP06,06 Health
cpih01,67,2026-02-18T00:00:00.000Z,146.8,Oct-23,Oct-23,K02000001,United Kingdom,CP095,"09.5 Books, newspapers and stationery"
cpih01,67,2026-02-18T00:00:00.000Z,173.5,Oct-23,Oct-23,K02000001,United Kingdom,CP0115,01.1.5 Oils and fats
cpih01,67,2026-02-18T00:00:00.000Z,128.2,Oct-23,Oct-23,K02000001,United Kingdom,CP0118,"01.1.8 Sugar, jam, syrups, chocolate and confectionery"
cpih01,67,2026-02-18T00:00:00.000Z,132.2,Oct-23,Oct-23,K02000001,United Kingdom,CP0731,07.3.1 Passenger transport by railway
cpih01,67,2026-02-18T00:00:00.000Z,139.1,Oct-23,Oct-23,K02000001,United Kingdom,CP081,08.1 Postal services
cpih01,67,2026-02-18T00:00:00.000Z,90.1,Oct-23,Oct-23,K02000001,United Kingdom,CP126,12.6 Financial services (nec)
cpih01,67,2026-02-18T00:00:00.000Z,131.4,Oct-23,Oct-23,K02000001,United Kingdom,CP0431,04.3.1 Materials for maintenance and repair of the dwelling
cpih01,67,2026-02-18T00:00:00.000Z,134.7,Oct-23,Oct-23,K02000001,United Kingdom,CP012,01.2 Non-alcoholic beverages
cpih01,67,2026-02-18T00:00:00.000Z,126.3,Oct-23,Oct-23,K02000001,United Kingdom,CP053,"05.3 Household appliances, fitting and repairs"
cpih01,67,2026-02-18T00:00:00.000Z,133.6,Oct-23,Oct-23,K02000001,United Kingdom,CP1211,12.1.1 Hairdressing and personal grooming establishments
cpih01,67,2026-02-18T00:00:00.000Z,114.5,Oct-23,Oct-23,K02000001,United Kingdom,CP0211,02.1.1 Spirits
cpih01,67,2026-02-18T00:00:00.000Z,129.9,Oct-23,Oct-23,K02000001,United Kingdom,CP08,08 Communication
cpih01,67,2026-02-18T00:00:00.000Z,152.4,Oct-23,Oct-23,K02000001,United Kingdom,CP0732_0736,07.3.2/6 Passenger transport by road and other services
cpih01,67,2026-02-18T00:00:00.000Z,146.6,Oct-23,Oct-23,K02000001,United Kingdom,CP0951,09.5.1 Books
cpih01,67,2026-02-18T00:00:00.000Z,126.2,Oct-23,Oct-23,K02000001,United Kingdom,CP0213,02.1.3 Beer
cpih01,67,2026-02-18T00:00:00.000Z,120.6,Oct-23,Oct-23,K02000001,United Kingdom,CP03,03 Clothing and footwear
cpih01,67,2026-02-18T00:00:00.000Z,129.0,Oct-23,Oct-23,K02000001,United Kingdom,CP0121,"01.2.1 Coffee, tea and cocoa"
cpih01,67,2026-02-18T00:00:00.000Z,162.2,Oct-23,Oct-23,K02000001,United Kingdom,CP022,02.2 Tobacco
cpih01,67,2026-02-18T00:00:00.000Z,137.8,Oct-23,Oct-23,K02000001,United Kingdom,CP051,"05.1 Furniture, furnishings and carpets"
cpih01,67,2026-02-18T00:00:00.000Z,117.7,Oct-23,Oct-23,K02000001,United Kingdom,CP12,12 Miscellaneous goods and services
cpih01,67,2026-02-18T00:00:00.000Z,130.3,Oct-23,Oct-23,K02000001,United Kingdom,CP0953_0954,"09.5.3/4 Miscellaneous printed matter, stationery and drawing materials"
cpih01,67,2026-02-18T00:00:00.000Z,123.2,Oct-23,Oct-23,K02000001,United Kingdom,CP0312,03.1.2 Garments
cpih01,67,2026-02-18T00:00:00.000Z,139.7,Oct-23,Oct-23,K02000001,United Kingdom,CP1111,11.1.1 Restaurants and cafes
cpih01,67,2026-02-18T00:00:00.000Z,135.2,Oct-23,Oct-23,K02000001,United Kingdom,CP10,10 Education
cpih01,67,2026-02-18T00:00:00.000Z,135.2,Oct-23,Oct-23,K02000001,United Kingdom,CP124,12.4 Social protection
cpih01,67,2026-02-18T00:00:00.000Z,138.3,Oct-23,Oct-23,K02000001,United Kingdom,CP0512,05.1.2 Carpets and other floor coverings
cpih01,67,2026-02-18T00:00:00.000Z,118.2,Oct-23,Oct-23,K02000001,United Kingdom,CP0561,05.6.1 Non-durable household goods
cpih01,67,2026-02-18T00:00:00.000Z,150.0,Oct-23,Oct-23,K02000001,United Kingdom,CP0724,07.2.4 Other services
cpih01,67,2026-02-18T00:00:00.000Z,129.6,Oct-23,Oct-23,K02000001,United Kingdom,CP0116,01.1.6 Fruit
cpih01,67,2026-02-18T00:00:00.000Z,127.0,Oct-23,Oct-23,K02000001,United Kingdom,CP05,"05 Furniture, household equipment and maintenance"
cpih01,67,2026-02-18T00:00:00.000Z,133.7,Oct-23,Oct-23,K02000001,United Kingdom,CP1252,12.5.2 House contents insurance
cpih01,67,2026-02-18T00:00:00.000Z,136.3,Oct-23,Oct-23,K02000001,United Kingdom,CP0723,07.2.3 Maintenance and repairs
cpih01,67,2026-02-18T00:00:00.000Z,120.6,Oct-23,Oct-23,K02000001,United Kingdom,CP044,04.4 Water supply and miscellaneous services relating to the dwelling
cpih01,67,2026-02-18T00:00:00.000Z,139.0,Oct-23,Oct-23,K02000001,United Kingdom,CP072,07.2 Operation of personal transport equipment
cpih01,67,2026-02-18T00:00:00.000Z,136.8,Oct-23,Oct-23,K02000001,United Kingdom,CP0113,01.1.3 Fish
cpih01,67,2026-02-18T00:00:00.000Z,136.6,Oct-23,Oct-23,K02000001,United Kingdom,CP0111,01.1.1 Bread and cereals
cpih01,67,2026-02-18T00:00:00.000Z,130.2,Oct-23,Oct-23,K02000001,United Kingdom,CP00,Overall Index
cpih01,67,2026-02-18T00:00:00.000Z,124.0,Oct-23,Oct-23,K02000001,United Kingdom,CP071,07.1 Purchase of vehicles
cpih01,67,2026-02-18T00:00:00.000Z,113.1,Oct-23,Oct-23,K02000001,United Kingdom,CP0612_0613,06.1.2/3 Other medical and therapeutic equipment
cpih01,67,2026-02-18T00:00:00.000Z,113.1,Oct-23,Oct-23,K02000001,United Kingdom,CP0931,"09.3.1 Games, toys and hobbies"
cpih01,67,2026-02-18T00:00:00.000Z,127.5,Oct-23,Oct-23,K02000001,United Kingdom,CP0562,05.6.2 Domestic services and household services
cpih01,67,2026-02-18T00:00:00.000Z,134.4,Oct-23,Oct-23,K02000001,United Kingdom,CP01,01 Food and non-alcoholic beverages
cpih01,67,2026-02-18T00:00:00.000Z,110.5,Oct-23,Oct-23,K02000001,United Kingdom,CP1112,11.1.2 Canteens
cpih01,67,2026-02-18T00:00:00.000Z,204.7,Oct-23,Oct-23,K02000001,United Kingdom,CP0453,04.5.3 Liquid fuels
cpih01,67,2026-02-18T00:00:00.000Z,127.8,Oct-23,Oct-23,K02000001,United Kingdom,CP062,06.2 Out-patient services
cpih01,67,2026-02-18T00:00:00.000Z,123.4,Oct-23,Oct-23,K02000001,United Kingdom,CP061,"06.1 Medical products, appliances and equipment"
cpih01,67,2026-02-18T00:00:00.000Z,136.9,Oct-23,Oct-23,K02000001,United Kingdom,CP0122,"01.2.2 Mineral waters, soft drinks and juices"
cpih01,67,2026-02-18T00:00:00.000Z,136.2,Oct-23,Oct-23,K02000001,United Kingdom,CP07,07 Transport
cpih01,67,2026-02-18T00:00:00.000Z,133.5,Oct-23,Oct-23,K02000001,United Kingdom,CP0941,09.4.1 Recreational and sporting services
cpih01,67,2026-02-18T00:00:00.000Z,147.4,Sep-23,Sep-23,K02000001,United Kingdom,CP063,06.3 Hospital services
cpih01,67,2026-02-18T00:00:00.000Z,217.7,Sep-23,Sep-23,K02000001,United Kingdom,CP0451,04.5.1 Electricity
cpih01,67,2026-02-18T00:00:00.000Z,201.4,Sep-23,Sep-23,K02000001,United Kingdom,CP0453,04.5.3 Liquid fuels
cpih01,67,2026-02-18T00:00:00.000Z,133.5,Sep-23,Sep-23,K02000001,United Kingdom,CP1252,12.5.2 House contents insurance
cpih01,67,2026-02-18T00:00:00.000Z,140.5,Sep-23,Sep-23,K02000001,United Kingdom,CP0512,05.1.2 Carpets and other floor coverings
cpih01,67,2026-02-18T00:00:00.000Z,127.0,Sep-23,Sep-23,K02000001,United Kingdom,CP05,"05 Furniture, household equipment and maintenance"
cpih01,67,2026-02-18T00:00:00.000Z,120.9,Sep-23,Sep-23,K02000001,United Kingdom,CP0621_0623,06.2.1/3 Medical services and paramedical services
cpih01,67,2026-02-18T00:00:00.000Z,120.9,Sep-23,Sep-23,K02000001,United Kingdom,CP1231,"12.3.1 Jewellery, clocks and watches"
cpih01,67,2026-02-18T00:00:00.000Z,129.7,Sep-23,Sep-23,K02000001,United Kingdom,CP094,09.4 Recreational and cultural services
cpih01,67,2026-02-18T00:00:00.000Z,127.3,Sep-23,Sep-23,K02000001,United Kingdom,CP0562,05.6.2 Domestic services and household services
cpih01,67,2026-02-18T00:00:00.000Z,145.5,Sep-23,Sep-23,K02000001,United Kingdom,CP095,"09.5 Books, newspapers and stationery"
cpih01,67,2026-02-18T00:00:00.000Z,126.6,Sep-23,Sep-23,K02000001,United Kingdom,CP0116,01.1.6 Fruit
cpih01,67,2026-02-18T00:00:00.000Z,129.0,Sep-23,Sep-23,K02000001,United Kingdom,CP08,08 Communication
cpih01,67,2026-02-18T00:00:00.000Z,134.2,Sep-23,Sep-23,K02000001,United Kingdom,CP011,01.1 Food
cpih01,67,2026-02-18T00:00:00.000Z,119.5,Sep-23,Sep-23,K02000001,United Kingdom,CP03,03 Clothing and footwear
cpih01,67,2026-02-18T00:00:00.000Z,126.6,Sep-23,Sep-23,K02000001,United Kingdom,CP09,09 Recreation and culture
cpih01,67,2026-02-18T00:00:00.000Z,138.1,Sep-23,Sep-23,K02000001,United Kingdom,CP049,04.9 Council Tax and rates
cpih01,67,2026-02-18T00:00:00.000Z,139.1,Sep-23,Sep-23,K02000001,United Kingdom,CP0934_0935,"09.3.4/5 Pets, related products and services"
cpih01,67,2026-02-18T00:00:00.000Z,136.4,Sep-23,Sep-23,K02000001,United Kingdom,CP0113,01.1.3 Fish
cpih01,67,2026-02-18T00:00:00.000Z,131.8,Sep-23,Sep-23,K02000001,United Kingdom,CP0731,07.3.1 Passenger transport by railway
cpih01,67,2026-02-18T00:00:00.000Z,140.5,Sep-23,Sep-23,K02000001,United Kingdom,CP0511,05.1.1 Furniture and furnishings
cpih01,67,2026-02-18T00:00:00.000Z,126.8,Sep-23,Sep-23,K02000001,United Kingdom,CP0112,01.1.2 Meat
cpih01,67,2026-02-18T00:00:00.000Z,128.6,Sep-23,Sep-23,K02000001,United Kingdom,CP0721,07.2.1 Spare parts and accessories
cpih01,67,2026-02-18T00:00:00.000Z,116.8,Sep-23,Sep-23,K02000001,United Kingdom,CP055,05.5 Tools and equipment for house and garden
cpih01,67,2026-02-18T00:00:00.000Z,139.6,Sep-23,Sep-23,K02000001,United Kingdom,CP0314,"03.1.4 Cleaning, repair and hire of clothing"
cpih01,67,2026-02-18T00:00:00.000Z,134.0,Sep-23,Sep-23,K02000001,United Kingdom,CP0941,09.4.1 Recreational and sporting services
cpih01,67,2026-02-18T00:00:00.000Z,112.2,Sep-23,Sep-23,K02000001,United Kingdom,CP0915,09.1.5 Repair of audio-visual equipment and related products
cpih01,67,2026-02-18T00:00:00.000Z,110.9,Sep-23,Sep-23,K02000001,United Kingdom,CP054,"05.4 Glassware, tableware and household utensils"
cpih01,67,2026-02-18T00:00:00.000Z,136.5,Sep-23,Sep-23,K02000001,United Kingdom,CP07,07 Transport
cpih01,67,2026-02-18T00:00:00.000Z,112.2,Sep-23,Sep-23,K02000001,United Kingdom,CP052,05.2 Household textiles
cpih01,67,2026-02-18T00:00:00.000Z,96.3,Sep-23,Sep-23,K02000001,United Kingdom,CP091,09.1 Audio-visual equipment and related products
cpih01,67,2026-02-18T00:00:00.000Z,115.6,Sep-23,Sep-23,K02000001,United Kingdom,CP1212_1213,12.1.2/3 Appliances and products for personal care
cpih01,67,2026-02-18T00:00:00.000Z,133.7,Sep-23,Sep-23,K02000001,United Kingdom,CP012,01.2 Non-alcoholic beverages
cpih01,67,2026-02-18T00:00:00.000Z,120.6,Sep-23,Sep-23,K02000001,United Kingdom,CP044,04.4 Water supply and miscellaneous services relating to the dwelling
cpih01,67,2026-02-18T00:00:00.000Z,174.7,Sep-23,Sep-23,K02000001,United Kingdom,CP0952,09.5.2 Newspapers and periodicals
cpih01,67,2026-02-18T00:00:00.000Z,114.4,Sep-23,Sep-23,K02000001,United Kingdom,CP0211,02.1.1 Spirits
cpih01,67,2026-02-18T00:00:00.000Z,79.1,Sep-23,Sep-23,K02000001,United Kingdom,CP0913,09.1.3 Data processing equipment
cpih01,67,2026-02-18T00:00:00.000Z,82.5,Sep-23,Sep-23,K02000001,United Kingdom,CP0912,"09.1.2 Photographic, cinematographic and optical equipment"
cpih01,67,2026-02-18T00:00:00.000Z,121.9,Sep-23,Sep-23,K02000001,United Kingdom,CP031,03.1 Clothing
cpih01,67,2026-02-18T00:00:00.000Z,128.3,Sep-23,Sep-23,K02000001,United Kingdom,CP04,"04 Housing, water, electricity, gas and other fuels"
cpih01,67,2026-02-18T00:00:00.000Z,136.9,Sep-23,Sep-23,K02000001,United Kingdom,CP0111,01.1.1 Bread and cereals
cpih01,67,2026-02-18T00:00:00.000Z,122.0,Sep-23,Sep-23,K02000001,United Kingdom,CP0312,03.1.2 Garments
cpih01,67,2026-02-18T00:00:00.000Z,119.8,Sep-23,Sep-23,K02000001,United Kingdom,CP042,04.2 Owner Occupiers Housing Costs
cpih01,67,2026-02-18T00:00:00.000Z,134.6,Sep-23,Sep-23,K02000001,United Kingdom,CP124,12.4 Social protection
cpih01,67,2026-02-18T00:00:00.000Z,128.9,Sep-23,Sep-23,K02000001,United Kingdom,CP056,05.6 Goods and services for routine maintenance
cpih01,67,2026-02-18T00:00:00.000Z,129.0,Sep-23,Sep-23,K02000001,United Kingdom,CP0953_0954,"09.5.3/4 Miscellaneous printed matter, stationery and drawing materials"
cpih01,67,2026-02-18T00:00:00.000Z,126.7,Sep-23,Sep-23,K02000001,United Kingdom,CP0121,"01.2.1 Coffee, tea and cocoa"
cpih01,67,2026-02-18T00:00:00.000Z,140.4,Sep-23,Sep-23,K02000001,United Kingdom,CP051,"05.1 Furniture, furnishings and carpets"
cpih01,67,2026-02-18T00:00:00.000Z,124.1,Sep-23,Sep-23,K02000001,United Kingdom,CP0531_0532,05.3.1/2 Major appliances and small electric goods
cpih01,67,2026-02-18T00:00:00.000Z,161.9,Sep-23,Sep-23,K02000001,United Kingdom,CP022,02.2 Tobacco
cpih01,67,2026-02-18T00:00:00.000Z,119.3,Sep-23,Sep-23,K02000001,United Kingdom,CP0443,04.4.3 Sewerage collection
cpih01,67,2026-02-18T00:00:00.000Z,128.9,Sep-23,Sep-23,K02000001,United Kingdom,CP0611,06.1.1 Pharmaceutical products
cpih01,67,2026-02-18T00:00:00.000Z,121.0,Sep-23,Sep-23,K02000001,United Kingdom,CP0932,09.3.2 Equipment for sport and open-air recreation
cpih01,67,2026-02-18T00:00:00.000Z,133.2,Sep-23,Sep-23,K02000001,United Kingdom,CP0711N1,07.1.1.1 New motor cars
cpih01,67,2026-02-18T00:00:00.000Z,125.9,Sep-23,Sep-23,K02000001,United Kingdom,CP071,07.1 Purchase of vehicles
cpih01,67,2026-02-18T00:00:00.000Z,131.7,Sep-23,Sep-23,K02000001,United Kingdom,CP10,10 Education
cpih01,67,2026-02-18T00:00:00.000Z,132.1,Sep-23,Sep-23,K02000001,United Kingdom,CP0117,01.1.7 Vegetables including potatoes and tubers
cpih01,67,2026-02-18T00:00:00.000Z,128.7,Sep-23,Sep-23,K02000001,United Kingdom,CP06,06 Health
cpih01,67,2026-02-18T00:00:00.000Z,108.6,Sep-23,Sep-23,K02000001,United Kingdom,CP0432,04.3.2 Services for maintenance and repair of the dwelling
cpih01,67,2026-02-18T00:00:00.000Z,195.3,Sep-23,Sep-23,K02000001,United Kingdom,CP1254,12.5.4 Transport insurance
cpih01,67,2026-02-18T00:00:00.000Z,113.8,Sep-23,Sep-23,K02000001,United Kingdom,CP0931,"09.3.1 Games, toys and hobbies"
cpih01,67,2026-02-18T00:00:00.000Z,135.9,Sep-23,Sep-23,K02000001,United Kingdom,CP0723,07.2.3 Maintenance and repairs
cpih01,67,2026-02-18T00:00:00.000Z,137.8,Sep-23,Sep-23,K02000001,United Kingdom,CP072,07.2 Operation of personal transport equipment
cpih01,67,2026-02-18T00:00:00.000Z,151.7,Sep-23,Sep-23,K02000001,United Kingdom,CP112,11.2 Accommodation services
cpih01,67,2026-02-18T00:00:00.000Z,118.6,Sep-23,Sep-23,K02000001,United Kingdom,CP021,02.1 Alcoholic beverages
cpih01,67,2026-02-18T00:00:00.000Z,143.1,Sep-23,Sep-23,K02000001,United Kingdom,CP096,09.6 Package holidays
cpih01,67,2026-02-18T00:00:00.000Z,127.5,Sep-23,Sep-23,K02000001,United Kingdom,CP0213,02.1.3 Beer
cpih01,67,2026-02-18T00:00:00.000Z,134.2,Sep-23,Sep-23,K02000001,United Kingdom,CP01,01 Food and non-alcoholic beverages
cpih01,67,2026-02-18T00:00:00.000Z,150.1,Sep-23,Sep-23,K02000001,United Kingdom,CP0724,07.2.4 Other services
cpih01,67,2026-02-18T00:00:00.000Z,119.3,Sep-23,Sep-23,K02000001,United Kingdom,CP041,04.1 Actual rentals for housing
cpih01,67,2026-02-18T00:00:00.000Z,142.8,Sep-23,Sep-23,K02000001,United Kingdom,CP0951,09.5.1 Books
cpih01,67,2026-02-18T00:00:00.000Z,133.4,Sep-23,Sep-23,K02000001,United Kingdom,CP1211,12.1.1 Hairdressing and personal grooming establishments
cpih01,67,2026-02-18T00:00:00.000Z,126.5,Sep-23,Sep-23,K02000001,United Kingdom,CP0933,"09.3.3 Gardens, plants and flowers"
cpih01,67,2026-02-18T00:00:00.000Z,121.0,Sep-23,Sep-23,K02000001,United Kingdom,CP043,04.3 Regular maintenance and repair of the dwelling
cpih01,67,2026-02-18T00:00:00.000Z,123.6,Sep-23,Sep-23,K02000001,United Kingdom,CP053,"05.3 Household appliances, fitting and repairs"
cpih01,67,2026-02-18T00:00:00.000Z,128.8,Sep-23,Sep-23,K02000001,United Kingdom,CP0118,"01.1.8 Sugar, jam, syrups, chocolate and confectionery"
cpih01,67,2026-02-18T00:00:00.000Z,118.8,Sep-23,Sep-23,K02000001,United Kingdom,CP0711N2,07.1.1.2 Second-hand motor cars
cpih01,67,2026-02-18T00:00:00.000Z,87.3,Sep-23,Sep-23,K02000001,United Kingdom,CP0911,09.1.1 Reception and reproduction of sound and pictures
cpih01,67,2026-02-18T00:00:00.000Z,126.1,Sep-23,Sep-23,K02000001,United Kingdom,CP0712_0713,07.1.2/3 Motocycles and bicycles
cpih01,67,2026-02-18T00:00:00.000Z,100.3,Sep-23,Sep-23,K02000001,United Kingdom,CP127,12.7 Other services (nec)
cpih01,67,2026-02-18T00:00:00.000Z,117.3,Sep-23,Sep-23,K02000001,United Kingdom,CP12,12 Miscellaneous goods and services
cpih01,67,2026-02-18T00:00:00.000Z,136.3,Sep-23,Sep-23,K02000001,United Kingdom,CP0122,"01.2.2 Mineral waters, soft drinks and juices"
cpih01,67,2026-02-18T00:00:00.000Z,138.7,Sep-23,Sep-23,K02000001,United Kingdom,CP1111,11.1.1 Restaurants and cafes
cpih01,67,2026-02-18T00:00:00.000Z,116.3,Sep-23,Sep-23,K02000001,United Kingdom,CP123,12.3 Personal effects (nec)
cpih01,67,2026-02-18T00:00:00.000Z,137.6,Sep-23,Sep-23,K02000001,United Kingdom,CP111,11.1 Catering services
cpih01,67,2026-02-18T00:00:00.000Z,151.1,Sep-23,Sep-23,K02000001,United Kingdom,CP0119,01.1.9 Food products (nec)
cpih01,67,2026-02-18T00:00:00.000Z,153.2,Sep-23,Sep-23,K02000001,United Kingdom,CP073,07.3 Transport services
cpih01,67,2026-02-18T00:00:00.000Z,128.4,Sep-23,Sep-23,K02000001,United Kingdom,CP082_083,08.2/3 Telephone and telefax equipment
cpih01,67,2026-02-18T00:00:00.000Z,138.1,Sep-23,Sep-23,K02000001,United Kingdom,CP081,08.1 Postal services
cpih01,67,2026-02-18T00:00:00.000Z,151.4,Sep-23,Sep-23,K02000001,United Kingdom,CP0732_0736,07.3.2/6 Passenger transport by road and other services
cpih01,67,2026-02-18T00:00:00.000Z,128.0,Sep-23,Sep-23,K02000001,United Kingdom,CP0942,09.4.2 Cultural services
cpih01,67,2026-02-18T00:00:00.000Z,122.6,Sep-23,Sep-23,K02000001,United Kingdom,CP061,"06.1 Medical products, appliances and equipment"
cpih01,67,2026-02-18T00:00:00.000Z,90.1,Sep-23,Sep-23,K02000001,United Kingdom,CP126,12.6 Financial services (nec)
cpih01,67,2026-02-18T00:00:00.000Z,130.1,Sep-23,Sep-23,K02000001,United Kingdom,CP00,Overall Index
cpih01,67,2026-02-18T00:00:00.000Z,116.3,Sep-23,Sep-23,K02000001,United Kingdom,CP0212,02.1.2 Wine
cpih01,67,2026-02-18T00:00:00.000Z,120.0,Sep-23,Sep-23,K02000001,United Kingdom,CP121,12.1 Personal care
cpih01,67,2026-02-18T00:00:00.000Z,108.6,Sep-23,Sep-23,K02000001,United Kingdom,CP1232,12.3.2 Other personal effects
cpih01,67,2026-02-18T00:00:00.000Z,166.2,Sep-23,Sep-23,K02000001,United Kingdom,CP0733,07.3.3 Passenger transport by air
cpih01,67,2026-02-18T00:00:00.000Z,124.0,Sep-23,Sep-23,K02000001,United Kingdom,CP093,"09.3 Other recreational items, gardens and pets"
cpih01,67,2026-02-18T00:00:00.000Z,140.3,Sep-23,Sep-23,K02000001,United Kingdom,CP11,11 Restaurants and hotels
cpih01,67,2026-02-18T00:00:00.000Z,168.9,Sep-23,Sep-23,K02000001,United Kingdom,CP0452,04.5.2 Gas
cpih01,67,2026-02-18T00:00:00.000Z,116.3,Sep-23,Sep-23,K02000001,United Kingdom,CP0313,03.1.3 Other clothing and clothing accessories
cpih01,67,2026-02-18T00:00:00.000Z,152.2,Sep-23,Sep-23,K02000001,United Kingdom,CP0734,07.3.4 Passenger transport by sea and inland waterway
cpih01,67,2026-02-18T00:00:00.000Z,169.0,Sep-23,Sep-23,K02000001,United Kingdom,CP125,12.5 Insurance
cpih01,67,2026-02-18T00:00:00.000Z,126.2,Sep-23,Sep-23,K02000001,United Kingdom,CP092,09.2 Other major durables for recreation and culture
cpih01,67,2026-02-18T00:00:00.000Z,168.8,Sep-23,Sep-23,K02000001,United Kingdom,CP0115,01.1.5 Oils and fats
cpih01,67,2026-02-18T00:00:00.000Z,112.3,Sep-23,Sep-23,K02000001,United Kingdom,CP0612_0613,06.1.2/3 Other medical and therapeutic equipment
cpih01,67,2026-02-18T00:00:00.000Z,133.9,Sep-23,Sep-23,K02000001,United Kingdom,CP0431,04.3.1 Materials for maintenance and repair of the dwelling
cpih01,67,2026-02-18T00:00:00.000Z,110.2,Sep-23,Sep-23,K02000001,United Kingdom,CP1112,11.1.2 Canteens
cpih01,67,2026-02-18T00:00:00.000Z,122.4,Sep-23,Sep-23,K02000001,United Kingdom,CP0441,04.4.1 Water supply
cpih01,67,2026-02-18T00:00:00.000Z,137.1,Sep-23,Sep-23,K02000001,United Kingdom,CP0622,06.2.2 Dental services
cpih01,67,2026-02-18T00:00:00.000Z,134.0,Sep-23,Sep-23,K02000001,United Kingdom,CP0914,09.1.4 Recording media
cpih01,67,2026-02-18T00:00:00.000Z,120.7,Sep-23,Sep-23,K02000001,United Kingdom,CP0533,05.3.3 Repair of household appliances
cpih01,67,2026-02-18T00:00:00.000Z,197.1,Sep-23,Sep-23,K02000001,United Kingdom,CP045,"04.5 Electricity, gas and other fuels"
cpih01,67,2026-02-18T00:00:00.000Z,138.2,Sep-23,Sep-23,K02000001,United Kingdom,CP0722,07.2.2 Fuels and lubricants
cpih01,67,2026-02-18T00:00:00.000Z,107.3,Sep-23,Sep-23,K02000001,United Kingdom,CP032,03.2 Footwear including repairs
cpih01,67,2026-02-18T00:00:00.000Z,141.4,Sep-23,Sep-23,K02000001,United Kingdom,CP0114,"01.1.4 Milk, cheese and eggs"
cpih01,67,2026-02-18T00:00:00.000Z,141.0,Sep-23,Sep-23,K02000001,United Kingdom,CP02,02 Alcoholic beverages and tobacco
cpih01,67,2026-02-18T00:00:00.000Z,127.4,Sep-23,Sep-23,K02000001,United Kingdom,CP062,06.2 Out-patient services
cpih01,67,2026-02-18T00:00:00.000Z,158.5,Sep-23,Sep-23,K02000001,United Kingdom,CP0454,04.5.4 Solid fuels
cpih01,67,2026-02-18T00:00:00.000Z,117.3,Sep-23,Sep-23,K02000001,United Kingdom,CP0561,05.6.1 Non-durable household goods
cpih01,67,2026-02-18T00:00:00.000Z,153.1,Sep-23,Sep-23,K02000001,United Kingdom,CP1253,12.5.3 Health insurance
cpih01,67,2026-02-18T00:00:00.000Z,106.5,Aug-23,Aug-23,K02000001,United Kingdom,CP1232,12.3.2 Other personal effects
cpih01,67,2026-02-18T00:00:00.000Z,125.9,Aug-23,Aug-23,K02000001,United Kingdom,CP071,07.1 Purchase of vehicles
cpih01,67,2026-02-18T00:00:00.000Z,115.5,Aug-23,Aug-23,K02000001,United Kingdom,CP1212_1213,12.1.2/3 Appliances and products for personal care
cpih01,67,2026-02-18T00:00:00.000Z,81.3,Aug-23,Aug-23,K02000001,United Kingdom,CP0913,09.1.3 Data processing equipment
cpih01,67,2026-02-18T00:00:00.000Z,118.8,Aug-23,Aug-23,K02000001,United Kingdom,CP041,04.1 Actual rentals for housing
cpih01,67,2026-02-18T00:00:00.000Z,116.4,Aug-23,Aug-23,K02000001,United Kingdom,CP123,12.3 Personal effects (nec)
cpih01,67,2026-02-18T00:00:00.000Z,163.5,Aug-23,Aug-23,K02000001,United Kingdom,CP073,07.3 Transport services
cpih01,67,2026-02-18T00:00:00.000Z,174.0,Aug-23,Aug-23,K02000001,United Kingdom,CP0952,09.5.2 Newspapers and periodicals
cpih01,67,2026-02-18T00:00:00.000Z,126.6,Aug-23,Aug-23,K02000001,United Kingdom,CP0112,01.1.2 Meat
cpih01,67,2026-02-18T00:00:00.000Z,127.4,Aug-23,Aug-23,K02000001,United Kingdom,CP0611,06.1.1 Pharmaceutical products
cpih01,67,2026-02-18T00:00:00.000Z,128.0,Aug-23,Aug-23,K02000001,United Kingdom,CP06,06 Health
cpih01,67,2026-02-18T00:00:00.000Z,149.9,Aug-23,Aug-23,K02000001,United Kingdom,CP0724,07.2.4 Other services
cpih01,67,2026-02-18T00:00:00.000Z,136.0,Aug-23,Aug-23,K02000001,United Kingdom,CP012,01.2 Non-alcoholic beverages
cpih01,67,2026-02-18T00:00:00.000Z,110.1,Aug-23,Aug-23,K02000001,United Kingdom,CP0915,09.1.5 Repair of audio-visual equipment and related products
cpih01,67,2026-02-18T00:00:00.000Z,131.0,Aug-23,Aug-23,K02000001,United Kingdom,CP0117,01.1.7 Vegetables including potatoes and tubers
cpih01,67,2026-02-18T00:00:00.000Z,128.9,Aug-23,Aug-23,K02000001,United Kingdom,CP0118,"01.1.8 Sugar, jam, syrups, chocolate and confectionery"
cpih01,67,2026-02-18T00:00:00.000Z,137.2,Aug-23,Aug-23,K02000001,United Kingdom,CP0622,06.2.2 Dental services
cpih01,67,2026-02-18T00:00:00.000Z,167.8,Aug-23,Aug-23,K02000001,United Kingdom,CP0115,01.1.5 Oils and fats
cpih01,67,2026-02-18T00:00:00.000Z,131.5,Aug-23,Aug-23,K02000001,United Kingdom,CP0941,09.4.1 Recreational and sporting services
cpih01,67,2026-02-18T00:00:00.000Z,167.8,Aug-23,Aug-23,K02000001,United Kingdom,CP125,12.5 Insurance
cpih01,67,2026-02-18T00:00:00.000Z,82.0,Aug-23,Aug-23,K02000001,United Kingdom,CP0912,"09.1.2 Photographic, cinematographic and optical equipment"
cpih01,67,2026-02-18T00:00:00.000Z,139.1,Aug-23,Aug-23,K02000001,United Kingdom,CP11,11 Restaurants and hotels
cpih01,67,2026-02-18T00:00:00.000Z,122.4,Aug-23,Aug-23,K02000001,United Kingdom,CP0441,04.4.1 Water supply
cpih01,67,2026-02-18T00:00:00.000Z,121.3,Aug-23,Aug-23,K02000001,United Kingdom,CP061,"06.1 Medical products, appliances and equipment"
cpih01,67,2026-02-18T00:00:00.000Z,112.6,Aug-23,Aug-23,K02000001,United Kingdom,CP052,05.2 Household textiles
cpih01,67,2026-02-18T00:00:00.000Z,120.5,Aug-23,Aug-23,K02000001,United Kingdom,CP0533,05.3.3 Repair of household appliances
cpih01,67,2026-02-18T00:00:00.000Z,196.7,Aug-23,Aug-23,K02000001,United Kingdom,CP045,"04.5 Electricity, gas and other fuels"
cpih01,67,2026-02-18T00:00:00.000Z,126.1,Aug-23,Aug-23,K02000001,United Kingdom,CP092,09.2 Other major durables for recreation and culture
cpih01,67,2026-02-18T00:00:00.000Z,112.6,Aug-23,Aug-23,K02000001,United Kingdom,CP054,"05.4 Glassware, tableware and household utensils"
cpih01,67,2026-02-18T00:00:00.000Z,111.4,Aug-23,Aug-23,K02000001,United Kingdom,CP0612_0613,06.1.2/3 Other medical and therapeutic equipment
cpih01,67,2026-02-18T00:00:00.000Z,128.4,Aug-23,Aug-23,K02000001,United Kingdom,CP094,09.4 Recreational and cultural services
cpih01,67,2026-02-18T00:00:00.000Z,134.8,Aug-23,Aug-23,K02000001,United Kingdom,CP072,07.2 Operation of personal transport equipment
cpih01,67,2026-02-18T00:00:00.000Z,136.8,Aug-23,Aug-23,K02000001,United Kingdom,CP07,07 Transport
cpih01,67,2026-02-18T00:00:00.000Z,138.0,Aug-23,Aug-23,K02000001,United Kingdom,CP051,"05.1 Furniture, furnishings and carpets"
cpih01,67,2026-02-18T00:00:00.000Z,158.6,Aug-23,Aug-23,K02000001,United Kingdom,CP0454,04.5.4 Solid fuels
cpih01,67,2026-02-18T00:00:00.000Z,134.1,Aug-23,Aug-23,K02000001,United Kingdom,CP011,01.1 Food
cpih01,67,2026-02-18T00:00:00.000Z,138.1,Aug-23,Aug-23,K02000001,United Kingdom,CP049,04.9 Council Tax and rates
cpih01,67,2026-02-18T00:00:00.000Z,132.5,Aug-23,Aug-23,K02000001,United Kingdom,CP0731,07.3.1 Passenger transport by railway
cpih01,67,2026-02-18T00:00:00.000Z,112.9,Aug-23,Aug-23,K02000001,United Kingdom,CP0211,02.1.1 Spirits
cpih01,67,2026-02-18T00:00:00.000Z,118.2,Aug-23,Aug-23,K02000001,United Kingdom,CP0312,03.1.2 Garments
cpih01,67,2026-02-18T00:00:00.000Z,123.3,Aug-23,Aug-23,K02000001,United Kingdom,CP093,"09.3 Other recreational items, gardens and pets"
cpih01,67,2026-02-18T00:00:00.000Z,168.9,Aug-23,Aug-23,K02000001,United Kingdom,CP0452,04.5.2 Gas
cpih01,67,2026-02-18T00:00:00.000Z,125.8,Aug-23,Aug-23,K02000001,United Kingdom,CP09,09 Recreation and culture
cpih01,67,2026-02-18T00:00:00.000Z,143.7,Aug-23,Aug-23,K02000001,United Kingdom,CP0114,"01.1.4 Milk, cheese and eggs"
cpih01,67,2026-02-18T00:00:00.000Z,127.8,Aug-23,Aug-23,K02000001,United Kingdom,CP04,"04 Housing, water, electricity, gas and other fuels"
cpih01,67,2026-02-18T00:00:00.000Z,126.8,Aug-23,Aug-23,K02000001,United Kingdom,CP05,"05 Furniture, household equipment and maintenance"
cpih01,67,2026-02-18T00:00:00.000Z,116.7,Aug-23,Aug-23,K02000001,United Kingdom,CP055,05.5 Tools and equipment for house and garden
cpih01,67,2026-02-18T00:00:00.000Z,127.3,Aug-23,Aug-23,K02000001,United Kingdom,CP062,06.2 Out-patient services
cpih01,67,2026-02-18T00:00:00.000Z,112.8,Aug-23,Aug-23,K02000001,United Kingdom,CP0313,03.1.3 Other clothing and clothing accessories
cpih01,67,2026-02-18T00:00:00.000Z,125.5,Aug-23,Aug-23,K02000001,United Kingdom,CP053,"05.3 Household appliances, fitting and repairs"
cpih01,67,2026-02-18T00:00:00.000Z,139.6,Aug-23,Aug-23,K02000001,United Kingdom,CP0934_0935,"09.3.4/5 Pets, related products and services"
cpih01,67,2026-02-18T00:00:00.000Z,128.8,Aug-23,Aug-23,K02000001,United Kingdom,CP0121,"01.2.1 Coffee, tea and cocoa"
cpih01,67,2026-02-18T00:00:00.000Z,134.5,Aug-23,Aug-23,K02000001,United Kingdom,CP124,12.4 Social protection
cpih01,67,2026-02-18T00:00:00.000Z,139.6,Aug-23,Aug-23,K02000001,United Kingdom,CP02,02 Alcoholic beverages and tobacco
cpih01,67,2026-02-18T00:00:00.000Z,127.2,Aug-23,Aug-23,K02000001,United Kingdom,CP0942,09.4.2 Cultural services
cpih01,67,2026-02-18T00:00:00.000Z,151.1,Aug-23,Aug-23,K02000001,United Kingdom,CP0732_0736,07.3.2/6 Passenger transport by road and other services
cpih01,67,2026-02-18T00:00:00.000Z,129.4,Aug-23,Aug-23,K02000001,United Kingdom,CP00,Overall Index
cpih01,67,2026-02-18T00:00:00.000Z,127.2,Aug-23,Aug-23,K02000001,United Kingdom,CP0562,05.6.2 Domestic services and household services
cpih01,67,2026-02-18T00:00:00.000Z,127.2,Aug-23,Aug-23,K02000001,United Kingdom,CP0933,"09.3.3 Gardens, plants and flowers"
cpih01,67,2026-02-18T00:00:00.000Z,147.3,Aug-23,Aug-23,K02000001,United Kingdom,CP063,06.3 Hospital services
cpih01,67,2026-02-18T00:00:00.000Z,121.6,Aug-23,Aug-23,K02000001,United Kingdom,CP1231,"12.3.1 Jewellery, clocks and watches"
cpih01,67,2026-02-18T00:00:00.000Z,126.0,Aug-23,Aug-23,K02000001,United Kingdom,CP0712_0713,07.1.2/3 Motocycles and bicycles
cpih01,67,2026-02-18T00:00:00.000Z,100.1,Aug-23,Aug-23,K02000001,United Kingdom,CP127,12.7 Other services (nec)
cpih01,67,2026-02-18T00:00:00.000Z,121.6,Aug-23,Aug-23,K02000001,United Kingdom,CP1112,11.1.2 Canteens
cpih01,67,2026-02-18T00:00:00.000Z,118.9,Aug-23,Aug-23,K02000001,United Kingdom,CP0711N2,07.1.1.2 Second-hand motor cars
cpih01,67,2026-02-18T00:00:00.000Z,150.7,Aug-23,Aug-23,K02000001,United Kingdom,CP0119,01.1.9 Food products (nec)
cpih01,67,2026-02-18T00:00:00.000Z,133.3,Aug-23,Aug-23,K02000001,United Kingdom,CP0711N1,07.1.1.1 New motor cars
cpih01,67,2026-02-18T00:00:00.000Z,105.7,Aug-23,Aug-23,K02000001,United Kingdom,CP032,03.2 Footwear including repairs
cpih01,67,2026-02-18T00:00:00.000Z,117.1,Aug-23,Aug-23,K02000001,United Kingdom,CP12,12 Miscellaneous goods and services
cpih01,67,2026-02-18T00:00:00.000Z,136.6,Aug-23,Aug-23,K02000001,United Kingdom,CP0111,01.1.1 Bread and cereals
cpih01,67,2026-02-18T00:00:00.000Z,138.3,Aug-23,Aug-23,K02000001,United Kingdom,CP0511,05.1.1 Furniture and furnishings
cpih01,67,2026-02-18T00:00:00.000Z,120.6,Aug-23,Aug-23,K02000001,United Kingdom,CP044,04.4 Water supply and miscellaneous services relating to the dwelling
cpih01,67,2026-02-18T00:00:00.000Z,120.2,Aug-23,Aug-23,K02000001,United Kingdom,CP0932,09.3.2 Equipment for sport and open-air recreation
cpih01,67,2026-02-18T00:00:00.000Z,146.7,Aug-23,Aug-23,K02000001,United Kingdom,CP112,11.2 Accommodation services
cpih01,67,2026-02-18T00:00:00.000Z,143.6,Aug-23,Aug-23,K02000001,United Kingdom,CP095,"09.5 Books, newspapers and stationery"
cpih01,67,2026-02-18T00:00:00.000Z,126.3,Aug-23,Aug-23,K02000001,United Kingdom,CP0531_0532,05.3.1/2 Major appliances and small electric goods
cpih01,67,2026-02-18T00:00:00.000Z,139.1,Aug-23,Aug-23,K02000001,United Kingdom,CP0314,"03.1.4 Cleaning, repair and hire of clothing"
cpih01,67,2026-02-18T00:00:00.000Z,111.2,Aug-23,Aug-23,K02000001,United Kingdom,CP0931,"09.3.1 Games, toys and hobbies"
cpih01,67,2026-02-18T00:00:00.000Z,87.5,Aug-23,Aug-23,K02000001,United Kingdom,CP0911,09.1.1 Reception and reproduction of sound and pictures
cpih01,67,2026-02-18T00:00:00.000Z,139.0,Aug-23,Aug-23,K02000001,United Kingdom,CP0951,09.5.1 Books
cpih01,67,2026-02-18T00:00:00.000Z,116.2,Aug-23,Aug-23,K02000001,United Kingdom,CP03,03 Clothing and footwear
cpih01,67,2026-02-18T00:00:00.000Z,119.2,Aug-23,Aug-23,K02000001,United Kingdom,CP042,04.2 Owner Occupiers Housing Costs
cpih01,67,2026-02-18T00:00:00.000Z,138.7,Aug-23,Aug-23,K02000001,United Kingdom,CP0122,"01.2.2 Mineral waters, soft drinks and juices"
cpih01,67,2026-02-18T00:00:00.000Z,118.2,Aug-23,Aug-23,K02000001,United Kingdom,CP031,03.1 Clothing
cpih01,67,2026-02-18T00:00:00.000Z,137.4,Aug-23,Aug-23,K02000001,United Kingdom,CP111,11.1 Catering services
cpih01,67,2026-02-18T00:00:00.000Z,119.8,Aug-23,Aug-23,K02000001,United Kingdom,CP121,12.1 Personal care
cpih01,67,2026-02-18T00:00:00.000Z,186.7,Aug-23,Aug-23,K02000001,United Kingdom,CP0453,04.5.3 Liquid fuels
cpih01,67,2026-02-18T00:00:00.000Z,138.2,Aug-23,Aug-23,K02000001,United Kingdom,CP1111,11.1.1 Restaurants and cafes
cpih01,67,2026-02-18T00:00:00.000Z,136.3,Aug-23,Aug-23,K02000001,United Kingdom,CP0914,09.1.4 Recording media
cpih01,67,2026-02-18T00:00:00.000Z,138.1,Aug-23,Aug-23,K02000001,United Kingdom,CP081,08.1 Postal services
cpih01,67,2026-02-18T00:00:00.000Z,133.4,Aug-23,Aug-23,K02000001,United Kingdom,CP1252,12.5.2 House contents insurance
cpih01,67,2026-02-18T00:00:00.000Z,132.5,Aug-23,Aug-23,K02000001,United Kingdom,CP0431,04.3.1 Materials for maintenance and repair of the dwelling
cpih01,67,2026-02-18T00:00:00.000Z,133.0,Aug-23,Aug-23,K02000001,United Kingdom,CP1211,12.1.1 Hairdressing and personal grooming establishments
cpih01,67,2026-02-18T00:00:00.000Z,129.4,Aug-23,Aug-23,K02000001,United Kingdom,CP10,10 Education
cpih01,67,2026-02-18T00:00:00.000Z,137.3,Aug-23,Aug-23,K02000001,United Kingdom,CP0512,05.1.2 Carpets and other floor coverings
cpih01,67,2026-02-18T00:00:00.000Z,153.1,Aug-23,Aug-23,K02000001,United Kingdom,CP1253,12.5.3 Health insurance
cpih01,67,2026-02-18T00:00:00.000Z,217.7,Aug-23,Aug-23,K02000001,United Kingdom,CP0451,04.5.1 Electricity
cpih01,67,2026-02-18T00:00:00.000Z,191.9,Aug-23,Aug-23,K02000001,United Kingdom,CP1254,12.5.4 Transport insurance
cpih01,67,2026-02-18T00:00:00.000Z,120.7,Aug-23,Aug-23,K02000001,United Kingdom,CP0621_0623,06.2.1/3 Medical services and paramedical services
cpih01,67,2026-02-18T00:00:00.000Z,120.3,Aug-23,Aug-23,K02000001,United Kingdom,CP043,04.3 Regular maintenance and repair of the dwelling
cpih01,67,2026-02-18T00:00:00.000Z,128.4,Aug-23,Aug-23,K02000001,United Kingdom,CP082_083,08.2/3 Telephone and telefax equipment
cpih01,67,2026-02-18T00:00:00.000Z,90.2,Aug-23,Aug-23,K02000001,United Kingdom,CP126,12.6 Financial services (nec)
cpih01,67,2026-02-18T00:00:00.000Z,216.5,Aug-23,Aug-23,K02000001,United Kingdom,CP0733,07.3.3 Passenger transport by air
cpih01,67,2026-02-18T00:00:00.000Z,173.1,Aug-23,Aug-23,K02000001,United Kingdom,CP0734,07.3.4 Passenger transport by sea and inland waterway
cpih01,67,2026-02-18T00:00:00.000Z,126.1,Aug-23,Aug-23,K02000001,United Kingdom,CP0213,02.1.3 Beer
cpih01,67,2026-02-18T00:00:00.000Z,128.0,Aug-23,Aug-23,K02000001,United Kingdom,CP0953_0954,"09.5.3/4 Miscellaneous printed matter, stationery and drawing materials"
cpih01,67,2026-02-18T00:00:00.000Z,97.3,Aug-23,Aug-23,K02000001,United Kingdom,CP091,09.1 Audio-visual equipment and related products
cpih01,67,2026-02-18T00:00:00.000Z,132.7,Aug-23,Aug-23,K02000001,United Kingdom,CP0723,07.2.3 Maintenance and repairs
cpih01,67,2026-02-18T00:00:00.000Z,135.5,Aug-23,Aug-23,K02000001,United Kingdom,CP0113,01.1.3 Fish
cpih01,67,2026-02-18T00:00:00.000Z,119.3,Aug-23,Aug-23,K02000001,United Kingdom,CP0443,04.4.3 Sewerage collection
cpih01,67,2026-02-18T00:00:00.000Z,141.5,Aug-23,Aug-23,K02000001,United Kingdom,CP096,09.6 Package holidays
cpih01,67,2026-02-18T00:00:00.000Z,108.5,Aug-23,Aug-23,K02000001,United Kingdom,CP0432,04.3.2 Services for maintenance and repair of the dwelling
cpih01,67,2026-02-18T00:00:00.000Z,133.3,Aug-23,Aug-23,K02000001,United Kingdom,CP0722,07.2.2 Fuels and lubricants
cpih01,67,2026-02-18T00:00:00.000Z,130.1,Aug-23,Aug-23,K02000001,United Kingdom,CP056,05.6 Goods and services for routine maintenance
cpih01,67,2026-02-18T00:00:00.000Z,134.4,Aug-23,Aug-23,K02000001,United Kingdom,CP01,01 Food and non-alcoholic beverages
cpih01,67,2026-02-18T00:00:00.000Z,127.1,Aug-23,Aug-23,K02000001,United Kingdom,CP0116,01.1.6 Fruit
cpih01,67,2026-02-18T00:00:00.000Z,161.7,Aug-23,Aug-23,K02000001,United Kingdom,CP022,02.2 Tobacco
cpih01,67,2026-02-18T00:00:00.000Z,128.3,Aug-23,Aug-23,K02000001,United Kingdom,CP0721,07.2.1 Spare parts and accessories
cpih01,67,2026-02-18T00:00:00.000Z,113.4,Aug-23,Aug-23,K02000001,United Kingdom,CP0212,02.1.2 Wine
cpih01,67,2026-02-18T00:00:00.000Z,116.5,Aug-23,Aug-23,K02000001,United Kingdom,CP021,02.1 Alcoholic beverages
cpih01,67,2026-02-18T00:00:00.000Z,129.0,Aug-23,Aug-23,K02000001,United Kingdom,CP08,08 Communication
cpih01,67,2026-02-18T00:00:00.000Z,119.0,Aug-23,Aug-23,K02000001,United Kingdom,CP0561,05.6.1 Non-durable household goods
cpih01,67,2026-02-18T00:00:00.000Z,128.5,Jul-23,Jul-23,K02000001,United Kingdom,CP0722,07.2.2 Fuels and lubricants
cpih01,67,2026-02-18T00:00:00.000Z,133.8,Jul-23,Jul-23,K02000001,United Kingdom,CP011,01.1 Food
cpih01,67,2026-02-18T00:00:00.000Z,196.0,Jul-23,Jul-23,K02000001,United Kingdom,CP045,"04.5 Electricity, gas and other fuels"
cpih01,67,2026-02-18T00:00:00.000Z,121.2,Jul-23,Jul-23,K02000001,United Kingdom,CP0932,09.3.2 Equipment for sport and open-air recreation
cpih01,67,2026-02-18T00:00:00.000Z,128.3,Jul-23,Jul-23,K02000001,United Kingdom,CP0721,07.2.1 Spare parts and accessories
cpih01,67,2026-02-18T00:00:00.000Z,129.0,Jul-23,Jul-23,K02000001,United Kingdom,CP00,Overall Index
cpih01,67,2026-02-18T00:00:00.000Z,133.9,Jul-23,Jul-23,K02000001,United Kingdom,CP01,01 Food and non-alcoholic beverages
cpih01,67,2026-02-18T00:00:00.000Z,138.2,Jul-23,Jul-23,K02000001,United Kingdom,CP0951,09.5.1 Books
cpih01,67,2026-02-18T00:00:00.000Z,138.1,Jul-23,Jul-23,K02000001,United Kingdom,CP049,04.9 Council Tax and rates
cpih01,67,2026-02-18T00:00:00.000Z,136.3,Jul-23,Jul-23,K02000001,United Kingdom,CP111,11.1 Catering services
cpih01,67,2026-02-18T00:00:00.000Z,168.9,Jul-23,Jul-23,K02000001,United Kingdom,CP0452,04.5.2 Gas
cpih01,67,2026-02-18T00:00:00.000Z,116.4,Jul-23,Jul-23,K02000001,United Kingdom,CP0312,03.1.2 Garments
cpih01,67,2026-02-18T00:00:00.000Z,139.3,Jul-23,Jul-23,K02000001,United Kingdom,CP11,11 Restaurants and hotels
cpih01,67,2026-02-18T00:00:00.000Z,127.4,Jul-23,Jul-23,K02000001,United Kingdom,CP0531_0532,05.3.1/2 Major appliances and small electric goods
cpih01,67,2026-02-18T00:00:00.000Z,126.2,Jul-23,Jul-23,K02000001,United Kingdom,CP092,09.2 Other major durables for recreation and culture
cpih01,67,2026-02-18T00:00:00.000Z,126.4,Jul-23,Jul-23,K02000001,United Kingdom,CP053,"05.3 Household appliances, fitting and repairs"
cpih01,67,2026-02-18T00:00:00.000Z,149.5,Jul-23,Jul-23,K02000001,United Kingdom,CP0119,01.1.9 Food products (nec)
cpih01,67,2026-02-18T00:00:00.000Z,139.5,Jul-23,Jul-23,K02000001,United Kingdom,CP096,09.6 Package holidays
cpih01,67,2026-02-18T00:00:00.000Z,137.5,Jul-23,Jul-23,K02000001,United Kingdom,CP051,"05.1 Furniture, furnishings and carpets"
cpih01,67,2026-02-18T00:00:00.000Z,157.9,Jul-23,Jul-23,K02000001,United Kingdom,CP0454,04.5.4 Solid fuels
cpih01,67,2026-02-18T00:00:00.000Z,111.3,Jul-23,Jul-23,K02000001,United Kingdom,CP052,05.2 Household textiles
cpih01,67,2026-02-18T00:00:00.000Z,79.3,Jul-23,Jul-23,K02000001,United Kingdom,CP0913,09.1.3 Data processing equipment
cpih01,67,2026-02-18T00:00:00.000Z,132.9,Jul-23,Jul-23,K02000001,United Kingdom,CP072,07.2 Operation of personal transport equipment
cpih01,67,2026-02-18T00:00:00.000Z,129.4,Jul-23,Jul-23,K02000001,United Kingdom,CP0942,09.4.2 Cultural services
cpih01,67,2026-02-18T00:00:00.000Z,142.1,Jul-23,Jul-23,K02000001,United Kingdom,CP0114,"01.1.4 Milk, cheese and eggs"
cpih01,67,2026-02-18T00:00:00.000Z,133.5,Jul-23,Jul-23,K02000001,United Kingdom,CP1252,12.5.2 House contents insurance
cpih01,67,2026-02-18T00:00:00.000Z,123.5,Jul-23,Jul-23,K02000001,United Kingdom,CP093,"09.3 Other recreational items, gardens and pets"
cpih01,67,2026-02-18T00:00:00.000Z,110.9,Jul-23,Jul-23,K02000001,United Kingdom,CP0212,02.1.2 Wine
cpih01,67,2026-02-18T00:00:00.000Z,129.4,Jul-23,Jul-23,K02000001,United Kingdom,CP10,10 Education
cpih01,67,2026-02-18T00:00:00.000Z,126.5,Jul-23,Jul-23,K02000001,United Kingdom,CP05,"05 Furniture, household equipment and maintenance"
cpih01,67,2026-02-18T00:00:00.000Z,137.2,Jul-23,Jul-23,K02000001,United Kingdom,CP0122,"01.2.2 Mineral waters, soft drinks and juices"
cpih01,67,2026-02-18T00:00:00.000Z,82.2,Jul-23,Jul-23,K02000001,United Kingdom,CP0912,"09.1.2 Photographic, cinematographic and optical equipment"
cpih01,67,2026-02-18T00:00:00.000Z,132.4,Jul-23,Jul-23,K02000001,United Kingdom,CP0731,07.3.1 Passenger transport by railway
cpih01,67,2026-02-18T00:00:00.000Z,221.2,Jul-23,Jul-23,K02000001,United Kingdom,CP0733,07.3.3 Passenger transport by air
cpih01,67,2026-02-18T00:00:00.000Z,150.7,Jul-23,Jul-23,K02000001,United Kingdom,CP0732_0736,07.3.2/6 Passenger transport by road and other services
cpih01,67,2026-02-18T00:00:00.000Z,99.8,Jul-23,Jul-23,K02000001,United Kingdom,CP127,12.7 Other services (nec)
cpih01,67,2026-02-18T00:00:00.000Z,108.5,Jul-23,Jul-23,K02000001,United Kingdom,CP0432,04.3.2 Services for maintenance and repair of the dwelling
cpih01,67,2026-02-18T00:00:00.000Z,120.4,Jul-23,Jul-23,K02000001,United Kingdom,CP043,04.3 Regular maintenance and repair of the dwelling
cpih01,67,2026-02-18T00:00:00.000Z,121.5,Jul-23,Jul-23,K02000001,United Kingdom,CP1112,11.1.2 Canteens
cpih01,67,2026-02-18T00:00:00.000Z,137.6,Jul-23,Jul-23,K02000001,United Kingdom,CP0511,05.1.1 Furniture and furnishings
cpih01,67,2026-02-18T00:00:00.000Z,133.9,Jul-23,Jul-23,K02000001,United Kingdom,CP0723,07.2.3 Maintenance and repairs
cpih01,67,2026-02-18T00:00:00.000Z,134.2,Jul-23,Jul-23,K02000001,United Kingdom,CP124,12.4 Social protection
cpih01,67,2026-02-18T00:00:00.000Z,137.1,Jul-23,Jul-23,K02000001,United Kingdom,CP1111,11.1.1 Restaurants and cafes
cpih01,67,2026-02-18T00:00:00.000Z,137.6,Jul-23,Jul-23,K02000001,United Kingdom,CP02,02 Alcoholic beverages and tobacco
cpih01,67,2026-02-18T00:00:00.000Z,139.1,Jul-23,Jul-23,K02000001,United Kingdom,CP0934_0935,"09.3.4/5 Pets, related products and services"
cpih01,67,2026-02-18T00:00:00.000Z,187.4,Jul-23,Jul-23,K02000001,United Kingdom,CP1254,12.5.4 Transport insurance
cpih01,67,2026-02-18T00:00:00.000Z,129.9,Jul-23,Jul-23,K02000001,United Kingdom,CP0953_0954,"09.5.3/4 Miscellaneous printed matter, stationery and drawing materials"
cpih01,67,2026-02-18T00:00:00.000Z,106.3,Jul-23,Jul-23,K02000001,United Kingdom,CP1232,12.3.2 Other personal effects
cpih01,67,2026-02-18T00:00:00.000Z,131.6,Jul-23,Jul-23,K02000001,United Kingdom,CP0117,01.1.7 Vegetables including potatoes and tubers
cpih01,67,2026-02-18T00:00:00.000Z,217.7,Jul-23,Jul-23,K02000001,United Kingdom,CP0451,04.5.1 Electricity
cpih01,67,2026-02-18T00:00:00.000Z,115.3,Jul-23,Jul-23,K02000001,United Kingdom,CP1212_1213,12.1.2/3 Appliances and products for personal care
cpih01,67,2026-02-18T00:00:00.000Z,108.1,Jul-23,Jul-23,K02000001,United Kingdom,CP0211,02.1.1 Spirits
cpih01,67,2026-02-18T00:00:00.000Z,109.7,Jul-23,Jul-23,K02000001,United Kingdom,CP0915,09.1.5 Repair of audio-visual equipment and related products
cpih01,67,2026-02-18T00:00:00.000Z,126.3,Jul-23,Jul-23,K02000001,United Kingdom,CP0112,01.1.2 Meat
cpih01,67,2026-02-18T00:00:00.000Z,127.0,Jul-23,Jul-23,K02000001,United Kingdom,CP06,06 Health
cpih01,67,2026-02-18T00:00:00.000Z,146.7,Jul-23,Jul-23,K02000001,United Kingdom,CP063,06.3 Hospital services
cpih01,67,2026-02-18T00:00:00.000Z,114.6,Jul-23,Jul-23,K02000001,United Kingdom,CP03,03 Clothing and footwear
cpih01,67,2026-02-18T00:00:00.000Z,132.0,Jul-23,Jul-23,K02000001,United Kingdom,CP0914,09.1.4 Recording media
cpih01,67,2026-02-18T00:00:00.000Z,95.3,Jul-23,Jul-23,K02000001,United Kingdom,CP091,09.1 Audio-visual equipment and related products
cpih01,67,2026-02-18T00:00:00.000Z,128.0,Jul-23,Jul-23,K02000001,United Kingdom,CP082_083,08.2/3 Telephone and telefax equipment
cpih01,67,2026-02-18T00:00:00.000Z,174.7,Jul-23,Jul-23,K02000001,United Kingdom,CP0952,09.5.2 Newspapers and periodicals
cpih01,67,2026-02-18T00:00:00.000Z,131.1,Jul-23,Jul-23,K02000001,United Kingdom,CP0941,09.4.1 Recreational and sporting services
cpih01,67,2026-02-18T00:00:00.000Z,136.4,Jul-23,Jul-23,K02000001,United Kingdom,CP0622,06.2.2 Dental services
cpih01,67,2026-02-18T00:00:00.000Z,125.6,Jul-23,Jul-23,K02000001,United Kingdom,CP09,09 Recreation and culture
cpih01,67,2026-02-18T00:00:00.000Z,85.7,Jul-23,Jul-23,K02000001,United Kingdom,CP0911,09.1.1 Reception and reproduction of sound and pictures
cpih01,67,2026-02-18T00:00:00.000Z,111.1,Jul-23,Jul-23,K02000001,United Kingdom,CP0612_0613,06.1.2/3 Other medical and therapeutic equipment
cpih01,67,2026-02-18T00:00:00.000Z,153.1,Jul-23,Jul-23,K02000001,United Kingdom,CP1253,12.5.3 Health insurance
cpih01,67,2026-02-18T00:00:00.000Z,112.0,Jul-23,Jul-23,K02000001,United Kingdom,CP054,"05.4 Glassware, tableware and household utensils"
cpih01,67,2026-02-18T00:00:00.000Z,135.6,Jul-23,Jul-23,K02000001,United Kingdom,CP0111,01.1.1 Bread and cereals
cpih01,67,2026-02-18T00:00:00.000Z,152.1,Jul-23,Jul-23,K02000001,United Kingdom,CP112,11.2 Accommodation services
cpih01,67,2026-02-18T00:00:00.000Z,144.4,Jul-23,Jul-23,K02000001,United Kingdom,CP095,"09.5 Books, newspapers and stationery"
cpih01,67,2026-02-18T00:00:00.000Z,118.6,Jul-23,Jul-23,K02000001,United Kingdom,CP042,04.2 Owner Occupiers Housing Costs
cpih01,67,2026-02-18T00:00:00.000Z,128.5,Jul-23,Jul-23,K02000001,United Kingdom,CP08,08 Communication
cpih01,67,2026-02-18T00:00:00.000Z,136.5,Jul-23,Jul-23,K02000001,United Kingdom,CP07,07 Transport
cpih01,67,2026-02-18T00:00:00.000Z,125.9,Jul-23,Jul-23,K02000001,United Kingdom,CP0712_0713,07.1.2/3 Motocycles and bicycles
cpih01,67,2026-02-18T00:00:00.000Z,120.6,Jul-23,Jul-23,K02000001,United Kingdom,CP044,04.4 Water supply and miscellaneous services relating to the dwelling
cpih01,67,2026-02-18T00:00:00.000Z,125.0,Jul-23,Jul-23,K02000001,United Kingdom,CP0121,"01.2.1 Coffee, tea and cocoa"
cpih01,67,2026-02-18T00:00:00.000Z,137.8,Jul-23,Jul-23,K02000001,United Kingdom,CP0512,05.1.2 Carpets and other floor coverings
cpih01,67,2026-02-18T00:00:00.000Z,122.9,Jul-23,Jul-23,K02000001,United Kingdom,CP0213,02.1.3 Beer
cpih01,67,2026-02-18T00:00:00.000Z,150.0,Jul-23,Jul-23,K02000001,United Kingdom,CP0724,07.2.4 Other services
cpih01,67,2026-02-18T00:00:00.000Z,118.8,Jul-23,Jul-23,K02000001,United Kingdom,CP1231,"12.3.1 Jewellery, clocks and watches"
cpih01,67,2026-02-18T00:00:00.000Z,158.7,Jul-23,Jul-23,K02000001,United Kingdom,CP0453,04.5.3 Liquid fuels
cpih01,67,2026-02-18T00:00:00.000Z,138.1,Jul-23,Jul-23,K02000001,United Kingdom,CP081,08.1 Postal services
cpih01,67,2026-02-18T00:00:00.000Z,128.1,Jul-23,Jul-23,K02000001,United Kingdom,CP0933,"09.3.3 Gardens, plants and flowers"
cpih01,67,2026-02-18T00:00:00.000Z,161.7,Jul-23,Jul-23,K02000001,United Kingdom,CP022,02.2 Tobacco
cpih01,67,2026-02-18T00:00:00.000Z,132.7,Jul-23,Jul-23,K02000001,United Kingdom,CP0431,04.3.1 Materials for maintenance and repair of the dwelling
cpih01,67,2026-02-18T00:00:00.000Z,119.2,Jul-23,Jul-23,K02000001,United Kingdom,CP0561,05.6.1 Non-durable household goods
cpih01,67,2026-02-18T00:00:00.000Z,171.5,Jul-23,Jul-23,K02000001,United Kingdom,CP0734,07.3.4 Passenger transport by sea and inland waterway
cpih01,67,2026-02-18T00:00:00.000Z,129.9,Jul-23,Jul-23,K02000001,United Kingdom,CP056,05.6 Goods and services for routine maintenance
cpih01,67,2026-02-18T00:00:00.000Z,120.1,Jul-23,Jul-23,K02000001,United Kingdom,CP061,"06.1 Medical products, appliances and equipment"
cpih01,67,2026-02-18T00:00:00.000Z,116.6,Jul-23,Jul-23,K02000001,United Kingdom,CP12,12 Miscellaneous goods and services
cpih01,67,2026-02-18T00:00:00.000Z,166.3,Jul-23,Jul-23,K02000001,United Kingdom,CP125,12.5 Insurance
cpih01,67,2026-02-18T00:00:00.000Z,168.5,Jul-23,Jul-23,K02000001,United Kingdom,CP0115,01.1.5 Oils and fats
cpih01,67,2026-02-18T00:00:00.000Z,113.2,Jul-23,Jul-23,K02000001,United Kingdom,CP021,02.1 Alcoholic beverages
cpih01,67,2026-02-18T00:00:00.000Z,120.5,Jul-23,Jul-23,K02000001,United Kingdom,CP0533,05.3.3 Repair of household appliances
cpih01,67,2026-02-18T00:00:00.000Z,138.4,Jul-23,Jul-23,K02000001,United Kingdom,CP0314,"03.1.4 Cleaning, repair and hire of clothing"
cpih01,67,2026-02-18T00:00:00.000Z,118.5,Jul-23,Jul-23,K02000001,United Kingdom,CP041,04.1 Actual rentals for housing
cpih01,67,2026-02-18T00:00:00.000Z,127.3,Jul-23,Jul-23,K02000001,United Kingdom,CP04,"04 Housing, water, electricity, gas and other fuels"
cpih01,67,2026-02-18T00:00:00.000Z,105.2,Jul-23,Jul-23,K02000001,United Kingdom,CP032,03.2 Footwear including repairs
cpih01,67,2026-02-18T00:00:00.000Z,127.9,Jul-23,Jul-23,K02000001,United Kingdom,CP0118,"01.1.8 Sugar, jam, syrups, chocolate and confectionery"
cpih01,67,2026-02-18T00:00:00.000Z,111.2,Jul-23,Jul-23,K02000001,United Kingdom,CP0931,"09.3.1 Games, toys and hobbies"
cpih01,67,2026-02-18T00:00:00.000Z,126.8,Jul-23,Jul-23,K02000001,United Kingdom,CP062,06.2 Out-patient services
cpih01,67,2026-02-18T00:00:00.000Z,110.3,Jul-23,Jul-23,K02000001,United Kingdom,CP0313,03.1.3 Other clothing and clothing accessories
cpih01,67,2026-02-18T00:00:00.000Z,139.4,Jul-23,Jul-23,K02000001,United Kingdom,CP0113,01.1.3 Fish
cpih01,67,2026-02-18T00:00:00.000Z,119.3,Jul-23,Jul-23,K02000001,United Kingdom,CP0443,04.4.3 Sewerage collection
cpih01,67,2026-02-18T00:00:00.000Z,126.2,Jul-23,Jul-23,K02000001,United Kingdom,CP0562,05.6.2 Domestic services and household services
cpih01,67,2026-02-18T00:00:00.000Z,116.6,Jul-23,Jul-23,K02000001,United Kingdom,CP055,05.5 Tools and equipment for house and garden
cpih01,67,2026-02-18T00:00:00.000Z,129.7,Jul-23,Jul-23,K02000001,United Kingdom,CP094,09.4 Recreational and cultural services
cpih01,67,2026-02-18T00:00:00.000Z,120.4,Jul-23,Jul-23,K02000001,United Kingdom,CP0621_0623,06.2.1/3 Medical services and paramedical services
cpih01,67,2026-02-18T00:00:00.000Z,127.2,Jul-23,Jul-23,K02000001,United Kingdom,CP071,07.1 Purchase of vehicles
cpih01,67,2026-02-18T00:00:00.000Z,114.2,Jul-23,Jul-23,K02000001,United Kingdom,CP123,12.3 Personal effects (nec)
cpih01,67,2026-02-18T00:00:00.000Z,127.1,Jul-23,Jul-23,K02000001,United Kingdom,CP0116,01.1.6 Fruit
cpih01,67,2026-02-18T00:00:00.000Z,90.3,Jul-23,Jul-23,K02000001,United Kingdom,CP126,12.6 Financial services (nec)
cpih01,67,2026-02-18T00:00:00.000Z,121.1,Jul-23,Jul-23,K02000001,United Kingdom,CP0711N2,07.1.1.2 Second-hand motor cars
cpih01,67,2026-02-18T00:00:00.000Z,119.6,Jul-23,Jul-23,K02000001,United Kingdom,CP121,12.1 Personal care
cpih01,67,2026-02-18T00:00:00.000Z,133.3,Jul-23,Jul-23,K02000001,United Kingdom,CP0711N1,07.1.1.1 New motor cars
cpih01,67,2026-02-18T00:00:00.000Z,116.3,Jul-23,Jul-23,K02000001,United Kingdom,CP031,03.1 Clothing
cpih01,67,2026-02-18T00:00:00.000Z,132.8,Jul-23,Jul-23,K02000001,United Kingdom,CP1211,12.1.1 Hairdressing and personal grooming establishments
cpih01,67,2026-02-18T00:00:00.000Z,122.4,Jul-23,Jul-23,K02000001,United Kingdom,CP0441,04.4.1 Water supply
cpih01,67,2026-02-18T00:00:00.000Z,125.5,Jul-23,Jul-23,K02000001,United Kingdom,CP0611,06.1.1 Pharmaceutical products
cpih01,67,2026-02-18T00:00:00.000Z,164.0,Jul-23,Jul-23,K02000001,United Kingdom,CP073,07.3 Transport services
cpih01,67,2026-02-18T00:00:00.000Z,134.0,Jul-23,Jul-23,K02000001,United Kingdom,CP012,01.2 Non-alcoholic beverages
cpih01,67,2026-02-18T00:00:00.000Z,118.8,Jun-23,Jun-23,K02000001,United Kingdom,CP061,"06.1 Medical products, appliances and equipment"
cpih01,67,2026-02-18T00:00:00.000Z,149.8,Jun-23,Jun-23,K02000001,United Kingdom,CP0724,07.2.4 Other services
cpih01,67,2026-02-18T00:00:00.000Z,119.6,Jun-23,Jun-23,K02000001,United Kingdom,CP0312,03.1.2 Garments
cpih01,67,2026-02-18T00:00:00.000Z,230.8,Jun-23,Jun-23,K02000001,United Kingdom,CP045,"04.5 Electricity, gas and other fuels"
cpih01,67,2026-02-18T00:00:00.000Z,118.1,Jun-23,Jun-23,K02000001,United Kingdom,CP042,04.2 Owner Occupiers Housing Costs
cpih01,67,2026-02-18T00:00:00.000Z,128.0,Jun-23,Jun-23,K02000001,United Kingdom,CP071,07.1 Purchase of vehicles
cpih01,67,2026-02-18T00:00:00.000Z,126.8,Jun-23,Jun-23,K02000001,United Kingdom,CP0121,"01.2.1 Coffee, tea and cocoa"
cpih01,67,2026-02-18T00:00:00.000Z,119.4,Jun-23,Jun-23,K02000001,United Kingdom,CP121,12.1 Personal care
cpih01,67,2026-02-18T00:00:00.000Z,162.0,Jun-23,Jun-23,K02000001,United Kingdom,CP125,12.5 Insurance
cpih01,67,2026-02-18T00:00:00.000Z,108.3,Jun-23,Jun-23,K02000001,United Kingdom,CP0432,04.3.2 Services for maintenance and repair of the dwelling
cpih01,67,2026-02-18T00:00:00.000Z,177.5,Jun-23,Jun-23,K02000001,United Kingdom,CP1254,12.5.4 Transport insurance
cpih01,67,2026-02-18T00:00:00.000Z,138.0,Jun-23,Jun-23,K02000001,United Kingdom,CP11,11 Restaurants and hotels
cpih01,67,2026-02-18T00:00:00.000Z,110.0,Jun-23,Jun-23,K02000001,United Kingdom,CP0212,02.1.2 Wine
cpih01,67,2026-02-18T00:00:00.000Z,128.9,Jun-23,Jun-23,K02000001,United Kingdom,CP0942,09.4.2 Cultural services
cpih01,67,2026-02-18T00:00:00.000Z,134.4,Jun-23,Jun-23,K02000001,United Kingdom,CP012,01.2 Non-alcoholic beverages
cpih01,67,2026-02-18T00:00:00.000Z,151.4,Jun-23,Jun-23,K02000001,United Kingdom,CP1253,12.5.3 Health insurance
cpih01,67,2026-02-18T00:00:00.000Z,138.2,Jun-23,Jun-23,K02000001,United Kingdom,CP0934_0935,"09.3.4/5 Pets, related products and services"
cpih01,67,2026-02-18T00:00:00.000Z,132.5,Jun-23,Jun-23,K02000001,United Kingdom,CP1211,12.1.1 Hairdressing and personal grooming establishments
cpih01,67,2026-02-18T00:00:00.000Z,142.2,Jun-23,Jun-23,K02000001,United Kingdom,CP0511,05.1.1 Furniture and furnishings
cpih01,67,2026-02-18T00:00:00.000Z,132.5,Jun-23,Jun-23,K02000001,United Kingdom,CP0711N1,07.1.1.1 New motor cars
cpih01,67,2026-02-18T00:00:00.000Z,141.5,Jun-23,Jun-23,K02000001,United Kingdom,CP051,"05.1 Furniture, furnishings and carpets"
cpih01,67,2026-02-18T00:00:00.000Z,131.2,Jun-23,Jun-23,K02000001,United Kingdom,CP0941,09.4.1 Recreational and sporting services
cpih01,67,2026-02-18T00:00:00.000Z,112.6,Jun-23,Jun-23,K02000001,United Kingdom,CP021,02.1 Alcoholic beverages
cpih01,67,2026-02-18T00:00:00.000Z,126.8,Jun-23,Jun-23,K02000001,United Kingdom,CP092,09.2 Other major durables for recreation and culture
cpih01,67,2026-02-18T00:00:00.000Z,128.5,Jun-23,Jun-23,K02000001,United Kingdom,CP0116,01.1.6 Fruit
cpih01,67,2026-02-18T00:00:00.000Z,111.6,Jun-23,Jun-23,K02000001,United Kingdom,CP0313,03.1.3 Other clothing and clothing accessories
cpih01,67,2026-02-18T00:00:00.000Z,137.2,Jun-23,Jun-23,K02000001,United Kingdom,CP0122,"01.2.2 Mineral waters, soft drinks and juices"
cpih01,67,2026-02-18T00:00:00.000Z,87.1,Jun-23,Jun-23,K02000001,United Kingdom,CP0911,09.1.1 Reception and reproduction of sound and pictures
cpih01,67,2026-02-18T00:00:00.000Z,126.8,Jun-23,Jun-23,K02000001,United Kingdom,CP0712_0713,07.1.2/3 Motocycles and bicycles
cpih01,67,2026-02-18T00:00:00.000Z,153.7,Jun-23,Jun-23,K02000001,United Kingdom,CP073,07.3 Transport services
cpih01,67,2026-02-18T00:00:00.000Z,129.0,Jun-23,Jun-23,K02000001,United Kingdom,CP0914,09.1.4 Recording media
cpih01,67,2026-02-18T00:00:00.000Z,115.9,Jun-23,Jun-23,K02000001,United Kingdom,CP055,05.5 Tools and equipment for house and garden
cpih01,67,2026-02-18T00:00:00.000Z,171.9,Jun-23,Jun-23,K02000001,United Kingdom,CP0952,09.5.2 Newspapers and periodicals
cpih01,67,2026-02-18T00:00:00.000Z,161.1,Jun-23,Jun-23,K02000001,United Kingdom,CP022,02.2 Tobacco
cpih01,67,2026-02-18T00:00:00.000Z,138.0,Jun-23,Jun-23,K02000001,United Kingdom,CP0314,"03.1.4 Cleaning, repair and hire of clothing"
cpih01,67,2026-02-18T00:00:00.000Z,118.3,Jun-23,Jun-23,K02000001,United Kingdom,CP1231,"12.3.1 Jewellery, clocks and watches"
cpih01,67,2026-02-18T00:00:00.000Z,129.4,Jun-23,Jun-23,K02000001,United Kingdom,CP10,10 Education
cpih01,67,2026-02-18T00:00:00.000Z,120.2,Jun-23,Jun-23,K02000001,United Kingdom,CP0621_0623,06.2.1/3 Medical services and paramedical services
cpih01,67,2026-02-18T00:00:00.000Z,132.1,Jun-23,Jun-23,K02000001,United Kingdom,CP072,07.2 Operation of personal transport equipment
cpih01,67,2026-02-18T00:00:00.000Z,145.9,Jun-23,Jun-23,K02000001,United Kingdom,CP063,06.3 Hospital services
cpih01,67,2026-02-18T00:00:00.000Z,129.4,Jun-23,Jun-23,K02000001,United Kingdom,CP094,09.4 Recreational and cultural services
cpih01,67,2026-02-18T00:00:00.000Z,125.1,Jun-23,Jun-23,K02000001,United Kingdom,CP09,09 Recreation and culture
cpih01,67,2026-02-18T00:00:00.000Z,120.6,Jun-23,Jun-23,K02000001,United Kingdom,CP044,04.4 Water supply and miscellaneous services relating to the dwelling
cpih01,67,2026-02-18T00:00:00.000Z,131.5,Jun-23,Jun-23,K02000001,United Kingdom,CP0117,01.1.7 Vegetables including potatoes and tubers
cpih01,67,2026-02-18T00:00:00.000Z,96.0,Jun-23,Jun-23,K02000001,United Kingdom,CP091,09.1 Audio-visual equipment and related products
cpih01,67,2026-02-18T00:00:00.000Z,115.1,Jun-23,Jun-23,K02000001,United Kingdom,CP1212_1213,12.1.2/3 Appliances and products for personal care
cpih01,67,2026-02-18T00:00:00.000Z,132.1,Jun-23,Jun-23,K02000001,United Kingdom,CP0431,04.3.1 Materials for maintenance and repair of the dwelling
cpih01,67,2026-02-18T00:00:00.000Z,147.5,Jun-23,Jun-23,K02000001,United Kingdom,CP112,11.2 Accommodation services
cpih01,67,2026-02-18T00:00:00.000Z,138.1,Jun-23,Jun-23,K02000001,United Kingdom,CP049,04.9 Council Tax and rates
cpih01,67,2026-02-18T00:00:00.000Z,127.8,Jun-23,Jun-23,K02000001,United Kingdom,CP053,"05.3 Household appliances, fitting and repairs"
cpih01,67,2026-02-18T00:00:00.000Z,122.8,Jun-23,Jun-23,K02000001,United Kingdom,CP0711N2,07.1.1.2 Second-hand motor cars
cpih01,67,2026-02-18T00:00:00.000Z,116.5,Jun-23,Jun-23,K02000001,United Kingdom,CP041,04.1 Actual rentals for housing
cpih01,67,2026-02-18T00:00:00.000Z,127.8,Jun-23,Jun-23,K02000001,United Kingdom,CP0118,"01.1.8 Sugar, jam, syrups, chocolate and confectionery"
cpih01,67,2026-02-18T00:00:00.000Z,160.9,Jun-23,Jun-23,K02000001,United Kingdom,CP0734,07.3.4 Passenger transport by sea and inland waterway
cpih01,67,2026-02-18T00:00:00.000Z,119.1,Jun-23,Jun-23,K02000001,United Kingdom,CP0561,05.6.1 Non-durable household goods
cpih01,67,2026-02-18T00:00:00.000Z,142.6,Jun-23,Jun-23,K02000001,United Kingdom,CP0114,"01.1.4 Milk, cheese and eggs"
cpih01,67,2026-02-18T00:00:00.000Z,126.5,Jun-23,Jun-23,K02000001,United Kingdom,CP062,06.2 Out-patient services
cpih01,67,2026-02-18T00:00:00.000Z,120.2,Jun-23,Jun-23,K02000001,United Kingdom,CP0533,05.3.3 Repair of household appliances
cpih01,67,2026-02-18T00:00:00.000Z,120.7,Jun-23,Jun-23,K02000001,United Kingdom,CP0932,09.3.2 Equipment for sport and open-air recreation
cpih01,67,2026-02-18T00:00:00.000Z,117.1,Jun-23,Jun-23,K02000001,United Kingdom,CP03,03 Clothing and footwear
cpih01,67,2026-02-18T00:00:00.000Z,133.2,Jun-23,Jun-23,K02000001,United Kingdom,CP124,12.4 Social protection
cpih01,67,2026-02-18T00:00:00.000Z,128.5,Jun-23,Jun-23,K02000001,United Kingdom,CP0722,07.2.2 Fuels and lubricants
cpih01,67,2026-02-18T00:00:00.000Z,176.5,Jun-23,Jun-23,K02000001,United Kingdom,CP0733,07.3.3 Passenger transport by air
cpih01,67,2026-02-18T00:00:00.000Z,136.6,Jun-23,Jun-23,K02000001,United Kingdom,CP1111,11.1.1 Restaurants and cafes
cpih01,67,2026-02-18T00:00:00.000Z,126.1,Jun-23,Jun-23,K02000001,United Kingdom,CP06,06 Health
cpih01,67,2026-02-18T00:00:00.000Z,90.2,Jun-23,Jun-23,K02000001,United Kingdom,CP126,12.6 Financial services (nec)
cpih01,67,2026-02-18T00:00:00.000Z,129.7,Jun-23,Jun-23,K02000001,United Kingdom,CP056,05.6 Goods and services for routine maintenance
cpih01,67,2026-02-18T00:00:00.000Z,126.7,Jun-23,Jun-23,K02000001,United Kingdom,CP0721,07.2.1 Spare parts and accessories
cpih01,67,2026-02-18T00:00:00.000Z,125.8,Jun-23,Jun-23,K02000001,United Kingdom,CP0562,05.6.2 Domestic services and household services
cpih01,67,2026-02-18T00:00:00.000Z,102.2,Jun-23,Jun-23,K02000001,United Kingdom,CP127,12.7 Other services (nec)
cpih01,67,2026-02-18T00:00:00.000Z,123.4,Jun-23,Jun-23,K02000001,United Kingdom,CP093,"09.3 Other recreational items, gardens and pets"
cpih01,67,2026-02-18T00:00:00.000Z,135.3,Jun-23,Jun-23,K02000001,United Kingdom,CP0111,01.1.1 Bread and cereals
cpih01,67,2026-02-18T00:00:00.000Z,112.0,Jun-23,Jun-23,K02000001,United Kingdom,CP054,"05.4 Glassware, tableware and household utensils"
cpih01,67,2026-02-18T00:00:00.000Z,138.9,Jun-23,Jun-23,K02000001,United Kingdom,CP0512,05.1.2 Carpets and other floor coverings
cpih01,67,2026-02-18T00:00:00.000Z,133.6,Jun-23,Jun-23,K02000001,United Kingdom,CP011,01.1 Food
cpih01,67,2026-02-18T00:00:00.000Z,138.1,Jun-23,Jun-23,K02000001,United Kingdom,CP081,08.1 Postal services
cpih01,67,2026-02-18T00:00:00.000Z,131.8,Jun-23,Jun-23,K02000001,United Kingdom,CP08,08 Communication
cpih01,67,2026-02-18T00:00:00.000Z,114.2,Jun-23,Jun-23,K02000001,United Kingdom,CP123,12.3 Personal effects (nec)
cpih01,67,2026-02-18T00:00:00.000Z,121.1,Jun-23,Jun-23,K02000001,United Kingdom,CP0213,02.1.3 Beer
cpih01,67,2026-02-18T00:00:00.000Z,130.2,Jun-23,Jun-23,K02000001,United Kingdom,CP0953_0954,"09.5.3/4 Miscellaneous printed matter, stationery and drawing materials"
cpih01,67,2026-02-18T00:00:00.000Z,122.4,Jun-23,Jun-23,K02000001,United Kingdom,CP0441,04.4.1 Water supply
cpih01,67,2026-02-18T00:00:00.000Z,135.8,Jun-23,Jun-23,K02000001,United Kingdom,CP111,11.1 Catering services
cpih01,67,2026-02-18T00:00:00.000Z,129.0,Jun-23,Jun-23,K02000001,United Kingdom,CP0531_0532,05.3.1/2 Major appliances and small electric goods
cpih01,67,2026-02-18T00:00:00.000Z,136.8,Jun-23,Jun-23,K02000001,United Kingdom,CP0113,01.1.3 Fish
cpih01,67,2026-02-18T00:00:00.000Z,108.0,Jun-23,Jun-23,K02000001,United Kingdom,CP1232,12.3.2 Other personal effects
cpih01,67,2026-02-18T00:00:00.000Z,137.0,Jun-23,Jun-23,K02000001,United Kingdom,CP02,02 Alcoholic beverages and tobacco
cpih01,67,2026-02-18T00:00:00.000Z,120.0,Jun-23,Jun-23,K02000001,United Kingdom,CP043,04.3 Regular maintenance and repair of the dwelling
cpih01,67,2026-02-18T00:00:00.000Z,131.3,Jun-23,Jun-23,K02000001,United Kingdom,CP0723,07.2.3 Maintenance and repairs
cpih01,67,2026-02-18T00:00:00.000Z,131.0,Jun-23,Jun-23,K02000001,United Kingdom,CP0731,07.3.1 Passenger transport by railway
cpih01,67,2026-02-18T00:00:00.000Z,109.3,Jun-23,Jun-23,K02000001,United Kingdom,CP0211,02.1.1 Spirits
cpih01,67,2026-02-18T00:00:00.000Z,111.5,Jun-23,Jun-23,K02000001,United Kingdom,CP052,05.2 Household textiles
cpih01,67,2026-02-18T00:00:00.000Z,149.2,Jun-23,Jun-23,K02000001,United Kingdom,CP0119,01.1.9 Food products (nec)
cpih01,67,2026-02-18T00:00:00.000Z,137.7,Jun-23,Jun-23,K02000001,United Kingdom,CP096,09.6 Package holidays
cpih01,67,2026-02-18T00:00:00.000Z,119.2,Jun-23,Jun-23,K02000001,United Kingdom,CP031,03.1 Clothing
cpih01,67,2026-02-18T00:00:00.000Z,129.1,Jun-23,Jun-23,K02000001,United Kingdom,CP04,"04 Housing, water, electricity, gas and other fuels"
cpih01,67,2026-02-18T00:00:00.000Z,134.7,Jun-23,Jun-23,K02000001,United Kingdom,CP07,07 Transport
cpih01,67,2026-02-18T00:00:00.000Z,87.7,Jun-23,Jun-23,K02000001,United Kingdom,CP0912,"09.1.2 Photographic, cinematographic and optical equipment"
cpih01,67,2026-02-18T00:00:00.000Z,105.9,Jun-23,Jun-23,K02000001,United Kingdom,CP032,03.2 Footwear including repairs
cpih01,67,2026-02-18T00:00:00.000Z,143.5,Jun-23,Jun-23,K02000001,United Kingdom,CP095,"09.5 Books, newspapers and stationery"
cpih01,67,2026-02-18T00:00:00.000Z,137.3,Jun-23,Jun-23,K02000001,United Kingdom,CP0951,09.5.1 Books
cpih01,67,2026-02-18T00:00:00.000Z,129.4,Jun-23,Jun-23,K02000001,United Kingdom,CP00,Overall Index
cpih01,67,2026-02-18T00:00:00.000Z,80.5,Jun-23,Jun-23,K02000001,United Kingdom,CP0913,09.1.3 Data processing equipment
cpih01,67,2026-02-18T00:00:00.000Z,116.6,Jun-23,Jun-23,K02000001,United Kingdom,CP12,12 Miscellaneous goods and services
cpih01,67,2026-02-18T00:00:00.000Z,128.2,Jun-23,Jun-23,K02000001,United Kingdom,CP05,"05 Furniture, household equipment and maintenance"
cpih01,67,2026-02-18T00:00:00.000Z,111.6,Jun-23,Jun-23,K02000001,United Kingdom,CP0931,"09.3.1 Games, toys and hobbies"
cpih01,67,2026-02-18T00:00:00.000Z,119.3,Jun-23,Jun-23,K02000001,United Kingdom,CP0443,04.4.3 Sewerage collection
cpih01,67,2026-02-18T00:00:00.000Z,132.8,Jun-23,Jun-23,K02000001,United Kingdom,CP1252,12.5.2 House contents insurance
cpih01,67,2026-02-18T00:00:00.000Z,131.4,Jun-23,Jun-23,K02000001,United Kingdom,CP082_083,08.2/3 Telephone and telefax equipment
cpih01,67,2026-02-18T00:00:00.000Z,238.3,Jun-23,Jun-23,K02000001,United Kingdom,CP0451,04.5.1 Electricity
cpih01,67,2026-02-18T00:00:00.000Z,128.9,Jun-23,Jun-23,K02000001,United Kingdom,CP0933,"09.3.3 Gardens, plants and flowers"
cpih01,67,2026-02-18T00:00:00.000Z,125.7,Jun-23,Jun-23,K02000001,United Kingdom,CP0112,01.1.2 Meat
cpih01,67,2026-02-18T00:00:00.000Z,109.6,Jun-23,Jun-23,K02000001,United Kingdom,CP0915,09.1.5 Repair of audio-visual equipment and related products
cpih01,67,2026-02-18T00:00:00.000Z,106.9,Jun-23,Jun-23,K02000001,United Kingdom,CP0612_0613,06.1.2/3 Other medical and therapeutic equipment
cpih01,67,2026-02-18T00:00:00.000Z,149.0,Jun-23,Jun-23,K02000001,United Kingdom,CP0453,04.5.3 Liquid fuels
cpih01,67,2026-02-18T00:00:00.000Z,133.8,Jun-23,Jun-23,K02000001,United Kingdom,CP01,01 Food and non-alcoholic beverages
cpih01,67,2026-02-18T00:00:00.000Z,158.6,Jun-23,Jun-23,K02000001,United Kingdom,CP0454,04.5.4 Solid fuels
cpih01,67,2026-02-18T00:00:00.000Z,125.9,Jun-23,Jun-23,K02000001,United Kingdom,CP0611,06.1.1 Pharmaceutical products
cpih01,67,2026-02-18T00:00:00.000Z,146.8,Jun-23,Jun-23,K02000001,United Kingdom,CP0732_0736,07.3.2/6 Passenger transport by road and other services
cpih01,67,2026-02-18T00:00:00.000Z,135.7,Jun-23,Jun-23,K02000001,United Kingdom,CP0622,06.2.2 Dental services
cpih01,67,2026-02-18T00:00:00.000Z,121.6,Jun-23,Jun-23,K02000001,United Kingdom,CP1112,11.1.2 Canteens
cpih01,67,2026-02-18T00:00:00.000Z,225.9,Jun-23,Jun-23,K02000001,United Kingdom,CP0452,04.5.2 Gas
cpih01,67,2026-02-18T00:00:00.000Z,168.0,Jun-23,Jun-23,K02000001,United Kingdom,CP0115,01.1.5 Oils and fats
cpih01,67,2026-02-18T00:00:00.000Z,129.1,May-23,May-23,K02000001,United Kingdom,CP00,Overall Index
cpih01,67,2026-02-18T00:00:00.000Z,109.4,May-23,May-23,K02000001,United Kingdom,CP0915,09.1.5 Repair of audio-visual equipment and related products
cpih01,67,2026-02-18T00:00:00.000Z,121.1,May-23,May-23,K02000001,United Kingdom,CP1112,11.1.2 Canteens
cpih01,67,2026-02-18T00:00:00.000Z,129.2,May-23,May-23,K02000001,United Kingdom,CP053,"05.3 Household appliances, fitting and repairs"
cpih01,67,2026-02-18T00:00:00.000Z,127.7,May-23,May-23,K02000001,United Kingdom,CP0942,09.4.2 Cultural services
cpih01,67,2026-02-18T00:00:00.000Z,143.3,May-23,May-23,K02000001,United Kingdom,CP0114,"01.1.4 Milk, cheese and eggs"
cpih01,67,2026-02-18T00:00:00.000Z,129.0,May-23,May-23,K02000001,United Kingdom,CP056,05.6 Goods and services for routine maintenance
cpih01,67,2026-02-18T00:00:00.000Z,108.0,May-23,May-23,K02000001,United Kingdom,CP0432,04.3.2 Services for maintenance and repair of the dwelling
cpih01,67,2026-02-18T00:00:00.000Z,148.1,May-23,May-23,K02000001,United Kingdom,CP0119,01.1.9 Food products (nec)
cpih01,67,2026-02-18T00:00:00.000Z,129.1,May-23,May-23,K02000001,United Kingdom,CP0953_0954,"09.5.3/4 Miscellaneous printed matter, stationery and drawing materials"
cpih01,67,2026-02-18T00:00:00.000Z,138.1,May-23,May-23,K02000001,United Kingdom,CP081,08.1 Postal services
cpih01,67,2026-02-18T00:00:00.000Z,137.5,May-23,May-23,K02000001,United Kingdom,CP0314,"03.1.4 Cleaning, repair and hire of clothing"
cpih01,67,2026-02-18T00:00:00.000Z,118.5,May-23,May-23,K02000001,United Kingdom,CP0561,05.6.1 Non-durable household goods
cpih01,67,2026-02-18T00:00:00.000Z,101.9,May-23,May-23,K02000001,United Kingdom,CP127,12.7 Other services (nec)
cpih01,67,2026-02-18T00:00:00.000Z,126.1,May-23,May-23,K02000001,United Kingdom,CP062,06.2 Out-patient services
cpih01,67,2026-02-18T00:00:00.000Z,151.4,May-23,May-23,K02000001,United Kingdom,CP1253,12.5.3 Health insurance
cpih01,67,2026-02-18T00:00:00.000Z,124.9,May-23,May-23,K02000001,United Kingdom,CP09,09 Recreation and culture
cpih01,67,2026-02-18T00:00:00.000Z,128.7,May-23,May-23,K02000001,United Kingdom,CP04,"04 Housing, water, electricity, gas and other fuels"
cpih01,67,2026-02-18T00:00:00.000Z,87.0,May-23,May-23,K02000001,United Kingdom,CP0911,09.1.1 Reception and reproduction of sound and pictures
cpih01,67,2026-02-18T00:00:00.000Z,125.0,May-23,May-23,K02000001,United Kingdom,CP0562,05.6.2 Domestic services and household services
cpih01,67,2026-02-18T00:00:00.000Z,95.7,May-23,May-23,K02000001,United Kingdom,CP091,09.1 Audio-visual equipment and related products
cpih01,67,2026-02-18T00:00:00.000Z,128.7,May-23,May-23,K02000001,United Kingdom,CP0933,"09.3.3 Gardens, plants and flowers"
cpih01,67,2026-02-18T00:00:00.000Z,128.9,May-23,May-23,K02000001,United Kingdom,CP0116,01.1.6 Fruit
cpih01,67,2026-02-18T00:00:00.000Z,133.2,May-23,May-23,K02000001,United Kingdom,CP011,01.1 Food
cpih01,67,2026-02-18T00:00:00.000Z,113.9,May-23,May-23,K02000001,United Kingdom,CP0931,"09.3.1 Games, toys and hobbies"
cpih01,67,2026-02-18T00:00:00.000Z,115.2,May-23,May-23,K02000001,United Kingdom,CP1212_1213,12.1.2/3 Appliances and products for personal care
cpih01,67,2026-02-18T00:00:00.000Z,231.1,May-23,May-23,K02000001,United Kingdom,CP045,"04.5 Electricity, gas and other fuels"
cpih01,67,2026-02-18T00:00:00.000Z,125.2,May-23,May-23,K02000001,United Kingdom,CP0711N2,07.1.1.2 Second-hand motor cars
cpih01,67,2026-02-18T00:00:00.000Z,126.6,May-23,May-23,K02000001,United Kingdom,CP0712_0713,07.1.2/3 Motocycles and bicycles
cpih01,67,2026-02-18T00:00:00.000Z,145.3,May-23,May-23,K02000001,United Kingdom,CP0732_0736,07.3.2/6 Passenger transport by road and other services
cpih01,67,2026-02-18T00:00:00.000Z,149.6,May-23,May-23,K02000001,United Kingdom,CP0724,07.2.4 Other services
cpih01,67,2026-02-18T00:00:00.000Z,160.8,May-23,May-23,K02000001,United Kingdom,CP022,02.2 Tobacco
cpih01,67,2026-02-18T00:00:00.000Z,158.0,May-23,May-23,K02000001,United Kingdom,CP125,12.5 Insurance
cpih01,67,2026-02-18T00:00:00.000Z,173.2,May-23,May-23,K02000001,United Kingdom,CP0733,07.3.3 Passenger transport by air
cpih01,67,2026-02-18T00:00:00.000Z,129.6,May-23,May-23,K02000001,United Kingdom,CP0914,09.1.4 Recording media
cpih01,67,2026-02-18T00:00:00.000Z,119.4,May-23,May-23,K02000001,United Kingdom,CP121,12.1 Personal care
cpih01,67,2026-02-18T00:00:00.000Z,116.4,May-23,May-23,K02000001,United Kingdom,CP12,12 Miscellaneous goods and services
cpih01,67,2026-02-18T00:00:00.000Z,144.4,May-23,May-23,K02000001,United Kingdom,CP095,"09.5 Books, newspapers and stationery"
cpih01,67,2026-02-18T00:00:00.000Z,138.2,May-23,May-23,K02000001,United Kingdom,CP0934_0935,"09.3.4/5 Pets, related products and services"
cpih01,67,2026-02-18T00:00:00.000Z,130.8,May-23,May-23,K02000001,United Kingdom,CP08,08 Communication
cpih01,67,2026-02-18T00:00:00.000Z,129.4,May-23,May-23,K02000001,United Kingdom,CP10,10 Education
cpih01,67,2026-02-18T00:00:00.000Z,117.2,May-23,May-23,K02000001,United Kingdom,CP055,05.5 Tools and equipment for house and garden
cpih01,67,2026-02-18T00:00:00.000Z,119.3,May-23,May-23,K02000001,United Kingdom,CP0443,04.4.3 Sewerage collection
cpih01,67,2026-02-18T00:00:00.000Z,133.2,May-23,May-23,K02000001,United Kingdom,CP012,01.2 Non-alcoholic beverages
cpih01,67,2026-02-18T00:00:00.000Z,132.5,May-23,May-23,K02000001,United Kingdom,CP124,12.4 Social protection
cpih01,67,2026-02-18T00:00:00.000Z,137.5,May-23,May-23,K02000001,United Kingdom,CP0512,05.1.2 Carpets and other floor coverings
cpih01,67,2026-02-18T00:00:00.000Z,108.5,May-23,May-23,K02000001,United Kingdom,CP1232,12.3.2 Other personal effects
cpih01,67,2026-02-18T00:00:00.000Z,124.7,May-23,May-23,K02000001,United Kingdom,CP0121,"01.2.1 Coffee, tea and cocoa"
cpih01,67,2026-02-18T00:00:00.000Z,130.6,May-23,May-23,K02000001,United Kingdom,CP0531_0532,05.3.1/2 Major appliances and small electric goods
cpih01,67,2026-02-18T00:00:00.000Z,170.8,May-23,May-23,K02000001,United Kingdom,CP0952,09.5.2 Newspapers and periodicals
cpih01,67,2026-02-18T00:00:00.000Z,125.8,May-23,May-23,K02000001,United Kingdom,CP06,06 Health
cpih01,67,2026-02-18T00:00:00.000Z,109.3,May-23,May-23,K02000001,United Kingdom,CP0211,02.1.1 Spirits
cpih01,67,2026-02-18T00:00:00.000Z,130.3,May-23,May-23,K02000001,United Kingdom,CP082_083,08.2/3 Telephone and telefax equipment
cpih01,67,2026-02-18T00:00:00.000Z,115.7,May-23,May-23,K02000001,United Kingdom,CP123,12.3 Personal effects (nec)
cpih01,67,2026-02-18T00:00:00.000Z,137.3,May-23,May-23,K02000001,United Kingdom,CP11,11 Restaurants and hotels
cpih01,67,2026-02-18T00:00:00.000Z,84.8,May-23,May-23,K02000001,United Kingdom,CP0912,"09.1.2 Photographic, cinematographic and optical equipment"
cpih01,67,2026-02-18T00:00:00.000Z,138.1,May-23,May-23,K02000001,United Kingdom,CP049,04.9 Council Tax and rates
cpih01,67,2026-02-18T00:00:00.000Z,124.0,May-23,May-23,K02000001,United Kingdom,CP093,"09.3 Other recreational items, gardens and pets"
cpih01,67,2026-02-18T00:00:00.000Z,107.2,May-23,May-23,K02000001,United Kingdom,CP0612_0613,06.1.2/3 Other medical and therapeutic equipment
cpih01,67,2026-02-18T00:00:00.000Z,125.0,May-23,May-23,K02000001,United Kingdom,CP0112,01.1.2 Meat
cpih01,67,2026-02-18T00:00:00.000Z,129.6,May-23,May-23,K02000001,United Kingdom,CP0731,07.3.1 Passenger transport by railway
cpih01,67,2026-02-18T00:00:00.000Z,104.5,May-23,May-23,K02000001,United Kingdom,CP032,03.2 Footwear including repairs
cpih01,67,2026-02-18T00:00:00.000Z,116.2,May-23,May-23,K02000001,United Kingdom,CP041,04.1 Actual rentals for housing
cpih01,67,2026-02-18T00:00:00.000Z,132.1,May-23,May-23,K02000001,United Kingdom,CP0722,07.2.2 Fuels and lubricants
cpih01,67,2026-02-18T00:00:00.000Z,142.4,May-23,May-23,K02000001,United Kingdom,CP0951,09.5.1 Books
cpih01,67,2026-02-18T00:00:00.000Z,141.2,May-23,May-23,K02000001,United Kingdom,CP0511,05.1.1 Furniture and furnishings
cpih01,67,2026-02-18T00:00:00.000Z,136.7,May-23,May-23,K02000001,United Kingdom,CP096,09.6 Package holidays
cpih01,67,2026-02-18T00:00:00.000Z,127.1,May-23,May-23,K02000001,United Kingdom,CP0118,"01.1.8 Sugar, jam, syrups, chocolate and confectionery"
cpih01,67,2026-02-18T00:00:00.000Z,112.4,May-23,May-23,K02000001,United Kingdom,CP052,05.2 Household textiles
cpih01,67,2026-02-18T00:00:00.000Z,140.5,May-23,May-23,K02000001,United Kingdom,CP051,"05.1 Furniture, furnishings and carpets"
cpih01,67,2026-02-18T00:00:00.000Z,135.2,May-23,May-23,K02000001,United Kingdom,CP111,11.1 Catering services
cpih01,67,2026-02-18T00:00:00.000Z,132.5,May-23,May-23,K02000001,United Kingdom,CP0723,07.2.3 Maintenance and repairs
cpih01,67,2026-02-18T00:00:00.000Z,132.6,May-23,May-23,K02000001,United Kingdom,CP0711N1,07.1.1.1 New motor cars
cpih01,67,2026-02-18T00:00:00.000Z,134.4,May-23,May-23,K02000001,United Kingdom,CP0111,01.1.1 Bread and cereals
cpih01,67,2026-02-18T00:00:00.000Z,145.3,May-23,May-23,K02000001,United Kingdom,CP063,06.3 Hospital services
cpih01,67,2026-02-18T00:00:00.000Z,128.2,May-23,May-23,K02000001,United Kingdom,CP05,"05 Furniture, household equipment and maintenance"
cpih01,67,2026-02-18T00:00:00.000Z,156.8,May-23,May-23,K02000001,United Kingdom,CP0453,04.5.3 Liquid fuels
cpih01,67,2026-02-18T00:00:00.000Z,135.6,May-23,May-23,K02000001,United Kingdom,CP0622,06.2.2 Dental services
cpih01,67,2026-02-18T00:00:00.000Z,145.7,May-23,May-23,K02000001,United Kingdom,CP0734,07.3.4 Passenger transport by sea and inland waterway
cpih01,67,2026-02-18T00:00:00.000Z,136.2,May-23,May-23,K02000001,United Kingdom,CP0122,"01.2.2 Mineral waters, soft drinks and juices"
cpih01,67,2026-02-18T00:00:00.000Z,166.4,May-23,May-23,K02000001,United Kingdom,CP0115,01.1.5 Oils and fats
cpih01,67,2026-02-18T00:00:00.000Z,120.0,May-23,May-23,K02000001,United Kingdom,CP0533,05.3.3 Repair of household appliances
cpih01,67,2026-02-18T00:00:00.000Z,135.6,May-23,May-23,K02000001,United Kingdom,CP07,07 Transport
cpih01,67,2026-02-18T00:00:00.000Z,80.1,May-23,May-23,K02000001,United Kingdom,CP0913,09.1.3 Data processing equipment
cpih01,67,2026-02-18T00:00:00.000Z,119.7,May-23,May-23,K02000001,United Kingdom,CP0621_0623,06.2.1/3 Medical services and paramedical services
cpih01,67,2026-02-18T00:00:00.000Z,120.6,May-23,May-23,K02000001,United Kingdom,CP044,04.4 Water supply and miscellaneous services relating to the dwelling
cpih01,67,2026-02-18T00:00:00.000Z,151.1,May-23,May-23,K02000001,United Kingdom,CP073,07.3 Transport services
cpih01,67,2026-02-18T00:00:00.000Z,146.6,May-23,May-23,K02000001,United Kingdom,CP112,11.2 Accommodation services
cpih01,67,2026-02-18T00:00:00.000Z,238.3,May-23,May-23,K02000001,United Kingdom,CP0451,04.5.1 Electricity
cpih01,67,2026-02-18T00:00:00.000Z,128.4,May-23,May-23,K02000001,United Kingdom,CP094,09.4 Recreational and cultural services
cpih01,67,2026-02-18T00:00:00.000Z,132.1,May-23,May-23,K02000001,United Kingdom,CP1211,12.1.1 Hairdressing and personal grooming establishments
cpih01,67,2026-02-18T00:00:00.000Z,133.9,May-23,May-23,K02000001,United Kingdom,CP072,07.2 Operation of personal transport equipment
cpih01,67,2026-02-18T00:00:00.000Z,112.6,May-23,May-23,K02000001,United Kingdom,CP054,"05.4 Glassware, tableware and household utensils"
cpih01,67,2026-02-18T00:00:00.000Z,135.9,May-23,May-23,K02000001,United Kingdom,CP1111,11.1.1 Restaurants and cafes
cpih01,67,2026-02-18T00:00:00.000Z,130.8,May-23,May-23,K02000001,United Kingdom,CP0941,09.4.1 Recreational and sporting services
cpih01,67,2026-02-18T00:00:00.000Z,118.5,May-23,May-23,K02000001,United Kingdom,CP061,"06.1 Medical products, appliances and equipment"
cpih01,67,2026-02-18T00:00:00.000Z,159.1,May-23,May-23,K02000001,United Kingdom,CP0454,04.5.4 Solid fuels
cpih01,67,2026-02-18T00:00:00.000Z,90.0,May-23,May-23,K02000001,United Kingdom,CP126,12.6 Financial services (nec)
cpih01,67,2026-02-18T00:00:00.000Z,109.8,May-23,May-23,K02000001,United Kingdom,CP0212,02.1.2 Wine
cpih01,67,2026-02-18T00:00:00.000Z,125.3,May-23,May-23,K02000001,United Kingdom,CP0611,06.1.1 Pharmaceutical products
cpih01,67,2026-02-18T00:00:00.000Z,112.6,May-23,May-23,K02000001,United Kingdom,CP021,02.1 Alcoholic beverages
cpih01,67,2026-02-18T00:00:00.000Z,137.8,May-23,May-23,K02000001,United Kingdom,CP0113,01.1.3 Fish
cpih01,67,2026-02-18T00:00:00.000Z,113.5,May-23,May-23,K02000001,United Kingdom,CP0313,03.1.3 Other clothing and clothing accessories
cpih01,67,2026-02-18T00:00:00.000Z,136.9,May-23,May-23,K02000001,United Kingdom,CP02,02 Alcoholic beverages and tobacco
cpih01,67,2026-02-18T00:00:00.000Z,127.1,May-23,May-23,K02000001,United Kingdom,CP092,09.2 Other major durables for recreation and culture
cpih01,67,2026-02-18T00:00:00.000Z,122.4,May-23,May-23,K02000001,United Kingdom,CP0441,04.4.1 Water supply
cpih01,67,2026-02-18T00:00:00.000Z,133.3,May-23,May-23,K02000001,United Kingdom,CP01,01 Food and non-alcoholic beverages
cpih01,67,2026-02-18T00:00:00.000Z,117.5,May-23,May-23,K02000001,United Kingdom,CP042,04.2 Owner Occupiers Housing Costs
cpih01,67,2026-02-18T00:00:00.000Z,120.4,May-23,May-23,K02000001,United Kingdom,CP043,04.3 Regular maintenance and repair of the dwelling
cpih01,67,2026-02-18T00:00:00.000Z,121.4,May-23,May-23,K02000001,United Kingdom,CP0213,02.1.3 Beer
cpih01,67,2026-02-18T00:00:00.000Z,131.0,May-23,May-23,K02000001,United Kingdom,CP0117,01.1.7 Vegetables including potatoes and tubers
cpih01,67,2026-02-18T00:00:00.000Z,120.6,May-23,May-23,K02000001,United Kingdom,CP0932,09.3.2 Equipment for sport and open-air recreation
cpih01,67,2026-02-18T00:00:00.000Z,119.3,May-23,May-23,K02000001,United Kingdom,CP031,03.1 Clothing
cpih01,67,2026-02-18T00:00:00.000Z,165.1,May-23,May-23,K02000001,United Kingdom,CP1254,12.5.4 Transport insurance
cpih01,67,2026-02-18T00:00:00.000Z,126.5,May-23,May-23,K02000001,United Kingdom,CP0721,07.2.1 Spare parts and accessories
cpih01,67,2026-02-18T00:00:00.000Z,116.8,May-23,May-23,K02000001,United Kingdom,CP03,03 Clothing and footwear
cpih01,67,2026-02-18T00:00:00.000Z,120.2,May-23,May-23,K02000001,United Kingdom,CP1231,"12.3.1 Jewellery, clocks and watches"
cpih01,67,2026-02-18T00:00:00.000Z,133.4,May-23,May-23,K02000001,United Kingdom,CP0431,04.3.1 Materials for maintenance and repair of the dwelling
cpih01,67,2026-02-18T00:00:00.000Z,225.9,May-23,May-23,K02000001,United Kingdom,CP0452,04.5.2 Gas
cpih01,67,2026-02-18T00:00:00.000Z,119.4,May-23,May-23,K02000001,United Kingdom,CP0312,03.1.2 Garments
cpih01,67,2026-02-18T00:00:00.000Z,134.1,May-23,May-23,K02000001,United Kingdom,CP1252,12.5.2 House contents insurance
cpih01,67,2026-02-18T00:00:00.000Z,129.3,May-23,May-23,K02000001,United Kingdom,CP071,07.1 Purchase of vehicles
cpih01,67,2026-02-18T00:00:00.000Z,118.6,Apr-23,Apr-23,K02000001,United Kingdom,CP121,12.1 Personal care
cpih01,67,2026-02-18T00:00:00.000Z,135.4,Apr-23,Apr-23,K02000001,United Kingdom,CP0113,01.1.3 Fish
cpih01,67,2026-02-18T00:00:00.000Z,107.9,Apr-23,Apr-23,K02000001,United Kingdom,CP0432,04.3.2 Services for maintenance and repair of the dwelling
cpih01,67,2026-02-18T00:00:00.000Z,127.1,Apr-23,Apr-23,K02000001,United Kingdom,CP094,09.4 Recreational and cultural services
cpih01,67,2026-02-18T00:00:00.000Z,129.4,Apr-23,Apr-23,K02000001,United Kingdom,CP10,10 Education
cpih01,67,2026-02-18T00:00:00.000Z,126.8,Apr-23,Apr-23,K02000001,United Kingdom,CP05,"05 Furniture, household equipment and maintenance"
cpih01,67,2026-02-18T00:00:00.000Z,115.7,Apr-23,Apr-23,K02000001,United Kingdom,CP12,12 Miscellaneous goods and services
cpih01,67,2026-02-18T00:00:00.000Z,104.1,Apr-23,Apr-23,K02000001,United Kingdom,CP032,03.2 Footwear including repairs
cpih01,67,2026-02-18T00:00:00.000Z,89.7,Apr-23,Apr-23,K02000001,United Kingdom,CP126,12.6 Financial services (nec)
cpih01,67,2026-02-18T00:00:00.000Z,118.1,Apr-23,Apr-23,K02000001,United Kingdom,CP061,"06.1 Medical products, appliances and equipment"
cpih01,67,2026-02-18T00:00:00.000Z,109.3,Apr-23,Apr-23,K02000001,United Kingdom,CP0915,09.1.5 Repair of audio-visual equipment and related products
cpih01,67,2026-02-18T00:00:00.000Z,132.4,Apr-23,Apr-23,K02000001,United Kingdom,CP0711N1,07.1.1.1 New motor cars
cpih01,67,2026-02-18T00:00:00.000Z,120.2,Apr-23,Apr-23,K02000001,United Kingdom,CP0932,09.3.2 Equipment for sport and open-air recreation
cpih01,67,2026-02-18T00:00:00.000Z,126.8,Apr-23,Apr-23,K02000001,United Kingdom,CP0121,"01.2.1 Coffee, tea and cocoa"
cpih01,67,2026-02-18T00:00:00.000Z,128.6,Apr-23,Apr-23,K02000001,United Kingdom,CP071,07.1 Purchase of vehicles
cpih01,67,2026-02-18T00:00:00.000Z,136.0,Apr-23,Apr-23,K02000001,United Kingdom,CP11,11 Restaurants and hotels
cpih01,67,2026-02-18T00:00:00.000Z,133.3,Apr-23,Apr-23,K02000001,United Kingdom,CP0431,04.3.1 Materials for maintenance and repair of the dwelling
cpih01,67,2026-02-18T00:00:00.000Z,114.3,Apr-23,Apr-23,K02000001,United Kingdom,CP1212_1213,12.1.2/3 Appliances and products for personal care
cpih01,67,2026-02-18T00:00:00.000Z,130.4,Apr-23,Apr-23,K02000001,United Kingdom,CP0941,09.4.1 Recreational and sporting services
cpih01,67,2026-02-18T00:00:00.000Z,130.8,Apr-23,Apr-23,K02000001,United Kingdom,CP0731,07.3.1 Passenger transport by railway
cpih01,67,2026-02-18T00:00:00.000Z,159.6,Apr-23,Apr-23,K02000001,United Kingdom,CP0454,04.5.4 Solid fuels
cpih01,67,2026-02-18T00:00:00.000Z,111.4,Apr-23,Apr-23,K02000001,United Kingdom,CP0313,03.1.3 Other clothing and clothing accessories
cpih01,67,2026-02-18T00:00:00.000Z,117.5,Apr-23,Apr-23,K02000001,United Kingdom,CP031,03.1 Clothing
cpih01,67,2026-02-18T00:00:00.000Z,101.7,Apr-23,Apr-23,K02000001,United Kingdom,CP127,12.7 Other services (nec)
cpih01,67,2026-02-18T00:00:00.000Z,131.6,Apr-23,Apr-23,K02000001,United Kingdom,CP124,12.4 Social protection
cpih01,67,2026-02-18T00:00:00.000Z,135.4,Apr-23,Apr-23,K02000001,United Kingdom,CP096,09.6 Package holidays
cpih01,67,2026-02-18T00:00:00.000Z,124.5,Apr-23,Apr-23,K02000001,United Kingdom,CP062,06.2 Out-patient services
cpih01,67,2026-02-18T00:00:00.000Z,126.7,Apr-23,Apr-23,K02000001,United Kingdom,CP053,"05.3 Household appliances, fitting and repairs"
cpih01,67,2026-02-18T00:00:00.000Z,143.5,Apr-23,Apr-23,K02000001,United Kingdom,CP112,11.2 Accommodation services
cpih01,67,2026-02-18T00:00:00.000Z,134.7,Apr-23,Apr-23,K02000001,United Kingdom,CP0512,05.1.2 Carpets and other floor coverings
cpih01,67,2026-02-18T00:00:00.000Z,141.4,Apr-23,Apr-23,K02000001,United Kingdom,CP095,"09.5 Books, newspapers and stationery"
cpih01,67,2026-02-18T00:00:00.000Z,135.4,Apr-23,Apr-23,K02000001,United Kingdom,CP0722,07.2.2 Fuels and lubricants
cpih01,67,2026-02-18T00:00:00.000Z,156.6,Apr-23,Apr-23,K02000001,United Kingdom,CP125,12.5 Insurance
cpih01,67,2026-02-18T00:00:00.000Z,151.4,Apr-23,Apr-23,K02000001,United Kingdom,CP1253,12.5.3 Health insurance
cpih01,67,2026-02-18T00:00:00.000Z,135.0,Apr-23,Apr-23,K02000001,United Kingdom,CP1111,11.1.1 Restaurants and cafes
cpih01,67,2026-02-18T00:00:00.000Z,137.1,Apr-23,Apr-23,K02000001,United Kingdom,CP0314,"03.1.4 Cleaning, repair and hire of clothing"
cpih01,67,2026-02-18T00:00:00.000Z,106.9,Apr-23,Apr-23,K02000001,United Kingdom,CP0612_0613,06.1.2/3 Other medical and therapeutic equipment
cpih01,67,2026-02-18T00:00:00.000Z,139.0,Apr-23,Apr-23,K02000001,United Kingdom,CP051,"05.1 Furniture, furnishings and carpets"
cpih01,67,2026-02-18T00:00:00.000Z,112.1,Apr-23,Apr-23,K02000001,United Kingdom,CP021,02.1 Alcoholic beverages
cpih01,67,2026-02-18T00:00:00.000Z,115.8,Apr-23,Apr-23,K02000001,United Kingdom,CP041,04.1 Actual rentals for housing
cpih01,67,2026-02-18T00:00:00.000Z,131.8,Apr-23,Apr-23,K02000001,United Kingdom,CP0622,06.2.2 Dental services
cpih01,67,2026-02-18T00:00:00.000Z,131.6,Apr-23,Apr-23,K02000001,United Kingdom,CP0723,07.2.3 Maintenance and repairs
cpih01,67,2026-02-18T00:00:00.000Z,159.8,Apr-23,Apr-23,K02000001,United Kingdom,CP022,02.2 Tobacco
cpih01,67,2026-02-18T00:00:00.000Z,124.7,Apr-23,Apr-23,K02000001,United Kingdom,CP0611,06.1.1 Pharmaceutical products
cpih01,67,2026-02-18T00:00:00.000Z,127.3,Apr-23,Apr-23,K02000001,United Kingdom,CP0712_0713,07.1.2/3 Motocycles and bicycles
cpih01,67,2026-02-18T00:00:00.000Z,159.7,Apr-23,Apr-23,K02000001,United Kingdom,CP1254,12.5.4 Transport insurance
cpih01,67,2026-02-18T00:00:00.000Z,132.1,Apr-23,Apr-23,K02000001,United Kingdom,CP01,01 Food and non-alcoholic beverages
cpih01,67,2026-02-18T00:00:00.000Z,149.2,Apr-23,Apr-23,K02000001,United Kingdom,CP0724,07.2.4 Other services
cpih01,67,2026-02-18T00:00:00.000Z,116.5,Apr-23,Apr-23,K02000001,United Kingdom,CP0561,05.6.1 Non-durable household goods
cpih01,67,2026-02-18T00:00:00.000Z,115.3,Apr-23,Apr-23,K02000001,United Kingdom,CP03,03 Clothing and footwear
cpih01,67,2026-02-18T00:00:00.000Z,128.4,Apr-23,Apr-23,K02000001,United Kingdom,CP0116,01.1.6 Fruit
cpih01,67,2026-02-18T00:00:00.000Z,125.8,Apr-23,Apr-23,K02000001,United Kingdom,CP0942,09.4.2 Cultural services
cpih01,67,2026-02-18T00:00:00.000Z,112.6,Apr-23,Apr-23,K02000001,United Kingdom,CP052,05.2 Household textiles
cpih01,67,2026-02-18T00:00:00.000Z,124.1,Apr-23,Apr-23,K02000001,United Kingdom,CP0711N2,07.1.1.2 Second-hand motor cars
cpih01,67,2026-02-18T00:00:00.000Z,129.1,Apr-23,Apr-23,K02000001,United Kingdom,CP082_083,08.2/3 Telephone and telefax equipment
cpih01,67,2026-02-18T00:00:00.000Z,126.5,Apr-23,Apr-23,K02000001,United Kingdom,CP0933,"09.3.3 Gardens, plants and flowers"
cpih01,67,2026-02-18T00:00:00.000Z,128.3,Apr-23,Apr-23,K02000001,United Kingdom,CP00,Overall Index
cpih01,67,2026-02-18T00:00:00.000Z,145.0,Apr-23,Apr-23,K02000001,United Kingdom,CP0732_0736,07.3.2/6 Passenger transport by road and other services
cpih01,67,2026-02-18T00:00:00.000Z,136.1,Apr-23,Apr-23,K02000001,United Kingdom,CP02,02 Alcoholic beverages and tobacco
cpih01,67,2026-02-18T00:00:00.000Z,82.3,Apr-23,Apr-23,K02000001,United Kingdom,CP0913,09.1.3 Data processing equipment
cpih01,67,2026-02-18T00:00:00.000Z,87.7,Apr-23,Apr-23,K02000001,United Kingdom,CP0912,"09.1.2 Photographic, cinematographic and optical equipment"
cpih01,67,2026-02-18T00:00:00.000Z,136.4,Apr-23,Apr-23,K02000001,United Kingdom,CP0951,09.5.1 Books
cpih01,67,2026-02-18T00:00:00.000Z,147.4,Apr-23,Apr-23,K02000001,United Kingdom,CP0119,01.1.9 Food products (nec)
cpih01,67,2026-02-18T00:00:00.000Z,128.9,Apr-23,Apr-23,K02000001,United Kingdom,CP0953_0954,"09.5.3/4 Miscellaneous printed matter, stationery and drawing materials"
cpih01,67,2026-02-18T00:00:00.000Z,225.9,Apr-23,Apr-23,K02000001,United Kingdom,CP0452,04.5.2 Gas
cpih01,67,2026-02-18T00:00:00.000Z,120.6,Apr-23,Apr-23,K02000001,United Kingdom,CP044,04.4 Water supply and miscellaneous services relating to the dwelling
cpih01,67,2026-02-18T00:00:00.000Z,164.9,Apr-23,Apr-23,K02000001,United Kingdom,CP0115,01.1.5 Oils and fats
cpih01,67,2026-02-18T00:00:00.000Z,125.0,Apr-23,Apr-23,K02000001,United Kingdom,CP0118,"01.1.8 Sugar, jam, syrups, chocolate and confectionery"
cpih01,67,2026-02-18T00:00:00.000Z,131.9,Apr-23,Apr-23,K02000001,United Kingdom,CP1211,12.1.1 Hairdressing and personal grooming establishments
cpih01,67,2026-02-18T00:00:00.000Z,134.8,Apr-23,Apr-23,K02000001,United Kingdom,CP0122,"01.2.2 Mineral waters, soft drinks and juices"
cpih01,67,2026-02-18T00:00:00.000Z,86.9,Apr-23,Apr-23,K02000001,United Kingdom,CP0911,09.1.1 Reception and reproduction of sound and pictures
cpih01,67,2026-02-18T00:00:00.000Z,134.3,Apr-23,Apr-23,K02000001,United Kingdom,CP111,11.1 Catering services
cpih01,67,2026-02-18T00:00:00.000Z,138.1,Apr-23,Apr-23,K02000001,United Kingdom,CP049,04.9 Council Tax and rates
cpih01,67,2026-02-18T00:00:00.000Z,124.0,Apr-23,Apr-23,K02000001,United Kingdom,CP09,09 Recreation and culture
cpih01,67,2026-02-18T00:00:00.000Z,146.6,Apr-23,Apr-23,K02000001,United Kingdom,CP073,07.3 Transport services
cpih01,67,2026-02-18T00:00:00.000Z,126.9,Apr-23,Apr-23,K02000001,United Kingdom,CP092,09.2 Other major durables for recreation and culture
cpih01,67,2026-02-18T00:00:00.000Z,129.6,Apr-23,Apr-23,K02000001,United Kingdom,CP08,08 Communication
cpih01,67,2026-02-18T00:00:00.000Z,136.8,Apr-23,Apr-23,K02000001,United Kingdom,CP0934_0935,"09.3.4/5 Pets, related products and services"
cpih01,67,2026-02-18T00:00:00.000Z,238.3,Apr-23,Apr-23,K02000001,United Kingdom,CP0451,04.5.1 Electricity
cpih01,67,2026-02-18T00:00:00.000Z,113.7,Apr-23,Apr-23,K02000001,United Kingdom,CP0931,"09.3.1 Games, toys and hobbies"
cpih01,67,2026-02-18T00:00:00.000Z,132.5,Apr-23,Apr-23,K02000001,United Kingdom,CP012,01.2 Non-alcoholic beverages
cpih01,67,2026-02-18T00:00:00.000Z,133.3,Apr-23,Apr-23,K02000001,United Kingdom,CP0111,01.1.1 Bread and cereals
cpih01,67,2026-02-18T00:00:00.000Z,172.7,Apr-23,Apr-23,K02000001,United Kingdom,CP0453,04.5.3 Liquid fuels
cpih01,67,2026-02-18T00:00:00.000Z,140.1,Apr-23,Apr-23,K02000001,United Kingdom,CP0511,05.1.1 Furniture and furnishings
cpih01,67,2026-02-18T00:00:00.000Z,107.7,Apr-23,Apr-23,K02000001,United Kingdom,CP1232,12.3.2 Other personal effects
cpih01,67,2026-02-18T00:00:00.000Z,231.5,Apr-23,Apr-23,K02000001,United Kingdom,CP045,"04.5 Electricity, gas and other fuels"
cpih01,67,2026-02-18T00:00:00.000Z,128.4,Apr-23,Apr-23,K02000001,United Kingdom,CP0117,01.1.7 Vegetables including potatoes and tubers
cpih01,67,2026-02-18T00:00:00.000Z,97.0,Apr-23,Apr-23,K02000001,United Kingdom,CP091,09.1 Audio-visual equipment and related products
cpih01,67,2026-02-18T00:00:00.000Z,116.9,Apr-23,Apr-23,K02000001,United Kingdom,CP042,04.2 Owner Occupiers Housing Costs
cpih01,67,2026-02-18T00:00:00.000Z,111.9,Apr-23,Apr-23,K02000001,United Kingdom,CP054,"05.4 Glassware, tableware and household utensils"
cpih01,67,2026-02-18T00:00:00.000Z,119.9,Apr-23,Apr-23,K02000001,United Kingdom,CP0533,05.3.3 Repair of household appliances
cpih01,67,2026-02-18T00:00:00.000Z,137.7,Apr-23,Apr-23,K02000001,United Kingdom,CP081,08.1 Postal services
cpih01,67,2026-02-18T00:00:00.000Z,135.2,Apr-23,Apr-23,K02000001,United Kingdom,CP07,07 Transport
cpih01,67,2026-02-18T00:00:00.000Z,128.3,Apr-23,Apr-23,K02000001,United Kingdom,CP04,"04 Housing, water, electricity, gas and other fuels"
cpih01,67,2026-02-18T00:00:00.000Z,118.8,Apr-23,Apr-23,K02000001,United Kingdom,CP1231,"12.3.1 Jewellery, clocks and watches"
cpih01,67,2026-02-18T00:00:00.000Z,145.1,Apr-23,Apr-23,K02000001,United Kingdom,CP063,06.3 Hospital services
cpih01,67,2026-02-18T00:00:00.000Z,142.6,Apr-23,Apr-23,K02000001,United Kingdom,CP0114,"01.1.4 Milk, cheese and eggs"
cpih01,67,2026-02-18T00:00:00.000Z,120.3,Apr-23,Apr-23,K02000001,United Kingdom,CP1112,11.1.2 Canteens
cpih01,67,2026-02-18T00:00:00.000Z,125.0,Apr-23,Apr-23,K02000001,United Kingdom,CP06,06 Health
cpih01,67,2026-02-18T00:00:00.000Z,126.3,Apr-23,Apr-23,K02000001,United Kingdom,CP0721,07.2.1 Spare parts and accessories
cpih01,67,2026-02-18T00:00:00.000Z,110.2,Apr-23,Apr-23,K02000001,United Kingdom,CP0212,02.1.2 Wine
cpih01,67,2026-02-18T00:00:00.000Z,127.8,Apr-23,Apr-23,K02000001,United Kingdom,CP0531_0532,05.3.1/2 Major appliances and small electric goods
cpih01,67,2026-02-18T00:00:00.000Z,144.3,Apr-23,Apr-23,K02000001,United Kingdom,CP0733,07.3.3 Passenger transport by air
cpih01,67,2026-02-18T00:00:00.000Z,120.3,Apr-23,Apr-23,K02000001,United Kingdom,CP043,04.3 Regular maintenance and repair of the dwelling
cpih01,67,2026-02-18T00:00:00.000Z,108.2,Apr-23,Apr-23,K02000001,United Kingdom,CP0211,02.1.1 Spirits
cpih01,67,2026-02-18T00:00:00.000Z,131.7,Apr-23,Apr-23,K02000001,United Kingdom,CP0914,09.1.4 Recording media
cpih01,67,2026-02-18T00:00:00.000Z,148.5,Apr-23,Apr-23,K02000001,United Kingdom,CP0734,07.3.4 Passenger transport by sea and inland waterway
cpih01,67,2026-02-18T00:00:00.000Z,132.0,Apr-23,Apr-23,K02000001,United Kingdom,CP011,01.1 Food
cpih01,67,2026-02-18T00:00:00.000Z,167.1,Apr-23,Apr-23,K02000001,United Kingdom,CP0952,09.5.2 Newspapers and periodicals
cpih01,67,2026-02-18T00:00:00.000Z,119.8,Apr-23,Apr-23,K02000001,United Kingdom,CP0213,02.1.3 Beer
cpih01,67,2026-02-18T00:00:00.000Z,124.9,Apr-23,Apr-23,K02000001,United Kingdom,CP0562,05.6.2 Domestic services and household services
cpih01,67,2026-02-18T00:00:00.000Z,114.5,Apr-23,Apr-23,K02000001,United Kingdom,CP123,12.3 Personal effects (nec)
cpih01,67,2026-02-18T00:00:00.000Z,117.6,Apr-23,Apr-23,K02000001,United Kingdom,CP0312,03.1.2 Garments
cpih01,67,2026-02-18T00:00:00.000Z,136.2,Apr-23,Apr-23,K02000001,United Kingdom,CP1252,12.5.2 House contents insurance
cpih01,67,2026-02-18T00:00:00.000Z,122.4,Apr-23,Apr-23,K02000001,United Kingdom,CP0441,04.4.1 Water supply
cpih01,67,2026-02-18T00:00:00.000Z,124.5,Apr-23,Apr-23,K02000001,United Kingdom,CP0112,01.1.2 Meat
cpih01,67,2026-02-18T00:00:00.000Z,115.7,Apr-23,Apr-23,K02000001,United Kingdom,CP055,05.5 Tools and equipment for house and garden
cpih01,67,2026-02-18T00:00:00.000Z,127.5,Apr-23,Apr-23,K02000001,United Kingdom,CP056,05.6 Goods and services for routine maintenance
cpih01,67,2026-02-18T00:00:00.000Z,119.4,Apr-23,Apr-23,K02000001,United Kingdom,CP0621_0623,06.2.1/3 Medical services and paramedical services
cpih01,67,2026-02-18T00:00:00.000Z,123.0,Apr-23,Apr-23,K02000001,United Kingdom,CP093,"09.3 Other recreational items, gardens and pets"
cpih01,67,2026-02-18T00:00:00.000Z,119.3,Apr-23,Apr-23,K02000001,United Kingdom,CP0443,04.4.3 Sewerage collection
cpih01,67,2026-02-18T00:00:00.000Z,135.1,Apr-23,Apr-23,K02000001,United Kingdom,CP072,07.2 Operation of personal transport equipment
cpih01,67,2026-02-18T00:00:00.000Z,119.9,Mar-23,Mar-23,K02000001,United Kingdom,CP0533,05.3.3 Repair of household appliances
cpih01,67,2026-02-18T00:00:00.000Z,133.5,Mar-23,Mar-23,K02000001,United Kingdom,CP096,09.6 Package holidays
cpih01,67,2026-02-18T00:00:00.000Z,132.2,Mar-23,Mar-23,K02000001,United Kingdom,CP0122,"01.2.2 Mineral waters, soft drinks and juices"
cpih01,67,2026-02-18T00:00:00.000Z,133.1,Mar-23,Mar-23,K02000001,United Kingdom,CP111,11.1 Catering services
cpih01,67,2026-02-18T00:00:00.000Z,159.7,Mar-23,Mar-23,K02000001,United Kingdom,CP0454,04.5.4 Solid fuels
cpih01,67,2026-02-18T00:00:00.000Z,122.3,Mar-23,Mar-23,K02000001,United Kingdom,CP09,09 Recreation and culture
cpih01,67,2026-02-18T00:00:00.000Z,111.8,Mar-23,Mar-23,K02000001,United Kingdom,CP052,05.2 Household textiles
cpih01,67,2026-02-18T00:00:00.000Z,114.3,Mar-23,Mar-23,K02000001,United Kingdom,CP041,04.1 Actual rentals for housing
cpih01,67,2026-02-18T00:00:00.000Z,125.7,Mar-23,Mar-23,K02000001,United Kingdom,CP0914,09.1.4 Recording media
cpih01,67,2026-02-18T00:00:00.000Z,107.9,Mar-23,Mar-23,K02000001,United Kingdom,CP0432,04.3.2 Services for maintenance and repair of the dwelling
cpih01,67,2026-02-18T00:00:00.000Z,118.8,Mar-23,Mar-23,K02000001,United Kingdom,CP0621_0623,06.2.1/3 Medical services and paramedical services
cpih01,67,2026-02-18T00:00:00.000Z,122.4,Mar-23,Mar-23,K02000001,United Kingdom,CP093,"09.3 Other recreational items, gardens and pets"
cpih01,67,2026-02-18T00:00:00.000Z,137.7,Mar-23,Mar-23,K02000001,United Kingdom,CP095,"09.5 Books, newspapers and stationery"
cpih01,67,2026-02-18T00:00:00.000Z,140.9,Mar-23,Mar-23,K02000001,United Kingdom,CP051,"05.1 Furniture, furnishings and carpets"
cpih01,67,2026-02-18T00:00:00.000Z,135.6,Mar-23,Mar-23,K02000001,United Kingdom,CP0113,01.1.3 Fish
cpih01,67,2026-02-18T00:00:00.000Z,129.6,Mar-23,Mar-23,K02000001,United Kingdom,CP0953_0954,"09.5.3/4 Miscellaneous printed matter, stationery and drawing materials"
cpih01,67,2026-02-18T00:00:00.000Z,135.1,Mar-23,Mar-23,K02000001,United Kingdom,CP11,11 Restaurants and hotels
cpih01,67,2026-02-18T00:00:00.000Z,192.1,Mar-23,Mar-23,K02000001,United Kingdom,CP0453,04.5.3 Liquid fuels
cpih01,67,2026-02-18T00:00:00.000Z,136.8,Mar-23,Mar-23,K02000001,United Kingdom,CP0512,05.1.2 Carpets and other floor coverings
cpih01,67,2026-02-18T00:00:00.000Z,123.3,Mar-23,Mar-23,K02000001,United Kingdom,CP092,09.2 Other major durables for recreation and culture
cpih01,67,2026-02-18T00:00:00.000Z,128.0,Mar-23,Mar-23,K02000001,United Kingdom,CP0116,01.1.6 Fruit
cpih01,67,2026-02-18T00:00:00.000Z,123.8,Mar-23,Mar-23,K02000001,United Kingdom,CP0562,05.6.2 Domestic services and household services
cpih01,67,2026-02-18T00:00:00.000Z,118.5,Mar-23,Mar-23,K02000001,United Kingdom,CP0932,09.3.2 Equipment for sport and open-air recreation
cpih01,67,2026-02-18T00:00:00.000Z,126.0,Mar-23,Mar-23,K02000001,United Kingdom,CP071,07.1 Purchase of vehicles
cpih01,67,2026-02-18T00:00:00.000Z,120.8,Mar-23,Mar-23,K02000001,United Kingdom,CP0711N2,07.1.1.2 Second-hand motor cars
cpih01,67,2026-02-18T00:00:00.000Z,144.9,Mar-23,Mar-23,K02000001,United Kingdom,CP073,07.3 Transport services
cpih01,67,2026-02-18T00:00:00.000Z,130.6,Mar-23,Mar-23,K02000001,United Kingdom,CP124,12.4 Social protection
cpih01,67,2026-02-18T00:00:00.000Z,112.4,Mar-23,Mar-23,K02000001,United Kingdom,CP0441,04.4.1 Water supply
cpih01,67,2026-02-18T00:00:00.000Z,152.9,Mar-23,Mar-23,K02000001,United Kingdom,CP125,12.5 Insurance
cpih01,67,2026-02-18T00:00:00.000Z,128.0,Mar-23,Mar-23,K02000001,United Kingdom,CP0941,09.4.1 Recreational and sporting services
cpih01,67,2026-02-18T00:00:00.000Z,120.0,Mar-23,Mar-23,K02000001,United Kingdom,CP08,08 Communication
cpih01,67,2026-02-18T00:00:00.000Z,165.9,Mar-23,Mar-23,K02000001,United Kingdom,CP0115,01.1.5 Oils and fats
cpih01,67,2026-02-18T00:00:00.000Z,127.1,Mar-23,Mar-23,K02000001,United Kingdom,CP04,"04 Housing, water, electricity, gas and other fuels"
cpih01,67,2026-02-18T00:00:00.000Z,117.9,Mar-23,Mar-23,K02000001,United Kingdom,CP121,12.1 Personal care
cpih01,67,2026-02-18T00:00:00.000Z,145.4,Mar-23,Mar-23,K02000001,United Kingdom,CP0734,07.3.4 Passenger transport by sea and inland waterway
cpih01,67,2026-02-18T00:00:00.000Z,117.8,Mar-23,Mar-23,K02000001,United Kingdom,CP055,05.5 Tools and equipment for house and garden
cpih01,67,2026-02-18T00:00:00.000Z,110.5,Mar-23,Mar-23,K02000001,United Kingdom,CP0443,04.4.3 Sewerage collection
cpih01,67,2026-02-18T00:00:00.000Z,89.7,Mar-23,Mar-23,K02000001,United Kingdom,CP126,12.6 Financial services (nec)
cpih01,67,2026-02-18T00:00:00.000Z,115.0,Mar-23,Mar-23,K02000001,United Kingdom,CP12,12 Miscellaneous goods and services
cpih01,67,2026-02-18T00:00:00.000Z,144.9,Mar-23,Mar-23,K02000001,United Kingdom,CP0732_0736,07.3.2/6 Passenger transport by road and other services
cpih01,67,2026-02-18T00:00:00.000Z,140.1,Mar-23,Mar-23,K02000001,United Kingdom,CP0733,07.3.3 Passenger transport by air
cpih01,67,2026-02-18T00:00:00.000Z,133.8,Mar-23,Mar-23,K02000001,United Kingdom,CP1111,11.1.1 Restaurants and cafes
cpih01,67,2026-02-18T00:00:00.000Z,107.2,Mar-23,Mar-23,K02000001,United Kingdom,CP1232,12.3.2 Other personal effects
cpih01,67,2026-02-18T00:00:00.000Z,125.6,Mar-23,Mar-23,K02000001,United Kingdom,CP0121,"01.2.1 Coffee, tea and cocoa"
cpih01,67,2026-02-18T00:00:00.000Z,82.1,Mar-23,Mar-23,K02000001,United Kingdom,CP0913,09.1.3 Data processing equipment
cpih01,67,2026-02-18T00:00:00.000Z,141.9,Mar-23,Mar-23,K02000001,United Kingdom,CP0511,05.1.1 Furniture and furnishings
cpih01,67,2026-02-18T00:00:00.000Z,128.3,Mar-23,Mar-23,K02000001,United Kingdom,CP053,"05.3 Household appliances, fitting and repairs"
cpih01,67,2026-02-18T00:00:00.000Z,113.6,Mar-23,Mar-23,K02000001,United Kingdom,CP1212_1213,12.1.2/3 Appliances and products for personal care
cpih01,67,2026-02-18T00:00:00.000Z,131.4,Mar-23,Mar-23,K02000001,United Kingdom,CP02,02 Alcoholic beverages and tobacco
cpih01,67,2026-02-18T00:00:00.000Z,132.7,Mar-23,Mar-23,K02000001,United Kingdom,CP072,07.2 Operation of personal transport equipment
cpih01,67,2026-02-18T00:00:00.000Z,95.5,Mar-23,Mar-23,K02000001,United Kingdom,CP091,09.1 Audio-visual equipment and related products
cpih01,67,2026-02-18T00:00:00.000Z,114.0,Mar-23,Mar-23,K02000001,United Kingdom,CP0931,"09.3.1 Games, toys and hobbies"
cpih01,67,2026-02-18T00:00:00.000Z,86.3,Mar-23,Mar-23,K02000001,United Kingdom,CP0911,09.1.1 Reception and reproduction of sound and pictures
cpih01,67,2026-02-18T00:00:00.000Z,125.6,Mar-23,Mar-23,K02000001,United Kingdom,CP0721,07.2.1 Spare parts and accessories
cpih01,67,2026-02-18T00:00:00.000Z,126.0,Mar-23,Mar-23,K02000001,United Kingdom,CP0951,09.5.1 Books
cpih01,67,2026-02-18T00:00:00.000Z,138.6,Mar-23,Mar-23,K02000001,United Kingdom,CP0724,07.2.4 Other services
cpih01,67,2026-02-18T00:00:00.000Z,132.8,Mar-23,Mar-23,K02000001,United Kingdom,CP07,07 Transport
cpih01,67,2026-02-18T00:00:00.000Z,164.5,Mar-23,Mar-23,K02000001,United Kingdom,CP0952,09.5.2 Newspapers and periodicals
cpih01,67,2026-02-18T00:00:00.000Z,143.6,Mar-23,Mar-23,K02000001,United Kingdom,CP112,11.2 Accommodation services
cpih01,67,2026-02-18T00:00:00.000Z,127.7,Mar-23,Mar-23,K02000001,United Kingdom,CP05,"05 Furniture, household equipment and maintenance"
cpih01,67,2026-02-18T00:00:00.000Z,129.4,Mar-23,Mar-23,K02000001,United Kingdom,CP10,10 Education
cpih01,67,2026-02-18T00:00:00.000Z,140.6,Mar-23,Mar-23,K02000001,United Kingdom,CP0114,"01.1.4 Milk, cheese and eggs"
cpih01,67,2026-02-18T00:00:00.000Z,156.1,Mar-23,Mar-23,K02000001,United Kingdom,CP1254,12.5.4 Transport insurance
cpih01,67,2026-02-18T00:00:00.000Z,132.9,Mar-23,Mar-23,K02000001,United Kingdom,CP0431,04.3.1 Materials for maintenance and repair of the dwelling
cpih01,67,2026-02-18T00:00:00.000Z,128.4,Mar-23,Mar-23,K02000001,United Kingdom,CP0723,07.2.3 Maintenance and repairs
cpih01,67,2026-02-18T00:00:00.000Z,87.3,Mar-23,Mar-23,K02000001,United Kingdom,CP0912,"09.1.2 Photographic, cinematographic and optical equipment"
cpih01,67,2026-02-18T00:00:00.000Z,123.4,Mar-23,Mar-23,K02000001,United Kingdom,CP0118,"01.1.8 Sugar, jam, syrups, chocolate and confectionery"
cpih01,67,2026-02-18T00:00:00.000Z,119.4,Mar-23,Mar-23,K02000001,United Kingdom,CP082_083,08.2/3 Telephone and telefax equipment
cpih01,67,2026-02-18T00:00:00.000Z,109.3,Mar-23,Mar-23,K02000001,United Kingdom,CP0915,09.1.5 Repair of audio-visual equipment and related products
cpih01,67,2026-02-18T00:00:00.000Z,126.9,Mar-23,Mar-23,K02000001,United Kingdom,CP0933,"09.3.3 Gardens, plants and flowers"
cpih01,67,2026-02-18T00:00:00.000Z,110.9,Mar-23,Mar-23,K02000001,United Kingdom,CP0313,03.1.3 Other clothing and clothing accessories
cpih01,67,2026-02-18T00:00:00.000Z,135.6,Mar-23,Mar-23,K02000001,United Kingdom,CP0934_0935,"09.3.4/5 Pets, related products and services"
cpih01,67,2026-02-18T00:00:00.000Z,130.2,Mar-23,Mar-23,K02000001,United Kingdom,CP01,01 Food and non-alcoholic beverages
cpih01,67,2026-02-18T00:00:00.000Z,131.6,Mar-23,Mar-23,K02000001,United Kingdom,CP0622,06.2.2 Dental services
cpih01,67,2026-02-18T00:00:00.000Z,111.5,Mar-23,Mar-23,K02000001,United Kingdom,CP021,02.1 Alcoholic beverages
cpih01,67,2026-02-18T00:00:00.000Z,228.2,Mar-23,Mar-23,K02000001,United Kingdom,CP0452,04.5.2 Gas
cpih01,67,2026-02-18T00:00:00.000Z,126.7,Mar-23,Mar-23,K02000001,United Kingdom,CP056,05.6 Goods and services for routine maintenance
cpih01,67,2026-02-18T00:00:00.000Z,116.6,Mar-23,Mar-23,K02000001,United Kingdom,CP042,04.2 Owner Occupiers Housing Costs
cpih01,67,2026-02-18T00:00:00.000Z,129.3,Mar-23,Mar-23,K02000001,United Kingdom,CP0731,07.3.1 Passenger transport by railway
cpih01,67,2026-02-18T00:00:00.000Z,103.9,Mar-23,Mar-23,K02000001,United Kingdom,CP032,03.2 Footwear including repairs
cpih01,67,2026-02-18T00:00:00.000Z,147.1,Mar-23,Mar-23,K02000001,United Kingdom,CP1253,12.5.3 Health insurance
cpih01,67,2026-02-18T00:00:00.000Z,114.8,Mar-23,Mar-23,K02000001,United Kingdom,CP123,12.3 Personal effects (nec)
cpih01,67,2026-02-18T00:00:00.000Z,124.0,Mar-23,Mar-23,K02000001,United Kingdom,CP062,06.2 Out-patient services
cpih01,67,2026-02-18T00:00:00.000Z,111.2,Mar-23,Mar-23,K02000001,United Kingdom,CP044,04.4 Water supply and miscellaneous services relating to the dwelling
cpih01,67,2026-02-18T00:00:00.000Z,126.8,Mar-23,Mar-23,K02000001,United Kingdom,CP00,Overall Index
cpih01,67,2026-02-18T00:00:00.000Z,101.2,Mar-23,Mar-23,K02000001,United Kingdom,CP127,12.7 Other services (nec)
cpih01,67,2026-02-18T00:00:00.000Z,107.5,Mar-23,Mar-23,K02000001,United Kingdom,CP0612_0613,06.1.2/3 Other medical and therapeutic equipment
cpih01,67,2026-02-18T00:00:00.000Z,125.2,Mar-23,Mar-23,K02000001,United Kingdom,CP0712_0713,07.1.2/3 Motocycles and bicycles
cpih01,67,2026-02-18T00:00:00.000Z,126.1,Mar-23,Mar-23,K02000001,United Kingdom,CP0117,01.1.7 Vegetables including potatoes and tubers
cpih01,67,2026-02-18T00:00:00.000Z,125.0,Mar-23,Mar-23,K02000001,United Kingdom,CP094,09.4 Recreational and cultural services
cpih01,67,2026-02-18T00:00:00.000Z,130.9,Mar-23,Mar-23,K02000001,United Kingdom,CP1211,12.1.1 Hairdressing and personal grooming establishments
cpih01,67,2026-02-18T00:00:00.000Z,116.6,Mar-23,Mar-23,K02000001,United Kingdom,CP031,03.1 Clothing
cpih01,67,2026-02-18T00:00:00.000Z,142.7,Mar-23,Mar-23,K02000001,United Kingdom,CP063,06.3 Hospital services
cpih01,67,2026-02-18T00:00:00.000Z,111.7,Mar-23,Mar-23,K02000001,United Kingdom,CP054,"05.4 Glassware, tableware and household utensils"
cpih01,67,2026-02-18T00:00:00.000Z,114.5,Mar-23,Mar-23,K02000001,United Kingdom,CP03,03 Clothing and footwear
cpih01,67,2026-02-18T00:00:00.000Z,130.8,Mar-23,Mar-23,K02000001,United Kingdom,CP0711N1,07.1.1.1 New motor cars
cpih01,67,2026-02-18T00:00:00.000Z,136.0,Mar-23,Mar-23,K02000001,United Kingdom,CP0314,"03.1.4 Cleaning, repair and hire of clothing"
cpih01,67,2026-02-18T00:00:00.000Z,130.0,Mar-23,Mar-23,K02000001,United Kingdom,CP081,08.1 Postal services
cpih01,67,2026-02-18T00:00:00.000Z,129.6,Mar-23,Mar-23,K02000001,United Kingdom,CP0531_0532,05.3.1/2 Major appliances and small electric goods
cpih01,67,2026-02-18T00:00:00.000Z,120.2,Mar-23,Mar-23,K02000001,United Kingdom,CP1112,11.1.2 Canteens
cpih01,67,2026-02-18T00:00:00.000Z,107.9,Mar-23,Mar-23,K02000001,United Kingdom,CP0211,02.1.1 Spirits
cpih01,67,2026-02-18T00:00:00.000Z,120.1,Mar-23,Mar-23,K02000001,United Kingdom,CP043,04.3 Regular maintenance and repair of the dwelling
cpih01,67,2026-02-18T00:00:00.000Z,122.4,Mar-23,Mar-23,K02000001,United Kingdom,CP0112,01.1.2 Meat
cpih01,67,2026-02-18T00:00:00.000Z,123.1,Mar-23,Mar-23,K02000001,United Kingdom,CP0611,06.1.1 Pharmaceutical products
cpih01,67,2026-02-18T00:00:00.000Z,119.3,Mar-23,Mar-23,K02000001,United Kingdom,CP1231,"12.3.1 Jewellery, clocks and watches"
cpih01,67,2026-02-18T00:00:00.000Z,117.9,Mar-23,Mar-23,K02000001,United Kingdom,CP0213,02.1.3 Beer
cpih01,67,2026-02-18T00:00:00.000Z,137.2,Mar-23,Mar-23,K02000001,United Kingdom,CP0722,07.2.2 Fuels and lubricants
cpih01,67,2026-02-18T00:00:00.000Z,130.1,Mar-23,Mar-23,K02000001,United Kingdom,CP011,01.1 Food
cpih01,67,2026-02-18T00:00:00.000Z,240.9,Mar-23,Mar-23,K02000001,United Kingdom,CP0451,04.5.1 Electricity
cpih01,67,2026-02-18T00:00:00.000Z,131.4,Mar-23,Mar-23,K02000001,United Kingdom,CP049,04.9 Council Tax and rates
cpih01,67,2026-02-18T00:00:00.000Z,131.3,Mar-23,Mar-23,K02000001,United Kingdom,CP0111,01.1.1 Bread and cereals
cpih01,67,2026-02-18T00:00:00.000Z,110.1,Mar-23,Mar-23,K02000001,United Kingdom,CP0212,02.1.2 Wine
cpih01,67,2026-02-18T00:00:00.000Z,115.9,Mar-23,Mar-23,K02000001,United Kingdom,CP0561,05.6.1 Non-durable household goods
cpih01,67,2026-02-18T00:00:00.000Z,116.7,Mar-23,Mar-23,K02000001,United Kingdom,CP0312,03.1.2 Garments
cpih01,67,2026-02-18T00:00:00.000Z,130.3,Mar-23,Mar-23,K02000001,United Kingdom,CP012,01.2 Non-alcoholic beverages
cpih01,67,2026-02-18T00:00:00.000Z,117.2,Mar-23,Mar-23,K02000001,United Kingdom,CP061,"06.1 Medical products, appliances and equipment"
cpih01,67,2026-02-18T00:00:00.000Z,134.5,Mar-23,Mar-23,K02000001,United Kingdom,CP1252,12.5.2 House contents insurance
cpih01,67,2026-02-18T00:00:00.000Z,142.6,Mar-23,Mar-23,K02000001,United Kingdom,CP0119,01.1.9 Food products (nec)
cpih01,67,2026-02-18T00:00:00.000Z,124.0,Mar-23,Mar-23,K02000001,United Kingdom,CP06,06 Health
cpih01,67,2026-02-18T00:00:00.000Z,123.9,Mar-23,Mar-23,K02000001,United Kingdom,CP0942,09.4.2 Cultural services
cpih01,67,2026-02-18T00:00:00.000Z,234.4,Mar-23,Mar-23,K02000001,United Kingdom,CP045,"04.5 Electricity, gas and other fuels"
cpih01,67,2026-02-18T00:00:00.000Z,149.6,Mar-23,Mar-23,K02000001,United Kingdom,CP022,02.2 Tobacco
cpih01,67,2026-02-18T00:00:00.000Z,131.4,Feb-23,Feb-23,K02000001,United Kingdom,CP049,04.9 Council Tax and rates
cpih01,67,2026-02-18T00:00:00.000Z,126.7,Feb-23,Feb-23,K02000001,United Kingdom,CP0933,"09.3.3 Gardens, plants and flowers"
cpih01,67,2026-02-18T00:00:00.000Z,112.7,Feb-23,Feb-23,K02000001,United Kingdom,CP03,03 Clothing and footwear
cpih01,67,2026-02-18T00:00:00.000Z,139.3,Feb-23,Feb-23,K02000001,United Kingdom,CP112,11.2 Accommodation services
cpih01,67,2026-02-18T00:00:00.000Z,162.3,Feb-23,Feb-23,K02000001,United Kingdom,CP0454,04.5.4 Solid fuels
cpih01,67,2026-02-18T00:00:00.000Z,234.9,Feb-23,Feb-23,K02000001,United Kingdom,CP045,"04.5 Electricity, gas and other fuels"
cpih01,67,2026-02-18T00:00:00.000Z,123.2,Feb-23,Feb-23,K02000001,United Kingdom,CP092,09.2 Other major durables for recreation and culture
cpih01,67,2026-02-18T00:00:00.000Z,165.4,Feb-23,Feb-23,K02000001,United Kingdom,CP0952,09.5.2 Newspapers and periodicals
cpih01,67,2026-02-18T00:00:00.000Z,147.2,Feb-23,Feb-23,K02000001,United Kingdom,CP0734,07.3.4 Passenger transport by sea and inland waterway
cpih01,67,2026-02-18T00:00:00.000Z,138.6,Feb-23,Feb-23,K02000001,United Kingdom,CP0511,05.1.1 Furniture and furnishings
cpih01,67,2026-02-18T00:00:00.000Z,162.8,Feb-23,Feb-23,K02000001,United Kingdom,CP0115,01.1.5 Oils and fats
cpih01,67,2026-02-18T00:00:00.000Z,122.1,Feb-23,Feb-23,K02000001,United Kingdom,CP0942,09.4.2 Cultural services
cpih01,67,2026-02-18T00:00:00.000Z,111.4,Feb-23,Feb-23,K02000001,United Kingdom,CP054,"05.4 Glassware, tableware and household utensils"
cpih01,67,2026-02-18T00:00:00.000Z,127.3,Feb-23,Feb-23,K02000001,United Kingdom,CP0712_0713,07.1.2/3 Motocycles and bicycles
cpih01,67,2026-02-18T00:00:00.000Z,121.1,Feb-23,Feb-23,K02000001,United Kingdom,CP09,09 Recreation and culture
cpih01,67,2026-02-18T00:00:00.000Z,118.3,Feb-23,Feb-23,K02000001,United Kingdom,CP0621_0623,06.2.1/3 Medical services and paramedical services
cpih01,67,2026-02-18T00:00:00.000Z,130.3,Feb-23,Feb-23,K02000001,United Kingdom,CP012,01.2 Non-alcoholic beverages
cpih01,67,2026-02-18T00:00:00.000Z,128.6,Feb-23,Feb-23,K02000001,United Kingdom,CP011,01.1 Food
cpih01,67,2026-02-18T00:00:00.000Z,124.3,Feb-23,Feb-23,K02000001,United Kingdom,CP056,05.6 Goods and services for routine maintenance
cpih01,67,2026-02-18T00:00:00.000Z,108.4,Feb-23,Feb-23,K02000001,United Kingdom,CP0212,02.1.2 Wine
cpih01,67,2026-02-18T00:00:00.000Z,132.4,Feb-23,Feb-23,K02000001,United Kingdom,CP07,07 Transport
cpih01,67,2026-02-18T00:00:00.000Z,89.3,Feb-23,Feb-23,K02000001,United Kingdom,CP126,12.6 Financial services (nec)
cpih01,67,2026-02-18T00:00:00.000Z,132.8,Feb-23,Feb-23,K02000001,United Kingdom,CP096,09.6 Package holidays
cpih01,67,2026-02-18T00:00:00.000Z,133.6,Feb-23,Feb-23,K02000001,United Kingdom,CP0934_0935,"09.3.4/5 Pets, related products and services"
cpih01,67,2026-02-18T00:00:00.000Z,114.0,Feb-23,Feb-23,K02000001,United Kingdom,CP041,04.1 Actual rentals for housing
cpih01,67,2026-02-18T00:00:00.000Z,130.7,Feb-23,Feb-23,K02000001,United Kingdom,CP1211,12.1.1 Hairdressing and personal grooming establishments
cpih01,67,2026-02-18T00:00:00.000Z,114.0,Feb-23,Feb-23,K02000001,United Kingdom,CP123,12.3 Personal effects (nec)
cpih01,67,2026-02-18T00:00:00.000Z,124.8,Feb-23,Feb-23,K02000001,United Kingdom,CP0731,07.3.1 Passenger transport by railway
cpih01,67,2026-02-18T00:00:00.000Z,100.9,Feb-23,Feb-23,K02000001,United Kingdom,CP127,12.7 Other services (nec)
cpih01,67,2026-02-18T00:00:00.000Z,123.6,Feb-23,Feb-23,K02000001,United Kingdom,CP0562,05.6.2 Domestic services and household services
cpih01,67,2026-02-18T00:00:00.000Z,86.1,Feb-23,Feb-23,K02000001,United Kingdom,CP0912,"09.1.2 Photographic, cinematographic and optical equipment"
cpih01,67,2026-02-18T00:00:00.000Z,120.3,Feb-23,Feb-23,K02000001,United Kingdom,CP093,"09.3 Other recreational items, gardens and pets"
cpih01,67,2026-02-18T00:00:00.000Z,119.2,Feb-23,Feb-23,K02000001,United Kingdom,CP043,04.3 Regular maintenance and repair of the dwelling
cpih01,67,2026-02-18T00:00:00.000Z,94.6,Feb-23,Feb-23,K02000001,United Kingdom,CP091,09.1 Audio-visual equipment and related products
cpih01,67,2026-02-18T00:00:00.000Z,119.6,Feb-23,Feb-23,K02000001,United Kingdom,CP0711N2,07.1.1.2 Second-hand motor cars
cpih01,67,2026-02-18T00:00:00.000Z,133.7,Feb-23,Feb-23,K02000001,United Kingdom,CP072,07.2 Operation of personal transport equipment
cpih01,67,2026-02-18T00:00:00.000Z,123.6,Feb-23,Feb-23,K02000001,United Kingdom,CP062,06.2 Out-patient services
cpih01,67,2026-02-18T00:00:00.000Z,140.7,Feb-23,Feb-23,K02000001,United Kingdom,CP0114,"01.1.4 Milk, cheese and eggs"
cpih01,67,2026-02-18T00:00:00.000Z,119.5,Feb-23,Feb-23,K02000001,United Kingdom,CP082_083,08.2/3 Telephone and telefax equipment
cpih01,67,2026-02-18T00:00:00.000Z,125.7,Feb-23,Feb-23,K02000001,United Kingdom,CP0121,"01.2.1 Coffee, tea and cocoa"
cpih01,67,2026-02-18T00:00:00.000Z,137.1,Feb-23,Feb-23,K02000001,United Kingdom,CP095,"09.5 Books, newspapers and stationery"
cpih01,67,2026-02-18T00:00:00.000Z,126.3,Feb-23,Feb-23,K02000001,United Kingdom,CP0116,01.1.6 Fruit
cpih01,67,2026-02-18T00:00:00.000Z,111.7,Feb-23,Feb-23,K02000001,United Kingdom,CP052,05.2 Household textiles
cpih01,67,2026-02-18T00:00:00.000Z,109.0,Feb-23,Feb-23,K02000001,United Kingdom,CP0915,09.1.5 Repair of audio-visual equipment and related products
cpih01,67,2026-02-18T00:00:00.000Z,138.3,Feb-23,Feb-23,K02000001,United Kingdom,CP051,"05.1 Furniture, furnishings and carpets"
cpih01,67,2026-02-18T00:00:00.000Z,126.0,Feb-23,Feb-23,K02000001,United Kingdom,CP00,Overall Index
cpih01,67,2026-02-18T00:00:00.000Z,125.3,Feb-23,Feb-23,K02000001,United Kingdom,CP0951,09.5.1 Books
cpih01,67,2026-02-18T00:00:00.000Z,131.2,Feb-23,Feb-23,K02000001,United Kingdom,CP0622,06.2.2 Dental services
cpih01,67,2026-02-18T00:00:00.000Z,111.0,Feb-23,Feb-23,K02000001,United Kingdom,CP0931,"09.3.1 Games, toys and hobbies"
cpih01,67,2026-02-18T00:00:00.000Z,128.3,Feb-23,Feb-23,K02000001,United Kingdom,CP0953_0954,"09.5.3/4 Miscellaneous printed matter, stationery and drawing materials"
cpih01,67,2026-02-18T00:00:00.000Z,116.5,Feb-23,Feb-23,K02000001,United Kingdom,CP061,"06.1 Medical products, appliances and equipment"
cpih01,67,2026-02-18T00:00:00.000Z,132.2,Feb-23,Feb-23,K02000001,United Kingdom,CP0122,"01.2.2 Mineral waters, soft drinks and juices"
cpih01,67,2026-02-18T00:00:00.000Z,131.0,Feb-23,Feb-23,K02000001,United Kingdom,CP0431,04.3.1 Materials for maintenance and repair of the dwelling
cpih01,67,2026-02-18T00:00:00.000Z,116.3,Feb-23,Feb-23,K02000001,United Kingdom,CP0932,09.3.2 Equipment for sport and open-air recreation
cpih01,67,2026-02-18T00:00:00.000Z,125.4,Feb-23,Feb-23,K02000001,United Kingdom,CP071,07.1 Purchase of vehicles
cpih01,67,2026-02-18T00:00:00.000Z,105.9,Feb-23,Feb-23,K02000001,United Kingdom,CP1232,12.3.2 Other personal effects
cpih01,67,2026-02-18T00:00:00.000Z,133.9,Feb-23,Feb-23,K02000001,United Kingdom,CP0113,01.1.3 Fish
cpih01,67,2026-02-18T00:00:00.000Z,149.0,Feb-23,Feb-23,K02000001,United Kingdom,CP022,02.2 Tobacco
cpih01,67,2026-02-18T00:00:00.000Z,112.7,Feb-23,Feb-23,K02000001,United Kingdom,CP0561,05.6.1 Non-durable household goods
cpih01,67,2026-02-18T00:00:00.000Z,150.2,Feb-23,Feb-23,K02000001,United Kingdom,CP1254,12.5.4 Transport insurance
cpih01,67,2026-02-18T00:00:00.000Z,114.5,Feb-23,Feb-23,K02000001,United Kingdom,CP12,12 Miscellaneous goods and services
cpih01,67,2026-02-18T00:00:00.000Z,140.9,Feb-23,Feb-23,K02000001,United Kingdom,CP073,07.3 Transport services
cpih01,67,2026-02-18T00:00:00.000Z,106.7,Feb-23,Feb-23,K02000001,United Kingdom,CP0612_0613,06.1.2/3 Other medical and therapeutic equipment
cpih01,67,2026-02-18T00:00:00.000Z,114.8,Feb-23,Feb-23,K02000001,United Kingdom,CP0312,03.1.2 Garments
cpih01,67,2026-02-18T00:00:00.000Z,138.8,Feb-23,Feb-23,K02000001,United Kingdom,CP0722,07.2.2 Fuels and lubricants
cpih01,67,2026-02-18T00:00:00.000Z,117.6,Feb-23,Feb-23,K02000001,United Kingdom,CP121,12.1 Personal care
cpih01,67,2026-02-18T00:00:00.000Z,109.3,Feb-23,Feb-23,K02000001,United Kingdom,CP0313,03.1.3 Other clothing and clothing accessories
cpih01,67,2026-02-18T00:00:00.000Z,128.5,Feb-23,Feb-23,K02000001,United Kingdom,CP0111,01.1.1 Bread and cereals
cpih01,67,2026-02-18T00:00:00.000Z,110.2,Feb-23,Feb-23,K02000001,United Kingdom,CP021,02.1 Alcoholic beverages
cpih01,67,2026-02-18T00:00:00.000Z,116.2,Feb-23,Feb-23,K02000001,United Kingdom,CP042,04.2 Owner Occupiers Housing Costs
cpih01,67,2026-02-18T00:00:00.000Z,130.1,Feb-23,Feb-23,K02000001,United Kingdom,CP124,12.4 Social protection
cpih01,67,2026-02-18T00:00:00.000Z,130.4,Feb-23,Feb-23,K02000001,United Kingdom,CP02,02 Alcoholic beverages and tobacco
cpih01,67,2026-02-18T00:00:00.000Z,130.0,Feb-23,Feb-23,K02000001,United Kingdom,CP0733,07.3.3 Passenger transport by air
cpih01,67,2026-02-18T00:00:00.000Z,129.4,Feb-23,Feb-23,K02000001,United Kingdom,CP10,10 Education
cpih01,67,2026-02-18T00:00:00.000Z,126.1,Feb-23,Feb-23,K02000001,United Kingdom,CP05,"05 Furniture, household equipment and maintenance"
cpih01,67,2026-02-18T00:00:00.000Z,129.3,Feb-23,Feb-23,K02000001,United Kingdom,CP0531_0532,05.3.1/2 Major appliances and small electric goods
cpih01,67,2026-02-18T00:00:00.000Z,86.5,Feb-23,Feb-23,K02000001,United Kingdom,CP0911,09.1.1 Reception and reproduction of sound and pictures
cpih01,67,2026-02-18T00:00:00.000Z,142.4,Feb-23,Feb-23,K02000001,United Kingdom,CP0119,01.1.9 Food products (nec)
cpih01,67,2026-02-18T00:00:00.000Z,134.1,Feb-23,Feb-23,K02000001,United Kingdom,CP0314,"03.1.4 Cleaning, repair and hire of clothing"
cpih01,67,2026-02-18T00:00:00.000Z,240.9,Feb-23,Feb-23,K02000001,United Kingdom,CP0451,04.5.1 Electricity
cpih01,67,2026-02-18T00:00:00.000Z,147.1,Feb-23,Feb-23,K02000001,United Kingdom,CP1253,12.5.3 Health insurance
cpih01,67,2026-02-18T00:00:00.000Z,125.8,Feb-23,Feb-23,K02000001,United Kingdom,CP0117,01.1.7 Vegetables including potatoes and tubers
cpih01,67,2026-02-18T00:00:00.000Z,107.8,Feb-23,Feb-23,K02000001,United Kingdom,CP0432,04.3.2 Services for maintenance and repair of the dwelling
cpih01,67,2026-02-18T00:00:00.000Z,228.2,Feb-23,Feb-23,K02000001,United Kingdom,CP0452,04.5.2 Gas
cpih01,67,2026-02-18T00:00:00.000Z,127.0,Feb-23,Feb-23,K02000001,United Kingdom,CP0914,09.1.4 Recording media
cpih01,67,2026-02-18T00:00:00.000Z,116.8,Feb-23,Feb-23,K02000001,United Kingdom,CP0213,02.1.3 Beer
cpih01,67,2026-02-18T00:00:00.000Z,126.8,Feb-23,Feb-23,K02000001,United Kingdom,CP04,"04 Housing, water, electricity, gas and other fuels"
cpih01,67,2026-02-18T00:00:00.000Z,107.3,Feb-23,Feb-23,K02000001,United Kingdom,CP0211,02.1.1 Spirits
cpih01,67,2026-02-18T00:00:00.000Z,138.6,Feb-23,Feb-23,K02000001,United Kingdom,CP0724,07.2.4 Other services
cpih01,67,2026-02-18T00:00:00.000Z,125.9,Feb-23,Feb-23,K02000001,United Kingdom,CP0721,07.2.1 Spare parts and accessories
cpih01,67,2026-02-18T00:00:00.000Z,130.7,Feb-23,Feb-23,K02000001,United Kingdom,CP0711N1,07.1.1.1 New motor cars
cpih01,67,2026-02-18T00:00:00.000Z,142.6,Feb-23,Feb-23,K02000001,United Kingdom,CP063,06.3 Hospital services
cpih01,67,2026-02-18T00:00:00.000Z,120.1,Feb-23,Feb-23,K02000001,United Kingdom,CP1112,11.1.2 Canteens
cpih01,67,2026-02-18T00:00:00.000Z,205.8,Feb-23,Feb-23,K02000001,United Kingdom,CP0453,04.5.3 Liquid fuels
cpih01,67,2026-02-18T00:00:00.000Z,122.4,Feb-23,Feb-23,K02000001,United Kingdom,CP0611,06.1.1 Pharmaceutical products
cpih01,67,2026-02-18T00:00:00.000Z,150.4,Feb-23,Feb-23,K02000001,United Kingdom,CP125,12.5 Insurance
cpih01,67,2026-02-18T00:00:00.000Z,137.1,Feb-23,Feb-23,K02000001,United Kingdom,CP0512,05.1.2 Carpets and other floor coverings
cpih01,67,2026-02-18T00:00:00.000Z,145.0,Feb-23,Feb-23,K02000001,United Kingdom,CP0732_0736,07.3.2/6 Passenger transport by road and other services
cpih01,67,2026-02-18T00:00:00.000Z,123.5,Feb-23,Feb-23,K02000001,United Kingdom,CP06,06 Health
cpih01,67,2026-02-18T00:00:00.000Z,130.0,Feb-23,Feb-23,K02000001,United Kingdom,CP081,08.1 Postal services
cpih01,67,2026-02-18T00:00:00.000Z,129.2,Feb-23,Feb-23,K02000001,United Kingdom,CP0723,07.2.3 Maintenance and repairs
cpih01,67,2026-02-18T00:00:00.000Z,102.2,Feb-23,Feb-23,K02000001,United Kingdom,CP032,03.2 Footwear including repairs
cpih01,67,2026-02-18T00:00:00.000Z,128.0,Feb-23,Feb-23,K02000001,United Kingdom,CP053,"05.3 Household appliances, fitting and repairs"
cpih01,67,2026-02-18T00:00:00.000Z,120.1,Feb-23,Feb-23,K02000001,United Kingdom,CP08,08 Communication
cpih01,67,2026-02-18T00:00:00.000Z,113.3,Feb-23,Feb-23,K02000001,United Kingdom,CP1212_1213,12.1.2/3 Appliances and products for personal care
cpih01,67,2026-02-18T00:00:00.000Z,121.1,Feb-23,Feb-23,K02000001,United Kingdom,CP0118,"01.1.8 Sugar, jam, syrups, chocolate and confectionery"
cpih01,67,2026-02-18T00:00:00.000Z,78.5,Feb-23,Feb-23,K02000001,United Kingdom,CP0913,09.1.3 Data processing equipment
cpih01,67,2026-02-18T00:00:00.000Z,112.4,Feb-23,Feb-23,K02000001,United Kingdom,CP0441,04.4.1 Water supply
cpih01,67,2026-02-18T00:00:00.000Z,111.2,Feb-23,Feb-23,K02000001,United Kingdom,CP044,04.4 Water supply and miscellaneous services relating to the dwelling
cpih01,67,2026-02-18T00:00:00.000Z,128.0,Feb-23,Feb-23,K02000001,United Kingdom,CP0941,09.4.1 Recreational and sporting services
cpih01,67,2026-02-18T00:00:00.000Z,128.8,Feb-23,Feb-23,K02000001,United Kingdom,CP01,01 Food and non-alcoholic beverages
cpih01,67,2026-02-18T00:00:00.000Z,119.8,Feb-23,Feb-23,K02000001,United Kingdom,CP0533,05.3.3 Repair of household appliances
cpih01,67,2026-02-18T00:00:00.000Z,114.8,Feb-23,Feb-23,K02000001,United Kingdom,CP031,03.1 Clothing
cpih01,67,2026-02-18T00:00:00.000Z,132.8,Feb-23,Feb-23,K02000001,United Kingdom,CP1111,11.1.1 Restaurants and cafes
cpih01,67,2026-02-18T00:00:00.000Z,132.1,Feb-23,Feb-23,K02000001,United Kingdom,CP1252,12.5.2 House contents insurance
cpih01,67,2026-02-18T00:00:00.000Z,133.4,Feb-23,Feb-23,K02000001,United Kingdom,CP11,11 Restaurants and hotels
cpih01,67,2026-02-18T00:00:00.000Z,120.7,Feb-23,Feb-23,K02000001,United Kingdom,CP0112,01.1.2 Meat
cpih01,67,2026-02-18T00:00:00.000Z,123.7,Feb-23,Feb-23,K02000001,United Kingdom,CP094,09.4 Recreational and cultural services
cpih01,67,2026-02-18T00:00:00.000Z,132.1,Feb-23,Feb-23,K02000001,United Kingdom,CP111,11.1 Catering services
cpih01,67,2026-02-18T00:00:00.000Z,118.6,Feb-23,Feb-23,K02000001,United Kingdom,CP1231,"12.3.1 Jewellery, clocks and watches"
cpih01,67,2026-02-18T00:00:00.000Z,116.0,Feb-23,Feb-23,K02000001,United Kingdom,CP055,05.5 Tools and equipment for house and garden
cpih01,67,2026-02-18T00:00:00.000Z,110.5,Feb-23,Feb-23,K02000001,United Kingdom,CP0443,04.4.3 Sewerage collection
cpih01,67,2026-02-18T00:00:00.000Z,130.1,Jan-23,Jan-23,K02000001,United Kingdom,CP1111,11.1.1 Restaurants and cafes
cpih01,67,2026-02-18T00:00:00.000Z,121.5,Jan-23,Jan-23,K02000001,United Kingdom,CP0942,09.4.2 Cultural services
cpih01,67,2026-02-18T00:00:00.000Z,111.6,Jan-23,Jan-23,K02000001,United Kingdom,CP031,03.1 Clothing
cpih01,67,2026-02-18T00:00:00.000Z,112.4,Jan-23,Jan-23,K02000001,United Kingdom,CP0441,04.4.1 Water supply
cpih01,67,2026-02-18T00:00:00.000Z,131.9,Jan-23,Jan-23,K02000001,United Kingdom,CP096,09.6 Package holidays
cpih01,67,2026-02-18T00:00:00.000Z,109.0,Jan-23,Jan-23,K02000001,United Kingdom,CP0915,09.1.5 Repair of audio-visual equipment and related products
cpih01,67,2026-02-18T00:00:00.000Z,127.4,Jan-23,Jan-23,K02000001,United Kingdom,CP0723,07.2.3 Maintenance and repairs
cpih01,67,2026-02-18T00:00:00.000Z,123.9,Jan-23,Jan-23,K02000001,United Kingdom,CP05,"05 Furniture, household equipment and maintenance"
cpih01,67,2026-02-18T00:00:00.000Z,126.9,Jan-23,Jan-23,K02000001,United Kingdom,CP0953_0954,"09.5.3/4 Miscellaneous printed matter, stationery and drawing materials"
cpih01,67,2026-02-18T00:00:00.000Z,137.3,Jan-23,Jan-23,K02000001,United Kingdom,CP112,11.2 Accommodation services
cpih01,67,2026-02-18T00:00:00.000Z,122.4,Jan-23,Jan-23,K02000001,United Kingdom,CP056,05.6 Goods and services for routine maintenance
cpih01,67,2026-02-18T00:00:00.000Z,124.5,Jan-23,Jan-23,K02000001,United Kingdom,CP071,07.1 Purchase of vehicles
cpih01,67,2026-02-18T00:00:00.000Z,125.9,Jan-23,Jan-23,K02000001,United Kingdom,CP0712_0713,07.1.2/3 Motocycles and bicycles
cpih01,67,2026-02-18T00:00:00.000Z,120.2,Jan-23,Jan-23,K02000001,United Kingdom,CP0118,"01.1.8 Sugar, jam, syrups, chocolate and confectionery"
cpih01,67,2026-02-18T00:00:00.000Z,124.9,Jan-23,Jan-23,K02000001,United Kingdom,CP0933,"09.3.3 Gardens, plants and flowers"
cpih01,67,2026-02-18T00:00:00.000Z,125.4,Jan-23,Jan-23,K02000001,United Kingdom,CP0531_0532,05.3.1/2 Major appliances and small electric goods
cpih01,67,2026-02-18T00:00:00.000Z,121.2,Jan-23,Jan-23,K02000001,United Kingdom,CP0121,"01.2.1 Coffee, tea and cocoa"
cpih01,67,2026-02-18T00:00:00.000Z,130.5,Jan-23,Jan-23,K02000001,United Kingdom,CP0711N1,07.1.1.1 New motor cars
cpih01,67,2026-02-18T00:00:00.000Z,117.9,Jan-23,Jan-23,K02000001,United Kingdom,CP082_083,08.2/3 Telephone and telefax equipment
cpih01,67,2026-02-18T00:00:00.000Z,136.2,Jan-23,Jan-23,K02000001,United Kingdom,CP051,"05.1 Furniture, furnishings and carpets"
cpih01,67,2026-02-18T00:00:00.000Z,85.9,Jan-23,Jan-23,K02000001,United Kingdom,CP0911,09.1.1 Reception and reproduction of sound and pictures
cpih01,67,2026-02-18T00:00:00.000Z,240.9,Jan-23,Jan-23,K02000001,United Kingdom,CP0451,04.5.1 Electricity
cpih01,67,2026-02-18T00:00:00.000Z,129.9,Jan-23,Jan-23,K02000001,United Kingdom,CP0122,"01.2.2 Mineral waters, soft drinks and juices"
cpih01,67,2026-02-18T00:00:00.000Z,132.2,Jan-23,Jan-23,K02000001,United Kingdom,CP0113,01.1.3 Fish
cpih01,67,2026-02-18T00:00:00.000Z,137.1,Jan-23,Jan-23,K02000001,United Kingdom,CP073,07.3 Transport services
cpih01,67,2026-02-18T00:00:00.000Z,131.4,Jan-23,Jan-23,K02000001,United Kingdom,CP0431,04.3.1 Materials for maintenance and repair of the dwelling
cpih01,67,2026-02-18T00:00:00.000Z,111.0,Jan-23,Jan-23,K02000001,United Kingdom,CP0931,"09.3.1 Games, toys and hobbies"
cpih01,67,2026-02-18T00:00:00.000Z,100.3,Jan-23,Jan-23,K02000001,United Kingdom,CP127,12.7 Other services (nec)
cpih01,67,2026-02-18T00:00:00.000Z,135.8,Jan-23,Jan-23,K02000001,United Kingdom,CP0512,05.1.2 Carpets and other floor coverings
cpih01,67,2026-02-18T00:00:00.000Z,109.9,Jan-23,Jan-23,K02000001,United Kingdom,CP03,03 Clothing and footwear
cpih01,67,2026-02-18T00:00:00.000Z,118.5,Jan-23,Jan-23,K02000001,United Kingdom,CP0914,09.1.4 Recording media
cpih01,67,2026-02-18T00:00:00.000Z,123.3,Jan-23,Jan-23,K02000001,United Kingdom,CP094,09.4 Recreational and cultural services
cpih01,67,2026-02-18T00:00:00.000Z,106.7,Jan-23,Jan-23,K02000001,United Kingdom,CP0612_0613,06.1.2/3 Other medical and therapeutic equipment
cpih01,67,2026-02-18T00:00:00.000Z,113.8,Jan-23,Jan-23,K02000001,United Kingdom,CP041,04.1 Actual rentals for housing
cpih01,67,2026-02-18T00:00:00.000Z,142.4,Jan-23,Jan-23,K02000001,United Kingdom,CP063,06.3 Hospital services
cpih01,67,2026-02-18T00:00:00.000Z,126.1,Jan-23,Jan-23,K02000001,United Kingdom,CP01,01 Food and non-alcoholic beverages
cpih01,67,2026-02-18T00:00:00.000Z,124.7,Jan-23,Jan-23,K02000001,United Kingdom,CP0721,07.2.1 Spare parts and accessories
cpih01,67,2026-02-18T00:00:00.000Z,128.7,Jan-23,Jan-23,K02000001,United Kingdom,CP1252,12.5.2 House contents insurance
cpih01,67,2026-02-18T00:00:00.000Z,131.4,Jan-23,Jan-23,K02000001,United Kingdom,CP049,04.9 Council Tax and rates
cpih01,67,2026-02-18T00:00:00.000Z,124.6,Jan-23,Jan-23,K02000001,United Kingdom,CP053,"05.3 Household appliances, fitting and repairs"
cpih01,67,2026-02-18T00:00:00.000Z,126.6,Jan-23,Jan-23,K02000001,United Kingdom,CP04,"04 Housing, water, electricity, gas and other fuels"
cpih01,67,2026-02-18T00:00:00.000Z,140.5,Jan-23,Jan-23,K02000001,United Kingdom,CP0722,07.2.2 Fuels and lubricants
cpih01,67,2026-02-18T00:00:00.000Z,123.0,Jan-23,Jan-23,K02000001,United Kingdom,CP062,06.2 Out-patient services
cpih01,67,2026-02-18T00:00:00.000Z,135.6,Jan-23,Jan-23,K02000001,United Kingdom,CP095,"09.5 Books, newspapers and stationery"
cpih01,67,2026-02-18T00:00:00.000Z,110.8,Jan-23,Jan-23,K02000001,United Kingdom,CP021,02.1 Alcoholic beverages
cpih01,67,2026-02-18T00:00:00.000Z,129.6,Jan-23,Jan-23,K02000001,United Kingdom,CP124,12.4 Social protection
cpih01,67,2026-02-18T00:00:00.000Z,215.9,Jan-23,Jan-23,K02000001,United Kingdom,CP0453,04.5.3 Liquid fuels
cpih01,67,2026-02-18T00:00:00.000Z,130.9,Jan-23,Jan-23,K02000001,United Kingdom,CP11,11 Restaurants and hotels
cpih01,67,2026-02-18T00:00:00.000Z,123.0,Jan-23,Jan-23,K02000001,United Kingdom,CP0733,07.3.3 Passenger transport by air
cpih01,67,2026-02-18T00:00:00.000Z,129.6,Jan-23,Jan-23,K02000001,United Kingdom,CP02,02 Alcoholic beverages and tobacco
cpih01,67,2026-02-18T00:00:00.000Z,148.2,Jan-23,Jan-23,K02000001,United Kingdom,CP125,12.5 Insurance
cpih01,67,2026-02-18T00:00:00.000Z,108.1,Jan-23,Jan-23,K02000001,United Kingdom,CP0211,02.1.1 Spirits
cpih01,67,2026-02-18T00:00:00.000Z,110.5,Jan-23,Jan-23,K02000001,United Kingdom,CP0443,04.4.3 Sewerage collection
cpih01,67,2026-02-18T00:00:00.000Z,115.1,Jan-23,Jan-23,K02000001,United Kingdom,CP1231,"12.3.1 Jewellery, clocks and watches"
cpih01,67,2026-02-18T00:00:00.000Z,121.0,Jan-23,Jan-23,K02000001,United Kingdom,CP0611,06.1.1 Pharmaceutical products
cpih01,67,2026-02-18T00:00:00.000Z,119.4,Jan-23,Jan-23,K02000001,United Kingdom,CP043,04.3 Regular maintenance and repair of the dwelling
cpih01,67,2026-02-18T00:00:00.000Z,146.4,Jan-23,Jan-23,K02000001,United Kingdom,CP022,02.2 Tobacco
cpih01,67,2026-02-18T00:00:00.000Z,120.1,Jan-23,Jan-23,K02000001,United Kingdom,CP09,09 Recreation and culture
cpih01,67,2026-02-18T00:00:00.000Z,132.7,Jan-23,Jan-23,K02000001,United Kingdom,CP0314,"03.1.4 Cleaning, repair and hire of clothing"
cpih01,67,2026-02-18T00:00:00.000Z,127.8,Jan-23,Jan-23,K02000001,United Kingdom,CP0941,09.4.1 Recreational and sporting services
cpih01,67,2026-02-18T00:00:00.000Z,127.5,Jan-23,Jan-23,K02000001,United Kingdom,CP012,01.2 Non-alcoholic beverages
cpih01,67,2026-02-18T00:00:00.000Z,160.5,Jan-23,Jan-23,K02000001,United Kingdom,CP0115,01.1.5 Oils and fats
cpih01,67,2026-02-18T00:00:00.000Z,115.3,Jan-23,Jan-23,K02000001,United Kingdom,CP0932,09.3.2 Equipment for sport and open-air recreation
cpih01,67,2026-02-18T00:00:00.000Z,112.3,Jan-23,Jan-23,K02000001,United Kingdom,CP1212_1213,12.1.2/3 Appliances and products for personal care
cpih01,67,2026-02-18T00:00:00.000Z,117.9,Jan-23,Jan-23,K02000001,United Kingdom,CP0621_0623,06.2.1/3 Medical services and paramedical services
cpih01,67,2026-02-18T00:00:00.000Z,107.9,Jan-23,Jan-23,K02000001,United Kingdom,CP0432,04.3.2 Services for maintenance and repair of the dwelling
cpih01,67,2026-02-18T00:00:00.000Z,111.2,Jan-23,Jan-23,K02000001,United Kingdom,CP044,04.4 Water supply and miscellaneous services relating to the dwelling
cpih01,67,2026-02-18T00:00:00.000Z,92.9,Jan-23,Jan-23,K02000001,United Kingdom,CP091,09.1 Audio-visual equipment and related products
cpih01,67,2026-02-18T00:00:00.000Z,115.9,Jan-23,Jan-23,K02000001,United Kingdom,CP042,04.2 Owner Occupiers Housing Costs
cpih01,67,2026-02-18T00:00:00.000Z,133.8,Jan-23,Jan-23,K02000001,United Kingdom,CP072,07.2 Operation of personal transport equipment
cpih01,67,2026-02-18T00:00:00.000Z,145.7,Jan-23,Jan-23,K02000001,United Kingdom,CP1254,12.5.4 Transport insurance
cpih01,67,2026-02-18T00:00:00.000Z,110.1,Jan-23,Jan-23,K02000001,United Kingdom,CP0313,03.1.3 Other clothing and clothing accessories
cpih01,67,2026-02-18T00:00:00.000Z,228.2,Jan-23,Jan-23,K02000001,United Kingdom,CP0452,04.5.2 Gas
cpih01,67,2026-02-18T00:00:00.000Z,123.1,Jan-23,Jan-23,K02000001,United Kingdom,CP092,09.2 Other major durables for recreation and culture
cpih01,67,2026-02-18T00:00:00.000Z,138.6,Jan-23,Jan-23,K02000001,United Kingdom,CP0724,07.2.4 Other services
cpih01,67,2026-02-18T00:00:00.000Z,124.8,Jan-23,Jan-23,K02000001,United Kingdom,CP00,Overall Index
cpih01,67,2026-02-18T00:00:00.000Z,100.9,Jan-23,Jan-23,K02000001,United Kingdom,CP032,03.2 Footwear including repairs
cpih01,67,2026-02-18T00:00:00.000Z,131.1,Jan-23,Jan-23,K02000001,United Kingdom,CP0934_0935,"09.3.4/5 Pets, related products and services"
cpih01,67,2026-02-18T00:00:00.000Z,84.8,Jan-23,Jan-23,K02000001,United Kingdom,CP0912,"09.1.2 Photographic, cinematographic and optical equipment"
cpih01,67,2026-02-18T00:00:00.000Z,130.0,Jan-23,Jan-23,K02000001,United Kingdom,CP1211,12.1.1 Hairdressing and personal grooming establishments
cpih01,67,2026-02-18T00:00:00.000Z,137.8,Jan-23,Jan-23,K02000001,United Kingdom,CP0119,01.1.9 Food products (nec)
cpih01,67,2026-02-18T00:00:00.000Z,142.0,Jan-23,Jan-23,K02000001,United Kingdom,CP0732_0736,07.3.2/6 Passenger transport by road and other services
cpih01,67,2026-02-18T00:00:00.000Z,125.6,Jan-23,Jan-23,K02000001,United Kingdom,CP0111,01.1.1 Bread and cereals
cpih01,67,2026-02-18T00:00:00.000Z,89.7,Jan-23,Jan-23,K02000001,United Kingdom,CP126,12.6 Financial services (nec)
cpih01,67,2026-02-18T00:00:00.000Z,160.9,Jan-23,Jan-23,K02000001,United Kingdom,CP0454,04.5.4 Solid fuels
cpih01,67,2026-02-18T00:00:00.000Z,79.4,Jan-23,Jan-23,K02000001,United Kingdom,CP0913,09.1.3 Data processing equipment
cpih01,67,2026-02-18T00:00:00.000Z,107.7,Jan-23,Jan-23,K02000001,United Kingdom,CP052,05.2 Household textiles
cpih01,67,2026-02-18T00:00:00.000Z,136.5,Jan-23,Jan-23,K02000001,United Kingdom,CP0734,07.3.4 Passenger transport by sea and inland waterway
cpih01,67,2026-02-18T00:00:00.000Z,115.6,Jan-23,Jan-23,K02000001,United Kingdom,CP061,"06.1 Medical products, appliances and equipment"
cpih01,67,2026-02-18T00:00:00.000Z,111.1,Jan-23,Jan-23,K02000001,United Kingdom,CP123,12.3 Personal effects (nec)
cpih01,67,2026-02-18T00:00:00.000Z,117.9,Jan-23,Jan-23,K02000001,United Kingdom,CP0213,02.1.3 Beer
cpih01,67,2026-02-18T00:00:00.000Z,118.3,Jan-23,Jan-23,K02000001,United Kingdom,CP0711N2,07.1.1.2 Second-hand motor cars
cpih01,67,2026-02-18T00:00:00.000Z,129.4,Jan-23,Jan-23,K02000001,United Kingdom,CP10,10 Education
cpih01,67,2026-02-18T00:00:00.000Z,111.1,Jan-23,Jan-23,K02000001,United Kingdom,CP0312,03.1.2 Garments
cpih01,67,2026-02-18T00:00:00.000Z,147.1,Jan-23,Jan-23,K02000001,United Kingdom,CP1253,12.5.3 Health insurance
cpih01,67,2026-02-18T00:00:00.000Z,122.2,Jan-23,Jan-23,K02000001,United Kingdom,CP0562,05.6.2 Domestic services and household services
cpih01,67,2026-02-18T00:00:00.000Z,110.1,Jan-23,Jan-23,K02000001,United Kingdom,CP054,"05.4 Glassware, tableware and household utensils"
cpih01,67,2026-02-18T00:00:00.000Z,119.7,Jan-23,Jan-23,K02000001,United Kingdom,CP0533,05.3.3 Repair of household appliances
cpih01,67,2026-02-18T00:00:00.000Z,113.5,Jan-23,Jan-23,K02000001,United Kingdom,CP12,12 Miscellaneous goods and services
cpih01,67,2026-02-18T00:00:00.000Z,136.4,Jan-23,Jan-23,K02000001,United Kingdom,CP0511,05.1.1 Furniture and furnishings
cpih01,67,2026-02-18T00:00:00.000Z,163.0,Jan-23,Jan-23,K02000001,United Kingdom,CP0952,09.5.2 Newspapers and periodicals
cpih01,67,2026-02-18T00:00:00.000Z,108.6,Jan-23,Jan-23,K02000001,United Kingdom,CP0212,02.1.2 Wine
cpih01,67,2026-02-18T00:00:00.000Z,116.6,Jan-23,Jan-23,K02000001,United Kingdom,CP121,12.1 Personal care
cpih01,67,2026-02-18T00:00:00.000Z,124.3,Jan-23,Jan-23,K02000001,United Kingdom,CP0951,09.5.1 Books
cpih01,67,2026-02-18T00:00:00.000Z,130.4,Jan-23,Jan-23,K02000001,United Kingdom,CP0622,06.2.2 Dental services
cpih01,67,2026-02-18T00:00:00.000Z,131.5,Jan-23,Jan-23,K02000001,United Kingdom,CP07,07 Transport
cpih01,67,2026-02-18T00:00:00.000Z,118.6,Jan-23,Jan-23,K02000001,United Kingdom,CP08,08 Communication
cpih01,67,2026-02-18T00:00:00.000Z,130.3,Jan-23,Jan-23,K02000001,United Kingdom,CP081,08.1 Postal services
cpih01,67,2026-02-18T00:00:00.000Z,118.6,Jan-23,Jan-23,K02000001,United Kingdom,CP0112,01.1.2 Meat
cpih01,67,2026-02-18T00:00:00.000Z,137.4,Jan-23,Jan-23,K02000001,United Kingdom,CP0114,"01.1.4 Milk, cheese and eggs"
cpih01,67,2026-02-18T00:00:00.000Z,120.1,Jan-23,Jan-23,K02000001,United Kingdom,CP1112,11.1.2 Canteens
cpih01,67,2026-02-18T00:00:00.000Z,121.7,Jan-23,Jan-23,K02000001,United Kingdom,CP0117,01.1.7 Vegetables including potatoes and tubers
cpih01,67,2026-02-18T00:00:00.000Z,235.1,Jan-23,Jan-23,K02000001,United Kingdom,CP045,"04.5 Electricity, gas and other fuels"
cpih01,67,2026-02-18T00:00:00.000Z,129.5,Jan-23,Jan-23,K02000001,United Kingdom,CP111,11.1 Catering services
cpih01,67,2026-02-18T00:00:00.000Z,122.8,Jan-23,Jan-23,K02000001,United Kingdom,CP06,06 Health
cpih01,67,2026-02-18T00:00:00.000Z,119.1,Jan-23,Jan-23,K02000001,United Kingdom,CP093,"09.3 Other recreational items, gardens and pets"
cpih01,67,2026-02-18T00:00:00.000Z,116.3,Jan-23,Jan-23,K02000001,United Kingdom,CP055,05.5 Tools and equipment for house and garden
cpih01,67,2026-02-18T00:00:00.000Z,122.8,Jan-23,Jan-23,K02000001,United Kingdom,CP0731,07.3.1 Passenger transport by railway
cpih01,67,2026-02-18T00:00:00.000Z,105.0,Jan-23,Jan-23,K02000001,United Kingdom,CP1232,12.3.2 Other personal effects
cpih01,67,2026-02-18T00:00:00.000Z,110.8,Jan-23,Jan-23,K02000001,United Kingdom,CP0561,05.6.1 Non-durable household goods
cpih01,67,2026-02-18T00:00:00.000Z,123.7,Jan-23,Jan-23,K02000001,United Kingdom,CP0116,01.1.6 Fruit
cpih01,67,2026-02-18T00:00:00.000Z,125.9,Jan-23,Jan-23,K02000001,United Kingdom,CP011,01.1 Food
cpih01,67,2026-02-18T00:00:00.000Z,160.1,Dec-22,Dec-22,K02000001,United Kingdom,CP0115,01.1.5 Oils and fats
cpih01,67,2026-02-18T00:00:00.000Z,227.4,Dec-22,Dec-22,K02000001,United Kingdom,CP0452,04.5.2 Gas
cpih01,67,2026-02-18T00:00:00.000Z,131.3,Dec-22,Dec-22,K02000001,United Kingdom,CP096,09.6 Package holidays
cpih01,67,2026-02-18T00:00:00.000Z,120.5,Dec-22,Dec-22,K02000001,United Kingdom,CP0117,01.1.7 Vegetables including potatoes and tubers
cpih01,67,2026-02-18T00:00:00.000Z,113.4,Dec-22,Dec-22,K02000001,United Kingdom,CP041,04.1 Actual rentals for housing
cpih01,67,2026-02-18T00:00:00.000Z,133.7,Dec-22,Dec-22,K02000001,United Kingdom,CP0113,01.1.3 Fish
cpih01,67,2026-02-18T00:00:00.000Z,130.4,Dec-22,Dec-22,K02000001,United Kingdom,CP0122,"01.2.2 Mineral waters, soft drinks and juices"
cpih01,67,2026-02-18T00:00:00.000Z,83.7,Dec-22,Dec-22,K02000001,United Kingdom,CP0912,"09.1.2 Photographic, cinematographic and optical equipment"
cpih01,67,2026-02-18T00:00:00.000Z,122.2,Dec-22,Dec-22,K02000001,United Kingdom,CP056,05.6 Goods and services for routine maintenance
cpih01,67,2026-02-18T00:00:00.000Z,123.4,Dec-22,Dec-22,K02000001,United Kingdom,CP0116,01.1.6 Fruit
cpih01,67,2026-02-18T00:00:00.000Z,115.5,Dec-22,Dec-22,K02000001,United Kingdom,CP042,04.2 Owner Occupiers Housing Costs
cpih01,67,2026-02-18T00:00:00.000Z,131.6,Dec-22,Dec-22,K02000001,United Kingdom,CP0314,"03.1.4 Cleaning, repair and hire of clothing"
cpih01,67,2026-02-18T00:00:00.000Z,118.0,Dec-22,Dec-22,K02000001,United Kingdom,CP08,08 Communication
cpih01,67,2026-02-18T00:00:00.000Z,140.1,Dec-22,Dec-22,K02000001,United Kingdom,CP0511,05.1.1 Furniture and furnishings
cpih01,67,2026-02-18T00:00:00.000Z,130.7,Dec-22,Dec-22,K02000001,United Kingdom,CP1111,11.1.1 Restaurants and cafes
cpih01,67,2026-02-18T00:00:00.000Z,218.0,Dec-22,Dec-22,K02000001,United Kingdom,CP0453,04.5.3 Liquid fuels
cpih01,67,2026-02-18T00:00:00.000Z,117.7,Dec-22,Dec-22,K02000001,United Kingdom,CP0621_0623,06.2.1/3 Medical services and paramedical services
cpih01,67,2026-02-18T00:00:00.000Z,77.3,Dec-22,Dec-22,K02000001,United Kingdom,CP0913,09.1.3 Data processing equipment
cpih01,67,2026-02-18T00:00:00.000Z,100.9,Dec-22,Dec-22,K02000001,United Kingdom,CP032,03.2 Footwear including repairs
cpih01,67,2026-02-18T00:00:00.000Z,133.9,Dec-22,Dec-22,K02000001,United Kingdom,CP0512,05.1.2 Carpets and other floor coverings
cpih01,67,2026-02-18T00:00:00.000Z,111.2,Dec-22,Dec-22,K02000001,United Kingdom,CP044,04.4 Water supply and miscellaneous services relating to the dwelling
cpih01,67,2026-02-18T00:00:00.000Z,152.4,Dec-22,Dec-22,K02000001,United Kingdom,CP0732_0736,07.3.2/6 Passenger transport by road and other services
cpih01,67,2026-02-18T00:00:00.000Z,122.3,Dec-22,Dec-22,K02000001,United Kingdom,CP092,09.2 Other major durables for recreation and culture
cpih01,67,2026-02-18T00:00:00.000Z,125.1,Dec-22,Dec-22,K02000001,United Kingdom,CP094,09.4 Recreational and cultural services
cpih01,67,2026-02-18T00:00:00.000Z,129.4,Dec-22,Dec-22,K02000001,United Kingdom,CP124,12.4 Social protection
cpih01,67,2026-02-18T00:00:00.000Z,105.4,Dec-22,Dec-22,K02000001,United Kingdom,CP0212,02.1.2 Wine
cpih01,67,2026-02-18T00:00:00.000Z,130.2,Dec-22,Dec-22,K02000001,United Kingdom,CP0934_0935,"09.3.4/5 Pets, related products and services"
cpih01,67,2026-02-18T00:00:00.000Z,132.1,Dec-22,Dec-22,K02000001,United Kingdom,CP11,11 Restaurants and hotels
cpih01,67,2026-02-18T00:00:00.000Z,129.8,Dec-22,Dec-22,K02000001,United Kingdom,CP0914,09.1.4 Recording media
cpih01,67,2026-02-18T00:00:00.000Z,137.1,Dec-22,Dec-22,K02000001,United Kingdom,CP0114,"01.1.4 Milk, cheese and eggs"
cpih01,67,2026-02-18T00:00:00.000Z,113.0,Dec-22,Dec-22,K02000001,United Kingdom,CP12,12 Miscellaneous goods and services
cpih01,67,2026-02-18T00:00:00.000Z,111.9,Dec-22,Dec-22,K02000001,United Kingdom,CP0213,02.1.3 Beer
cpih01,67,2026-02-18T00:00:00.000Z,138.8,Dec-22,Dec-22,K02000001,United Kingdom,CP0724,07.2.4 Other services
cpih01,67,2026-02-18T00:00:00.000Z,124.9,Dec-22,Dec-22,K02000001,United Kingdom,CP0531_0532,05.3.1/2 Major appliances and small electric goods
cpih01,67,2026-02-18T00:00:00.000Z,138.9,Dec-22,Dec-22,K02000001,United Kingdom,CP051,"05.1 Furniture, furnishings and carpets"
cpih01,67,2026-02-18T00:00:00.000Z,115.4,Dec-22,Dec-22,K02000001,United Kingdom,CP0312,03.1.2 Garments
cpih01,67,2026-02-18T00:00:00.000Z,113.3,Dec-22,Dec-22,K02000001,United Kingdom,CP061,"06.1 Medical products, appliances and equipment"
cpih01,67,2026-02-18T00:00:00.000Z,114.8,Dec-22,Dec-22,K02000001,United Kingdom,CP121,12.1 Personal care
cpih01,67,2026-02-18T00:00:00.000Z,126.0,Dec-22,Dec-22,K02000001,United Kingdom,CP0712_0713,07.1.2/3 Motocycles and bicycles
cpih01,67,2026-02-18T00:00:00.000Z,111.9,Dec-22,Dec-22,K02000001,United Kingdom,CP054,"05.4 Glassware, tableware and household utensils"
cpih01,67,2026-02-18T00:00:00.000Z,129.3,Dec-22,Dec-22,K02000001,United Kingdom,CP1252,12.5.2 House contents insurance
cpih01,67,2026-02-18T00:00:00.000Z,107.8,Dec-22,Dec-22,K02000001,United Kingdom,CP0432,04.3.2 Services for maintenance and repair of the dwelling
cpih01,67,2026-02-18T00:00:00.000Z,122.2,Dec-22,Dec-22,K02000001,United Kingdom,CP0721,07.2.1 Spare parts and accessories
cpih01,67,2026-02-18T00:00:00.000Z,129.4,Dec-22,Dec-22,K02000001,United Kingdom,CP1211,12.1.1 Hairdressing and personal grooming establishments
cpih01,67,2026-02-18T00:00:00.000Z,110.1,Dec-22,Dec-22,K02000001,United Kingdom,CP1212_1213,12.1.2/3 Appliances and products for personal care
cpih01,67,2026-02-18T00:00:00.000Z,119.6,Dec-22,Dec-22,K02000001,United Kingdom,CP0533,05.3.3 Repair of household appliances
cpih01,67,2026-02-18T00:00:00.000Z,110.5,Dec-22,Dec-22,K02000001,United Kingdom,CP0443,04.4.3 Sewerage collection
cpih01,67,2026-02-18T00:00:00.000Z,120.3,Dec-22,Dec-22,K02000001,United Kingdom,CP043,04.3 Regular maintenance and repair of the dwelling
cpih01,67,2026-02-18T00:00:00.000Z,134.7,Dec-22,Dec-22,K02000001,United Kingdom,CP0119,01.1.9 Food products (nec)
cpih01,67,2026-02-18T00:00:00.000Z,117.4,Dec-22,Dec-22,K02000001,United Kingdom,CP093,"09.3 Other recreational items, gardens and pets"
cpih01,67,2026-02-18T00:00:00.000Z,117.3,Dec-22,Dec-22,K02000001,United Kingdom,CP0118,"01.1.8 Sugar, jam, syrups, chocolate and confectionery"
cpih01,67,2026-02-18T00:00:00.000Z,125.3,Dec-22,Dec-22,K02000001,United Kingdom,CP00,Overall Index
cpih01,67,2026-02-18T00:00:00.000Z,140.9,Dec-22,Dec-22,K02000001,United Kingdom,CP112,11.2 Accommodation services
cpih01,67,2026-02-18T00:00:00.000Z,141.9,Dec-22,Dec-22,K02000001,United Kingdom,CP1254,12.5.4 Transport insurance
cpih01,67,2026-02-18T00:00:00.000Z,113.4,Dec-22,Dec-22,K02000001,United Kingdom,CP03,03 Clothing and footwear
cpih01,67,2026-02-18T00:00:00.000Z,159.3,Dec-22,Dec-22,K02000001,United Kingdom,CP0952,09.5.2 Newspapers and periodicals
cpih01,67,2026-02-18T00:00:00.000Z,123.6,Dec-22,Dec-22,K02000001,United Kingdom,CP0942,09.4.2 Cultural services
cpih01,67,2026-02-18T00:00:00.000Z,106.0,Dec-22,Dec-22,K02000001,United Kingdom,CP0612_0613,06.1.2/3 Other medical and therapeutic equipment
cpih01,67,2026-02-18T00:00:00.000Z,115.2,Dec-22,Dec-22,K02000001,United Kingdom,CP0932,09.3.2 Equipment for sport and open-air recreation
cpih01,67,2026-02-18T00:00:00.000Z,106.3,Dec-22,Dec-22,K02000001,United Kingdom,CP0931,"09.3.1 Games, toys and hobbies"
cpih01,67,2026-02-18T00:00:00.000Z,94.8,Dec-22,Dec-22,K02000001,United Kingdom,CP091,09.1 Audio-visual equipment and related products
cpih01,67,2026-02-18T00:00:00.000Z,145.2,Dec-22,Dec-22,K02000001,United Kingdom,CP022,02.2 Tobacco
cpih01,67,2026-02-18T00:00:00.000Z,89.6,Dec-22,Dec-22,K02000001,United Kingdom,CP126,12.6 Financial services (nec)
cpih01,67,2026-02-18T00:00:00.000Z,102.1,Dec-22,Dec-22,K02000001,United Kingdom,CP0211,02.1.1 Spirits
cpih01,67,2026-02-18T00:00:00.000Z,108.8,Dec-22,Dec-22,K02000001,United Kingdom,CP0915,09.1.5 Repair of audio-visual equipment and related products
cpih01,67,2026-02-18T00:00:00.000Z,137.8,Dec-22,Dec-22,K02000001,United Kingdom,CP063,06.3 Hospital services
cpih01,67,2026-02-18T00:00:00.000Z,136.5,Dec-22,Dec-22,K02000001,United Kingdom,CP07,07 Transport
cpih01,67,2026-02-18T00:00:00.000Z,114.5,Dec-22,Dec-22,K02000001,United Kingdom,CP0313,03.1.3 Other clothing and clothing accessories
cpih01,67,2026-02-18T00:00:00.000Z,119.8,Dec-22,Dec-22,K02000001,United Kingdom,CP0711N2,07.1.1.2 Second-hand motor cars
cpih01,67,2026-02-18T00:00:00.000Z,125.4,Dec-22,Dec-22,K02000001,United Kingdom,CP0111,01.1.1 Bread and cereals
cpih01,67,2026-02-18T00:00:00.000Z,133.3,Dec-22,Dec-22,K02000001,United Kingdom,CP0431,04.3.1 Materials for maintenance and repair of the dwelling
cpih01,67,2026-02-18T00:00:00.000Z,122.0,Dec-22,Dec-22,K02000001,United Kingdom,CP0562,05.6.2 Domestic services and household services
cpih01,67,2026-02-18T00:00:00.000Z,143.2,Dec-22,Dec-22,K02000001,United Kingdom,CP125,12.5 Insurance
cpih01,67,2026-02-18T00:00:00.000Z,129.0,Dec-22,Dec-22,K02000001,United Kingdom,CP0941,09.4.1 Recreational and sporting services
cpih01,67,2026-02-18T00:00:00.000Z,117.8,Dec-22,Dec-22,K02000001,United Kingdom,CP0611,06.1.1 Pharmaceutical products
cpih01,67,2026-02-18T00:00:00.000Z,99.7,Dec-22,Dec-22,K02000001,United Kingdom,CP127,12.7 Other services (nec)
cpih01,67,2026-02-18T00:00:00.000Z,87.7,Dec-22,Dec-22,K02000001,United Kingdom,CP0911,09.1.1 Reception and reproduction of sound and pictures
cpih01,67,2026-02-18T00:00:00.000Z,110.6,Dec-22,Dec-22,K02000001,United Kingdom,CP0561,05.6.1 Non-durable household goods
cpih01,67,2026-02-18T00:00:00.000Z,158.8,Dec-22,Dec-22,K02000001,United Kingdom,CP0454,04.5.4 Solid fuels
cpih01,67,2026-02-18T00:00:00.000Z,211.1,Dec-22,Dec-22,K02000001,United Kingdom,CP0733,07.3.3 Passenger transport by air
cpih01,67,2026-02-18T00:00:00.000Z,115.6,Dec-22,Dec-22,K02000001,United Kingdom,CP055,05.5 Tools and equipment for house and garden
cpih01,67,2026-02-18T00:00:00.000Z,136.1,Dec-22,Dec-22,K02000001,United Kingdom,CP072,07.2 Operation of personal transport equipment
cpih01,67,2026-02-18T00:00:00.000Z,120.1,Dec-22,Dec-22,K02000001,United Kingdom,CP09,09 Recreation and culture
cpih01,67,2026-02-18T00:00:00.000Z,127.6,Dec-22,Dec-22,K02000001,United Kingdom,CP0953_0954,"09.5.3/4 Miscellaneous printed matter, stationery and drawing materials"
cpih01,67,2026-02-18T00:00:00.000Z,130.3,Dec-22,Dec-22,K02000001,United Kingdom,CP081,08.1 Postal services
cpih01,67,2026-02-18T00:00:00.000Z,139.5,Dec-22,Dec-22,K02000001,United Kingdom,CP1253,12.5.3 Health insurance
cpih01,67,2026-02-18T00:00:00.000Z,126.1,Dec-22,Dec-22,K02000001,United Kingdom,CP04,"04 Housing, water, electricity, gas and other fuels"
cpih01,67,2026-02-18T00:00:00.000Z,126.2,Dec-22,Dec-22,K02000001,United Kingdom,CP02,02 Alcoholic beverages and tobacco
cpih01,67,2026-02-18T00:00:00.000Z,136.2,Dec-22,Dec-22,K02000001,United Kingdom,CP095,"09.5 Books, newspapers and stationery"
cpih01,67,2026-02-18T00:00:00.000Z,130.1,Dec-22,Dec-22,K02000001,United Kingdom,CP111,11.1 Catering services
cpih01,67,2026-02-18T00:00:00.000Z,135.8,Dec-22,Dec-22,K02000001,United Kingdom,CP0734,07.3.4 Passenger transport by sea and inland waterway
cpih01,67,2026-02-18T00:00:00.000Z,119.1,Dec-22,Dec-22,K02000001,United Kingdom,CP1112,11.1.2 Canteens
cpih01,67,2026-02-18T00:00:00.000Z,107.6,Dec-22,Dec-22,K02000001,United Kingdom,CP1232,12.3.2 Other personal effects
cpih01,67,2026-02-18T00:00:00.000Z,238.1,Dec-22,Dec-22,K02000001,United Kingdom,CP0451,04.5.1 Electricity
cpih01,67,2026-02-18T00:00:00.000Z,112.0,Dec-22,Dec-22,K02000001,United Kingdom,CP052,05.2 Household textiles
cpih01,67,2026-02-18T00:00:00.000Z,125.3,Dec-22,Dec-22,K02000001,United Kingdom,CP05,"05 Furniture, household equipment and maintenance"
cpih01,67,2026-02-18T00:00:00.000Z,130.1,Dec-22,Dec-22,K02000001,United Kingdom,CP0711N1,07.1.1.1 New motor cars
cpih01,67,2026-02-18T00:00:00.000Z,112.4,Dec-22,Dec-22,K02000001,United Kingdom,CP0441,04.4.1 Water supply
cpih01,67,2026-02-18T00:00:00.000Z,118.2,Dec-22,Dec-22,K02000001,United Kingdom,CP1231,"12.3.1 Jewellery, clocks and watches"
cpih01,67,2026-02-18T00:00:00.000Z,131.4,Dec-22,Dec-22,K02000001,United Kingdom,CP049,04.9 Council Tax and rates
cpih01,67,2026-02-18T00:00:00.000Z,126.5,Dec-22,Dec-22,K02000001,United Kingdom,CP012,01.2 Non-alcoholic beverages
cpih01,67,2026-02-18T00:00:00.000Z,146.0,Dec-22,Dec-22,K02000001,United Kingdom,CP0722,07.2.2 Fuels and lubricants
cpih01,67,2026-02-18T00:00:00.000Z,122.8,Dec-22,Dec-22,K02000001,United Kingdom,CP062,06.2 Out-patient services
cpih01,67,2026-02-18T00:00:00.000Z,159.2,Dec-22,Dec-22,K02000001,United Kingdom,CP073,07.3 Transport services
cpih01,67,2026-02-18T00:00:00.000Z,120.6,Dec-22,Dec-22,K02000001,United Kingdom,CP06,06 Health
cpih01,67,2026-02-18T00:00:00.000Z,130.3,Dec-22,Dec-22,K02000001,United Kingdom,CP0622,06.2.2 Dental services
cpih01,67,2026-02-18T00:00:00.000Z,127.1,Dec-22,Dec-22,K02000001,United Kingdom,CP0723,07.2.3 Maintenance and repairs
cpih01,67,2026-02-18T00:00:00.000Z,115.3,Dec-22,Dec-22,K02000001,United Kingdom,CP0121,"01.2.1 Coffee, tea and cocoa"
cpih01,67,2026-02-18T00:00:00.000Z,115.9,Dec-22,Dec-22,K02000001,United Kingdom,CP031,03.1 Clothing
cpih01,67,2026-02-18T00:00:00.000Z,125.2,Dec-22,Dec-22,K02000001,United Kingdom,CP011,01.1 Food
cpih01,67,2026-02-18T00:00:00.000Z,233.3,Dec-22,Dec-22,K02000001,United Kingdom,CP045,"04.5 Electricity, gas and other fuels"
cpih01,67,2026-02-18T00:00:00.000Z,125.4,Dec-22,Dec-22,K02000001,United Kingdom,CP01,01 Food and non-alcoholic beverages
cpih01,67,2026-02-18T00:00:00.000Z,124.8,Dec-22,Dec-22,K02000001,United Kingdom,CP0933,"09.3.3 Gardens, plants and flowers"
cpih01,67,2026-02-18T00:00:00.000Z,118.7,Dec-22,Dec-22,K02000001,United Kingdom,CP0112,01.1.2 Meat
cpih01,67,2026-02-18T00:00:00.000Z,126.8,Dec-22,Dec-22,K02000001,United Kingdom,CP0951,09.5.1 Books
cpih01,67,2026-02-18T00:00:00.000Z,117.3,Dec-22,Dec-22,K02000001,United Kingdom,CP082_083,08.2/3 Telephone and telefax equipment
cpih01,67,2026-02-18T00:00:00.000Z,106.0,Dec-22,Dec-22,K02000001,United Kingdom,CP021,02.1 Alcoholic beverages
cpih01,67,2026-02-18T00:00:00.000Z,129.4,Dec-22,Dec-22,K02000001,United Kingdom,CP10,10 Education
cpih01,67,2026-02-18T00:00:00.000Z,125.2,Dec-22,Dec-22,K02000001,United Kingdom,CP071,07.1 Purchase of vehicles
cpih01,67,2026-02-18T00:00:00.000Z,114.1,Dec-22,Dec-22,K02000001,United Kingdom,CP123,12.3 Personal effects (nec)
cpih01,67,2026-02-18T00:00:00.000Z,124.1,Dec-22,Dec-22,K02000001,United Kingdom,CP053,"05.3 Household appliances, fitting and repairs"
cpih01,67,2026-02-18T00:00:00.000Z,124.7,Dec-22,Dec-22,K02000001,United Kingdom,CP0731,07.3.1 Passenger transport by railway
cpih01,67,2026-02-18T00:00:00.000Z,129.8,Nov-22,Nov-22,K02000001,United Kingdom,CP0113,01.1.3 Fish
cpih01,67,2026-02-18T00:00:00.000Z,130.4,Nov-22,Nov-22,K02000001,United Kingdom,CP096,09.6 Package holidays
cpih01,67,2026-02-18T00:00:00.000Z,136.1,Nov-22,Nov-22,K02000001,United Kingdom,CP0511,05.1.1 Furniture and furnishings
cpih01,67,2026-02-18T00:00:00.000Z,127.3,Nov-22,Nov-22,K02000001,United Kingdom,CP0953_0954,"09.5.3/4 Miscellaneous printed matter, stationery and drawing materials"
cpih01,67,2026-02-18T00:00:00.000Z,139.6,Nov-22,Nov-22,K02000001,United Kingdom,CP073,07.3 Transport services
cpih01,67,2026-02-18T00:00:00.000Z,116.0,Nov-22,Nov-22,K02000001,United Kingdom,CP031,03.1 Clothing
cpih01,67,2026-02-18T00:00:00.000Z,113.8,Nov-22,Nov-22,K02000001,United Kingdom,CP0213,02.1.3 Beer
cpih01,67,2026-02-18T00:00:00.000Z,112.4,Nov-22,Nov-22,K02000001,United Kingdom,CP0441,04.4.1 Water supply
cpih01,67,2026-02-18T00:00:00.000Z,130.3,Nov-22,Nov-22,K02000001,United Kingdom,CP081,08.1 Postal services
cpih01,67,2026-02-18T00:00:00.000Z,119.3,Nov-22,Nov-22,K02000001,United Kingdom,CP08,08 Communication
cpih01,67,2026-02-18T00:00:00.000Z,110.5,Nov-22,Nov-22,K02000001,United Kingdom,CP0443,04.4.3 Sewerage collection
cpih01,67,2026-02-18T00:00:00.000Z,113.7,Nov-22,Nov-22,K02000001,United Kingdom,CP03,03 Clothing and footwear
cpih01,67,2026-02-18T00:00:00.000Z,113.8,Nov-22,Nov-22,K02000001,United Kingdom,CP0313,03.1.3 Other clothing and clothing accessories
cpih01,67,2026-02-18T00:00:00.000Z,109.1,Nov-22,Nov-22,K02000001,United Kingdom,CP0561,05.6.1 Non-durable household goods
cpih01,67,2026-02-18T00:00:00.000Z,138.7,Nov-22,Nov-22,K02000001,United Kingdom,CP112,11.2 Accommodation services
cpih01,67,2026-02-18T00:00:00.000Z,113.0,Nov-22,Nov-22,K02000001,United Kingdom,CP054,"05.4 Glassware, tableware and household utensils"
cpih01,67,2026-02-18T00:00:00.000Z,109.6,Nov-22,Nov-22,K02000001,United Kingdom,CP1212_1213,12.1.2/3 Appliances and products for personal care
cpih01,67,2026-02-18T00:00:00.000Z,139.5,Nov-22,Nov-22,K02000001,United Kingdom,CP1253,12.5.3 Health insurance
cpih01,67,2026-02-18T00:00:00.000Z,131.0,Nov-22,Nov-22,K02000001,United Kingdom,CP0733,07.3.3 Passenger transport by air
cpih01,67,2026-02-18T00:00:00.000Z,132.4,Nov-22,Nov-22,K02000001,United Kingdom,CP0119,01.1.9 Food products (nec)
cpih01,67,2026-02-18T00:00:00.000Z,111.2,Nov-22,Nov-22,K02000001,United Kingdom,CP044,04.4 Water supply and miscellaneous services relating to the dwelling
cpih01,67,2026-02-18T00:00:00.000Z,123.2,Nov-22,Nov-22,K02000001,United Kingdom,CP011,01.1 Food
cpih01,67,2026-02-18T00:00:00.000Z,127.0,Nov-22,Nov-22,K02000001,United Kingdom,CP0712_0713,07.1.2/3 Motocycles and bicycles
cpih01,67,2026-02-18T00:00:00.000Z,135.0,Nov-22,Nov-22,K02000001,United Kingdom,CP095,"09.5 Books, newspapers and stationery"
cpih01,67,2026-02-18T00:00:00.000Z,130.4,Nov-22,Nov-22,K02000001,United Kingdom,CP1252,12.5.2 House contents insurance
cpih01,67,2026-02-18T00:00:00.000Z,121.7,Nov-22,Nov-22,K02000001,United Kingdom,CP0721,07.2.1 Spare parts and accessories
cpih01,67,2026-02-18T00:00:00.000Z,115.3,Nov-22,Nov-22,K02000001,United Kingdom,CP055,05.5 Tools and equipment for house and garden
cpih01,67,2026-02-18T00:00:00.000Z,122.6,Nov-22,Nov-22,K02000001,United Kingdom,CP062,06.2 Out-patient services
cpih01,67,2026-02-18T00:00:00.000Z,116.8,Nov-22,Nov-22,K02000001,United Kingdom,CP0932,09.3.2 Equipment for sport and open-air recreation
cpih01,67,2026-02-18T00:00:00.000Z,114.2,Nov-22,Nov-22,K02000001,United Kingdom,CP121,12.1 Personal care
cpih01,67,2026-02-18T00:00:00.000Z,130.9,Nov-22,Nov-22,K02000001,United Kingdom,CP0431,04.3.1 Materials for maintenance and repair of the dwelling
cpih01,67,2026-02-18T00:00:00.000Z,124.8,Nov-22,Nov-22,K02000001,United Kingdom,CP00,Overall Index
cpih01,67,2026-02-18T00:00:00.000Z,121.9,Nov-22,Nov-22,K02000001,United Kingdom,CP0562,05.6.2 Domestic services and household services
cpih01,67,2026-02-18T00:00:00.000Z,129.8,Nov-22,Nov-22,K02000001,United Kingdom,CP1111,11.1.1 Restaurants and cafes
cpih01,67,2026-02-18T00:00:00.000Z,129.8,Nov-22,Nov-22,K02000001,United Kingdom,CP0934_0935,"09.3.4/5 Pets, related products and services"
cpih01,67,2026-02-18T00:00:00.000Z,123.8,Nov-22,Nov-22,K02000001,United Kingdom,CP05,"05 Furniture, household equipment and maintenance"
cpih01,67,2026-02-18T00:00:00.000Z,138.7,Nov-22,Nov-22,K02000001,United Kingdom,CP1254,12.5.4 Transport insurance
cpih01,67,2026-02-18T00:00:00.000Z,121.0,Nov-22,Nov-22,K02000001,United Kingdom,CP056,05.6 Goods and services for routine maintenance
cpih01,67,2026-02-18T00:00:00.000Z,130.7,Nov-22,Nov-22,K02000001,United Kingdom,CP0314,"03.1.4 Cleaning, repair and hire of clothing"
cpih01,67,2026-02-18T00:00:00.000Z,139.1,Nov-22,Nov-22,K02000001,United Kingdom,CP0724,07.2.4 Other services
cpih01,67,2026-02-18T00:00:00.000Z,119.9,Nov-22,Nov-22,K02000001,United Kingdom,CP06,06 Health
cpih01,67,2026-02-18T00:00:00.000Z,105.1,Nov-22,Nov-22,K02000001,United Kingdom,CP0211,02.1.1 Spirits
cpih01,67,2026-02-18T00:00:00.000Z,107.8,Nov-22,Nov-22,K02000001,United Kingdom,CP0432,04.3.2 Services for maintenance and repair of the dwelling
cpih01,67,2026-02-18T00:00:00.000Z,156.2,Nov-22,Nov-22,K02000001,United Kingdom,CP0115,01.1.5 Oils and fats
cpih01,67,2026-02-18T00:00:00.000Z,119.2,Nov-22,Nov-22,K02000001,United Kingdom,CP0117,01.1.7 Vegetables including potatoes and tubers
cpih01,67,2026-02-18T00:00:00.000Z,137.3,Nov-22,Nov-22,K02000001,United Kingdom,CP063,06.3 Hospital services
cpih01,67,2026-02-18T00:00:00.000Z,109.6,Nov-22,Nov-22,K02000001,United Kingdom,CP1232,12.3.2 Other personal effects
cpih01,67,2026-02-18T00:00:00.000Z,238.1,Nov-22,Nov-22,K02000001,United Kingdom,CP0451,04.5.1 Electricity
cpih01,67,2026-02-18T00:00:00.000Z,117.8,Nov-22,Nov-22,K02000001,United Kingdom,CP1231,"12.3.1 Jewellery, clocks and watches"
cpih01,67,2026-02-18T00:00:00.000Z,124.9,Nov-22,Nov-22,K02000001,United Kingdom,CP0531_0532,05.3.1/2 Major appliances and small electric goods
cpih01,67,2026-02-18T00:00:00.000Z,158.5,Nov-22,Nov-22,K02000001,United Kingdom,CP0952,09.5.2 Newspapers and periodicals
cpih01,67,2026-02-18T00:00:00.000Z,102.1,Nov-22,Nov-22,K02000001,United Kingdom,CP032,03.2 Footwear including repairs
cpih01,67,2026-02-18T00:00:00.000Z,114.3,Nov-22,Nov-22,K02000001,United Kingdom,CP123,12.3 Personal effects (nec)
cpih01,67,2026-02-18T00:00:00.000Z,124.1,Nov-22,Nov-22,K02000001,United Kingdom,CP0951,09.5.1 Books
cpih01,67,2026-02-18T00:00:00.000Z,233.9,Nov-22,Nov-22,K02000001,United Kingdom,CP045,"04.5 Electricity, gas and other fuels"
cpih01,67,2026-02-18T00:00:00.000Z,159.2,Nov-22,Nov-22,K02000001,United Kingdom,CP0454,04.5.4 Solid fuels
cpih01,67,2026-02-18T00:00:00.000Z,99.5,Nov-22,Nov-22,K02000001,United Kingdom,CP127,12.7 Other services (nec)
cpih01,67,2026-02-18T00:00:00.000Z,84.7,Nov-22,Nov-22,K02000001,United Kingdom,CP0912,"09.1.2 Photographic, cinematographic and optical equipment"
cpih01,67,2026-02-18T00:00:00.000Z,108.5,Nov-22,Nov-22,K02000001,United Kingdom,CP021,02.1 Alcoholic beverages
cpih01,67,2026-02-18T00:00:00.000Z,110.4,Nov-22,Nov-22,K02000001,United Kingdom,CP0931,"09.3.1 Games, toys and hobbies"
cpih01,67,2026-02-18T00:00:00.000Z,117.9,Nov-22,Nov-22,K02000001,United Kingdom,CP1112,11.1.2 Canteens
cpih01,67,2026-02-18T00:00:00.000Z,127.0,Nov-22,Nov-22,K02000001,United Kingdom,CP0723,07.2.3 Maintenance and repairs
cpih01,67,2026-02-18T00:00:00.000Z,144.8,Nov-22,Nov-22,K02000001,United Kingdom,CP022,02.2 Tobacco
cpih01,67,2026-02-18T00:00:00.000Z,112.1,Nov-22,Nov-22,K02000001,United Kingdom,CP052,05.2 Household textiles
cpih01,67,2026-02-18T00:00:00.000Z,117.5,Nov-22,Nov-22,K02000001,United Kingdom,CP0621_0623,06.2.1/3 Medical services and paramedical services
cpih01,67,2026-02-18T00:00:00.000Z,144.6,Nov-22,Nov-22,K02000001,United Kingdom,CP0732_0736,07.3.2/6 Passenger transport by road and other services
cpih01,67,2026-02-18T00:00:00.000Z,128.9,Nov-22,Nov-22,K02000001,United Kingdom,CP0941,09.4.1 Recreational and sporting services
cpih01,67,2026-02-18T00:00:00.000Z,129.4,Nov-22,Nov-22,K02000001,United Kingdom,CP10,10 Education
cpih01,67,2026-02-18T00:00:00.000Z,131.2,Nov-22,Nov-22,K02000001,United Kingdom,CP0914,09.1.4 Recording media
cpih01,67,2026-02-18T00:00:00.000Z,127.7,Nov-22,Nov-22,K02000001,United Kingdom,CP02,02 Alcoholic beverages and tobacco
cpih01,67,2026-02-18T00:00:00.000Z,122.3,Nov-22,Nov-22,K02000001,United Kingdom,CP092,09.2 Other major durables for recreation and culture
cpih01,67,2026-02-18T00:00:00.000Z,123.4,Nov-22,Nov-22,K02000001,United Kingdom,CP01,01 Food and non-alcoholic beverages
cpih01,67,2026-02-18T00:00:00.000Z,115.6,Nov-22,Nov-22,K02000001,United Kingdom,CP0121,"01.2.1 Coffee, tea and cocoa"
cpih01,67,2026-02-18T00:00:00.000Z,113.0,Nov-22,Nov-22,K02000001,United Kingdom,CP041,04.1 Actual rentals for housing
cpih01,67,2026-02-18T00:00:00.000Z,129.0,Nov-22,Nov-22,K02000001,United Kingdom,CP124,12.4 Social protection
cpih01,67,2026-02-18T00:00:00.000Z,115.0,Nov-22,Nov-22,K02000001,United Kingdom,CP0118,"01.1.8 Sugar, jam, syrups, chocolate and confectionery"
cpih01,67,2026-02-18T00:00:00.000Z,108.8,Nov-22,Nov-22,K02000001,United Kingdom,CP0915,09.1.5 Repair of audio-visual equipment and related products
cpih01,67,2026-02-18T00:00:00.000Z,153.5,Nov-22,Nov-22,K02000001,United Kingdom,CP0722,07.2.2 Fuels and lubricants
cpih01,67,2026-02-18T00:00:00.000Z,119.5,Nov-22,Nov-22,K02000001,United Kingdom,CP0533,05.3.3 Repair of household appliances
cpih01,67,2026-02-18T00:00:00.000Z,118.6,Nov-22,Nov-22,K02000001,United Kingdom,CP082_083,08.2/3 Telephone and telefax equipment
cpih01,67,2026-02-18T00:00:00.000Z,131.4,Nov-22,Nov-22,K02000001,United Kingdom,CP049,04.9 Council Tax and rates
cpih01,67,2026-02-18T00:00:00.000Z,130.9,Nov-22,Nov-22,K02000001,United Kingdom,CP11,11 Restaurants and hotels
cpih01,67,2026-02-18T00:00:00.000Z,85.1,Nov-22,Nov-22,K02000001,United Kingdom,CP0911,09.1.1 Reception and reproduction of sound and pictures
cpih01,67,2026-02-18T00:00:00.000Z,227.4,Nov-22,Nov-22,K02000001,United Kingdom,CP0452,04.5.2 Gas
cpih01,67,2026-02-18T00:00:00.000Z,129.9,Nov-22,Nov-22,K02000001,United Kingdom,CP0622,06.2.2 Dental services
cpih01,67,2026-02-18T00:00:00.000Z,108.0,Nov-22,Nov-22,K02000001,United Kingdom,CP0212,02.1.2 Wine
cpih01,67,2026-02-18T00:00:00.000Z,119.2,Nov-22,Nov-22,K02000001,United Kingdom,CP043,04.3 Regular maintenance and repair of the dwelling
cpih01,67,2026-02-18T00:00:00.000Z,124.9,Nov-22,Nov-22,K02000001,United Kingdom,CP094,09.4 Recreational and cultural services
cpih01,67,2026-02-18T00:00:00.000Z,124.1,Nov-22,Nov-22,K02000001,United Kingdom,CP053,"05.3 Household appliances, fitting and repairs"
cpih01,67,2026-02-18T00:00:00.000Z,123.3,Nov-22,Nov-22,K02000001,United Kingdom,CP0942,09.4.2 Cultural services
cpih01,67,2026-02-18T00:00:00.000Z,123.8,Nov-22,Nov-22,K02000001,United Kingdom,CP0933,"09.3.3 Gardens, plants and flowers"
cpih01,67,2026-02-18T00:00:00.000Z,127.4,Nov-22,Nov-22,K02000001,United Kingdom,CP0122,"01.2.2 Mineral waters, soft drinks and juices"
cpih01,67,2026-02-18T00:00:00.000Z,117.3,Nov-22,Nov-22,K02000001,United Kingdom,CP0112,01.1.2 Meat
cpih01,67,2026-02-18T00:00:00.000Z,116.9,Nov-22,Nov-22,K02000001,United Kingdom,CP0611,06.1.1 Pharmaceutical products
cpih01,67,2026-02-18T00:00:00.000Z,129.8,Nov-22,Nov-22,K02000001,United Kingdom,CP0711N1,07.1.1.1 New motor cars
cpih01,67,2026-02-18T00:00:00.000Z,135.0,Nov-22,Nov-22,K02000001,United Kingdom,CP051,"05.1 Furniture, furnishings and carpets"
cpih01,67,2026-02-18T00:00:00.000Z,128.8,Nov-22,Nov-22,K02000001,United Kingdom,CP1211,12.1.1 Hairdressing and personal grooming establishments
cpih01,67,2026-02-18T00:00:00.000Z,124.1,Nov-22,Nov-22,K02000001,United Kingdom,CP0111,01.1.1 Bread and cereals
cpih01,67,2026-02-18T00:00:00.000Z,123.9,Nov-22,Nov-22,K02000001,United Kingdom,CP0116,01.1.6 Fruit
cpih01,67,2026-02-18T00:00:00.000Z,141.7,Nov-22,Nov-22,K02000001,United Kingdom,CP125,12.5 Insurance
cpih01,67,2026-02-18T00:00:00.000Z,135.7,Nov-22,Nov-22,K02000001,United Kingdom,CP07,07 Transport
cpih01,67,2026-02-18T00:00:00.000Z,130.8,Nov-22,Nov-22,K02000001,United Kingdom,CP0512,05.1.2 Carpets and other floor coverings
cpih01,67,2026-02-18T00:00:00.000Z,115.7,Nov-22,Nov-22,K02000001,United Kingdom,CP0312,03.1.2 Garments
cpih01,67,2026-02-18T00:00:00.000Z,112.4,Nov-22,Nov-22,K02000001,United Kingdom,CP061,"06.1 Medical products, appliances and equipment"
cpih01,67,2026-02-18T00:00:00.000Z,89.5,Nov-22,Nov-22,K02000001,United Kingdom,CP126,12.6 Financial services (nec)
cpih01,67,2026-02-18T00:00:00.000Z,105.3,Nov-22,Nov-22,K02000001,United Kingdom,CP0612_0613,06.1.2/3 Other medical and therapeutic equipment
cpih01,67,2026-02-18T00:00:00.000Z,124.2,Nov-22,Nov-22,K02000001,United Kingdom,CP012,01.2 Non-alcoholic beverages
cpih01,67,2026-02-18T00:00:00.000Z,139.2,Nov-22,Nov-22,K02000001,United Kingdom,CP072,07.2 Operation of personal transport equipment
cpih01,67,2026-02-18T00:00:00.000Z,80.0,Nov-22,Nov-22,K02000001,United Kingdom,CP0913,09.1.3 Data processing equipment
cpih01,67,2026-02-18T00:00:00.000Z,131.6,Nov-22,Nov-22,K02000001,United Kingdom,CP0114,"01.1.4 Milk, cheese and eggs"
cpih01,67,2026-02-18T00:00:00.000Z,130.0,Nov-22,Nov-22,K02000001,United Kingdom,CP0734,07.3.4 Passenger transport by sea and inland waterway
cpih01,67,2026-02-18T00:00:00.000Z,129.1,Nov-22,Nov-22,K02000001,United Kingdom,CP111,11.1 Catering services
cpih01,67,2026-02-18T00:00:00.000Z,120.4,Nov-22,Nov-22,K02000001,United Kingdom,CP09,09 Recreation and culture
cpih01,67,2026-02-18T00:00:00.000Z,112.6,Nov-22,Nov-22,K02000001,United Kingdom,CP12,12 Miscellaneous goods and services
cpih01,67,2026-02-18T00:00:00.000Z,95.2,Nov-22,Nov-22,K02000001,United Kingdom,CP091,09.1 Audio-visual equipment and related products
cpih01,67,2026-02-18T00:00:00.000Z,125.8,Nov-22,Nov-22,K02000001,United Kingdom,CP04,"04 Housing, water, electricity, gas and other fuels"
cpih01,67,2026-02-18T00:00:00.000Z,125.0,Nov-22,Nov-22,K02000001,United Kingdom,CP071,07.1 Purchase of vehicles
cpih01,67,2026-02-18T00:00:00.000Z,118.7,Nov-22,Nov-22,K02000001,United Kingdom,CP093,"09.3 Other recreational items, gardens and pets"
cpih01,67,2026-02-18T00:00:00.000Z,115.0,Nov-22,Nov-22,K02000001,United Kingdom,CP042,04.2 Owner Occupiers Housing Costs
cpih01,67,2026-02-18T00:00:00.000Z,123.0,Nov-22,Nov-22,K02000001,United Kingdom,CP0731,07.3.1 Passenger transport by railway
cpih01,67,2026-02-18T00:00:00.000Z,119.4,Nov-22,Nov-22,K02000001,United Kingdom,CP0711N2,07.1.1.2 Second-hand motor cars
cpih01,67,2026-02-18T00:00:00.000Z,239.5,Nov-22,Nov-22,K02000001,United Kingdom,CP0453,04.5.3 Liquid fuels
cpih01,67,2026-02-18T00:00:00.000Z,122.0,Oct-22,Oct-22,K02000001,United Kingdom,CP01,01 Food and non-alcoholic beverages
cpih01,67,2026-02-18T00:00:00.000Z,120.1,Oct-22,Oct-22,K02000001,United Kingdom,CP056,05.6 Goods and services for routine maintenance
cpih01,67,2026-02-18T00:00:00.000Z,112.7,Oct-22,Oct-22,K02000001,United Kingdom,CP0213,02.1.3 Beer
cpih01,67,2026-02-18T00:00:00.000Z,108.0,Oct-22,Oct-22,K02000001,United Kingdom,CP0561,05.6.1 Non-durable household goods
cpih01,67,2026-02-18T00:00:00.000Z,121.6,Oct-22,Oct-22,K02000001,United Kingdom,CP0562,05.6.2 Domestic services and household services
cpih01,67,2026-02-18T00:00:00.000Z,114.8,Oct-22,Oct-22,K02000001,United Kingdom,CP0121,"01.2.1 Coffee, tea and cocoa"
cpih01,67,2026-02-18T00:00:00.000Z,122.7,Oct-22,Oct-22,K02000001,United Kingdom,CP0116,01.1.6 Fruit
cpih01,67,2026-02-18T00:00:00.000Z,119.7,Oct-22,Oct-22,K02000001,United Kingdom,CP082_083,08.2/3 Telephone and telefax equipment
cpih01,67,2026-02-18T00:00:00.000Z,144.4,Oct-22,Oct-22,K02000001,United Kingdom,CP0732_0736,07.3.2/6 Passenger transport by road and other services
cpih01,67,2026-02-18T00:00:00.000Z,117.0,Oct-22,Oct-22,K02000001,United Kingdom,CP0621_0623,06.2.1/3 Medical services and paramedical services
cpih01,67,2026-02-18T00:00:00.000Z,84.6,Oct-22,Oct-22,K02000001,United Kingdom,CP0911,09.1.1 Reception and reproduction of sound and pictures
cpih01,67,2026-02-18T00:00:00.000Z,125.5,Oct-22,Oct-22,K02000001,United Kingdom,CP0122,"01.2.2 Mineral waters, soft drinks and juices"
cpih01,67,2026-02-18T00:00:00.000Z,127.7,Oct-22,Oct-22,K02000001,United Kingdom,CP111,11.1 Catering services
cpih01,67,2026-02-18T00:00:00.000Z,121.8,Oct-22,Oct-22,K02000001,United Kingdom,CP0111,01.1.1 Bread and cereals
cpih01,67,2026-02-18T00:00:00.000Z,128.6,Oct-22,Oct-22,K02000001,United Kingdom,CP0941,09.4.1 Recreational and sporting services
cpih01,67,2026-02-18T00:00:00.000Z,125.6,Oct-22,Oct-22,K02000001,United Kingdom,CP0953_0954,"09.5.3/4 Miscellaneous printed matter, stationery and drawing materials"
cpih01,67,2026-02-18T00:00:00.000Z,128.5,Oct-22,Oct-22,K02000001,United Kingdom,CP0512,05.1.2 Carpets and other floor coverings
cpih01,67,2026-02-18T00:00:00.000Z,124.3,Oct-22,Oct-22,K02000001,United Kingdom,CP00,Overall Index
cpih01,67,2026-02-18T00:00:00.000Z,139.5,Oct-22,Oct-22,K02000001,United Kingdom,CP1253,12.5.3 Health insurance
cpih01,67,2026-02-18T00:00:00.000Z,110.5,Oct-22,Oct-22,K02000001,United Kingdom,CP0443,04.4.3 Sewerage collection
cpih01,67,2026-02-18T00:00:00.000Z,120.2,Oct-22,Oct-22,K02000001,United Kingdom,CP08,08 Communication
cpih01,67,2026-02-18T00:00:00.000Z,129.4,Oct-22,Oct-22,K02000001,United Kingdom,CP0314,"03.1.4 Cleaning, repair and hire of clothing"
cpih01,67,2026-02-18T00:00:00.000Z,105.2,Oct-22,Oct-22,K02000001,United Kingdom,CP0612_0613,06.1.2/3 Other medical and therapeutic equipment
cpih01,67,2026-02-18T00:00:00.000Z,125.6,Oct-22,Oct-22,K02000001,United Kingdom,CP0723,07.2.3 Maintenance and repairs
cpih01,67,2026-02-18T00:00:00.000Z,135.6,Oct-22,Oct-22,K02000001,United Kingdom,CP07,07 Transport
cpih01,67,2026-02-18T00:00:00.000Z,129.8,Oct-22,Oct-22,K02000001,United Kingdom,CP0622,06.2.2 Dental services
cpih01,67,2026-02-18T00:00:00.000Z,119.2,Oct-22,Oct-22,K02000001,United Kingdom,CP06,06 Health
cpih01,67,2026-02-18T00:00:00.000Z,115.4,Oct-22,Oct-22,K02000001,United Kingdom,CP0932,09.3.2 Equipment for sport and open-air recreation
cpih01,67,2026-02-18T00:00:00.000Z,136.9,Oct-22,Oct-22,K02000001,United Kingdom,CP063,06.3 Hospital services
cpih01,67,2026-02-18T00:00:00.000Z,128.3,Oct-22,Oct-22,K02000001,United Kingdom,CP1111,11.1.1 Restaurants and cafes
cpih01,67,2026-02-18T00:00:00.000Z,108.4,Oct-22,Oct-22,K02000001,United Kingdom,CP1232,12.3.2 Other personal effects
cpih01,67,2026-02-18T00:00:00.000Z,116.3,Oct-22,Oct-22,K02000001,United Kingdom,CP1231,"12.3.1 Jewellery, clocks and watches"
cpih01,67,2026-02-18T00:00:00.000Z,134.6,Oct-22,Oct-22,K02000001,United Kingdom,CP0734,07.3.4 Passenger transport by sea and inland waterway
cpih01,67,2026-02-18T00:00:00.000Z,127.4,Oct-22,Oct-22,K02000001,United Kingdom,CP0712_0713,07.1.2/3 Motocycles and bicycles
cpih01,67,2026-02-18T00:00:00.000Z,134.9,Oct-22,Oct-22,K02000001,United Kingdom,CP0511,05.1.1 Furniture and furnishings
cpih01,67,2026-02-18T00:00:00.000Z,130.4,Oct-22,Oct-22,K02000001,United Kingdom,CP1252,12.5.2 House contents insurance
cpih01,67,2026-02-18T00:00:00.000Z,118.3,Oct-22,Oct-22,K02000001,United Kingdom,CP0117,01.1.7 Vegetables including potatoes and tubers
cpih01,67,2026-02-18T00:00:00.000Z,99.4,Oct-22,Oct-22,K02000001,United Kingdom,CP127,12.7 Other services (nec)
cpih01,67,2026-02-18T00:00:00.000Z,115.3,Oct-22,Oct-22,K02000001,United Kingdom,CP0312,03.1.2 Garments
cpih01,67,2026-02-18T00:00:00.000Z,85.8,Oct-22,Oct-22,K02000001,United Kingdom,CP0912,"09.1.2 Photographic, cinematographic and optical equipment"
cpih01,67,2026-02-18T00:00:00.000Z,118.6,Oct-22,Oct-22,K02000001,United Kingdom,CP043,04.3 Regular maintenance and repair of the dwelling
cpih01,67,2026-02-18T00:00:00.000Z,103.3,Oct-22,Oct-22,K02000001,United Kingdom,CP032,03.2 Footwear including repairs
cpih01,67,2026-02-18T00:00:00.000Z,141.8,Oct-22,Oct-22,K02000001,United Kingdom,CP112,11.2 Accommodation services
cpih01,67,2026-02-18T00:00:00.000Z,114.5,Oct-22,Oct-22,K02000001,United Kingdom,CP042,04.2 Owner Occupiers Housing Costs
cpih01,67,2026-02-18T00:00:00.000Z,134.1,Oct-22,Oct-22,K02000001,United Kingdom,CP095,"09.5 Books, newspapers and stationery"
cpih01,67,2026-02-18T00:00:00.000Z,122.0,Oct-22,Oct-22,K02000001,United Kingdom,CP092,09.2 Other major durables for recreation and culture
cpih01,67,2026-02-18T00:00:00.000Z,250.7,Oct-22,Oct-22,K02000001,United Kingdom,CP0453,04.5.3 Liquid fuels
cpih01,67,2026-02-18T00:00:00.000Z,118.1,Oct-22,Oct-22,K02000001,United Kingdom,CP1112,11.1.2 Canteens
cpih01,67,2026-02-18T00:00:00.000Z,130.4,Oct-22,Oct-22,K02000001,United Kingdom,CP11,11 Restaurants and hotels
cpih01,67,2026-02-18T00:00:00.000Z,159.1,Oct-22,Oct-22,K02000001,United Kingdom,CP0952,09.5.2 Newspapers and periodicals
cpih01,67,2026-02-18T00:00:00.000Z,227.4,Oct-22,Oct-22,K02000001,United Kingdom,CP0452,04.5.2 Gas
cpih01,67,2026-02-18T00:00:00.000Z,122.3,Oct-22,Oct-22,K02000001,United Kingdom,CP0721,07.2.1 Spare parts and accessories
cpih01,67,2026-02-18T00:00:00.000Z,126.8,Oct-22,Oct-22,K02000001,United Kingdom,CP0531_0532,05.3.1/2 Major appliances and small electric goods
cpih01,67,2026-02-18T00:00:00.000Z,130.1,Oct-22,Oct-22,K02000001,United Kingdom,CP096,09.6 Package holidays
cpih01,67,2026-02-18T00:00:00.000Z,139.4,Oct-22,Oct-22,K02000001,United Kingdom,CP0724,07.2.4 Other services
cpih01,67,2026-02-18T00:00:00.000Z,130.0,Oct-22,Oct-22,K02000001,United Kingdom,CP0431,04.3.1 Materials for maintenance and repair of the dwelling
cpih01,67,2026-02-18T00:00:00.000Z,107.3,Oct-22,Oct-22,K02000001,United Kingdom,CP021,02.1 Alcoholic beverages
cpih01,67,2026-02-18T00:00:00.000Z,94.6,Oct-22,Oct-22,K02000001,United Kingdom,CP091,09.1 Audio-visual equipment and related products
cpih01,67,2026-02-18T00:00:00.000Z,112.3,Oct-22,Oct-22,K02000001,United Kingdom,CP12,12 Miscellaneous goods and services
cpih01,67,2026-02-18T00:00:00.000Z,127.6,Oct-22,Oct-22,K02000001,United Kingdom,CP1211,12.1.1 Hairdressing and personal grooming establishments
cpih01,67,2026-02-18T00:00:00.000Z,107.9,Oct-22,Oct-22,K02000001,United Kingdom,CP0931,"09.3.1 Games, toys and hobbies"
cpih01,67,2026-02-18T00:00:00.000Z,143.0,Oct-22,Oct-22,K02000001,United Kingdom,CP073,07.3 Transport services
cpih01,67,2026-02-18T00:00:00.000Z,138.5,Oct-22,Oct-22,K02000001,United Kingdom,CP125,12.5 Insurance
cpih01,67,2026-02-18T00:00:00.000Z,121.9,Oct-22,Oct-22,K02000001,United Kingdom,CP011,01.1 Food
cpih01,67,2026-02-18T00:00:00.000Z,123.8,Oct-22,Oct-22,K02000001,United Kingdom,CP0942,09.4.2 Cultural services
cpih01,67,2026-02-18T00:00:00.000Z,110.3,Oct-22,Oct-22,K02000001,United Kingdom,CP1212_1213,12.1.2/3 Appliances and products for personal care
cpih01,67,2026-02-18T00:00:00.000Z,123.1,Oct-22,Oct-22,K02000001,United Kingdom,CP05,"05 Furniture, household equipment and maintenance"
cpih01,67,2026-02-18T00:00:00.000Z,128.5,Oct-22,Oct-22,K02000001,United Kingdom,CP0934_0935,"09.3.4/5 Pets, related products and services"
cpih01,67,2026-02-18T00:00:00.000Z,152.2,Oct-22,Oct-22,K02000001,United Kingdom,CP0722,07.2.2 Fuels and lubricants
cpih01,67,2026-02-18T00:00:00.000Z,116.1,Oct-22,Oct-22,K02000001,United Kingdom,CP0112,01.1.2 Meat
cpih01,67,2026-02-18T00:00:00.000Z,156.5,Oct-22,Oct-22,K02000001,United Kingdom,CP0115,01.1.5 Oils and fats
cpih01,67,2026-02-18T00:00:00.000Z,144.7,Oct-22,Oct-22,K02000001,United Kingdom,CP022,02.2 Tobacco
cpih01,67,2026-02-18T00:00:00.000Z,128.8,Oct-22,Oct-22,K02000001,United Kingdom,CP0711N1,07.1.1.1 New motor cars
cpih01,67,2026-02-18T00:00:00.000Z,130.5,Oct-22,Oct-22,K02000001,United Kingdom,CP0114,"01.1.4 Milk, cheese and eggs"
cpih01,67,2026-02-18T00:00:00.000Z,122.6,Oct-22,Oct-22,K02000001,United Kingdom,CP012,01.2 Non-alcoholic beverages
cpih01,67,2026-02-18T00:00:00.000Z,234.4,Oct-22,Oct-22,K02000001,United Kingdom,CP045,"04.5 Electricity, gas and other fuels"
cpih01,67,2026-02-18T00:00:00.000Z,113.3,Oct-22,Oct-22,K02000001,United Kingdom,CP0118,"01.1.8 Sugar, jam, syrups, chocolate and confectionery"
cpih01,67,2026-02-18T00:00:00.000Z,126.9,Oct-22,Oct-22,K02000001,United Kingdom,CP02,02 Alcoholic beverages and tobacco
cpih01,67,2026-02-18T00:00:00.000Z,125.5,Oct-22,Oct-22,K02000001,United Kingdom,CP04,"04 Housing, water, electricity, gas and other fuels"
cpih01,67,2026-02-18T00:00:00.000Z,111.6,Oct-22,Oct-22,K02000001,United Kingdom,CP061,"06.1 Medical products, appliances and equipment"
cpih01,67,2026-02-18T00:00:00.000Z,133.0,Oct-22,Oct-22,K02000001,United Kingdom,CP1254,12.5.4 Transport insurance
cpih01,67,2026-02-18T00:00:00.000Z,119.6,Oct-22,Oct-22,K02000001,United Kingdom,CP0711N2,07.1.1.2 Second-hand motor cars
cpih01,67,2026-02-18T00:00:00.000Z,125.8,Oct-22,Oct-22,K02000001,United Kingdom,CP053,"05.3 Household appliances, fitting and repairs"
cpih01,67,2026-02-18T00:00:00.000Z,106.2,Oct-22,Oct-22,K02000001,United Kingdom,CP0212,02.1.2 Wine
cpih01,67,2026-02-18T00:00:00.000Z,115.6,Oct-22,Oct-22,K02000001,United Kingdom,CP031,03.1 Clothing
cpih01,67,2026-02-18T00:00:00.000Z,113.7,Oct-22,Oct-22,K02000001,United Kingdom,CP055,05.5 Tools and equipment for house and garden
cpih01,67,2026-02-18T00:00:00.000Z,112.2,Oct-22,Oct-22,K02000001,United Kingdom,CP054,"05.4 Glassware, tableware and household utensils"
cpih01,67,2026-02-18T00:00:00.000Z,125.2,Oct-22,Oct-22,K02000001,United Kingdom,CP094,09.4 Recreational and cultural services
cpih01,67,2026-02-18T00:00:00.000Z,145.8,Oct-22,Oct-22,K02000001,United Kingdom,CP0733,07.3.3 Passenger transport by air
cpih01,67,2026-02-18T00:00:00.000Z,110.3,Oct-22,Oct-22,K02000001,United Kingdom,CP052,05.2 Household textiles
cpih01,67,2026-02-18T00:00:00.000Z,119.5,Oct-22,Oct-22,K02000001,United Kingdom,CP0533,05.3.3 Repair of household appliances
cpih01,67,2026-02-18T00:00:00.000Z,124.7,Oct-22,Oct-22,K02000001,United Kingdom,CP071,07.1 Purchase of vehicles
cpih01,67,2026-02-18T00:00:00.000Z,123.1,Oct-22,Oct-22,K02000001,United Kingdom,CP0951,09.5.1 Books
cpih01,67,2026-02-18T00:00:00.000Z,115.8,Oct-22,Oct-22,K02000001,United Kingdom,CP0611,06.1.1 Pharmaceutical products
cpih01,67,2026-02-18T00:00:00.000Z,107.7,Oct-22,Oct-22,K02000001,United Kingdom,CP0432,04.3.2 Services for maintenance and repair of the dwelling
cpih01,67,2026-02-18T00:00:00.000Z,79.8,Oct-22,Oct-22,K02000001,United Kingdom,CP0913,09.1.3 Data processing equipment
cpih01,67,2026-02-18T00:00:00.000Z,119.7,Oct-22,Oct-22,K02000001,United Kingdom,CP09,09 Recreation and culture
cpih01,67,2026-02-18T00:00:00.000Z,113.3,Oct-22,Oct-22,K02000001,United Kingdom,CP0313,03.1.3 Other clothing and clothing accessories
cpih01,67,2026-02-18T00:00:00.000Z,112.6,Oct-22,Oct-22,K02000001,United Kingdom,CP041,04.1 Actual rentals for housing
cpih01,67,2026-02-18T00:00:00.000Z,131.4,Oct-22,Oct-22,K02000001,United Kingdom,CP049,04.9 Council Tax and rates
cpih01,67,2026-02-18T00:00:00.000Z,133.7,Oct-22,Oct-22,K02000001,United Kingdom,CP051,"05.1 Furniture, furnishings and carpets"
cpih01,67,2026-02-18T00:00:00.000Z,131.1,Oct-22,Oct-22,K02000001,United Kingdom,CP0119,01.1.9 Food products (nec)
cpih01,67,2026-02-18T00:00:00.000Z,108.6,Oct-22,Oct-22,K02000001,United Kingdom,CP0915,09.1.5 Repair of audio-visual equipment and related products
cpih01,67,2026-02-18T00:00:00.000Z,130.3,Oct-22,Oct-22,K02000001,United Kingdom,CP081,08.1 Postal services
cpih01,67,2026-02-18T00:00:00.000Z,129.7,Oct-22,Oct-22,K02000001,United Kingdom,CP0113,01.1.3 Fish
cpih01,67,2026-02-18T00:00:00.000Z,128.8,Oct-22,Oct-22,K02000001,United Kingdom,CP124,12.4 Social protection
cpih01,67,2026-02-18T00:00:00.000Z,159.3,Oct-22,Oct-22,K02000001,United Kingdom,CP0454,04.5.4 Solid fuels
cpih01,67,2026-02-18T00:00:00.000Z,124.0,Oct-22,Oct-22,K02000001,United Kingdom,CP0731,07.3.1 Passenger transport by railway
cpih01,67,2026-02-18T00:00:00.000Z,112.9,Oct-22,Oct-22,K02000001,United Kingdom,CP123,12.3 Personal effects (nec)
cpih01,67,2026-02-18T00:00:00.000Z,111.2,Oct-22,Oct-22,K02000001,United Kingdom,CP044,04.4 Water supply and miscellaneous services relating to the dwelling
cpih01,67,2026-02-18T00:00:00.000Z,122.2,Oct-22,Oct-22,K02000001,United Kingdom,CP062,06.2 Out-patient services
cpih01,67,2026-02-18T00:00:00.000Z,112.4,Oct-22,Oct-22,K02000001,United Kingdom,CP0441,04.4.1 Water supply
cpih01,67,2026-02-18T00:00:00.000Z,129.7,Oct-22,Oct-22,K02000001,United Kingdom,CP0914,09.1.4 Recording media
cpih01,67,2026-02-18T00:00:00.000Z,238.6,Oct-22,Oct-22,K02000001,United Kingdom,CP0451,04.5.1 Electricity
cpih01,67,2026-02-18T00:00:00.000Z,138.3,Oct-22,Oct-22,K02000001,United Kingdom,CP072,07.2 Operation of personal transport equipment
cpih01,67,2026-02-18T00:00:00.000Z,114.7,Oct-22,Oct-22,K02000001,United Kingdom,CP121,12.1 Personal care
cpih01,67,2026-02-18T00:00:00.000Z,113.6,Oct-22,Oct-22,K02000001,United Kingdom,CP03,03 Clothing and footwear
cpih01,67,2026-02-18T00:00:00.000Z,122.7,Oct-22,Oct-22,K02000001,United Kingdom,CP0933,"09.3.3 Gardens, plants and flowers"
cpih01,67,2026-02-18T00:00:00.000Z,88.9,Oct-22,Oct-22,K02000001,United Kingdom,CP126,12.6 Financial services (nec)
cpih01,67,2026-02-18T00:00:00.000Z,129.4,Oct-22,Oct-22,K02000001,United Kingdom,CP10,10 Education
cpih01,67,2026-02-18T00:00:00.000Z,104.6,Oct-22,Oct-22,K02000001,United Kingdom,CP0211,02.1.1 Spirits
cpih01,67,2026-02-18T00:00:00.000Z,117.1,Oct-22,Oct-22,K02000001,United Kingdom,CP093,"09.3 Other recreational items, gardens and pets"
cpih01,67,2026-02-18T00:00:00.000Z,112.4,Sep-22,Sep-22,K02000001,United Kingdom,CP0441,04.4.1 Water supply
cpih01,67,2026-02-18T00:00:00.000Z,126.8,Sep-22,Sep-22,K02000001,United Kingdom,CP02,02 Alcoholic beverages and tobacco
cpih01,67,2026-02-18T00:00:00.000Z,132.6,Sep-22,Sep-22,K02000001,United Kingdom,CP095,"09.5 Books, newspapers and stationery"
cpih01,67,2026-02-18T00:00:00.000Z,121.6,Sep-22,Sep-22,K02000001,United Kingdom,CP0933,"09.3.3 Gardens, plants and flowers"
cpih01,67,2026-02-18T00:00:00.000Z,124.7,Sep-22,Sep-22,K02000001,United Kingdom,CP071,07.1 Purchase of vehicles
cpih01,67,2026-02-18T00:00:00.000Z,117.8,Sep-22,Sep-22,K02000001,United Kingdom,CP1231,"12.3.1 Jewellery, clocks and watches"
cpih01,67,2026-02-18T00:00:00.000Z,166.1,Sep-22,Sep-22,K02000001,United Kingdom,CP0452,04.5.2 Gas
cpih01,67,2026-02-18T00:00:00.000Z,118.5,Sep-22,Sep-22,K02000001,United Kingdom,CP0932,09.3.2 Equipment for sport and open-air recreation
cpih01,67,2026-02-18T00:00:00.000Z,126.4,Sep-22,Sep-22,K02000001,United Kingdom,CP0531_0532,05.3.1/2 Major appliances and small electric goods
cpih01,67,2026-02-18T00:00:00.000Z,114.7,Sep-22,Sep-22,K02000001,United Kingdom,CP0112,01.1.2 Meat
cpih01,67,2026-02-18T00:00:00.000Z,111.8,Sep-22,Sep-22,K02000001,United Kingdom,CP03,03 Clothing and footwear
cpih01,67,2026-02-18T00:00:00.000Z,204.1,Sep-22,Sep-22,K02000001,United Kingdom,CP0451,04.5.1 Electricity
cpih01,67,2026-02-18T00:00:00.000Z,105.7,Sep-22,Sep-22,K02000001,United Kingdom,CP0561,05.6.1 Non-durable household goods
cpih01,67,2026-02-18T00:00:00.000Z,126.5,Sep-22,Sep-22,K02000001,United Kingdom,CP10,10 Education
cpih01,67,2026-02-18T00:00:00.000Z,123.1,Sep-22,Sep-22,K02000001,United Kingdom,CP0122,"01.2.2 Mineral waters, soft drinks and juices"
cpih01,67,2026-02-18T00:00:00.000Z,142.7,Sep-22,Sep-22,K02000001,United Kingdom,CP073,07.3 Transport services
cpih01,67,2026-02-18T00:00:00.000Z,119.3,Sep-22,Sep-22,K02000001,United Kingdom,CP0116,01.1.6 Fruit
cpih01,67,2026-02-18T00:00:00.000Z,112.1,Sep-22,Sep-22,K02000001,United Kingdom,CP041,04.1 Actual rentals for housing
cpih01,67,2026-02-18T00:00:00.000Z,113.1,Sep-22,Sep-22,K02000001,United Kingdom,CP0118,"01.1.8 Sugar, jam, syrups, chocolate and confectionery"
cpih01,67,2026-02-18T00:00:00.000Z,116.7,Sep-22,Sep-22,K02000001,United Kingdom,CP0621_0623,06.2.1/3 Medical services and paramedical services
cpih01,67,2026-02-18T00:00:00.000Z,111.2,Sep-22,Sep-22,K02000001,United Kingdom,CP044,04.4 Water supply and miscellaneous services relating to the dwelling
cpih01,67,2026-02-18T00:00:00.000Z,129.9,Sep-22,Sep-22,K02000001,United Kingdom,CP0431,04.3.1 Materials for maintenance and repair of the dwelling
cpih01,67,2026-02-18T00:00:00.000Z,126.6,Sep-22,Sep-22,K02000001,United Kingdom,CP111,11.1 Catering services
cpih01,67,2026-02-18T00:00:00.000Z,122.4,Sep-22,Sep-22,K02000001,United Kingdom,CP05,"05 Furniture, household equipment and maintenance"
cpih01,67,2026-02-18T00:00:00.000Z,107.3,Sep-22,Sep-22,K02000001,United Kingdom,CP021,02.1 Alcoholic beverages
cpih01,67,2026-02-18T00:00:00.000Z,108.1,Sep-22,Sep-22,K02000001,United Kingdom,CP1232,12.3.2 Other personal effects
cpih01,67,2026-02-18T00:00:00.000Z,108.2,Sep-22,Sep-22,K02000001,United Kingdom,CP0931,"09.3.1 Games, toys and hobbies"
cpih01,67,2026-02-18T00:00:00.000Z,136.0,Sep-22,Sep-22,K02000001,United Kingdom,CP0511,05.1.1 Furniture and furnishings
cpih01,67,2026-02-18T00:00:00.000Z,127.2,Sep-22,Sep-22,K02000001,United Kingdom,CP1111,11.1.1 Restaurants and cafes
cpih01,67,2026-02-18T00:00:00.000Z,122.4,Sep-22,Sep-22,K02000001,United Kingdom,CP092,09.2 Other major durables for recreation and culture
cpih01,67,2026-02-18T00:00:00.000Z,130.3,Sep-22,Sep-22,K02000001,United Kingdom,CP081,08.1 Postal services
cpih01,67,2026-02-18T00:00:00.000Z,120.8,Sep-22,Sep-22,K02000001,United Kingdom,CP012,01.2 Non-alcoholic beverages
cpih01,67,2026-02-18T00:00:00.000Z,117.4,Sep-22,Sep-22,K02000001,United Kingdom,CP093,"09.3 Other recreational items, gardens and pets"
cpih01,67,2026-02-18T00:00:00.000Z,125.4,Sep-22,Sep-22,K02000001,United Kingdom,CP0113,01.1.3 Fish
cpih01,67,2026-02-18T00:00:00.000Z,119.4,Sep-22,Sep-22,K02000001,United Kingdom,CP011,01.1 Food
cpih01,67,2026-02-18T00:00:00.000Z,152.2,Sep-22,Sep-22,K02000001,United Kingdom,CP0115,01.1.5 Oils and fats
cpih01,67,2026-02-18T00:00:00.000Z,120.3,Sep-22,Sep-22,K02000001,United Kingdom,CP0711N2,07.1.1.2 Second-hand motor cars
cpih01,67,2026-02-18T00:00:00.000Z,114.9,Sep-22,Sep-22,K02000001,United Kingdom,CP0121,"01.2.1 Coffee, tea and cocoa"
cpih01,67,2026-02-18T00:00:00.000Z,99.4,Sep-22,Sep-22,K02000001,United Kingdom,CP127,12.7 Other services (nec)
cpih01,67,2026-02-18T00:00:00.000Z,111.0,Sep-22,Sep-22,K02000001,United Kingdom,CP061,"06.1 Medical products, appliances and equipment"
cpih01,67,2026-02-18T00:00:00.000Z,120.8,Sep-22,Sep-22,K02000001,United Kingdom,CP0721,07.2.1 Spare parts and accessories
cpih01,67,2026-02-18T00:00:00.000Z,124.0,Sep-22,Sep-22,K02000001,United Kingdom,CP0731,07.3.1 Passenger transport by railway
cpih01,67,2026-02-18T00:00:00.000Z,89.2,Sep-22,Sep-22,K02000001,United Kingdom,CP126,12.6 Financial services (nec)
cpih01,67,2026-02-18T00:00:00.000Z,112.0,Sep-22,Sep-22,K02000001,United Kingdom,CP0213,02.1.3 Beer
cpih01,67,2026-02-18T00:00:00.000Z,153.0,Sep-22,Sep-22,K02000001,United Kingdom,CP0722,07.2.2 Fuels and lubricants
cpih01,67,2026-02-18T00:00:00.000Z,137.0,Sep-22,Sep-22,K02000001,United Kingdom,CP063,06.3 Hospital services
cpih01,67,2026-02-18T00:00:00.000Z,124.4,Sep-22,Sep-22,K02000001,United Kingdom,CP0953_0954,"09.5.3/4 Miscellaneous printed matter, stationery and drawing materials"
cpih01,67,2026-02-18T00:00:00.000Z,102.5,Sep-22,Sep-22,K02000001,United Kingdom,CP032,03.2 Footwear including repairs
cpih01,67,2026-02-18T00:00:00.000Z,80.8,Sep-22,Sep-22,K02000001,United Kingdom,CP0913,09.1.3 Data processing equipment
cpih01,67,2026-02-18T00:00:00.000Z,140.1,Sep-22,Sep-22,K02000001,United Kingdom,CP112,11.2 Accommodation services
cpih01,67,2026-02-18T00:00:00.000Z,144.7,Sep-22,Sep-22,K02000001,United Kingdom,CP0733,07.3.3 Passenger transport by air
cpih01,67,2026-02-18T00:00:00.000Z,119.2,Sep-22,Sep-22,K02000001,United Kingdom,CP09,09 Recreation and culture
cpih01,67,2026-02-18T00:00:00.000Z,108.1,Sep-22,Sep-22,K02000001,United Kingdom,CP1212_1213,12.1.2/3 Appliances and products for personal care
cpih01,67,2026-02-18T00:00:00.000Z,112.6,Sep-22,Sep-22,K02000001,United Kingdom,CP121,12.1 Personal care
cpih01,67,2026-02-18T00:00:00.000Z,120.6,Sep-22,Sep-22,K02000001,United Kingdom,CP0111,01.1.1 Bread and cereals
cpih01,67,2026-02-18T00:00:00.000Z,122.0,Sep-22,Sep-22,K02000001,United Kingdom,CP062,06.2 Out-patient services
cpih01,67,2026-02-18T00:00:00.000Z,107.6,Sep-22,Sep-22,K02000001,United Kingdom,CP0432,04.3.2 Services for maintenance and repair of the dwelling
cpih01,67,2026-02-18T00:00:00.000Z,128.5,Sep-22,Sep-22,K02000001,United Kingdom,CP0512,05.1.2 Carpets and other floor coverings
cpih01,67,2026-02-18T00:00:00.000Z,115.4,Sep-22,Sep-22,K02000001,United Kingdom,CP0611,06.1.1 Pharmaceutical products
cpih01,67,2026-02-18T00:00:00.000Z,128.4,Sep-22,Sep-22,K02000001,United Kingdom,CP0314,"03.1.4 Cleaning, repair and hire of clothing"
cpih01,67,2026-02-18T00:00:00.000Z,123.2,Sep-22,Sep-22,K02000001,United Kingdom,CP0942,09.4.2 Cultural services
cpih01,67,2026-02-18T00:00:00.000Z,131.4,Sep-22,Sep-22,K02000001,United Kingdom,CP049,04.9 Council Tax and rates
cpih01,67,2026-02-18T00:00:00.000Z,104.0,Sep-22,Sep-22,K02000001,United Kingdom,CP0612_0613,06.1.2/3 Other medical and therapeutic equipment
cpih01,67,2026-02-18T00:00:00.000Z,139.5,Sep-22,Sep-22,K02000001,United Kingdom,CP0724,07.2.4 Other services
cpih01,67,2026-02-18T00:00:00.000Z,125.4,Sep-22,Sep-22,K02000001,United Kingdom,CP0119,01.1.9 Food products (nec)
cpih01,67,2026-02-18T00:00:00.000Z,119.4,Sep-22,Sep-22,K02000001,United Kingdom,CP0533,05.3.3 Repair of household appliances
cpih01,67,2026-02-18T00:00:00.000Z,120.7,Sep-22,Sep-22,K02000001,United Kingdom,CP0951,09.5.1 Books
cpih01,67,2026-02-18T00:00:00.000Z,124.4,Sep-22,Sep-22,K02000001,United Kingdom,CP0914,09.1.4 Recording media
cpih01,67,2026-02-18T00:00:00.000Z,125.5,Sep-22,Sep-22,K02000001,United Kingdom,CP053,"05.3 Household appliances, fitting and repairs"
cpih01,67,2026-02-18T00:00:00.000Z,108.3,Sep-22,Sep-22,K02000001,United Kingdom,CP0915,09.1.5 Repair of audio-visual equipment and related products
cpih01,67,2026-02-18T00:00:00.000Z,122.3,Sep-22,Sep-22,K02000001,United Kingdom,CP00,Overall Index
cpih01,67,2026-02-18T00:00:00.000Z,125.9,Sep-22,Sep-22,K02000001,United Kingdom,CP0114,"01.1.4 Milk, cheese and eggs"
cpih01,67,2026-02-18T00:00:00.000Z,110.9,Sep-22,Sep-22,K02000001,United Kingdom,CP054,"05.4 Glassware, tableware and household utensils"
cpih01,67,2026-02-18T00:00:00.000Z,129.1,Sep-22,Sep-22,K02000001,United Kingdom,CP11,11 Restaurants and hotels
cpih01,67,2026-02-18T00:00:00.000Z,129.5,Sep-22,Sep-22,K02000001,United Kingdom,CP0622,06.2.2 Dental services
cpih01,67,2026-02-18T00:00:00.000Z,107.1,Sep-22,Sep-22,K02000001,United Kingdom,CP0212,02.1.2 Wine
cpih01,67,2026-02-18T00:00:00.000Z,134.6,Sep-22,Sep-22,K02000001,United Kingdom,CP051,"05.1 Furniture, furnishings and carpets"
cpih01,67,2026-02-18T00:00:00.000Z,144.7,Sep-22,Sep-22,K02000001,United Kingdom,CP022,02.2 Tobacco
cpih01,67,2026-02-18T00:00:00.000Z,118.5,Sep-22,Sep-22,K02000001,United Kingdom,CP1112,11.1.2 Canteens
cpih01,67,2026-02-18T00:00:00.000Z,143.9,Sep-22,Sep-22,K02000001,United Kingdom,CP0732_0736,07.3.2/6 Passenger transport by road and other services
cpih01,67,2026-02-18T00:00:00.000Z,127.7,Sep-22,Sep-22,K02000001,United Kingdom,CP0712_0713,07.1.2/3 Motocycles and bicycles
cpih01,67,2026-02-18T00:00:00.000Z,126.4,Sep-22,Sep-22,K02000001,United Kingdom,CP1211,12.1.1 Hairdressing and personal grooming establishments
cpih01,67,2026-02-18T00:00:00.000Z,85.0,Sep-22,Sep-22,K02000001,United Kingdom,CP0911,09.1.1 Reception and reproduction of sound and pictures
cpih01,67,2026-02-18T00:00:00.000Z,128.2,Sep-22,Sep-22,K02000001,United Kingdom,CP0711N1,07.1.1.1 New motor cars
cpih01,67,2026-02-18T00:00:00.000Z,118.6,Sep-22,Sep-22,K02000001,United Kingdom,CP043,04.3 Regular maintenance and repair of the dwelling
cpih01,67,2026-02-18T00:00:00.000Z,110.8,Sep-22,Sep-22,K02000001,United Kingdom,CP055,05.5 Tools and equipment for house and garden
cpih01,67,2026-02-18T00:00:00.000Z,251.1,Sep-22,Sep-22,K02000001,United Kingdom,CP0453,04.5.3 Liquid fuels
cpih01,67,2026-02-18T00:00:00.000Z,135.5,Sep-22,Sep-22,K02000001,United Kingdom,CP07,07 Transport
cpih01,67,2026-02-18T00:00:00.000Z,136.5,Sep-22,Sep-22,K02000001,United Kingdom,CP0734,07.3.4 Passenger transport by sea and inland waterway
cpih01,67,2026-02-18T00:00:00.000Z,138.0,Sep-22,Sep-22,K02000001,United Kingdom,CP125,12.5 Insurance
cpih01,67,2026-02-18T00:00:00.000Z,129.3,Sep-22,Sep-22,K02000001,United Kingdom,CP096,09.6 Package holidays
cpih01,67,2026-02-18T00:00:00.000Z,107.2,Sep-22,Sep-22,K02000001,United Kingdom,CP052,05.2 Household textiles
cpih01,67,2026-02-18T00:00:00.000Z,128.8,Sep-22,Sep-22,K02000001,United Kingdom,CP0941,09.4.1 Recreational and sporting services
cpih01,67,2026-02-18T00:00:00.000Z,113.9,Sep-22,Sep-22,K02000001,United Kingdom,CP123,12.3 Personal effects (nec)
cpih01,67,2026-02-18T00:00:00.000Z,113.3,Sep-22,Sep-22,K02000001,United Kingdom,CP0312,03.1.2 Garments
cpih01,67,2026-02-18T00:00:00.000Z,128.4,Sep-22,Sep-22,K02000001,United Kingdom,CP124,12.4 Social protection
cpih01,67,2026-02-18T00:00:00.000Z,138.2,Sep-22,Sep-22,K02000001,United Kingdom,CP072,07.2 Operation of personal transport equipment
cpih01,67,2026-02-18T00:00:00.000Z,104.0,Sep-22,Sep-22,K02000001,United Kingdom,CP0211,02.1.1 Spirits
cpih01,67,2026-02-18T00:00:00.000Z,188.6,Sep-22,Sep-22,K02000001,United Kingdom,CP045,"04.5 Electricity, gas and other fuels"
cpih01,67,2026-02-18T00:00:00.000Z,86.1,Sep-22,Sep-22,K02000001,United Kingdom,CP0912,"09.1.2 Photographic, cinematographic and optical equipment"
cpih01,67,2026-02-18T00:00:00.000Z,127.7,Sep-22,Sep-22,K02000001,United Kingdom,CP0934_0935,"09.3.4/5 Pets, related products and services"
cpih01,67,2026-02-18T00:00:00.000Z,110.5,Sep-22,Sep-22,K02000001,United Kingdom,CP0443,04.4.3 Sewerage collection
cpih01,67,2026-02-18T00:00:00.000Z,93.4,Sep-22,Sep-22,K02000001,United Kingdom,CP091,09.1 Audio-visual equipment and related products
cpih01,67,2026-02-18T00:00:00.000Z,111.7,Sep-22,Sep-22,K02000001,United Kingdom,CP12,12 Miscellaneous goods and services
cpih01,67,2026-02-18T00:00:00.000Z,158.5,Sep-22,Sep-22,K02000001,United Kingdom,CP0952,09.5.2 Newspapers and periodicals
cpih01,67,2026-02-18T00:00:00.000Z,121.4,Sep-22,Sep-22,K02000001,United Kingdom,CP04,"04 Housing, water, electricity, gas and other fuels"
cpih01,67,2026-02-18T00:00:00.000Z,118.7,Sep-22,Sep-22,K02000001,United Kingdom,CP082_083,08.2/3 Telephone and telefax equipment
cpih01,67,2026-02-18T00:00:00.000Z,119.4,Sep-22,Sep-22,K02000001,United Kingdom,CP08,08 Communication
cpih01,67,2026-02-18T00:00:00.000Z,119.6,Sep-22,Sep-22,K02000001,United Kingdom,CP01,01 Food and non-alcoholic beverages
cpih01,67,2026-02-18T00:00:00.000Z,124.8,Sep-22,Sep-22,K02000001,United Kingdom,CP094,09.4 Recreational and cultural services
cpih01,67,2026-02-18T00:00:00.000Z,113.6,Sep-22,Sep-22,K02000001,United Kingdom,CP031,03.1 Clothing
cpih01,67,2026-02-18T00:00:00.000Z,152.2,Sep-22,Sep-22,K02000001,United Kingdom,CP0454,04.5.4 Solid fuels
cpih01,67,2026-02-18T00:00:00.000Z,128.5,Sep-22,Sep-22,K02000001,United Kingdom,CP1252,12.5.2 House contents insurance
cpih01,67,2026-02-18T00:00:00.000Z,118.7,Sep-22,Sep-22,K02000001,United Kingdom,CP06,06 Health
cpih01,67,2026-02-18T00:00:00.000Z,142.0,Sep-22,Sep-22,K02000001,United Kingdom,CP1253,12.5.3 Health insurance
cpih01,67,2026-02-18T00:00:00.000Z,114.2,Sep-22,Sep-22,K02000001,United Kingdom,CP042,04.2 Owner Occupiers Housing Costs
cpih01,67,2026-02-18T00:00:00.000Z,131.8,Sep-22,Sep-22,K02000001,United Kingdom,CP1254,12.5.4 Transport insurance
cpih01,67,2026-02-18T00:00:00.000Z,124.5,Sep-22,Sep-22,K02000001,United Kingdom,CP0723,07.2.3 Maintenance and repairs
cpih01,67,2026-02-18T00:00:00.000Z,111.5,Sep-22,Sep-22,K02000001,United Kingdom,CP0313,03.1.3 Other clothing and clothing accessories
cpih01,67,2026-02-18T00:00:00.000Z,117.6,Sep-22,Sep-22,K02000001,United Kingdom,CP056,05.6 Goods and services for routine maintenance
