ons_dataset_id,ons_version,ons_release_date,v4_1,Data Marking,mmm-yy,Time,administrative-geography,Geography,index-and-year-change,IndexAndYearChange
index-private-housing-rental-prices,41,2024-02-14T00:00:00.000Z,105.8,,Jul-17,Jul-17,E92000001,England,index,Index
index-private-housing-rental-prices,41,2024-02-14T00:00:00.000Z,105.5,,Jul-17,Jul-17,K03000001,Great Britain,index,Index
index-private-housing-rental-prices,41,2024-02-14T00:00:00.000Z,1.3,,Jul-17,Jul-17,W92000004,Wales,year-on-year-change,Year-on-year change
index-private-housing-rental-prices,41,2024-02-14T00:00:00.000Z,105.0,,Jul-17,Jul-17,E12000009,South West,index,Index
index-private-housing-rental-prices,41,2024-02-14T00:00:00.000Z,104.8,,Jul-17,Jul-17,E12000005,West Midlands,index,Index
index-private-housing-rental-prices,41,2024-02-14T00:00:00.000Z,2.2,,Jul-17,Jul-17,E12000005,West Midlands,year-on-year-change,Year-on-year change
index-private-housing-rental-prices,41,2024-02-14T00:00:00.000Z,1.9,,Jul-17,Jul-17,E92000001,England,year-on-year-change,Year-on-year change
index-private-housing-rental-prices,41,2024-02-14T00:00:00.000Z,102.8,,Jul-17,Jul-17,E12000002,North West,index,Index
index-private-housing-rental-prices,41,2024-02-14T00:00:00.000Z,0.2,,Jul-17,Jul-17,S92000003,Scotland,year-on-year-change,Year-on-year change
index-private-housing-rental-prices,41,2024-02-14T00:00:00.000Z,1.3,,Jul-17,Jul-17,N92000002,Northern Ireland,year-on-year-change,Year-on-year change
index-private-housing-rental-prices,41,2024-02-14T00:00:00.000Z,2.6,,Jul-17,Jul-17,E12000008,South East,year-on-year-change,Year-on-year change
index-private-housing-rental-prices,41,2024-02-14T00:00:00.000Z,0.5,,Jul-17,Jul-17,E12000001,North East,year-on-year-change,Year-on-year change
index-private-housing-rental-prices,41,2024-02-14T00:00:00.000Z,101.5,,Jul-17,Jul-17,W92000004,Wales,index,Index
index-private-housing-rental-prices,41,2024-02-14T00:00:00.000Z,104.0,,Jul-17,Jul-17,N92000002,Northern Ireland,index,Index
index-private-housing-rental-prices,41,2024-02-14T00:00:00.000Z,1.8,,Jul-17,Jul-17,K03000001,Great Britain,year-on-year-change,Year-on-year change
index-private-housing-rental-prices,41,2024-02-14T00:00:00.000Z,106.5,,Jul-17,Jul-17,E12000007,London,index,Index
index-private-housing-rental-prices,41,2024-02-14T00:00:00.000Z,105.4,,Jul-17,Jul-17,K02000001,United Kingdom,index,Index
index-private-housing-rental-prices,41,2024-02-14T00:00:00.000Z,1.4,,Jul-17,Jul-17,E12000002,North West,year-on-year-change,Year-on-year change
index-private-housing-rental-prices,41,2024-02-14T00:00:00.000Z,1.6,,Jul-17,Jul-17,E12000003,Yorkshire and The Humber,year-on-year-change,Year-on-year change
index-private-housing-rental-prices,41,2024-02-14T00:00:00.000Z,106.9,,Jul-17,Jul-17,E12000006,East of England,index,Index
index-private-housing-rental-prices,41,2024-02-14T00:00:00.000Z,106.3,,Jul-17,Jul-17,E12000004,East Midlands,index,Index
index-private-housing-rental-prices,41,2024-02-14T00:00:00.000Z,2.3,,Jul-17,Jul-17,E12000006,East of England,year-on-year-change,Year-on-year change
index-private-housing-rental-prices,41,2024-02-14T00:00:00.000Z,103.4,,Jul-17,Jul-17,E12000003,Yorkshire and The Humber,index,Index
index-private-housing-rental-prices,41,2024-02-14T00:00:00.000Z,1.8,,Jul-17,Jul-17,K02000001,United Kingdom,year-on-year-change,Year-on-year change
index-private-housing-rental-prices,41,2024-02-14T00:00:00.000Z,2.5,,Jul-17,Jul-17,E12000009,South West,year-on-year-change,Year-on-year change
index-private-housing-rental-prices,41,2024-02-14T00:00:00.000Z,100.9,,Jul-17,Jul-17,S92000003,Scotland,index,Index
index-private-housing-rental-prices,41,2024-02-14T00:00:00.000Z,1.5,,Jul-17,Jul-17,E12000007,London,year-on-year-change,Year-on-year change
index-private-housing-rental-prices,41,2024-02-14T00:00:00.000Z,101.7,,Jul-17,Jul-17,E12000001,North East,index,Index
index-private-housing-rental-prices,41,2024-02-14T00:00:00.000Z,2.8,,Jul-17,Jul-17,E12000004,East Midlands,year-on-year-change,Year-on-year change
index-private-housing-rental-prices,41,2024-02-14T00:00:00.000Z,107.3,,Jul-17,Jul-17,E12000008,South East,index,Index
index-private-housing-rental-prices,41,2024-02-14T00:00:00.000Z,87.7,,Jan-06,Jan-06,E12000003,Yorkshire and The Humber,index,Index
index-private-housing-rental-prices,41,2024-02-14T00:00:00.000Z,1.9,,Jan-06,Jan-06,E12000002,North West,year-on-year-change,Year-on-year change
index-private-housing-rental-prices,41,2024-02-14T00:00:00.000Z,90.3,,Jan-06,Jan-06,E12000002,North West,index,Index
index-private-housing-rental-prices,41,2024-02-14T00:00:00.000Z,89.0,,Jan-06,Jan-06,E12000001,North East,index,Index
index-private-housing-rental-prices,41,2024-02-14T00:00:00.000Z,76.8,,Jan-06,Jan-06,E12000007,London,index,Index
index-private-housing-rental-prices,41,2024-02-14T00:00:00.000Z,3.3,,Jan-06,Jan-06,E12000001,North East,year-on-year-change,Year-on-year change
index-private-housing-rental-prices,41,2024-02-14T00:00:00.000Z,86.0,,Jan-06,Jan-06,E12000009,South West,index,Index
index-private-housing-rental-prices,41,2024-02-14T00:00:00.000Z,90.2,,Jan-06,Jan-06,E12000005,West Midlands,index,Index
index-private-housing-rental-prices,41,2024-02-14T00:00:00.000Z,2.5,,Jan-06,Jan-06,E92000001,England,year-on-year-change,Year-on-year change
index-private-housing-rental-prices,41,2024-02-14T00:00:00.000Z,84.7,,Jan-06,Jan-06,E12000008,South East,index,Index
index-private-housing-rental-prices,41,2024-02-14T00:00:00.000Z,3.1,,Jan-06,Jan-06,E12000004,East Midlands,year-on-year-change,Year-on-year change
index-private-housing-rental-prices,41,2024-02-14T00:00:00.000Z,88.5,,Jan-06,Jan-06,E12000006,East of England,index,Index
index-private-housing-rental-prices,41,2024-02-14T00:00:00.000Z,,.,Jan-06,Jan-06,K03000001,Great Britain,year-on-year-change,Year-on-year change
index-private-housing-rental-prices,41,2024-02-14T00:00:00.000Z,3.2,,Jan-06,Jan-06,E12000003,Yorkshire and The Humber,year-on-year-change,Year-on-year change
index-private-housing-rental-prices,41,2024-02-14T00:00:00.000Z,2.9,,Jan-06,Jan-06,E12000005,West Midlands,year-on-year-change,Year-on-year change
index-private-housing-rental-prices,41,2024-02-14T00:00:00.000Z,90.8,,Jan-06,Jan-06,E12000004,East Midlands,index,Index
index-private-housing-rental-prices,41,2024-02-14T00:00:00.000Z,,.,Jan-06,Jan-06,N92000002,Northern Ireland,index,Index
index-private-housing-rental-prices,41,2024-02-14T00:00:00.000Z,1.7,,Jan-06,Jan-06,E12000007,London,year-on-year-change,Year-on-year change
index-private-housing-rental-prices,41,2024-02-14T00:00:00.000Z,,.,Jan-06,Jan-06,W92000004,Wales,year-on-year-change,Year-on-year change
index-private-housing-rental-prices,41,2024-02-14T00:00:00.000Z,,.,Jan-06,Jan-06,N92000002,Northern Ireland,year-on-year-change,Year-on-year change
index-private-housing-rental-prices,41,2024-02-14T00:00:00.000Z,3.7,,Jan-06,Jan-06,E12000006,East of England,year-on-year-change,Year-on-year change
index-private-housing-rental-prices,41,2024-02-14T00:00:00.000Z,,.,Jan-06,Jan-06,K02000001,United Kingdom,year-on-year-change,Year-on-year change
index-private-housing-rental-prices,41,2024-02-14T00:00:00.000Z,,.,Jan-06,Jan-06,S92000003,Scotland,year-on-year-change,Year-on-year change
index-private-housing-rental-prices,41,2024-02-14T00:00:00.000Z,,.,Jan-06,Jan-06,S92000003,Scotland,index,Index
index-private-housing-rental-prices,41,2024-02-14T00:00:00.000Z,3.7,,Jan-06,Jan-06,E12000009,South West,year-on-year-change,Year-on-year change
index-private-housing-rental-prices,41,2024-02-14T00:00:00.000Z,83.5,,Jan-06,Jan-06,E92000001,England,index,Index
index-private-housing-rental-prices,41,2024-02-14T00:00:00.000Z,,.,Jan-06,Jan-06,K03000001,Great Britain,index,Index
index-private-housing-rental-prices,41,2024-02-14T00:00:00.000Z,,.,Jan-06,Jan-06,W92000004,Wales,index,Index
index-private-housing-rental-prices,41,2024-02-14T00:00:00.000Z,2.2,,Jan-06,Jan-06,E12000008,South East,year-on-year-change,Year-on-year change
index-private-housing-rental-prices,41,2024-02-14T00:00:00.000Z,,.,Jan-06,Jan-06,K02000001,United Kingdom,index,Index
index-private-housing-rental-prices,41,2024-02-14T00:00:00.000Z,,.,Feb-06,Feb-06,K03000001,Great Britain,index,Index
index-private-housing-rental-prices,41,2024-02-14T00:00:00.000Z,,.,Feb-06,Feb-06,N92000002,Northern Ireland,year-on-year-change,Year-on-year change
index-private-housing-rental-prices,41,2024-02-14T00:00:00.000Z,86.1,,Feb-06,Feb-06,E12000009,South West,index,Index
index-private-housing-rental-prices,41,2024-02-14T00:00:00.000Z,,.,Feb-06,Feb-06,S92000003,Scotland,index,Index
index-private-housing-rental-prices,41,2024-02-14T00:00:00.000Z,90.8,,Feb-06,Feb-06,E12000004,East Midlands,index,Index
index-private-housing-rental-prices,41,2024-02-14T00:00:00.000Z,2.5,,Feb-06,Feb-06,E92000001,England,year-on-year-change,Year-on-year change
index-private-housing-rental-prices,41,2024-02-14T00:00:00.000Z,2.9,,Feb-06,Feb-06,E12000005,West Midlands,year-on-year-change,Year-on-year change
index-private-housing-rental-prices,41,2024-02-14T00:00:00.000Z,3.1,,Feb-06,Feb-06,E12000003,Yorkshire and The Humber,year-on-year-change,Year-on-year change
index-private-housing-rental-prices,41,2024-02-14T00:00:00.000Z,3.2,,Feb-06,Feb-06,E12000001,North East,year-on-year-change,Year-on-year change
index-private-housing-rental-prices,41,2024-02-14T00:00:00.000Z,89.1,,Feb-06,Feb-06,E12000001,North East,index,Index
index-private-housing-rental-prices,41,2024-02-14T00:00:00.000Z,,.,Feb-06,Feb-06,S92000003,Scotland,year-on-year-change,Year-on-year change
index-private-housing-rental-prices,41,2024-02-14T00:00:00.000Z,3.7,,Feb-06,Feb-06,E12000006,East of England,year-on-year-change,Year-on-year change
index-private-housing-rental-prices,41,2024-02-14T00:00:00.000Z,87.9,,Feb-06,Feb-06,E12000003,Yorkshire and The Humber,index,Index
index-private-housing-rental-prices,41,2024-02-14T00:00:00.000Z,84.8,,Feb-06,Feb-06,E12000008,South East,index,Index
index-private-housing-rental-prices,41,2024-02-14T00:00:00.000Z,,.,Feb-06,Feb-06,W92000004,Wales,index,Index
index-private-housing-rental-prices,41,2024-02-14T00:00:00.000Z,2.1,,Feb-06,Feb-06,E12000002,North West,year-on-year-change,Year-on-year change
index-private-housing-rental-prices,41,2024-02-14T00:00:00.000Z,88.6,,Feb-06,Feb-06,E12000006,East of England,index,Index
index-private-housing-rental-prices,41,2024-02-14T00:00:00.000Z,2.7,,Feb-06,Feb-06,E12000004,East Midlands,year-on-year-change,Year-on-year change
index-private-housing-rental-prices,41,2024-02-14T00:00:00.000Z,90.4,,Feb-06,Feb-06,E12000002,North West,index,Index
index-private-housing-rental-prices,41,2024-02-14T00:00:00.000Z,90.2,,Feb-06,Feb-06,E12000005,West Midlands,index,Index
index-private-housing-rental-prices,41,2024-02-14T00:00:00.000Z,,.,Feb-06,Feb-06,K02000001,United Kingdom,index,Index
index-private-housing-rental-prices,41,2024-02-14T00:00:00.000Z,,.,Feb-06,Feb-06,K03000001,Great Britain,year-on-year-change,Year-on-year change
index-private-housing-rental-prices,41,2024-02-14T00:00:00.000Z,2.0,,Feb-06,Feb-06,E12000007,London,year-on-year-change,Year-on-year change
index-private-housing-rental-prices,41,2024-02-14T00:00:00.000Z,,.,Feb-06,Feb-06,N92000002,Northern Ireland,index,Index
index-private-housing-rental-prices,41,2024-02-14T00:00:00.000Z,2.3,,Feb-06,Feb-06,E12000008,South East,year-on-year-change,Year-on-year change
index-private-housing-rental-prices,41,2024-02-14T00:00:00.000Z,3.2,,Feb-06,Feb-06,E12000009,South West,year-on-year-change,Year-on-year change
index-private-housing-rental-prices,41,2024-02-14T00:00:00.000Z,83.7,,Feb-06,Feb-06,E92000001,England,index,Index
index-private-housing-rental-prices,41,2024-02-14T00:00:00.000Z,,.,Feb-06,Feb-06,K02000001,United Kingdom,year-on-year-change,Year-on-year change
index-private-housing-rental-prices,41,2024-02-14T00:00:00.000Z,,.,Feb-06,Feb-06,W92000004,Wales,year-on-year-change,Year-on-year change
index-private-housing-rental-prices,41,2024-02-14T00:00:00.000Z,77.0,,Feb-06,Feb-06,E12000007,London,index,Index
index-private-housing-rental-prices,41,2024-02-14T00:00:00.000Z,0.4,,Nov-13,Nov-13,E12000002,North West,year-on-year-change,Year-on-year change
index-private-housing-rental-prices,41,2024-02-14T00:00:00.000Z,97.9,,Nov-13,Nov-13,E92000001,England,index,Index
index-private-housing-rental-prices,41,2024-02-14T00:00:00.000Z,99.3,,Nov-13,Nov-13,W92000004,Wales,index,Index
index-private-housing-rental-prices,41,2024-02-14T00:00:00.000Z,97.2,,Nov-13,Nov-13,E12000007,London,index,Index
index-private-housing-rental-prices,41,2024-02-14T00:00:00.000Z,1.1,,Nov-13,Nov-13,E12000004,East Midlands,year-on-year-change,Year-on-year change
index-private-housing-rental-prices,41,2024-02-14T00:00:00.000Z,98.3,,Nov-13,Nov-13,E12000009,South West,index,Index
index-private-housing-rental-prices,41,2024-02-14T00:00:00.000Z,0.7,,Nov-13,Nov-13,E12000005,West Midlands,year-on-year-change,Year-on-year change
index-private-housing-rental-prices,41,2024-02-14T00:00:00.000Z,1.5,,Nov-13,Nov-13,E12000008,South East,year-on-year-change,Year-on-year change
index-private-housing-rental-prices,41,2024-02-14T00:00:00.000Z,,.,Nov-13,Nov-13,K02000001,United Kingdom,year-on-year-change,Year-on-year change
index-private-housing-rental-prices,41,2024-02-14T00:00:00.000Z,1.9,,Nov-13,Nov-13,E92000001,England,year-on-year-change,Year-on-year change
index-private-housing-rental-prices,41,2024-02-14T00:00:00.000Z,0.8,,Nov-13,Nov-13,E12000006,East of England,year-on-year-change,Year-on-year change
index-private-housing-rental-prices,41,2024-02-14T00:00:00.000Z,97.9,,Nov-13,Nov-13,K03000001,Great Britain,index,Index
index-private-housing-rental-prices,41,2024-02-14T00:00:00.000Z,97.9,,Nov-13,Nov-13,E12000006,East of England,index,Index
index-private-housing-rental-prices,41,2024-02-14T00:00:00.000Z,97.5,,Nov-13,Nov-13,E12000008,South East,index,Index
index-private-housing-rental-prices,41,2024-02-14T00:00:00.000Z,99.4,,Nov-13,Nov-13,E12000003,Yorkshire and The Humber,index,Index
index-private-housing-rental-prices,41,2024-02-14T00:00:00.000Z,1.8,,Nov-13,Nov-13,K03000001,Great Britain,year-on-year-change,Year-on-year change
index-private-housing-rental-prices,41,2024-02-14T00:00:00.000Z,97.6,,Nov-13,Nov-13,S92000003,Scotland,index,Index
index-private-housing-rental-prices,41,2024-02-14T00:00:00.000Z,99.7,,Nov-13,Nov-13,E12000001,North East,index,Index
index-private-housing-rental-prices,41,2024-02-14T00:00:00.000Z,,.,Nov-13,Nov-13,N92000002,Northern Ireland,year-on-year-change,Year-on-year change
index-private-housing-rental-prices,41,2024-02-14T00:00:00.000Z,99.4,,Nov-13,Nov-13,E12000002,North West,index,Index
index-private-housing-rental-prices,41,2024-02-14T00:00:00.000Z,1.4,,Nov-13,Nov-13,E12000009,South West,year-on-year-change,Year-on-year change
index-private-housing-rental-prices,41,2024-02-14T00:00:00.000Z,1.8,,Nov-13,Nov-13,S92000003,Scotland,year-on-year-change,Year-on-year change
index-private-housing-rental-prices,41,2024-02-14T00:00:00.000Z,0.6,,Nov-13,Nov-13,W92000004,Wales,year-on-year-change,Year-on-year change
index-private-housing-rental-prices,41,2024-02-14T00:00:00.000Z,3.4,,Nov-13,Nov-13,E12000007,London,year-on-year-change,Year-on-year change
index-private-housing-rental-prices,41,2024-02-14T00:00:00.000Z,98.6,,Nov-13,Nov-13,E12000004,East Midlands,index,Index
index-private-housing-rental-prices,41,2024-02-14T00:00:00.000Z,98.2,,Nov-13,Nov-13,E12000005,West Midlands,index,Index
index-private-housing-rental-prices,41,2024-02-14T00:00:00.000Z,,.,Nov-13,Nov-13,K02000001,United Kingdom,index,Index
index-private-housing-rental-prices,41,2024-02-14T00:00:00.000Z,,.,Nov-13,Nov-13,N92000002,Northern Ireland,index,Index
index-private-housing-rental-prices,41,2024-02-14T00:00:00.000Z,0.5,,Nov-13,Nov-13,E12000001,North East,year-on-year-change,Year-on-year change
index-private-housing-rental-prices,41,2024-02-14T00:00:00.000Z,0.7,,Nov-13,Nov-13,E12000003,Yorkshire and The Humber,year-on-year-change,Year-on-year change
index-private-housing-rental-prices,41,2024-02-14T00:00:00.000Z,0.8,,Oct-13,Oct-13,E12000004,East Midlands,year-on-year-change,Year-on-year change
index-private-housing-rental-prices,41,2024-02-14T00:00:00.000Z,0.7,,Oct-13,Oct-13,E12000005,West Midlands,year-on-year-change,Year-on-year change
index-private-housing-rental-prices,41,2024-02-14T00:00:00.000Z,1.6,,Oct-13,Oct-13,E12000008,South East,year-on-year-change,Year-on-year change
index-private-housing-rental-prices,41,2024-02-14T00:00:00.000Z,0.4,,Oct-13,Oct-13,W92000004,Wales,year-on-year-change,Year-on-year change
index-private-housing-rental-prices,41,2024-02-14T00:00:00.000Z,98.0,,Oct-13,Oct-13,E12000005,West Midlands,index,Index
index-private-housing-rental-prices,41,2024-02-14T00:00:00.000Z,97.5,,Oct-13,Oct-13,S92000003,Scotland,index,Index
index-private-housing-rental-prices,41,2024-02-14T00:00:00.000Z,,.,Oct-13,Oct-13,K02000001,United Kingdom,year-on-year-change,Year-on-year change
index-private-housing-rental-prices,41,2024-02-14T00:00:00.000Z,99.0,,Oct-13,Oct-13,W92000004,Wales,index,Index
index-private-housing-rental-prices,41,2024-02-14T00:00:00.000Z,,.,Oct-13,Oct-13,N92000002,Northern Ireland,year-on-year-change,Year-on-year change
index-private-housing-rental-prices,41,2024-02-14T00:00:00.000Z,,.,Oct-13,Oct-13,N92000002,Northern Ireland,index,Index
index-private-housing-rental-prices,41,2024-02-14T00:00:00.000Z,97.7,,Oct-13,Oct-13,K03000001,Great Britain,index,Index
index-private-housing-rental-prices,41,2024-02-14T00:00:00.000Z,0.6,,Oct-13,Oct-13,E12000003,Yorkshire and The Humber,year-on-year-change,Year-on-year change
index-private-housing-rental-prices,41,2024-02-14T00:00:00.000Z,0.8,,Oct-13,Oct-13,E12000006,East of England,year-on-year-change,Year-on-year change
index-private-housing-rental-prices,41,2024-02-14T00:00:00.000Z,1.2,,Oct-13,Oct-13,E12000009,South West,year-on-year-change,Year-on-year change
index-private-housing-rental-prices,41,2024-02-14T00:00:00.000Z,96.9,,Oct-13,Oct-13,E12000007,London,index,Index
index-private-housing-rental-prices,41,2024-02-14T00:00:00.000Z,99.4,,Oct-13,Oct-13,E12000003,Yorkshire and The Humber,index,Index
index-private-housing-rental-prices,41,2024-02-14T00:00:00.000Z,98.3,,Oct-13,Oct-13,E12000004,East Midlands,index,Index
index-private-housing-rental-prices,41,2024-02-14T00:00:00.000Z,1.8,,Oct-13,Oct-13,S92000003,Scotland,year-on-year-change,Year-on-year change
index-private-housing-rental-prices,41,2024-02-14T00:00:00.000Z,1.8,,Oct-13,Oct-13,E92000001,England,year-on-year-change,Year-on-year change
index-private-housing-rental-prices,41,2024-02-14T00:00:00.000Z,0.4,,Oct-13,Oct-13,E12000002,North West,year-on-year-change,Year-on-year change
index-private-housing-rental-prices,41,2024-02-14T00:00:00.000Z,97.4,,Oct-13,Oct-13,E12000008,South East,index,Index
index-private-housing-rental-prices,41,2024-02-14T00:00:00.000Z,3.3,,Oct-13,Oct-13,E12000007,London,year-on-year-change,Year-on-year change
index-private-housing-rental-prices,41,2024-02-14T00:00:00.000Z,98.1,,Oct-13,Oct-13,E12000009,South West,index,Index
index-private-housing-rental-prices,41,2024-02-14T00:00:00.000Z,0.8,,Oct-13,Oct-13,E12000001,North East,year-on-year-change,Year-on-year change
index-private-housing-rental-prices,41,2024-02-14T00:00:00.000Z,,.,Oct-13,Oct-13,K02000001,United Kingdom,index,Index
index-private-housing-rental-prices,41,2024-02-14T00:00:00.000Z,97.7,,Oct-13,Oct-13,E92000001,England,index,Index
index-private-housing-rental-prices,41,2024-02-14T00:00:00.000Z,97.8,,Oct-13,Oct-13,E12000006,East of England,index,Index
index-private-housing-rental-prices,41,2024-02-14T00:00:00.000Z,1.8,,Oct-13,Oct-13,K03000001,Great Britain,year-on-year-change,Year-on-year change
index-private-housing-rental-prices,41,2024-02-14T00:00:00.000Z,99.3,,Oct-13,Oct-13,E12000002,North West,index,Index
index-private-housing-rental-prices,41,2024-02-14T00:00:00.000Z,99.7,,Oct-13,Oct-13,E12000001,North East,index,Index
index-private-housing-rental-prices,41,2024-02-14T00:00:00.000Z,119.6,,Jun-23,Jun-23,K03000001,Great Britain,index,Index
index-private-housing-rental-prices,41,2024-02-14T00:00:00.000Z,5.0,,Jun-23,Jun-23,E12000004,East Midlands,year-on-year-change,Year-on-year change
index-private-housing-rental-prices,41,2024-02-14T00:00:00.000Z,136.3,,Jun-23,Jun-23,N92000002,Northern Ireland,index,Index
index-private-housing-rental-prices,41,2024-02-14T00:00:00.000Z,4.6,,Jun-23,Jun-23,E12000008,South East,year-on-year-change,Year-on-year change
index-private-housing-rental-prices,41,2024-02-14T00:00:00.000Z,5.4,,Jun-23,Jun-23,E12000005,West Midlands,year-on-year-change,Year-on-year change
index-private-housing-rental-prices,41,2024-02-14T00:00:00.000Z,113.6,,Jun-23,Jun-23,S92000003,Scotland,index,Index
index-private-housing-rental-prices,41,2024-02-14T00:00:00.000Z,5.1,,Jun-23,Jun-23,K03000001,Great Britain,year-on-year-change,Year-on-year change
index-private-housing-rental-prices,41,2024-02-14T00:00:00.000Z,120.0,,Jun-23,Jun-23,E92000001,England,index,Index
index-private-housing-rental-prices,41,2024-02-14T00:00:00.000Z,124.8,,Jun-23,Jun-23,E12000009,South West,index,Index
index-private-housing-rental-prices,41,2024-02-14T00:00:00.000Z,5.1,,Jun-23,Jun-23,E92000001,England,year-on-year-change,Year-on-year change
index-private-housing-rental-prices,41,2024-02-14T00:00:00.000Z,4.7,,Jun-23,Jun-23,E12000006,East of England,year-on-year-change,Year-on-year change
index-private-housing-rental-prices,41,2024-02-14T00:00:00.000Z,4.8,,Jun-23,Jun-23,E12000009,South West,year-on-year-change,Year-on-year change
index-private-housing-rental-prices,41,2024-02-14T00:00:00.000Z,119.8,,Jun-23,Jun-23,K02000001,United Kingdom,index,Index
index-private-housing-rental-prices,41,2024-02-14T00:00:00.000Z,5.1,,Jun-23,Jun-23,E12000002,North West,year-on-year-change,Year-on-year change
index-private-housing-rental-prices,41,2024-02-14T00:00:00.000Z,115.9,,Jun-23,Jun-23,E12000007,London,index,Index
index-private-housing-rental-prices,41,2024-02-14T00:00:00.000Z,123.9,,Jun-23,Jun-23,E12000006,East of England,index,Index
index-private-housing-rental-prices,41,2024-02-14T00:00:00.000Z,5.8,,Jun-23,Jun-23,W92000004,Wales,year-on-year-change,Year-on-year change
index-private-housing-rental-prices,41,2024-02-14T00:00:00.000Z,122.7,,Jun-23,Jun-23,E12000005,West Midlands,index,Index
index-private-housing-rental-prices,41,2024-02-14T00:00:00.000Z,120.2,,Jun-23,Jun-23,E12000003,Yorkshire and The Humber,index,Index
index-private-housing-rental-prices,41,2024-02-14T00:00:00.000Z,4.4,,Jun-23,Jun-23,E12000001,North East,year-on-year-change,Year-on-year change
index-private-housing-rental-prices,41,2024-02-14T00:00:00.000Z,114.8,,Jun-23,Jun-23,W92000004,Wales,index,Index
index-private-housing-rental-prices,41,2024-02-14T00:00:00.000Z,112.4,,Jun-23,Jun-23,E12000001,North East,index,Index
index-private-housing-rental-prices,41,2024-02-14T00:00:00.000Z,122.3,,Jun-23,Jun-23,E12000008,South East,index,Index
index-private-housing-rental-prices,41,2024-02-14T00:00:00.000Z,9.1,,Jun-23,Jun-23,N92000002,Northern Ireland,year-on-year-change,Year-on-year change
index-private-housing-rental-prices,41,2024-02-14T00:00:00.000Z,5.3,,Jun-23,Jun-23,E12000003,Yorkshire and The Humber,year-on-year-change,Year-on-year change
index-private-housing-rental-prices,41,2024-02-14T00:00:00.000Z,127.7,,Jun-23,Jun-23,E12000004,East Midlands,index,Index
index-private-housing-rental-prices,41,2024-02-14T00:00:00.000Z,5.2,,Jun-23,Jun-23,K02000001,United Kingdom,year-on-year-change,Year-on-year change
index-private-housing-rental-prices,41,2024-02-14T00:00:00.000Z,5.5,,Jun-23,Jun-23,S92000003,Scotland,year-on-year-change,Year-on-year change
index-private-housing-rental-prices,41,2024-02-14T00:00:00.000Z,118.3,,Jun-23,Jun-23,E12000002,North West,index,Index
index-private-housing-rental-prices,41,2024-02-14T00:00:00.000Z,5.3,,Jun-23,Jun-23,E12000007,London,year-on-year-change,Year-on-year change
index-private-housing-rental-prices,41,2024-02-14T00:00:00.000Z,1.3,,Aug-19,Aug-19,E12000002,North West,year-on-year-change,Year-on-year change
index-private-housing-rental-prices,41,2024-02-14T00:00:00.000Z,107.9,,Aug-19,Aug-19,K03000001,Great Britain,index,Index
index-private-housing-rental-prices,41,2024-02-14T00:00:00.000Z,108.3,,Aug-19,Aug-19,E92000001,England,index,Index
index-private-housing-rental-prices,41,2024-02-14T00:00:00.000Z,1.2,,Aug-19,Aug-19,W92000004,Wales,year-on-year-change,Year-on-year change
index-private-housing-rental-prices,41,2024-02-14T00:00:00.000Z,107.9,,Aug-19,Aug-19,K02000001,United Kingdom,index,Index
index-private-housing-rental-prices,41,2024-02-14T00:00:00.000Z,2.2,,Aug-19,Aug-19,N92000002,Northern Ireland,year-on-year-change,Year-on-year change
index-private-housing-rental-prices,41,2024-02-14T00:00:00.000Z,108.6,,Aug-19,Aug-19,N92000002,Northern Ireland,index,Index
index-private-housing-rental-prices,41,2024-02-14T00:00:00.000Z,105.5,,Aug-19,Aug-19,E12000002,North West,index,Index
index-private-housing-rental-prices,41,2024-02-14T00:00:00.000Z,103.8,,Aug-19,Aug-19,W92000004,Wales,index,Index
index-private-housing-rental-prices,41,2024-02-14T00:00:00.000Z,109.4,,Aug-19,Aug-19,E12000009,South West,index,Index
index-private-housing-rental-prices,41,2024-02-14T00:00:00.000Z,102.4,,Aug-19,Aug-19,S92000003,Scotland,index,Index
index-private-housing-rental-prices,41,2024-02-14T00:00:00.000Z,110.8,,Aug-19,Aug-19,E12000008,South East,index,Index
index-private-housing-rental-prices,41,2024-02-14T00:00:00.000Z,1.6,,Aug-19,Aug-19,E12000008,South East,year-on-year-change,Year-on-year change
index-private-housing-rental-prices,41,2024-02-14T00:00:00.000Z,107.1,,Aug-19,Aug-19,E12000007,London,index,Index
index-private-housing-rental-prices,41,2024-02-14T00:00:00.000Z,0.9,,Aug-19,Aug-19,S92000003,Scotland,year-on-year-change,Year-on-year change
index-private-housing-rental-prices,41,2024-02-14T00:00:00.000Z,1.3,,Aug-19,Aug-19,E92000001,England,year-on-year-change,Year-on-year change
index-private-housing-rental-prices,41,2024-02-14T00:00:00.000Z,0.6,,Aug-19,Aug-19,E12000001,North East,year-on-year-change,Year-on-year change
index-private-housing-rental-prices,41,2024-02-14T00:00:00.000Z,111.5,,Aug-19,Aug-19,E12000004,East Midlands,index,Index
index-private-housing-rental-prices,41,2024-02-14T00:00:00.000Z,1.5,,Aug-19,Aug-19,E12000005,West Midlands,year-on-year-change,Year-on-year change
index-private-housing-rental-prices,41,2024-02-14T00:00:00.000Z,2.0,,Aug-19,Aug-19,E12000009,South West,year-on-year-change,Year-on-year change
index-private-housing-rental-prices,41,2024-02-14T00:00:00.000Z,102.4,,Aug-19,Aug-19,E12000001,North East,index,Index
index-private-housing-rental-prices,41,2024-02-14T00:00:00.000Z,106.8,,Aug-19,Aug-19,E12000003,Yorkshire and The Humber,index,Index
index-private-housing-rental-prices,41,2024-02-14T00:00:00.000Z,108.3,,Aug-19,Aug-19,E12000005,West Midlands,index,Index
index-private-housing-rental-prices,41,2024-02-14T00:00:00.000Z,1.3,,Aug-19,Aug-19,K02000001,United Kingdom,year-on-year-change,Year-on-year change
index-private-housing-rental-prices,41,2024-02-14T00:00:00.000Z,110.4,,Aug-19,Aug-19,E12000006,East of England,index,Index
index-private-housing-rental-prices,41,2024-02-14T00:00:00.000Z,1.3,,Aug-19,Aug-19,K03000001,Great Britain,year-on-year-change,Year-on-year change
index-private-housing-rental-prices,41,2024-02-14T00:00:00.000Z,0.8,,Aug-19,Aug-19,E12000007,London,year-on-year-change,Year-on-year change
index-private-housing-rental-prices,41,2024-02-14T00:00:00.000Z,1.9,,Aug-19,Aug-19,E12000004,East Midlands,year-on-year-change,Year-on-year change
index-private-housing-rental-prices,41,2024-02-14T00:00:00.000Z,1.6,,Aug-19,Aug-19,E12000003,Yorkshire and The Humber,year-on-year-change,Year-on-year change
index-private-housing-rental-prices,41,2024-02-14T00:00:00.000Z,1.3,,Aug-19,Aug-19,E12000006,East of England,year-on-year-change,Year-on-year change
index-private-housing-rental-prices,41,2024-02-14T00:00:00.000Z,3.6,,Oct-07,Oct-07,E12000009,South West,year-on-year-change,Year-on-year change
index-private-housing-rental-prices,41,2024-02-14T00:00:00.000Z,87.4,,Oct-07,Oct-07,E92000001,England,index,Index
index-private-housing-rental-prices,41,2024-02-14T00:00:00.000Z,93.4,,Oct-07,Oct-07,E12000005,West Midlands,index,Index
index-private-housing-rental-prices,41,2024-02-14T00:00:00.000Z,,.,Oct-07,Oct-07,K03000001,Great Britain,year-on-year-change,Year-on-year change
index-private-housing-rental-prices,41,2024-02-14T00:00:00.000Z,,.,Oct-07,Oct-07,W92000004,Wales,year-on-year-change,Year-on-year change
index-private-housing-rental-prices,41,2024-02-14T00:00:00.000Z,92.7,,Oct-07,Oct-07,E12000003,Yorkshire and The Humber,index,Index
index-private-housing-rental-prices,41,2024-02-14T00:00:00.000Z,92.7,,Oct-07,Oct-07,E12000001,North East,index,Index
index-private-housing-rental-prices,41,2024-02-14T00:00:00.000Z,94.0,,Oct-07,Oct-07,E12000004,East Midlands,index,Index
index-private-housing-rental-prices,41,2024-02-14T00:00:00.000Z,2.1,,Oct-07,Oct-07,E12000004,East Midlands,year-on-year-change,Year-on-year change
index-private-housing-rental-prices,41,2024-02-14T00:00:00.000Z,3.5,,Oct-07,Oct-07,E12000003,Yorkshire and The Humber,year-on-year-change,Year-on-year change
index-private-housing-rental-prices,41,2024-02-14T00:00:00.000Z,92.2,,Oct-07,Oct-07,E12000006,East of England,index,Index
index-private-housing-rental-prices,41,2024-02-14T00:00:00.000Z,2.5,,Oct-07,Oct-07,E12000008,South East,year-on-year-change,Year-on-year change
index-private-housing-rental-prices,41,2024-02-14T00:00:00.000Z,3.1,,Oct-07,Oct-07,E92000001,England,year-on-year-change,Year-on-year change
index-private-housing-rental-prices,41,2024-02-14T00:00:00.000Z,2.2,,Oct-07,Oct-07,E12000001,North East,year-on-year-change,Year-on-year change
index-private-housing-rental-prices,41,2024-02-14T00:00:00.000Z,3.0,,Oct-07,Oct-07,E12000002,North West,year-on-year-change,Year-on-year change
index-private-housing-rental-prices,41,2024-02-14T00:00:00.000Z,93.9,,Oct-07,Oct-07,E12000002,North West,index,Index
index-private-housing-rental-prices,41,2024-02-14T00:00:00.000Z,,.,Oct-07,Oct-07,K02000001,United Kingdom,index,Index
index-private-housing-rental-prices,41,2024-02-14T00:00:00.000Z,,.,Oct-07,Oct-07,K03000001,Great Britain,index,Index
index-private-housing-rental-prices,41,2024-02-14T00:00:00.000Z,,.,Oct-07,Oct-07,W92000004,Wales,index,Index
index-private-housing-rental-prices,41,2024-02-14T00:00:00.000Z,,.,Oct-07,Oct-07,S92000003,Scotland,year-on-year-change,Year-on-year change
index-private-housing-rental-prices,41,2024-02-14T00:00:00.000Z,,.,Oct-07,Oct-07,S92000003,Scotland,index,Index
index-private-housing-rental-prices,41,2024-02-14T00:00:00.000Z,3.8,,Oct-07,Oct-07,E12000007,London,year-on-year-change,Year-on-year change
index-private-housing-rental-prices,41,2024-02-14T00:00:00.000Z,90.3,,Oct-07,Oct-07,E12000009,South West,index,Index
index-private-housing-rental-prices,41,2024-02-14T00:00:00.000Z,,.,Oct-07,Oct-07,K02000001,United Kingdom,year-on-year-change,Year-on-year change
index-private-housing-rental-prices,41,2024-02-14T00:00:00.000Z,2.1,,Oct-07,Oct-07,E12000005,West Midlands,year-on-year-change,Year-on-year change
index-private-housing-rental-prices,41,2024-02-14T00:00:00.000Z,2.5,,Oct-07,Oct-07,E12000006,East of England,year-on-year-change,Year-on-year change
index-private-housing-rental-prices,41,2024-02-14T00:00:00.000Z,,.,Oct-07,Oct-07,N92000002,Northern Ireland,index,Index
index-private-housing-rental-prices,41,2024-02-14T00:00:00.000Z,88.2,,Oct-07,Oct-07,E12000008,South East,index,Index
index-private-housing-rental-prices,41,2024-02-14T00:00:00.000Z,80.9,,Oct-07,Oct-07,E12000007,London,index,Index
index-private-housing-rental-prices,41,2024-02-14T00:00:00.000Z,,.,Oct-07,Oct-07,N92000002,Northern Ireland,year-on-year-change,Year-on-year change
index-private-housing-rental-prices,41,2024-02-14T00:00:00.000Z,99.4,,Nov-14,Nov-14,E92000001,England,index,Index
index-private-housing-rental-prices,41,2024-02-14T00:00:00.000Z,99.5,,Nov-14,Nov-14,W92000004,Wales,index,Index
index-private-housing-rental-prices,41,2024-02-14T00:00:00.000Z,,.,Nov-14,Nov-14,N92000002,Northern Ireland,year-on-year-change,Year-on-year change
index-private-housing-rental-prices,41,2024-02-14T00:00:00.000Z,,.,Nov-14,Nov-14,K02000001,United Kingdom,year-on-year-change,Year-on-year change
index-private-housing-rental-prices,41,2024-02-14T00:00:00.000Z,1.5,,Nov-14,Nov-14,E12000006,East of England,year-on-year-change,Year-on-year change
index-private-housing-rental-prices,41,2024-02-14T00:00:00.000Z,99.7,,Nov-14,Nov-14,E12000004,East Midlands,index,Index
index-private-housing-rental-prices,41,2024-02-14T00:00:00.000Z,1.5,,Nov-14,Nov-14,E12000005,West Midlands,year-on-year-change,Year-on-year change
index-private-housing-rental-prices,41,2024-02-14T00:00:00.000Z,99.4,,Nov-14,Nov-14,K03000001,Great Britain,index,Index
index-private-housing-rental-prices,41,2024-02-14T00:00:00.000Z,99.2,,Nov-14,Nov-14,E12000007,London,index,Index
index-private-housing-rental-prices,41,2024-02-14T00:00:00.000Z,99.6,,Nov-14,Nov-14,S92000003,Scotland,index,Index
index-private-housing-rental-prices,41,2024-02-14T00:00:00.000Z,,.,Nov-14,Nov-14,K02000001,United Kingdom,index,Index
index-private-housing-rental-prices,41,2024-02-14T00:00:00.000Z,0.3,,Nov-14,Nov-14,W92000004,Wales,year-on-year-change,Year-on-year change
index-private-housing-rental-prices,41,2024-02-14T00:00:00.000Z,1.3,,Nov-14,Nov-14,E12000009,South West,year-on-year-change,Year-on-year change
index-private-housing-rental-prices,41,2024-02-14T00:00:00.000Z,99.9,,Nov-14,Nov-14,E12000001,North East,index,Index
index-private-housing-rental-prices,41,2024-02-14T00:00:00.000Z,99.4,,Nov-14,Nov-14,E12000008,South East,index,Index
index-private-housing-rental-prices,41,2024-02-14T00:00:00.000Z,1.1,,Nov-14,Nov-14,E12000004,East Midlands,year-on-year-change,Year-on-year change
index-private-housing-rental-prices,41,2024-02-14T00:00:00.000Z,99.7,,Nov-14,Nov-14,E12000005,West Midlands,index,Index
index-private-housing-rental-prices,41,2024-02-14T00:00:00.000Z,0.3,,Nov-14,Nov-14,E12000001,North East,year-on-year-change,Year-on-year change
index-private-housing-rental-prices,41,2024-02-14T00:00:00.000Z,99.8,,Nov-14,Nov-14,E12000003,Yorkshire and The Humber,index,Index
index-private-housing-rental-prices,41,2024-02-14T00:00:00.000Z,99.3,,Nov-14,Nov-14,E12000006,East of England,index,Index
index-private-housing-rental-prices,41,2024-02-14T00:00:00.000Z,0.4,,Nov-14,Nov-14,E12000003,Yorkshire and The Humber,year-on-year-change,Year-on-year change
index-private-housing-rental-prices,41,2024-02-14T00:00:00.000Z,1.6,,Nov-14,Nov-14,K03000001,Great Britain,year-on-year-change,Year-on-year change
index-private-housing-rental-prices,41,2024-02-14T00:00:00.000Z,0.4,,Nov-14,Nov-14,E12000002,North West,year-on-year-change,Year-on-year change
index-private-housing-rental-prices,41,2024-02-14T00:00:00.000Z,,.,Nov-14,Nov-14,N92000002,Northern Ireland,index,Index
index-private-housing-rental-prices,41,2024-02-14T00:00:00.000Z,2.1,,Nov-14,Nov-14,E12000007,London,year-on-year-change,Year-on-year change
index-private-housing-rental-prices,41,2024-02-14T00:00:00.000Z,2.0,,Nov-14,Nov-14,S92000003,Scotland,year-on-year-change,Year-on-year change
index-private-housing-rental-prices,41,2024-02-14T00:00:00.000Z,1.6,,Nov-14,Nov-14,E92000001,England,year-on-year-change,Year-on-year change
index-private-housing-rental-prices,41,2024-02-14T00:00:00.000Z,1.9,,Nov-14,Nov-14,E12000008,South East,year-on-year-change,Year-on-year change
index-private-housing-rental-prices,41,2024-02-14T00:00:00.000Z,99.8,,Nov-14,Nov-14,E12000002,North West,index,Index
index-private-housing-rental-prices,41,2024-02-14T00:00:00.000Z,99.6,,Nov-14,Nov-14,E12000009,South West,index,Index
index-private-housing-rental-prices,41,2024-02-14T00:00:00.000Z,97.0,,Feb-10,Feb-10,E12000001,North East,index,Index
index-private-housing-rental-prices,41,2024-02-14T00:00:00.000Z,-1.9,,Feb-10,Feb-10,E12000006,East of England,year-on-year-change,Year-on-year change
index-private-housing-rental-prices,41,2024-02-14T00:00:00.000Z,,.,Feb-10,Feb-10,N92000002,Northern Ireland,year-on-year-change,Year-on-year change
index-private-housing-rental-prices,41,2024-02-14T00:00:00.000Z,96.5,,Feb-10,Feb-10,W92000004,Wales,index,Index
index-private-housing-rental-prices,41,2024-02-14T00:00:00.000Z,93.0,,Feb-10,Feb-10,E12000009,South West,index,Index
index-private-housing-rental-prices,41,2024-02-14T00:00:00.000Z,84.6,,Feb-10,Feb-10,E12000007,London,index,Index
index-private-housing-rental-prices,41,2024-02-14T00:00:00.000Z,-1.0,,Feb-10,Feb-10,E12000004,East Midlands,year-on-year-change,Year-on-year change
index-private-housing-rental-prices,41,2024-02-14T00:00:00.000Z,93.4,,Feb-10,Feb-10,E12000006,East of England,index,Index
index-private-housing-rental-prices,41,2024-02-14T00:00:00.000Z,90.2,,Feb-10,Feb-10,E12000008,South East,index,Index
index-private-housing-rental-prices,41,2024-02-14T00:00:00.000Z,0.3,,Feb-10,Feb-10,E12000003,Yorkshire and The Humber,year-on-year-change,Year-on-year change
index-private-housing-rental-prices,41,2024-02-14T00:00:00.000Z,95.9,,Feb-10,Feb-10,E12000003,Yorkshire and The Humber,index,Index
index-private-housing-rental-prices,41,2024-02-14T00:00:00.000Z,,.,Feb-10,Feb-10,K02000001,United Kingdom,index,Index
index-private-housing-rental-prices,41,2024-02-14T00:00:00.000Z,,.,Feb-10,Feb-10,S92000003,Scotland,index,Index
index-private-housing-rental-prices,41,2024-02-14T00:00:00.000Z,,.,Feb-10,Feb-10,K03000001,Great Britain,year-on-year-change,Year-on-year change
index-private-housing-rental-prices,41,2024-02-14T00:00:00.000Z,-1.4,,Feb-10,Feb-10,E12000005,West Midlands,year-on-year-change,Year-on-year change
index-private-housing-rental-prices,41,2024-02-14T00:00:00.000Z,-1.2,,Feb-10,Feb-10,E92000001,England,year-on-year-change,Year-on-year change
index-private-housing-rental-prices,41,2024-02-14T00:00:00.000Z,,.,Feb-10,Feb-10,S92000003,Scotland,year-on-year-change,Year-on-year change
index-private-housing-rental-prices,41,2024-02-14T00:00:00.000Z,94.8,,Feb-10,Feb-10,E12000004,East Midlands,index,Index
index-private-housing-rental-prices,41,2024-02-14T00:00:00.000Z,-0.2,,Feb-10,Feb-10,W92000004,Wales,year-on-year-change,Year-on-year change
index-private-housing-rental-prices,41,2024-02-14T00:00:00.000Z,0.6,,Feb-10,Feb-10,E12000001,North East,year-on-year-change,Year-on-year change
index-private-housing-rental-prices,41,2024-02-14T00:00:00.000Z,96.2,,Feb-10,Feb-10,E12000002,North West,index,Index
index-private-housing-rental-prices,41,2024-02-14T00:00:00.000Z,94.6,,Feb-10,Feb-10,E12000005,West Midlands,index,Index
index-private-housing-rental-prices,41,2024-02-14T00:00:00.000Z,,.,Feb-10,Feb-10,K03000001,Great Britain,index,Index
index-private-housing-rental-prices,41,2024-02-14T00:00:00.000Z,-0.9,,Feb-10,Feb-10,E12000009,South West,year-on-year-change,Year-on-year change
index-private-housing-rental-prices,41,2024-02-14T00:00:00.000Z,90.1,,Feb-10,Feb-10,E92000001,England,index,Index
index-private-housing-rental-prices,41,2024-02-14T00:00:00.000Z,0.3,,Feb-10,Feb-10,E12000002,North West,year-on-year-change,Year-on-year change
index-private-housing-rental-prices,41,2024-02-14T00:00:00.000Z,-1.3,,Feb-10,Feb-10,E12000007,London,year-on-year-change,Year-on-year change
index-private-housing-rental-prices,41,2024-02-14T00:00:00.000Z,,.,Feb-10,Feb-10,K02000001,United Kingdom,year-on-year-change,Year-on-year change
index-private-housing-rental-prices,41,2024-02-14T00:00:00.000Z,-2.1,,Feb-10,Feb-10,E12000008,South East,year-on-year-change,Year-on-year change
index-private-housing-rental-prices,41,2024-02-14T00:00:00.000Z,,.,Feb-10,Feb-10,N92000002,Northern Ireland,index,Index
index-private-housing-rental-prices,41,2024-02-14T00:00:00.000Z,0.7,,Jan-13,Jan-13,E12000002,North West,year-on-year-change,Year-on-year change
index-private-housing-rental-prices,41,2024-02-14T00:00:00.000Z,1.2,,Jan-13,Jan-13,E12000003,Yorkshire and The Humber,year-on-year-change,Year-on-year change
index-private-housing-rental-prices,41,2024-02-14T00:00:00.000Z,4.6,,Jan-13,Jan-13,E12000007,London,year-on-year-change,Year-on-year change
index-private-housing-rental-prices,41,2024-02-14T00:00:00.000Z,96.5,,Jan-13,Jan-13,K03000001,Great Britain,index,Index
index-private-housing-rental-prices,41,2024-02-14T00:00:00.000Z,96.3,,Jan-13,Jan-13,S92000003,Scotland,index,Index
index-private-housing-rental-prices,41,2024-02-14T00:00:00.000Z,,.,Jan-13,Jan-13,N92000002,Northern Ireland,index,Index
index-private-housing-rental-prices,41,2024-02-14T00:00:00.000Z,1.1,,Jan-13,Jan-13,S92000003,Scotland,year-on-year-change,Year-on-year change
index-private-housing-rental-prices,41,2024-02-14T00:00:00.000Z,97.8,,Jan-13,Jan-13,E12000004,East Midlands,index,Index
index-private-housing-rental-prices,41,2024-02-14T00:00:00.000Z,99.1,,Jan-13,Jan-13,E12000002,North West,index,Index
index-private-housing-rental-prices,41,2024-02-14T00:00:00.000Z,0.6,,Jan-13,Jan-13,W92000004,Wales,year-on-year-change,Year-on-year change
index-private-housing-rental-prices,41,2024-02-14T00:00:00.000Z,,.,Jan-13,Jan-13,K02000001,United Kingdom,index,Index
index-private-housing-rental-prices,41,2024-02-14T00:00:00.000Z,,.,Jan-13,Jan-13,N92000002,Northern Ireland,year-on-year-change,Year-on-year change
index-private-housing-rental-prices,41,2024-02-14T00:00:00.000Z,2.5,,Jan-13,Jan-13,K03000001,Great Britain,year-on-year-change,Year-on-year change
index-private-housing-rental-prices,41,2024-02-14T00:00:00.000Z,94.7,,Jan-13,Jan-13,E12000007,London,index,Index
index-private-housing-rental-prices,41,2024-02-14T00:00:00.000Z,0.3,,Jan-13,Jan-13,E12000001,North East,year-on-year-change,Year-on-year change
index-private-housing-rental-prices,41,2024-02-14T00:00:00.000Z,2.1,,Jan-13,Jan-13,E12000008,South East,year-on-year-change,Year-on-year change
index-private-housing-rental-prices,41,2024-02-14T00:00:00.000Z,,.,Jan-13,Jan-13,K02000001,United Kingdom,year-on-year-change,Year-on-year change
index-private-housing-rental-prices,41,2024-02-14T00:00:00.000Z,1.7,,Jan-13,Jan-13,E12000009,South West,year-on-year-change,Year-on-year change
index-private-housing-rental-prices,41,2024-02-14T00:00:00.000Z,97.8,,Jan-13,Jan-13,E12000005,West Midlands,index,Index
index-private-housing-rental-prices,41,2024-02-14T00:00:00.000Z,1.4,,Jan-13,Jan-13,E12000004,East Midlands,year-on-year-change,Year-on-year change
index-private-housing-rental-prices,41,2024-02-14T00:00:00.000Z,1.3,,Jan-13,Jan-13,E12000005,West Midlands,year-on-year-change,Year-on-year change
index-private-housing-rental-prices,41,2024-02-14T00:00:00.000Z,98.9,,Jan-13,Jan-13,W92000004,Wales,index,Index
index-private-housing-rental-prices,41,2024-02-14T00:00:00.000Z,97.1,,Jan-13,Jan-13,E12000009,South West,index,Index
index-private-housing-rental-prices,41,2024-02-14T00:00:00.000Z,97.4,,Jan-13,Jan-13,E12000006,East of England,index,Index
index-private-housing-rental-prices,41,2024-02-14T00:00:00.000Z,99.0,,Jan-13,Jan-13,E12000003,Yorkshire and The Humber,index,Index
index-private-housing-rental-prices,41,2024-02-14T00:00:00.000Z,2.6,,Jan-13,Jan-13,E92000001,England,year-on-year-change,Year-on-year change
index-private-housing-rental-prices,41,2024-02-14T00:00:00.000Z,96.4,,Jan-13,Jan-13,E92000001,England,index,Index
index-private-housing-rental-prices,41,2024-02-14T00:00:00.000Z,99.4,,Jan-13,Jan-13,E12000001,North East,index,Index
index-private-housing-rental-prices,41,2024-02-14T00:00:00.000Z,96.2,,Jan-13,Jan-13,E12000008,South East,index,Index
index-private-housing-rental-prices,41,2024-02-14T00:00:00.000Z,1.6,,Jan-13,Jan-13,E12000006,East of England,year-on-year-change,Year-on-year change
index-private-housing-rental-prices,41,2024-02-14T00:00:00.000Z,3.6,,Apr-09,Apr-09,E12000007,London,year-on-year-change,Year-on-year change
index-private-housing-rental-prices,41,2024-02-14T00:00:00.000Z,96.1,,Apr-09,Apr-09,E12000005,West Midlands,index,Index
index-private-housing-rental-prices,41,2024-02-14T00:00:00.000Z,2.7,,Apr-09,Apr-09,E12000008,South East,year-on-year-change,Year-on-year change
index-private-housing-rental-prices,41,2024-02-14T00:00:00.000Z,96.7,,Apr-09,Apr-09,E12000001,North East,index,Index
index-private-housing-rental-prices,41,2024-02-14T00:00:00.000Z,2.2,,Apr-09,Apr-09,E12000009,South West,year-on-year-change,Year-on-year change
index-private-housing-rental-prices,41,2024-02-14T00:00:00.000Z,1.9,,Apr-09,Apr-09,E12000006,East of England,year-on-year-change,Year-on-year change
index-private-housing-rental-prices,41,2024-02-14T00:00:00.000Z,85.8,,Apr-09,Apr-09,E12000007,London,index,Index
index-private-housing-rental-prices,41,2024-02-14T00:00:00.000Z,,.,Apr-09,Apr-09,K03000001,Great Britain,index,Index
index-private-housing-rental-prices,41,2024-02-14T00:00:00.000Z,95.2,,Apr-09,Apr-09,E12000006,East of England,index,Index
index-private-housing-rental-prices,41,2024-02-14T00:00:00.000Z,0.8,,Apr-09,Apr-09,E12000004,East Midlands,year-on-year-change,Year-on-year change
index-private-housing-rental-prices,41,2024-02-14T00:00:00.000Z,94.0,,Apr-09,Apr-09,E12000009,South West,index,Index
index-private-housing-rental-prices,41,2024-02-14T00:00:00.000Z,1.6,,Apr-09,Apr-09,E12000003,Yorkshire and The Humber,year-on-year-change,Year-on-year change
index-private-housing-rental-prices,41,2024-02-14T00:00:00.000Z,2.4,,Apr-09,Apr-09,E12000001,North East,year-on-year-change,Year-on-year change
index-private-housing-rental-prices,41,2024-02-14T00:00:00.000Z,95.8,,Apr-09,Apr-09,E12000004,East Midlands,index,Index
index-private-housing-rental-prices,41,2024-02-14T00:00:00.000Z,1.7,,Apr-09,Apr-09,E12000005,West Midlands,year-on-year-change,Year-on-year change
index-private-housing-rental-prices,41,2024-02-14T00:00:00.000Z,96.0,,Apr-09,Apr-09,E12000002,North West,index,Index
index-private-housing-rental-prices,41,2024-02-14T00:00:00.000Z,92.2,,Apr-09,Apr-09,E12000008,South East,index,Index
index-private-housing-rental-prices,41,2024-02-14T00:00:00.000Z,,.,Apr-09,Apr-09,K02000001,United Kingdom,index,Index
index-private-housing-rental-prices,41,2024-02-14T00:00:00.000Z,,.,Apr-09,Apr-09,N92000002,Northern Ireland,index,Index
index-private-housing-rental-prices,41,2024-02-14T00:00:00.000Z,2.6,,Apr-09,Apr-09,E92000001,England,year-on-year-change,Year-on-year change
index-private-housing-rental-prices,41,2024-02-14T00:00:00.000Z,1.6,,Apr-09,Apr-09,E12000002,North West,year-on-year-change,Year-on-year change
index-private-housing-rental-prices,41,2024-02-14T00:00:00.000Z,96.8,,Apr-09,Apr-09,W92000004,Wales,index,Index
index-private-housing-rental-prices,41,2024-02-14T00:00:00.000Z,,.,Apr-09,Apr-09,S92000003,Scotland,year-on-year-change,Year-on-year change
index-private-housing-rental-prices,41,2024-02-14T00:00:00.000Z,,.,Apr-09,Apr-09,S92000003,Scotland,index,Index
index-private-housing-rental-prices,41,2024-02-14T00:00:00.000Z,,.,Apr-09,Apr-09,N92000002,Northern Ireland,year-on-year-change,Year-on-year change
index-private-housing-rental-prices,41,2024-02-14T00:00:00.000Z,95.7,,Apr-09,Apr-09,E12000003,Yorkshire and The Humber,index,Index
index-private-housing-rental-prices,41,2024-02-14T00:00:00.000Z,91.3,,Apr-09,Apr-09,E92000001,England,index,Index
index-private-housing-rental-prices,41,2024-02-14T00:00:00.000Z,,.,Apr-09,Apr-09,K02000001,United Kingdom,year-on-year-change,Year-on-year change
index-private-housing-rental-prices,41,2024-02-14T00:00:00.000Z,,.,Apr-09,Apr-09,K03000001,Great Britain,year-on-year-change,Year-on-year change
index-private-housing-rental-prices,41,2024-02-14T00:00:00.000Z,,.,Apr-09,Apr-09,W92000004,Wales,year-on-year-change,Year-on-year change
index-private-housing-rental-prices,41,2024-02-14T00:00:00.000Z,121.3,,May-22,May-22,E12000004,East Midlands,index,Index
index-private-housing-rental-prices,41,2024-02-14T00:00:00.000Z,1.9,,May-22,May-22,W92000004,Wales,year-on-year-change,Year-on-year change
index-private-housing-rental-prices,41,2024-02-14T00:00:00.000Z,2.7,,May-22,May-22,E12000001,North East,year-on-year-change,Year-on-year change
index-private-housing-rental-prices,41,2024-02-14T00:00:00.000Z,118.7,,May-22,May-22,E12000009,South West,index,Index
index-private-housing-rental-prices,41,2024-02-14T00:00:00.000Z,113.9,,May-22,May-22,E92000001,England,index,Index
index-private-housing-rental-prices,41,2024-02-14T00:00:00.000Z,107.2,,May-22,May-22,S92000003,Scotland,index,Index
index-private-housing-rental-prices,41,2024-02-14T00:00:00.000Z,2.8,,May-22,May-22,E92000001,England,year-on-year-change,Year-on-year change
index-private-housing-rental-prices,41,2024-02-14T00:00:00.000Z,4.1,,May-22,May-22,E12000004,East Midlands,year-on-year-change,Year-on-year change
index-private-housing-rental-prices,41,2024-02-14T00:00:00.000Z,3.8,,May-22,May-22,E12000006,East of England,year-on-year-change,Year-on-year change
index-private-housing-rental-prices,41,2024-02-14T00:00:00.000Z,113.4,,May-22,May-22,K03000001,Great Britain,index,Index
index-private-housing-rental-prices,41,2024-02-14T00:00:00.000Z,117.9,,May-22,May-22,E12000006,East of England,index,Index
index-private-housing-rental-prices,41,2024-02-14T00:00:00.000Z,2.8,,May-22,May-22,K03000001,Great Britain,year-on-year-change,Year-on-year change
index-private-housing-rental-prices,41,2024-02-14T00:00:00.000Z,113.6,,May-22,May-22,K02000001,United Kingdom,index,Index
index-private-housing-rental-prices,41,2024-02-14T00:00:00.000Z,124.0,,May-22,May-22,N92000002,Northern Ireland,index,Index
index-private-housing-rental-prices,41,2024-02-14T00:00:00.000Z,4.0,,May-22,May-22,E12000009,South West,year-on-year-change,Year-on-year change
index-private-housing-rental-prices,41,2024-02-14T00:00:00.000Z,107.4,,May-22,May-22,E12000001,North East,index,Index
index-private-housing-rental-prices,41,2024-02-14T00:00:00.000Z,3.1,,May-22,May-22,E12000008,South East,year-on-year-change,Year-on-year change
index-private-housing-rental-prices,41,2024-02-14T00:00:00.000Z,109.7,,May-22,May-22,E12000007,London,index,Index
index-private-housing-rental-prices,41,2024-02-14T00:00:00.000Z,3.2,,May-22,May-22,E12000003,Yorkshire and The Humber,year-on-year-change,Year-on-year change
index-private-housing-rental-prices,41,2024-02-14T00:00:00.000Z,2.8,,May-22,May-22,K02000001,United Kingdom,year-on-year-change,Year-on-year change
index-private-housing-rental-prices,41,2024-02-14T00:00:00.000Z,3.1,,May-22,May-22,E12000005,West Midlands,year-on-year-change,Year-on-year change
index-private-housing-rental-prices,41,2024-02-14T00:00:00.000Z,116.0,,May-22,May-22,E12000005,West Midlands,index,Index
index-private-housing-rental-prices,41,2024-02-14T00:00:00.000Z,116.5,,May-22,May-22,E12000008,South East,index,Index
index-private-housing-rental-prices,41,2024-02-14T00:00:00.000Z,8.1,,May-22,May-22,N92000002,Northern Ireland,year-on-year-change,Year-on-year change
index-private-housing-rental-prices,41,2024-02-14T00:00:00.000Z,3.6,,May-22,May-22,E12000002,North West,year-on-year-change,Year-on-year change
index-private-housing-rental-prices,41,2024-02-14T00:00:00.000Z,108.3,,May-22,May-22,W92000004,Wales,index,Index
index-private-housing-rental-prices,41,2024-02-14T00:00:00.000Z,114.0,,May-22,May-22,E12000003,Yorkshire and The Humber,index,Index
index-private-housing-rental-prices,41,2024-02-14T00:00:00.000Z,3.1,,May-22,May-22,S92000003,Scotland,year-on-year-change,Year-on-year change
index-private-housing-rental-prices,41,2024-02-14T00:00:00.000Z,112.2,,May-22,May-22,E12000002,North West,index,Index
index-private-housing-rental-prices,41,2024-02-14T00:00:00.000Z,1.5,,May-22,May-22,E12000007,London,year-on-year-change,Year-on-year change
index-private-housing-rental-prices,41,2024-02-14T00:00:00.000Z,109.5,,Jan-19,Jan-19,E12000006,East of England,index,Index
index-private-housing-rental-prices,41,2024-02-14T00:00:00.000Z,104.6,,Jan-19,Jan-19,E12000002,North West,index,Index
index-private-housing-rental-prices,41,2024-02-14T00:00:00.000Z,110.5,,Jan-19,Jan-19,E12000004,East Midlands,index,Index
index-private-housing-rental-prices,41,2024-02-14T00:00:00.000Z,1.8,,Jan-19,Jan-19,E12000005,West Midlands,year-on-year-change,Year-on-year change
index-private-housing-rental-prices,41,2024-02-14T00:00:00.000Z,102.2,,Jan-19,Jan-19,E12000001,North East,index,Index
index-private-housing-rental-prices,41,2024-02-14T00:00:00.000Z,0.9,,Jan-19,Jan-19,W92000004,Wales,year-on-year-change,Year-on-year change
index-private-housing-rental-prices,41,2024-02-14T00:00:00.000Z,1.5,,Jan-19,Jan-19,E12000008,South East,year-on-year-change,Year-on-year change
index-private-housing-rental-prices,41,2024-02-14T00:00:00.000Z,101.8,,Jan-19,Jan-19,S92000003,Scotland,index,Index
index-private-housing-rental-prices,41,2024-02-14T00:00:00.000Z,1.9,,Jan-19,Jan-19,E12000003,Yorkshire and The Humber,year-on-year-change,Year-on-year change
index-private-housing-rental-prices,41,2024-02-14T00:00:00.000Z,107.1,,Jan-19,Jan-19,K02000001,United Kingdom,index,Index
index-private-housing-rental-prices,41,2024-02-14T00:00:00.000Z,108.2,,Jan-19,Jan-19,E12000009,South West,index,Index
index-private-housing-rental-prices,41,2024-02-14T00:00:00.000Z,1.0,,Jan-19,Jan-19,K03000001,Great Britain,year-on-year-change,Year-on-year change
index-private-housing-rental-prices,41,2024-02-14T00:00:00.000Z,107.1,,Jan-19,Jan-19,N92000002,Northern Ireland,index,Index
index-private-housing-rental-prices,41,2024-02-14T00:00:00.000Z,106.4,,Jan-19,Jan-19,E12000007,London,index,Index
index-private-housing-rental-prices,41,2024-02-14T00:00:00.000Z,107.1,,Jan-19,Jan-19,K03000001,Great Britain,index,Index
index-private-housing-rental-prices,41,2024-02-14T00:00:00.000Z,1.8,,Jan-19,Jan-19,E12000009,South West,year-on-year-change,Year-on-year change
index-private-housing-rental-prices,41,2024-02-14T00:00:00.000Z,1.3,,Jan-19,Jan-19,E12000006,East of England,year-on-year-change,Year-on-year change
index-private-housing-rental-prices,41,2024-02-14T00:00:00.000Z,1.0,,Jan-19,Jan-19,K02000001,United Kingdom,year-on-year-change,Year-on-year change
index-private-housing-rental-prices,41,2024-02-14T00:00:00.000Z,2.1,,Jan-19,Jan-19,N92000002,Northern Ireland,year-on-year-change,Year-on-year change
index-private-housing-rental-prices,41,2024-02-14T00:00:00.000Z,106.0,,Jan-19,Jan-19,E12000003,Yorkshire and The Humber,index,Index
index-private-housing-rental-prices,41,2024-02-14T00:00:00.000Z,1.1,,Jan-19,Jan-19,E92000001,England,year-on-year-change,Year-on-year change
index-private-housing-rental-prices,41,2024-02-14T00:00:00.000Z,0.4,,Jan-19,Jan-19,E12000001,North East,year-on-year-change,Year-on-year change
index-private-housing-rental-prices,41,2024-02-14T00:00:00.000Z,107.4,,Jan-19,Jan-19,E92000001,England,index,Index
index-private-housing-rental-prices,41,2024-02-14T00:00:00.000Z,103.1,,Jan-19,Jan-19,W92000004,Wales,index,Index
index-private-housing-rental-prices,41,2024-02-14T00:00:00.000Z,109.9,,Jan-19,Jan-19,E12000008,South East,index,Index
index-private-housing-rental-prices,41,2024-02-14T00:00:00.000Z,1.1,,Jan-19,Jan-19,E12000002,North West,year-on-year-change,Year-on-year change
index-private-housing-rental-prices,41,2024-02-14T00:00:00.000Z,2.4,,Jan-19,Jan-19,E12000004,East Midlands,year-on-year-change,Year-on-year change
index-private-housing-rental-prices,41,2024-02-14T00:00:00.000Z,107.6,,Jan-19,Jan-19,E12000005,West Midlands,index,Index
index-private-housing-rental-prices,41,2024-02-14T00:00:00.000Z,0.7,,Jan-19,Jan-19,S92000003,Scotland,year-on-year-change,Year-on-year change
index-private-housing-rental-prices,41,2024-02-14T00:00:00.000Z,0.1,,Jan-19,Jan-19,E12000007,London,year-on-year-change,Year-on-year change
index-private-housing-rental-prices,41,2024-02-14T00:00:00.000Z,94.3,,Mar-12,Mar-12,E92000001,England,index,Index
index-private-housing-rental-prices,41,2024-02-14T00:00:00.000Z,1.3,,Mar-12,Mar-12,E12000005,West Midlands,year-on-year-change,Year-on-year change
index-private-housing-rental-prices,41,2024-02-14T00:00:00.000Z,96.5,,Mar-12,Mar-12,E12000004,East Midlands,index,Index
index-private-housing-rental-prices,41,2024-02-14T00:00:00.000Z,94.5,,Mar-12,Mar-12,K03000001,Great Britain,index,Index
index-private-housing-rental-prices,41,2024-02-14T00:00:00.000Z,97.9,,Mar-12,Mar-12,E12000003,Yorkshire and The Humber,index,Index
index-private-housing-rental-prices,41,2024-02-14T00:00:00.000Z,1.2,,Mar-12,Mar-12,E12000001,North East,year-on-year-change,Year-on-year change
index-private-housing-rental-prices,41,2024-02-14T00:00:00.000Z,95.7,,Mar-12,Mar-12,E12000009,South West,index,Index
index-private-housing-rental-prices,41,2024-02-14T00:00:00.000Z,96.2,,Mar-12,Mar-12,E12000006,East of England,index,Index
index-private-housing-rental-prices,41,2024-02-14T00:00:00.000Z,0.8,,Mar-12,Mar-12,E12000003,Yorkshire and The Humber,year-on-year-change,Year-on-year change
index-private-housing-rental-prices,41,2024-02-14T00:00:00.000Z,98.4,,Mar-12,Mar-12,W92000004,Wales,index,Index
index-private-housing-rental-prices,41,2024-02-14T00:00:00.000Z,95.3,,Mar-12,Mar-12,S92000003,Scotland,index,Index
index-private-housing-rental-prices,41,2024-02-14T00:00:00.000Z,,.,Mar-12,Mar-12,K02000001,United Kingdom,year-on-year-change,Year-on-year change
index-private-housing-rental-prices,41,2024-02-14T00:00:00.000Z,,.,Mar-12,Mar-12,N92000002,Northern Ireland,year-on-year-change,Year-on-year change
index-private-housing-rental-prices,41,2024-02-14T00:00:00.000Z,1.0,,Mar-12,Mar-12,W92000004,Wales,year-on-year-change,Year-on-year change
index-private-housing-rental-prices,41,2024-02-14T00:00:00.000Z,1.9,,Mar-12,Mar-12,E12000009,South West,year-on-year-change,Year-on-year change
index-private-housing-rental-prices,41,2024-02-14T00:00:00.000Z,98.6,,Mar-12,Mar-12,E12000002,North West,index,Index
index-private-housing-rental-prices,41,2024-02-14T00:00:00.000Z,1.6,,Mar-12,Mar-12,E12000004,East Midlands,year-on-year-change,Year-on-year change
index-private-housing-rental-prices,41,2024-02-14T00:00:00.000Z,,.,Mar-12,Mar-12,N92000002,Northern Ireland,index,Index
index-private-housing-rental-prices,41,2024-02-14T00:00:00.000Z,1.5,,Mar-12,Mar-12,S92000003,Scotland,year-on-year-change,Year-on-year change
index-private-housing-rental-prices,41,2024-02-14T00:00:00.000Z,1.2,,Mar-12,Mar-12,E12000002,North West,year-on-year-change,Year-on-year change
index-private-housing-rental-prices,41,2024-02-14T00:00:00.000Z,1.7,,Mar-12,Mar-12,E12000006,East of England,year-on-year-change,Year-on-year change
index-private-housing-rental-prices,41,2024-02-14T00:00:00.000Z,2.5,,Mar-12,Mar-12,E12000008,South East,year-on-year-change,Year-on-year change
index-private-housing-rental-prices,41,2024-02-14T00:00:00.000Z,94.7,,Mar-12,Mar-12,E12000008,South East,index,Index
index-private-housing-rental-prices,41,2024-02-14T00:00:00.000Z,98.9,,Mar-12,Mar-12,E12000001,North East,index,Index
index-private-housing-rental-prices,41,2024-02-14T00:00:00.000Z,91.0,,Mar-12,Mar-12,E12000007,London,index,Index
index-private-housing-rental-prices,41,2024-02-14T00:00:00.000Z,,.,Mar-12,Mar-12,K02000001,United Kingdom,index,Index
index-private-housing-rental-prices,41,2024-02-14T00:00:00.000Z,2.7,,Mar-12,Mar-12,K03000001,Great Britain,year-on-year-change,Year-on-year change
index-private-housing-rental-prices,41,2024-02-14T00:00:00.000Z,96.6,,Mar-12,Mar-12,E12000005,West Midlands,index,Index
index-private-housing-rental-prices,41,2024-02-14T00:00:00.000Z,2.8,,Mar-12,Mar-12,E92000001,England,year-on-year-change,Year-on-year change
index-private-housing-rental-prices,41,2024-02-14T00:00:00.000Z,4.9,,Mar-12,Mar-12,E12000007,London,year-on-year-change,Year-on-year change
index-private-housing-rental-prices,41,2024-02-14T00:00:00.000Z,98.0,,Dec-13,Dec-13,E12000006,East of England,index,Index
index-private-housing-rental-prices,41,2024-02-14T00:00:00.000Z,97.2,,Dec-13,Dec-13,E12000007,London,index,Index
index-private-housing-rental-prices,41,2024-02-14T00:00:00.000Z,0.9,,Dec-13,Dec-13,E12000005,West Midlands,year-on-year-change,Year-on-year change
index-private-housing-rental-prices,41,2024-02-14T00:00:00.000Z,0.5,,Dec-13,Dec-13,W92000004,Wales,year-on-year-change,Year-on-year change
index-private-housing-rental-prices,41,2024-02-14T00:00:00.000Z,98.5,,Dec-13,Dec-13,E12000005,West Midlands,index,Index
index-private-housing-rental-prices,41,2024-02-14T00:00:00.000Z,99.3,,Dec-13,Dec-13,W92000004,Wales,index,Index
index-private-housing-rental-prices,41,2024-02-14T00:00:00.000Z,97.8,,Dec-13,Dec-13,S92000003,Scotland,index,Index
index-private-housing-rental-prices,41,2024-02-14T00:00:00.000Z,1.1,,Dec-13,Dec-13,E12000004,East Midlands,year-on-year-change,Year-on-year change
index-private-housing-rental-prices,41,2024-02-14T00:00:00.000Z,,.,Dec-13,Dec-13,N92000002,Northern Ireland,year-on-year-change,Year-on-year change
index-private-housing-rental-prices,41,2024-02-14T00:00:00.000Z,,.,Dec-13,Dec-13,K02000001,United Kingdom,year-on-year-change,Year-on-year change
index-private-housing-rental-prices,41,2024-02-14T00:00:00.000Z,1.7,,Dec-13,Dec-13,K03000001,Great Britain,year-on-year-change,Year-on-year change
index-private-housing-rental-prices,41,2024-02-14T00:00:00.000Z,99.7,,Dec-13,Dec-13,E12000001,North East,index,Index
index-private-housing-rental-prices,41,2024-02-14T00:00:00.000Z,98.3,,Dec-13,Dec-13,E12000009,South West,index,Index
index-private-housing-rental-prices,41,2024-02-14T00:00:00.000Z,0.4,,Dec-13,Dec-13,E12000001,North East,year-on-year-change,Year-on-year change
index-private-housing-rental-prices,41,2024-02-14T00:00:00.000Z,0.8,,Dec-13,Dec-13,E12000006,East of England,year-on-year-change,Year-on-year change
index-private-housing-rental-prices,41,2024-02-14T00:00:00.000Z,1.5,,Dec-13,Dec-13,E12000008,South East,year-on-year-change,Year-on-year change
index-private-housing-rental-prices,41,2024-02-14T00:00:00.000Z,97.7,,Dec-13,Dec-13,E12000008,South East,index,Index
index-private-housing-rental-prices,41,2024-02-14T00:00:00.000Z,,.,Dec-13,Dec-13,K02000001,United Kingdom,index,Index
index-private-housing-rental-prices,41,2024-02-14T00:00:00.000Z,98.7,,Dec-13,Dec-13,E12000004,East Midlands,index,Index
index-private-housing-rental-prices,41,2024-02-14T00:00:00.000Z,0.7,,Dec-13,Dec-13,E12000003,Yorkshire and The Humber,year-on-year-change,Year-on-year change
index-private-housing-rental-prices,41,2024-02-14T00:00:00.000Z,99.5,,Dec-13,Dec-13,E12000003,Yorkshire and The Humber,index,Index
index-private-housing-rental-prices,41,2024-02-14T00:00:00.000Z,1.7,,Dec-13,Dec-13,E92000001,England,year-on-year-change,Year-on-year change
index-private-housing-rental-prices,41,2024-02-14T00:00:00.000Z,,.,Dec-13,Dec-13,N92000002,Northern Ireland,index,Index
index-private-housing-rental-prices,41,2024-02-14T00:00:00.000Z,3.0,,Dec-13,Dec-13,E12000007,London,year-on-year-change,Year-on-year change
index-private-housing-rental-prices,41,2024-02-14T00:00:00.000Z,99.4,,Dec-13,Dec-13,E12000002,North West,index,Index
index-private-housing-rental-prices,41,2024-02-14T00:00:00.000Z,0.3,,Dec-13,Dec-13,E12000002,North West,year-on-year-change,Year-on-year change
index-private-housing-rental-prices,41,2024-02-14T00:00:00.000Z,98.0,,Dec-13,Dec-13,E92000001,England,index,Index
index-private-housing-rental-prices,41,2024-02-14T00:00:00.000Z,98.0,,Dec-13,Dec-13,K03000001,Great Britain,index,Index
index-private-housing-rental-prices,41,2024-02-14T00:00:00.000Z,1.8,,Dec-13,Dec-13,S92000003,Scotland,year-on-year-change,Year-on-year change
index-private-housing-rental-prices,41,2024-02-14T00:00:00.000Z,1.4,,Dec-13,Dec-13,E12000009,South West,year-on-year-change,Year-on-year change
index-private-housing-rental-prices,41,2024-02-14T00:00:00.000Z,0.5,,Jul-15,Jul-15,E12000001,North East,year-on-year-change,Year-on-year change
index-private-housing-rental-prices,41,2024-02-14T00:00:00.000Z,3.7,,Jul-15,Jul-15,E12000007,London,year-on-year-change,Year-on-year change
index-private-housing-rental-prices,41,2024-02-14T00:00:00.000Z,101.0,,Jul-15,Jul-15,E12000005,West Midlands,index,Index
index-private-housing-rental-prices,41,2024-02-14T00:00:00.000Z,101.3,,Jul-15,Jul-15,E12000006,East of England,index,Index
index-private-housing-rental-prices,41,2024-02-14T00:00:00.000Z,100.2,,Jul-15,Jul-15,E12000002,North West,index,Index
index-private-housing-rental-prices,41,2024-02-14T00:00:00.000Z,101.2,,Jul-15,Jul-15,K02000001,United Kingdom,index,Index
index-private-housing-rental-prices,41,2024-02-14T00:00:00.000Z,101.0,,Jul-15,Jul-15,E12000008,South East,index,Index
index-private-housing-rental-prices,41,2024-02-14T00:00:00.000Z,2.6,,Jul-15,Jul-15,E12000006,East of England,year-on-year-change,Year-on-year change
index-private-housing-rental-prices,41,2024-02-14T00:00:00.000Z,100.1,,Jul-15,Jul-15,N92000002,Northern Ireland,index,Index
index-private-housing-rental-prices,41,2024-02-14T00:00:00.000Z,100.6,,Jul-15,Jul-15,E12000009,South West,index,Index
index-private-housing-rental-prices,41,2024-02-14T00:00:00.000Z,1.8,,Jul-15,Jul-15,S92000003,Scotland,year-on-year-change,Year-on-year change
index-private-housing-rental-prices,41,2024-02-14T00:00:00.000Z,100.3,,Jul-15,Jul-15,E12000001,North East,index,Index
index-private-housing-rental-prices,41,2024-02-14T00:00:00.000Z,2.4,,Jul-15,Jul-15,K03000001,Great Britain,year-on-year-change,Year-on-year change
index-private-housing-rental-prices,41,2024-02-14T00:00:00.000Z,,.,Jul-15,Jul-15,N92000002,Northern Ireland,year-on-year-change,Year-on-year change
index-private-housing-rental-prices,41,2024-02-14T00:00:00.000Z,1.7,,Jul-15,Jul-15,E12000004,East Midlands,year-on-year-change,Year-on-year change
index-private-housing-rental-prices,41,2024-02-14T00:00:00.000Z,102.0,,Jul-15,Jul-15,E12000007,London,index,Index
index-private-housing-rental-prices,41,2024-02-14T00:00:00.000Z,0.8,,Jul-15,Jul-15,W92000004,Wales,year-on-year-change,Year-on-year change
index-private-housing-rental-prices,41,2024-02-14T00:00:00.000Z,0.8,,Jul-15,Jul-15,E12000003,Yorkshire and The Humber,year-on-year-change,Year-on-year change
index-private-housing-rental-prices,41,2024-02-14T00:00:00.000Z,1.6,,Jul-15,Jul-15,E12000009,South West,year-on-year-change,Year-on-year change
index-private-housing-rental-prices,41,2024-02-14T00:00:00.000Z,100.5,,Jul-15,Jul-15,S92000003,Scotland,index,Index
index-private-housing-rental-prices,41,2024-02-14T00:00:00.000Z,100.4,,Jul-15,Jul-15,E12000003,Yorkshire and The Humber,index,Index
index-private-housing-rental-prices,41,2024-02-14T00:00:00.000Z,101.0,,Jul-15,Jul-15,E12000004,East Midlands,index,Index
index-private-housing-rental-prices,41,2024-02-14T00:00:00.000Z,1.7,,Jul-15,Jul-15,E12000005,West Midlands,year-on-year-change,Year-on-year change
index-private-housing-rental-prices,41,2024-02-14T00:00:00.000Z,100.2,,Jul-15,Jul-15,W92000004,Wales,index,Index
index-private-housing-rental-prices,41,2024-02-14T00:00:00.000Z,101.2,,Jul-15,Jul-15,E92000001,England,index,Index
index-private-housing-rental-prices,41,2024-02-14T00:00:00.000Z,,.,Jul-15,Jul-15,K02000001,United Kingdom,year-on-year-change,Year-on-year change
index-private-housing-rental-prices,41,2024-02-14T00:00:00.000Z,0.6,,Jul-15,Jul-15,E12000002,North West,year-on-year-change,Year-on-year change
index-private-housing-rental-prices,41,2024-02-14T00:00:00.000Z,101.2,,Jul-15,Jul-15,K03000001,Great Britain,index,Index
index-private-housing-rental-prices,41,2024-02-14T00:00:00.000Z,2.5,,Jul-15,Jul-15,E92000001,England,year-on-year-change,Year-on-year change
index-private-housing-rental-prices,41,2024-02-14T00:00:00.000Z,2.4,,Jul-15,Jul-15,E12000008,South East,year-on-year-change,Year-on-year change
index-private-housing-rental-prices,41,2024-02-14T00:00:00.000Z,1.8,,Jul-12,Jul-12,E12000004,East Midlands,year-on-year-change,Year-on-year change
index-private-housing-rental-prices,41,2024-02-14T00:00:00.000Z,96.8,,Jul-12,Jul-12,E12000006,East of England,index,Index
index-private-housing-rental-prices,41,2024-02-14T00:00:00.000Z,1.2,,Jul-12,Jul-12,S92000003,Scotland,year-on-year-change,Year-on-year change
index-private-housing-rental-prices,41,2024-02-14T00:00:00.000Z,0.6,,Jul-12,Jul-12,W92000004,Wales,year-on-year-change,Year-on-year change
index-private-housing-rental-prices,41,2024-02-14T00:00:00.000Z,,.,Jul-12,Jul-12,N92000002,Northern Ireland,year-on-year-change,Year-on-year change
index-private-housing-rental-prices,41,2024-02-14T00:00:00.000Z,95.6,,Jul-12,Jul-12,S92000003,Scotland,index,Index
index-private-housing-rental-prices,41,2024-02-14T00:00:00.000Z,98.8,,Jul-12,Jul-12,E12000002,North West,index,Index
index-private-housing-rental-prices,41,2024-02-14T00:00:00.000Z,,.,Jul-12,Jul-12,K02000001,United Kingdom,year-on-year-change,Year-on-year change
index-private-housing-rental-prices,41,2024-02-14T00:00:00.000Z,1.0,,Jul-12,Jul-12,E12000003,Yorkshire and The Humber,year-on-year-change,Year-on-year change
index-private-housing-rental-prices,41,2024-02-14T00:00:00.000Z,1.3,,Jul-12,Jul-12,E12000005,West Midlands,year-on-year-change,Year-on-year change
index-private-housing-rental-prices,41,2024-02-14T00:00:00.000Z,,.,Jul-12,Jul-12,N92000002,Northern Ireland,index,Index
index-private-housing-rental-prices,41,2024-02-14T00:00:00.000Z,2.8,,Jul-12,Jul-12,K03000001,Great Britain,year-on-year-change,Year-on-year change
index-private-housing-rental-prices,41,2024-02-14T00:00:00.000Z,2.4,,Jul-12,Jul-12,E12000008,South East,year-on-year-change,Year-on-year change
index-private-housing-rental-prices,41,2024-02-14T00:00:00.000Z,95.3,,Jul-12,Jul-12,K03000001,Great Britain,index,Index
index-private-housing-rental-prices,41,2024-02-14T00:00:00.000Z,95.3,,Jul-12,Jul-12,E12000008,South East,index,Index
index-private-housing-rental-prices,41,2024-02-14T00:00:00.000Z,97.1,,Jul-12,Jul-12,E12000004,East Midlands,index,Index
index-private-housing-rental-prices,41,2024-02-14T00:00:00.000Z,98.9,,Jul-12,Jul-12,E12000001,North East,index,Index
index-private-housing-rental-prices,41,2024-02-14T00:00:00.000Z,97.0,,Jul-12,Jul-12,E12000005,West Midlands,index,Index
index-private-housing-rental-prices,41,2024-02-14T00:00:00.000Z,3.0,,Jul-12,Jul-12,E92000001,England,year-on-year-change,Year-on-year change
index-private-housing-rental-prices,41,2024-02-14T00:00:00.000Z,92.6,,Jul-12,Jul-12,E12000007,London,index,Index
index-private-housing-rental-prices,41,2024-02-14T00:00:00.000Z,98.2,,Jul-12,Jul-12,E12000003,Yorkshire and The Humber,index,Index
index-private-housing-rental-prices,41,2024-02-14T00:00:00.000Z,,.,Jul-12,Jul-12,K02000001,United Kingdom,index,Index
index-private-housing-rental-prices,41,2024-02-14T00:00:00.000Z,0.8,,Jul-12,Jul-12,E12000001,North East,year-on-year-change,Year-on-year change
index-private-housing-rental-prices,41,2024-02-14T00:00:00.000Z,96.2,,Jul-12,Jul-12,E12000009,South West,index,Index
index-private-housing-rental-prices,41,2024-02-14T00:00:00.000Z,1.9,,Jul-12,Jul-12,E12000009,South West,year-on-year-change,Year-on-year change
index-private-housing-rental-prices,41,2024-02-14T00:00:00.000Z,98.2,,Jul-12,Jul-12,W92000004,Wales,index,Index
index-private-housing-rental-prices,41,2024-02-14T00:00:00.000Z,95.2,,Jul-12,Jul-12,E92000001,England,index,Index
index-private-housing-rental-prices,41,2024-02-14T00:00:00.000Z,1.9,,Jul-12,Jul-12,E12000006,East of England,year-on-year-change,Year-on-year change
index-private-housing-rental-prices,41,2024-02-14T00:00:00.000Z,1.0,,Jul-12,Jul-12,E12000002,North West,year-on-year-change,Year-on-year change
index-private-housing-rental-prices,41,2024-02-14T00:00:00.000Z,5.3,,Jul-12,Jul-12,E12000007,London,year-on-year-change,Year-on-year change
index-private-housing-rental-prices,41,2024-02-14T00:00:00.000Z,122.0,,Jul-22,Jul-22,E12000004,East Midlands,index,Index
index-private-housing-rental-prices,41,2024-02-14T00:00:00.000Z,3.3,,Jul-22,Jul-22,E12000005,West Midlands,year-on-year-change,Year-on-year change
index-private-housing-rental-prices,41,2024-02-14T00:00:00.000Z,2.1,,Jul-22,Jul-22,W92000004,Wales,year-on-year-change,Year-on-year change
index-private-housing-rental-prices,41,2024-02-14T00:00:00.000Z,114.6,,Jul-22,Jul-22,E12000003,Yorkshire and The Humber,index,Index
index-private-housing-rental-prices,41,2024-02-14T00:00:00.000Z,4.0,,Jul-22,Jul-22,E12000009,South West,year-on-year-change,Year-on-year change
index-private-housing-rental-prices,41,2024-02-14T00:00:00.000Z,4.1,,Jul-22,Jul-22,E12000006,East of England,year-on-year-change,Year-on-year change
index-private-housing-rental-prices,41,2024-02-14T00:00:00.000Z,126.0,,Jul-22,Jul-22,N92000002,Northern Ireland,index,Index
index-private-housing-rental-prices,41,2024-02-14T00:00:00.000Z,113.0,,Jul-22,Jul-22,E12000002,North West,index,Index
index-private-housing-rental-prices,41,2024-02-14T00:00:00.000Z,110.5,,Jul-22,Jul-22,E12000007,London,index,Index
index-private-housing-rental-prices,41,2024-02-14T00:00:00.000Z,114.6,,Jul-22,Jul-22,E92000001,England,index,Index
index-private-housing-rental-prices,41,2024-02-14T00:00:00.000Z,114.1,,Jul-22,Jul-22,K03000001,Great Britain,index,Index
index-private-housing-rental-prices,41,2024-02-14T00:00:00.000Z,116.7,,Jul-22,Jul-22,E12000005,West Midlands,index,Index
index-private-housing-rental-prices,41,2024-02-14T00:00:00.000Z,3.2,,Jul-22,Jul-22,E92000001,England,year-on-year-change,Year-on-year change
index-private-housing-rental-prices,41,2024-02-14T00:00:00.000Z,3.4,,Jul-22,Jul-22,E12000003,Yorkshire and The Humber,year-on-year-change,Year-on-year change
index-private-housing-rental-prices,41,2024-02-14T00:00:00.000Z,118.7,,Jul-22,Jul-22,E12000006,East of England,index,Index
index-private-housing-rental-prices,41,2024-02-14T00:00:00.000Z,108.0,,Jul-22,Jul-22,S92000003,Scotland,index,Index
index-private-housing-rental-prices,41,2024-02-14T00:00:00.000Z,3.3,,Jul-22,Jul-22,K02000001,United Kingdom,year-on-year-change,Year-on-year change
index-private-housing-rental-prices,41,2024-02-14T00:00:00.000Z,3.2,,Jul-22,Jul-22,K03000001,Great Britain,year-on-year-change,Year-on-year change
index-private-housing-rental-prices,41,2024-02-14T00:00:00.000Z,3.7,,Jul-22,Jul-22,S92000003,Scotland,year-on-year-change,Year-on-year change
index-private-housing-rental-prices,41,2024-02-14T00:00:00.000Z,8.9,,Jul-22,Jul-22,N92000002,Northern Ireland,year-on-year-change,Year-on-year change
index-private-housing-rental-prices,41,2024-02-14T00:00:00.000Z,4.3,,Jul-22,Jul-22,E12000004,East Midlands,year-on-year-change,Year-on-year change
index-private-housing-rental-prices,41,2024-02-14T00:00:00.000Z,108.7,,Jul-22,Jul-22,W92000004,Wales,index,Index
index-private-housing-rental-prices,41,2024-02-14T00:00:00.000Z,2.1,,Jul-22,Jul-22,E12000007,London,year-on-year-change,Year-on-year change
index-private-housing-rental-prices,41,2024-02-14T00:00:00.000Z,108.0,,Jul-22,Jul-22,E12000001,North East,index,Index
index-private-housing-rental-prices,41,2024-02-14T00:00:00.000Z,2.9,,Jul-22,Jul-22,E12000001,North East,year-on-year-change,Year-on-year change
index-private-housing-rental-prices,41,2024-02-14T00:00:00.000Z,4.0,,Jul-22,Jul-22,E12000002,North West,year-on-year-change,Year-on-year change
index-private-housing-rental-prices,41,2024-02-14T00:00:00.000Z,114.3,,Jul-22,Jul-22,K02000001,United Kingdom,index,Index
index-private-housing-rental-prices,41,2024-02-14T00:00:00.000Z,117.4,,Jul-22,Jul-22,E12000008,South East,index,Index
index-private-housing-rental-prices,41,2024-02-14T00:00:00.000Z,3.4,,Jul-22,Jul-22,E12000008,South East,year-on-year-change,Year-on-year change
index-private-housing-rental-prices,41,2024-02-14T00:00:00.000Z,119.3,,Jul-22,Jul-22,E12000009,South West,index,Index
index-private-housing-rental-prices,41,2024-02-14T00:00:00.000Z,101.2,,Apr-16,Apr-16,E12000002,North West,index,Index
index-private-housing-rental-prices,41,2024-02-14T00:00:00.000Z,1.1,,Apr-16,Apr-16,E12000002,North West,year-on-year-change,Year-on-year change
index-private-housing-rental-prices,41,2024-02-14T00:00:00.000Z,103.2,,Apr-16,Apr-16,K03000001,Great Britain,index,Index
index-private-housing-rental-prices,41,2024-02-14T00:00:00.000Z,0.2,,Apr-16,Apr-16,W92000004,Wales,year-on-year-change,Year-on-year change
index-private-housing-rental-prices,41,2024-02-14T00:00:00.000Z,101.0,,Apr-16,Apr-16,E12000001,North East,index,Index
index-private-housing-rental-prices,41,2024-02-14T00:00:00.000Z,104.7,,Apr-16,Apr-16,E12000007,London,index,Index
index-private-housing-rental-prices,41,2024-02-14T00:00:00.000Z,103.2,,Apr-16,Apr-16,E12000004,East Midlands,index,Index
index-private-housing-rental-prices,41,2024-02-14T00:00:00.000Z,100.3,,Apr-16,Apr-16,W92000004,Wales,index,Index
index-private-housing-rental-prices,41,2024-02-14T00:00:00.000Z,103.6,,Apr-16,Apr-16,E12000006,East of England,index,Index
index-private-housing-rental-prices,41,2024-02-14T00:00:00.000Z,1.5,,Apr-16,Apr-16,E12000009,South West,year-on-year-change,Year-on-year change
index-private-housing-rental-prices,41,2024-02-14T00:00:00.000Z,100.8,,Apr-16,Apr-16,S92000003,Scotland,index,Index
index-private-housing-rental-prices,41,2024-02-14T00:00:00.000Z,101.9,,Apr-16,Apr-16,N92000002,Northern Ireland,index,Index
index-private-housing-rental-prices,41,2024-02-14T00:00:00.000Z,1.3,,Apr-16,Apr-16,E12000003,Yorkshire and The Humber,year-on-year-change,Year-on-year change
index-private-housing-rental-prices,41,2024-02-14T00:00:00.000Z,3.1,,Apr-16,Apr-16,E12000008,South East,year-on-year-change,Year-on-year change
index-private-housing-rental-prices,41,2024-02-14T00:00:00.000Z,1.9,,Apr-16,Apr-16,E12000005,West Midlands,year-on-year-change,Year-on-year change
index-private-housing-rental-prices,41,2024-02-14T00:00:00.000Z,2.6,,Apr-16,Apr-16,K03000001,Great Britain,year-on-year-change,Year-on-year change
index-private-housing-rental-prices,41,2024-02-14T00:00:00.000Z,2.8,,Apr-16,Apr-16,E92000001,England,year-on-year-change,Year-on-year change
index-private-housing-rental-prices,41,2024-02-14T00:00:00.000Z,1.9,,Apr-16,Apr-16,N92000002,Northern Ireland,year-on-year-change,Year-on-year change
index-private-housing-rental-prices,41,2024-02-14T00:00:00.000Z,101.9,,Apr-16,Apr-16,E12000009,South West,index,Index
index-private-housing-rental-prices,41,2024-02-14T00:00:00.000Z,2.6,,Apr-16,Apr-16,E12000004,East Midlands,year-on-year-change,Year-on-year change
index-private-housing-rental-prices,41,2024-02-14T00:00:00.000Z,101.4,,Apr-16,Apr-16,E12000003,Yorkshire and The Humber,index,Index
index-private-housing-rental-prices,41,2024-02-14T00:00:00.000Z,103.7,,Apr-16,Apr-16,E12000008,South East,index,Index
index-private-housing-rental-prices,41,2024-02-14T00:00:00.000Z,0.8,,Apr-16,Apr-16,E12000001,North East,year-on-year-change,Year-on-year change
index-private-housing-rental-prices,41,2024-02-14T00:00:00.000Z,3.7,,Apr-16,Apr-16,E12000007,London,year-on-year-change,Year-on-year change
index-private-housing-rental-prices,41,2024-02-14T00:00:00.000Z,3.0,,Apr-16,Apr-16,E12000006,East of England,year-on-year-change,Year-on-year change
index-private-housing-rental-prices,41,2024-02-14T00:00:00.000Z,0.5,,Apr-16,Apr-16,S92000003,Scotland,year-on-year-change,Year-on-year change
index-private-housing-rental-prices,41,2024-02-14T00:00:00.000Z,2.6,,Apr-16,Apr-16,K02000001,United Kingdom,year-on-year-change,Year-on-year change
index-private-housing-rental-prices,41,2024-02-14T00:00:00.000Z,102.2,,Apr-16,Apr-16,E12000005,West Midlands,index,Index
index-private-housing-rental-prices,41,2024-02-14T00:00:00.000Z,103.2,,Apr-16,Apr-16,K02000001,United Kingdom,index,Index
index-private-housing-rental-prices,41,2024-02-14T00:00:00.000Z,103.4,,Apr-16,Apr-16,E92000001,England,index,Index
index-private-housing-rental-prices,41,2024-02-14T00:00:00.000Z,1.3,,Nov-11,Nov-11,E12000004,East Midlands,year-on-year-change,Year-on-year change
index-private-housing-rental-prices,41,2024-02-14T00:00:00.000Z,98.2,,Nov-11,Nov-11,W92000004,Wales,index,Index
index-private-housing-rental-prices,41,2024-02-14T00:00:00.000Z,98.9,,Nov-11,Nov-11,E12000001,North East,index,Index
index-private-housing-rental-prices,41,2024-02-14T00:00:00.000Z,1.3,,Nov-11,Nov-11,E12000005,West Midlands,year-on-year-change,Year-on-year change
index-private-housing-rental-prices,41,2024-02-14T00:00:00.000Z,2.9,,Nov-11,Nov-11,E12000008,South East,year-on-year-change,Year-on-year change
index-private-housing-rental-prices,41,2024-02-14T00:00:00.000Z,93.4,,Nov-11,Nov-11,E92000001,England,index,Index
index-private-housing-rental-prices,41,2024-02-14T00:00:00.000Z,,.,Nov-11,Nov-11,K02000001,United Kingdom,year-on-year-change,Year-on-year change
index-private-housing-rental-prices,41,2024-02-14T00:00:00.000Z,,.,Nov-11,Nov-11,K02000001,United Kingdom,index,Index
index-private-housing-rental-prices,41,2024-02-14T00:00:00.000Z,,.,Nov-11,Nov-11,N92000002,Northern Ireland,year-on-year-change,Year-on-year change
index-private-housing-rental-prices,41,2024-02-14T00:00:00.000Z,95.9,,Nov-11,Nov-11,E12000004,East Midlands,index,Index
index-private-housing-rental-prices,41,2024-02-14T00:00:00.000Z,1.1,,Nov-11,Nov-11,E12000003,Yorkshire and The Humber,year-on-year-change,Year-on-year change
index-private-housing-rental-prices,41,2024-02-14T00:00:00.000Z,,.,Nov-11,Nov-11,N92000002,Northern Ireland,index,Index
index-private-housing-rental-prices,41,2024-02-14T00:00:00.000Z,1.5,,Nov-11,Nov-11,W92000004,Wales,year-on-year-change,Year-on-year change
index-private-housing-rental-prices,41,2024-02-14T00:00:00.000Z,93.6,,Nov-11,Nov-11,K03000001,Great Britain,index,Index
index-private-housing-rental-prices,41,2024-02-14T00:00:00.000Z,97.6,,Nov-11,Nov-11,E12000003,Yorkshire and The Humber,index,Index
index-private-housing-rental-prices,41,2024-02-14T00:00:00.000Z,89.5,,Nov-11,Nov-11,E12000007,London,index,Index
index-private-housing-rental-prices,41,2024-02-14T00:00:00.000Z,95.3,,Nov-11,Nov-11,E12000009,South West,index,Index
index-private-housing-rental-prices,41,2024-02-14T00:00:00.000Z,2.9,,Nov-11,Nov-11,E92000001,England,year-on-year-change,Year-on-year change
index-private-housing-rental-prices,41,2024-02-14T00:00:00.000Z,1.8,,Nov-11,Nov-11,E12000006,East of England,year-on-year-change,Year-on-year change
index-private-housing-rental-prices,41,2024-02-14T00:00:00.000Z,4.7,,Nov-11,Nov-11,E12000007,London,year-on-year-change,Year-on-year change
index-private-housing-rental-prices,41,2024-02-14T00:00:00.000Z,1.6,,Nov-11,Nov-11,E12000001,North East,year-on-year-change,Year-on-year change
index-private-housing-rental-prices,41,2024-02-14T00:00:00.000Z,1.2,,Nov-11,Nov-11,E12000002,North West,year-on-year-change,Year-on-year change
index-private-housing-rental-prices,41,2024-02-14T00:00:00.000Z,95.0,,Nov-11,Nov-11,S92000003,Scotland,index,Index
index-private-housing-rental-prices,41,2024-02-14T00:00:00.000Z,93.8,,Nov-11,Nov-11,E12000008,South East,index,Index
index-private-housing-rental-prices,41,2024-02-14T00:00:00.000Z,96.3,,Nov-11,Nov-11,E12000005,West Midlands,index,Index
index-private-housing-rental-prices,41,2024-02-14T00:00:00.000Z,98.3,,Nov-11,Nov-11,E12000002,North West,index,Index
index-private-housing-rental-prices,41,2024-02-14T00:00:00.000Z,,.,Nov-11,Nov-11,K03000001,Great Britain,year-on-year-change,Year-on-year change
index-private-housing-rental-prices,41,2024-02-14T00:00:00.000Z,1.9,,Nov-11,Nov-11,E12000009,South West,year-on-year-change,Year-on-year change
index-private-housing-rental-prices,41,2024-02-14T00:00:00.000Z,,.,Nov-11,Nov-11,S92000003,Scotland,year-on-year-change,Year-on-year change
index-private-housing-rental-prices,41,2024-02-14T00:00:00.000Z,95.5,,Nov-11,Nov-11,E12000006,East of England,index,Index
index-private-housing-rental-prices,41,2024-02-14T00:00:00.000Z,4.5,,Feb-13,Feb-13,E12000007,London,year-on-year-change,Year-on-year change
index-private-housing-rental-prices,41,2024-02-14T00:00:00.000Z,96.6,,Feb-13,Feb-13,E92000001,England,index,Index
index-private-housing-rental-prices,41,2024-02-14T00:00:00.000Z,96.6,,Feb-13,Feb-13,K03000001,Great Britain,index,Index
index-private-housing-rental-prices,41,2024-02-14T00:00:00.000Z,94.9,,Feb-13,Feb-13,E12000007,London,index,Index
index-private-housing-rental-prices,41,2024-02-14T00:00:00.000Z,98.8,,Feb-13,Feb-13,W92000004,Wales,index,Index
index-private-housing-rental-prices,41,2024-02-14T00:00:00.000Z,97.8,,Feb-13,Feb-13,E12000004,East Midlands,index,Index
index-private-housing-rental-prices,41,2024-02-14T00:00:00.000Z,0.4,,Feb-13,Feb-13,W92000004,Wales,year-on-year-change,Year-on-year change
index-private-housing-rental-prices,41,2024-02-14T00:00:00.000Z,,.,Feb-13,Feb-13,N92000002,Northern Ireland,year-on-year-change,Year-on-year change
index-private-housing-rental-prices,41,2024-02-14T00:00:00.000Z,0.4,,Feb-13,Feb-13,E12000001,North East,year-on-year-change,Year-on-year change
index-private-housing-rental-prices,41,2024-02-14T00:00:00.000Z,1.2,,Feb-13,Feb-13,E12000003,Yorkshire and The Humber,year-on-year-change,Year-on-year change
index-private-housing-rental-prices,41,2024-02-14T00:00:00.000Z,,.,Feb-13,Feb-13,K02000001,United Kingdom,index,Index
index-private-housing-rental-prices,41,2024-02-14T00:00:00.000Z,99.4,,Feb-13,Feb-13,E12000001,North East,index,Index
index-private-housing-rental-prices,41,2024-02-14T00:00:00.000Z,97.2,,Feb-13,Feb-13,E12000009,South West,index,Index
index-private-housing-rental-prices,41,2024-02-14T00:00:00.000Z,1.2,,Feb-13,Feb-13,S92000003,Scotland,year-on-year-change,Year-on-year change
index-private-housing-rental-prices,41,2024-02-14T00:00:00.000Z,1.4,,Feb-13,Feb-13,E12000006,East of England,year-on-year-change,Year-on-year change
index-private-housing-rental-prices,41,2024-02-14T00:00:00.000Z,96.4,,Feb-13,Feb-13,S92000003,Scotland,index,Index
index-private-housing-rental-prices,41,2024-02-14T00:00:00.000Z,2.5,,Feb-13,Feb-13,E92000001,England,year-on-year-change,Year-on-year change
index-private-housing-rental-prices,41,2024-02-14T00:00:00.000Z,96.4,,Feb-13,Feb-13,E12000008,South East,index,Index
index-private-housing-rental-prices,41,2024-02-14T00:00:00.000Z,99.0,,Feb-13,Feb-13,E12000003,Yorkshire and The Humber,index,Index
index-private-housing-rental-prices,41,2024-02-14T00:00:00.000Z,2.4,,Feb-13,Feb-13,K03000001,Great Britain,year-on-year-change,Year-on-year change
index-private-housing-rental-prices,41,2024-02-14T00:00:00.000Z,1.3,,Feb-13,Feb-13,E12000005,West Midlands,year-on-year-change,Year-on-year change
index-private-housing-rental-prices,41,2024-02-14T00:00:00.000Z,,.,Feb-13,Feb-13,K02000001,United Kingdom,year-on-year-change,Year-on-year change
index-private-housing-rental-prices,41,2024-02-14T00:00:00.000Z,,.,Feb-13,Feb-13,N92000002,Northern Ireland,index,Index
index-private-housing-rental-prices,41,2024-02-14T00:00:00.000Z,1.6,,Feb-13,Feb-13,E12000009,South West,year-on-year-change,Year-on-year change
index-private-housing-rental-prices,41,2024-02-14T00:00:00.000Z,2.0,,Feb-13,Feb-13,E12000008,South East,year-on-year-change,Year-on-year change
index-private-housing-rental-prices,41,2024-02-14T00:00:00.000Z,99.1,,Feb-13,Feb-13,E12000002,North West,index,Index
index-private-housing-rental-prices,41,2024-02-14T00:00:00.000Z,97.9,,Feb-13,Feb-13,E12000005,West Midlands,index,Index
index-private-housing-rental-prices,41,2024-02-14T00:00:00.000Z,97.4,,Feb-13,Feb-13,E12000006,East of England,index,Index
index-private-housing-rental-prices,41,2024-02-14T00:00:00.000Z,1.3,,Feb-13,Feb-13,E12000004,East Midlands,year-on-year-change,Year-on-year change
index-private-housing-rental-prices,41,2024-02-14T00:00:00.000Z,0.5,,Feb-13,Feb-13,E12000002,North West,year-on-year-change,Year-on-year change
index-private-housing-rental-prices,41,2024-02-14T00:00:00.000Z,2.8,,Jul-06,Jul-06,E12000007,London,year-on-year-change,Year-on-year change
index-private-housing-rental-prices,41,2024-02-14T00:00:00.000Z,2.9,,Jul-06,Jul-06,E12000006,East of England,year-on-year-change,Year-on-year change
index-private-housing-rental-prices,41,2024-02-14T00:00:00.000Z,2.3,,Jul-06,Jul-06,E12000008,South East,year-on-year-change,Year-on-year change
index-private-housing-rental-prices,41,2024-02-14T00:00:00.000Z,84.4,,Jul-06,Jul-06,E92000001,England,index,Index
index-private-housing-rental-prices,41,2024-02-14T00:00:00.000Z,90.4,,Jul-06,Jul-06,E12000001,North East,index,Index
index-private-housing-rental-prices,41,2024-02-14T00:00:00.000Z,88.9,,Jul-06,Jul-06,E12000003,Yorkshire and The Humber,index,Index
index-private-housing-rental-prices,41,2024-02-14T00:00:00.000Z,,.,Jul-06,Jul-06,K02000001,United Kingdom,index,Index
index-private-housing-rental-prices,41,2024-02-14T00:00:00.000Z,91.4,,Jul-06,Jul-06,E12000004,East Midlands,index,Index
index-private-housing-rental-prices,41,2024-02-14T00:00:00.000Z,2.6,,Jul-06,Jul-06,E92000001,England,year-on-year-change,Year-on-year change
index-private-housing-rental-prices,41,2024-02-14T00:00:00.000Z,2.6,,Jul-06,Jul-06,E12000005,West Midlands,year-on-year-change,Year-on-year change
index-private-housing-rental-prices,41,2024-02-14T00:00:00.000Z,,.,Jul-06,Jul-06,S92000003,Scotland,year-on-year-change,Year-on-year change
index-private-housing-rental-prices,41,2024-02-14T00:00:00.000Z,2.5,,Jul-06,Jul-06,E12000009,South West,year-on-year-change,Year-on-year change
index-private-housing-rental-prices,41,2024-02-14T00:00:00.000Z,90.7,,Jul-06,Jul-06,E12000002,North West,index,Index
index-private-housing-rental-prices,41,2024-02-14T00:00:00.000Z,86.6,,Jul-06,Jul-06,E12000009,South West,index,Index
index-private-housing-rental-prices,41,2024-02-14T00:00:00.000Z,,.,Jul-06,Jul-06,K02000001,United Kingdom,year-on-year-change,Year-on-year change
index-private-housing-rental-prices,41,2024-02-14T00:00:00.000Z,,.,Jul-06,Jul-06,K03000001,Great Britain,index,Index
index-private-housing-rental-prices,41,2024-02-14T00:00:00.000Z,,.,Jul-06,Jul-06,W92000004,Wales,year-on-year-change,Year-on-year change
index-private-housing-rental-prices,41,2024-02-14T00:00:00.000Z,90.9,,Jul-06,Jul-06,E12000005,West Midlands,index,Index
index-private-housing-rental-prices,41,2024-02-14T00:00:00.000Z,85.6,,Jul-06,Jul-06,E12000008,South East,index,Index
index-private-housing-rental-prices,41,2024-02-14T00:00:00.000Z,,.,Jul-06,Jul-06,N92000002,Northern Ireland,year-on-year-change,Year-on-year change
index-private-housing-rental-prices,41,2024-02-14T00:00:00.000Z,3.3,,Jul-06,Jul-06,E12000001,North East,year-on-year-change,Year-on-year change
index-private-housing-rental-prices,41,2024-02-14T00:00:00.000Z,89.4,,Jul-06,Jul-06,E12000006,East of England,index,Index
index-private-housing-rental-prices,41,2024-02-14T00:00:00.000Z,,.,Jul-06,Jul-06,S92000003,Scotland,index,Index
index-private-housing-rental-prices,41,2024-02-14T00:00:00.000Z,1.7,,Jul-06,Jul-06,E12000002,North West,year-on-year-change,Year-on-year change
index-private-housing-rental-prices,41,2024-02-14T00:00:00.000Z,,.,Jul-06,Jul-06,K03000001,Great Britain,year-on-year-change,Year-on-year change
index-private-housing-rental-prices,41,2024-02-14T00:00:00.000Z,77.8,,Jul-06,Jul-06,E12000007,London,index,Index
index-private-housing-rental-prices,41,2024-02-14T00:00:00.000Z,3.1,,Jul-06,Jul-06,E12000003,Yorkshire and The Humber,year-on-year-change,Year-on-year change
index-private-housing-rental-prices,41,2024-02-14T00:00:00.000Z,2.1,,Jul-06,Jul-06,E12000004,East Midlands,year-on-year-change,Year-on-year change
index-private-housing-rental-prices,41,2024-02-14T00:00:00.000Z,,.,Jul-06,Jul-06,W92000004,Wales,index,Index
index-private-housing-rental-prices,41,2024-02-14T00:00:00.000Z,,.,Jul-06,Jul-06,N92000002,Northern Ireland,index,Index
index-private-housing-rental-prices,41,2024-02-14T00:00:00.000Z,104.5,,Apr-17,Apr-17,E12000009,South West,index,Index
index-private-housing-rental-prices,41,2024-02-14T00:00:00.000Z,1.4,,Apr-17,Apr-17,E12000007,London,year-on-year-change,Year-on-year change
index-private-housing-rental-prices,41,2024-02-14T00:00:00.000Z,104.5,,Apr-17,Apr-17,E12000005,West Midlands,index,Index
index-private-housing-rental-prices,41,2024-02-14T00:00:00.000Z,103.2,,Apr-17,Apr-17,N92000002,Northern Ireland,index,Index
index-private-housing-rental-prices,41,2024-02-14T00:00:00.000Z,2.3,,Apr-17,Apr-17,E12000004,East Midlands,year-on-year-change,Year-on-year change
index-private-housing-rental-prices,41,2024-02-14T00:00:00.000Z,105.4,,Apr-17,Apr-17,E92000001,England,index,Index
index-private-housing-rental-prices,41,2024-02-14T00:00:00.000Z,0.7,,Apr-17,Apr-17,W92000004,Wales,year-on-year-change,Year-on-year change
index-private-housing-rental-prices,41,2024-02-14T00:00:00.000Z,3.1,,Apr-17,Apr-17,E12000008,South East,year-on-year-change,Year-on-year change
index-private-housing-rental-prices,41,2024-02-14T00:00:00.000Z,2.5,,Apr-17,Apr-17,E12000009,South West,year-on-year-change,Year-on-year change
index-private-housing-rental-prices,41,2024-02-14T00:00:00.000Z,105.6,,Apr-17,Apr-17,E12000004,East Midlands,index,Index
index-private-housing-rental-prices,41,2024-02-14T00:00:00.000Z,1.7,,Apr-17,Apr-17,E12000003,Yorkshire and The Humber,year-on-year-change,Year-on-year change
index-private-housing-rental-prices,41,2024-02-14T00:00:00.000Z,2.7,,Apr-17,Apr-17,E12000006,East of England,year-on-year-change,Year-on-year change
index-private-housing-rental-prices,41,2024-02-14T00:00:00.000Z,1.8,,Apr-17,Apr-17,K02000001,United Kingdom,year-on-year-change,Year-on-year change
index-private-housing-rental-prices,41,2024-02-14T00:00:00.000Z,2.2,,Apr-17,Apr-17,E12000005,West Midlands,year-on-year-change,Year-on-year change
index-private-housing-rental-prices,41,2024-02-14T00:00:00.000Z,105.1,,Apr-17,Apr-17,K02000001,United Kingdom,index,Index
index-private-housing-rental-prices,41,2024-02-14T00:00:00.000Z,106.1,,Apr-17,Apr-17,E12000007,London,index,Index
index-private-housing-rental-prices,41,2024-02-14T00:00:00.000Z,2.0,,Apr-17,Apr-17,E92000001,England,year-on-year-change,Year-on-year change
index-private-housing-rental-prices,41,2024-02-14T00:00:00.000Z,1.3,,Apr-17,Apr-17,N92000002,Northern Ireland,year-on-year-change,Year-on-year change
index-private-housing-rental-prices,41,2024-02-14T00:00:00.000Z,100.7,,Apr-17,Apr-17,S92000003,Scotland,index,Index
index-private-housing-rental-prices,41,2024-02-14T00:00:00.000Z,106.9,,Apr-17,Apr-17,E12000008,South East,index,Index
index-private-housing-rental-prices,41,2024-02-14T00:00:00.000Z,0.7,,Apr-17,Apr-17,E12000001,North East,year-on-year-change,Year-on-year change
index-private-housing-rental-prices,41,2024-02-14T00:00:00.000Z,101.0,,Apr-17,Apr-17,W92000004,Wales,index,Index
index-private-housing-rental-prices,41,2024-02-14T00:00:00.000Z,101.7,,Apr-17,Apr-17,E12000001,North East,index,Index
index-private-housing-rental-prices,41,2024-02-14T00:00:00.000Z,106.4,,Apr-17,Apr-17,E12000006,East of England,index,Index
index-private-housing-rental-prices,41,2024-02-14T00:00:00.000Z,103.1,,Apr-17,Apr-17,E12000003,Yorkshire and The Humber,index,Index
index-private-housing-rental-prices,41,2024-02-14T00:00:00.000Z,-0.0,,Apr-17,Apr-17,S92000003,Scotland,year-on-year-change,Year-on-year change
index-private-housing-rental-prices,41,2024-02-14T00:00:00.000Z,1.3,,Apr-17,Apr-17,E12000002,North West,year-on-year-change,Year-on-year change
index-private-housing-rental-prices,41,2024-02-14T00:00:00.000Z,1.8,,Apr-17,Apr-17,K03000001,Great Britain,year-on-year-change,Year-on-year change
index-private-housing-rental-prices,41,2024-02-14T00:00:00.000Z,102.5,,Apr-17,Apr-17,E12000002,North West,index,Index
index-private-housing-rental-prices,41,2024-02-14T00:00:00.000Z,105.1,,Apr-17,Apr-17,K03000001,Great Britain,index,Index
index-private-housing-rental-prices,41,2024-02-14T00:00:00.000Z,79.7,,Jun-07,Jun-07,E12000007,London,index,Index
index-private-housing-rental-prices,41,2024-02-14T00:00:00.000Z,,.,Jun-07,Jun-07,K02000001,United Kingdom,index,Index
index-private-housing-rental-prices,41,2024-02-14T00:00:00.000Z,2.7,,Jun-07,Jun-07,E12000007,London,year-on-year-change,Year-on-year change
index-private-housing-rental-prices,41,2024-02-14T00:00:00.000Z,,.,Jun-07,Jun-07,W92000004,Wales,index,Index
index-private-housing-rental-prices,41,2024-02-14T00:00:00.000Z,,.,Jun-07,Jun-07,S92000003,Scotland,year-on-year-change,Year-on-year change
index-private-housing-rental-prices,41,2024-02-14T00:00:00.000Z,86.3,,Jun-07,Jun-07,E92000001,England,index,Index
index-private-housing-rental-prices,41,2024-02-14T00:00:00.000Z,1.9,,Jun-07,Jun-07,E12000005,West Midlands,year-on-year-change,Year-on-year change
index-private-housing-rental-prices,41,2024-02-14T00:00:00.000Z,2.4,,Jun-07,Jun-07,E12000002,North West,year-on-year-change,Year-on-year change
index-private-housing-rental-prices,41,2024-02-14T00:00:00.000Z,,.,Jun-07,Jun-07,K02000001,United Kingdom,year-on-year-change,Year-on-year change
index-private-housing-rental-prices,41,2024-02-14T00:00:00.000Z,89.1,,Jun-07,Jun-07,E12000009,South West,index,Index
index-private-housing-rental-prices,41,2024-02-14T00:00:00.000Z,3.0,,Jun-07,Jun-07,E12000009,South West,year-on-year-change,Year-on-year change
index-private-housing-rental-prices,41,2024-02-14T00:00:00.000Z,3.5,,Jun-07,Jun-07,E12000003,Yorkshire and The Humber,year-on-year-change,Year-on-year change
index-private-housing-rental-prices,41,2024-02-14T00:00:00.000Z,87.2,,Jun-07,Jun-07,E12000008,South East,index,Index
index-private-housing-rental-prices,41,2024-02-14T00:00:00.000Z,2.5,,Jun-07,Jun-07,E92000001,England,year-on-year-change,Year-on-year change
index-private-housing-rental-prices,41,2024-02-14T00:00:00.000Z,92.5,,Jun-07,Jun-07,E12000005,West Midlands,index,Index
index-private-housing-rental-prices,41,2024-02-14T00:00:00.000Z,1.9,,Jun-07,Jun-07,E12000001,North East,year-on-year-change,Year-on-year change
index-private-housing-rental-prices,41,2024-02-14T00:00:00.000Z,92.9,,Jun-07,Jun-07,E12000002,North West,index,Index
index-private-housing-rental-prices,41,2024-02-14T00:00:00.000Z,,.,Jun-07,Jun-07,K03000001,Great Britain,index,Index
index-private-housing-rental-prices,41,2024-02-14T00:00:00.000Z,2.1,,Jun-07,Jun-07,E12000008,South East,year-on-year-change,Year-on-year change
index-private-housing-rental-prices,41,2024-02-14T00:00:00.000Z,91.9,,Jun-07,Jun-07,E12000001,North East,index,Index
index-private-housing-rental-prices,41,2024-02-14T00:00:00.000Z,93.3,,Jun-07,Jun-07,E12000004,East Midlands,index,Index
index-private-housing-rental-prices,41,2024-02-14T00:00:00.000Z,,.,Jun-07,Jun-07,W92000004,Wales,year-on-year-change,Year-on-year change
index-private-housing-rental-prices,41,2024-02-14T00:00:00.000Z,2.2,,Jun-07,Jun-07,E12000004,East Midlands,year-on-year-change,Year-on-year change
index-private-housing-rental-prices,41,2024-02-14T00:00:00.000Z,,.,Jun-07,Jun-07,S92000003,Scotland,index,Index
index-private-housing-rental-prices,41,2024-02-14T00:00:00.000Z,91.3,,Jun-07,Jun-07,E12000006,East of England,index,Index
index-private-housing-rental-prices,41,2024-02-14T00:00:00.000Z,2.2,,Jun-07,Jun-07,E12000006,East of England,year-on-year-change,Year-on-year change
index-private-housing-rental-prices,41,2024-02-14T00:00:00.000Z,91.7,,Jun-07,Jun-07,E12000003,Yorkshire and The Humber,index,Index
index-private-housing-rental-prices,41,2024-02-14T00:00:00.000Z,,.,Jun-07,Jun-07,N92000002,Northern Ireland,year-on-year-change,Year-on-year change
index-private-housing-rental-prices,41,2024-02-14T00:00:00.000Z,,.,Jun-07,Jun-07,K03000001,Great Britain,year-on-year-change,Year-on-year change
index-private-housing-rental-prices,41,2024-02-14T00:00:00.000Z,,.,Jun-07,Jun-07,N92000002,Northern Ireland,index,Index
index-private-housing-rental-prices,41,2024-02-14T00:00:00.000Z,111.8,,Oct-21,Oct-21,E92000001,England,index,Index
index-private-housing-rental-prices,41,2024-02-14T00:00:00.000Z,106.8,,Oct-21,Oct-21,W92000004,Wales,index,Index
index-private-housing-rental-prices,41,2024-02-14T00:00:00.000Z,111.3,,Oct-21,Oct-21,K03000001,Great Britain,index,Index
index-private-housing-rental-prices,41,2024-02-14T00:00:00.000Z,2.6,,Oct-21,Oct-21,E12000006,East of England,year-on-year-change,Year-on-year change
index-private-housing-rental-prices,41,2024-02-14T00:00:00.000Z,115.9,,Oct-21,Oct-21,E12000009,South West,index,Index
index-private-housing-rental-prices,41,2024-02-14T00:00:00.000Z,2.2,,Oct-21,Oct-21,E12000005,West Midlands,year-on-year-change,Year-on-year change
index-private-housing-rental-prices,41,2024-02-14T00:00:00.000Z,117.9,,Oct-21,Oct-21,N92000002,Northern Ireland,index,Index
index-private-housing-rental-prices,41,2024-02-14T00:00:00.000Z,2.9,,Oct-21,Oct-21,E12000004,East Midlands,year-on-year-change,Year-on-year change
index-private-housing-rental-prices,41,2024-02-14T00:00:00.000Z,3.0,,Oct-21,Oct-21,E12000009,South West,year-on-year-change,Year-on-year change
index-private-housing-rental-prices,41,2024-02-14T00:00:00.000Z,118.1,,Oct-21,Oct-21,E12000004,East Midlands,index,Index
index-private-housing-rental-prices,41,2024-02-14T00:00:00.000Z,108.4,,Oct-21,Oct-21,E12000007,London,index,Index
index-private-housing-rental-prices,41,2024-02-14T00:00:00.000Z,111.4,,Oct-21,Oct-21,K02000001,United Kingdom,index,Index
index-private-housing-rental-prices,41,2024-02-14T00:00:00.000Z,1.2,,Oct-21,Oct-21,W92000004,Wales,year-on-year-change,Year-on-year change
index-private-housing-rental-prices,41,2024-02-14T00:00:00.000Z,111.5,,Oct-21,Oct-21,E12000003,Yorkshire and The Humber,index,Index
index-private-housing-rental-prices,41,2024-02-14T00:00:00.000Z,105.6,,Oct-21,Oct-21,E12000001,North East,index,Index
index-private-housing-rental-prices,41,2024-02-14T00:00:00.000Z,114.3,,Oct-21,Oct-21,E12000008,South East,index,Index
index-private-housing-rental-prices,41,2024-02-14T00:00:00.000Z,1.5,,Oct-21,Oct-21,K03000001,Great Britain,year-on-year-change,Year-on-year change
index-private-housing-rental-prices,41,2024-02-14T00:00:00.000Z,1.7,,Oct-21,Oct-21,E12000003,Yorkshire and The Humber,year-on-year-change,Year-on-year change
index-private-housing-rental-prices,41,2024-02-14T00:00:00.000Z,109.6,,Oct-21,Oct-21,E12000002,North West,index,Index
index-private-housing-rental-prices,41,2024-02-14T00:00:00.000Z,1.8,,Oct-21,Oct-21,E12000001,North East,year-on-year-change,Year-on-year change
index-private-housing-rental-prices,41,2024-02-14T00:00:00.000Z,0.1,,Oct-21,Oct-21,E12000007,London,year-on-year-change,Year-on-year change
index-private-housing-rental-prices,41,2024-02-14T00:00:00.000Z,104.8,,Oct-21,Oct-21,S92000003,Scotland,index,Index
index-private-housing-rental-prices,41,2024-02-14T00:00:00.000Z,5.5,,Oct-21,Oct-21,N92000002,Northern Ireland,year-on-year-change,Year-on-year change
index-private-housing-rental-prices,41,2024-02-14T00:00:00.000Z,115.4,,Oct-21,Oct-21,E12000006,East of England,index,Index
index-private-housing-rental-prices,41,2024-02-14T00:00:00.000Z,113.6,,Oct-21,Oct-21,E12000005,West Midlands,index,Index
index-private-housing-rental-prices,41,2024-02-14T00:00:00.000Z,1.6,,Oct-21,Oct-21,S92000003,Scotland,year-on-year-change,Year-on-year change
index-private-housing-rental-prices,41,2024-02-14T00:00:00.000Z,1.5,,Oct-21,Oct-21,E92000001,England,year-on-year-change,Year-on-year change
index-private-housing-rental-prices,41,2024-02-14T00:00:00.000Z,1.6,,Oct-21,Oct-21,K02000001,United Kingdom,year-on-year-change,Year-on-year change
index-private-housing-rental-prices,41,2024-02-14T00:00:00.000Z,1.8,,Oct-21,Oct-21,E12000008,South East,year-on-year-change,Year-on-year change
index-private-housing-rental-prices,41,2024-02-14T00:00:00.000Z,2.4,,Oct-21,Oct-21,E12000002,North West,year-on-year-change,Year-on-year change
index-private-housing-rental-prices,41,2024-02-14T00:00:00.000Z,0.8,,Oct-15,Oct-15,E12000002,North West,year-on-year-change,Year-on-year change
index-private-housing-rental-prices,41,2024-02-14T00:00:00.000Z,102.0,,Oct-15,Oct-15,E92000001,England,index,Index
index-private-housing-rental-prices,41,2024-02-14T00:00:00.000Z,100.4,,Oct-15,Oct-15,E12000001,North East,index,Index
index-private-housing-rental-prices,41,2024-02-14T00:00:00.000Z,0.5,,Oct-15,Oct-15,E12000001,North East,year-on-year-change,Year-on-year change
index-private-housing-rental-prices,41,2024-02-14T00:00:00.000Z,101.1,,Oct-15,Oct-15,E12000009,South West,index,Index
index-private-housing-rental-prices,41,2024-02-14T00:00:00.000Z,,.,Oct-15,Oct-15,N92000002,Northern Ireland,year-on-year-change,Year-on-year change
index-private-housing-rental-prices,41,2024-02-14T00:00:00.000Z,1.7,,Oct-15,Oct-15,E12000009,South West,year-on-year-change,Year-on-year change
index-private-housing-rental-prices,41,2024-02-14T00:00:00.000Z,2.8,,Oct-15,Oct-15,E92000001,England,year-on-year-change,Year-on-year change
index-private-housing-rental-prices,41,2024-02-14T00:00:00.000Z,2.1,,Oct-15,Oct-15,E12000004,East Midlands,year-on-year-change,Year-on-year change
index-private-housing-rental-prices,41,2024-02-14T00:00:00.000Z,101.8,,Oct-15,Oct-15,K02000001,United Kingdom,index,Index
index-private-housing-rental-prices,41,2024-02-14T00:00:00.000Z,100.8,,Oct-15,Oct-15,S92000003,Scotland,index,Index
index-private-housing-rental-prices,41,2024-02-14T00:00:00.000Z,100.1,,Oct-15,Oct-15,W92000004,Wales,index,Index
index-private-housing-rental-prices,41,2024-02-14T00:00:00.000Z,100.6,,Oct-15,Oct-15,N92000002,Northern Ireland,index,Index
index-private-housing-rental-prices,41,2024-02-14T00:00:00.000Z,2.8,,Oct-15,Oct-15,E12000008,South East,year-on-year-change,Year-on-year change
index-private-housing-rental-prices,41,2024-02-14T00:00:00.000Z,101.9,,Oct-15,Oct-15,K03000001,Great Britain,index,Index
index-private-housing-rental-prices,41,2024-02-14T00:00:00.000Z,1.3,,Oct-15,Oct-15,S92000003,Scotland,year-on-year-change,Year-on-year change
index-private-housing-rental-prices,41,2024-02-14T00:00:00.000Z,0.4,,Oct-15,Oct-15,W92000004,Wales,year-on-year-change,Year-on-year change
index-private-housing-rental-prices,41,2024-02-14T00:00:00.000Z,103.0,,Oct-15,Oct-15,E12000007,London,index,Index
index-private-housing-rental-prices,41,2024-02-14T00:00:00.000Z,,.,Oct-15,Oct-15,K02000001,United Kingdom,year-on-year-change,Year-on-year change
index-private-housing-rental-prices,41,2024-02-14T00:00:00.000Z,1.0,,Oct-15,Oct-15,E12000003,Yorkshire and The Humber,year-on-year-change,Year-on-year change
index-private-housing-rental-prices,41,2024-02-14T00:00:00.000Z,101.6,,Oct-15,Oct-15,E12000004,East Midlands,index,Index
index-private-housing-rental-prices,41,2024-02-14T00:00:00.000Z,100.6,,Oct-15,Oct-15,E12000002,North West,index,Index
index-private-housing-rental-prices,41,2024-02-14T00:00:00.000Z,101.3,,Oct-15,Oct-15,E12000005,West Midlands,index,Index
index-private-housing-rental-prices,41,2024-02-14T00:00:00.000Z,100.7,,Oct-15,Oct-15,E12000003,Yorkshire and The Humber,index,Index
index-private-housing-rental-prices,41,2024-02-14T00:00:00.000Z,101.8,,Oct-15,Oct-15,E12000008,South East,index,Index
index-private-housing-rental-prices,41,2024-02-14T00:00:00.000Z,1.9,,Oct-15,Oct-15,E12000005,West Midlands,year-on-year-change,Year-on-year change
index-private-housing-rental-prices,41,2024-02-14T00:00:00.000Z,2.9,,Oct-15,Oct-15,E12000006,East of England,year-on-year-change,Year-on-year change
index-private-housing-rental-prices,41,2024-02-14T00:00:00.000Z,101.9,,Oct-15,Oct-15,E12000006,East of England,index,Index
index-private-housing-rental-prices,41,2024-02-14T00:00:00.000Z,4.1,,Oct-15,Oct-15,E12000007,London,year-on-year-change,Year-on-year change
index-private-housing-rental-prices,41,2024-02-14T00:00:00.000Z,2.7,,Oct-15,Oct-15,K03000001,Great Britain,year-on-year-change,Year-on-year change
index-private-housing-rental-prices,41,2024-02-14T00:00:00.000Z,2.2,,Oct-08,Oct-08,E12000005,West Midlands,year-on-year-change,Year-on-year change
index-private-housing-rental-prices,41,2024-02-14T00:00:00.000Z,95.4,,Oct-08,Oct-08,E12000002,North West,index,Index
index-private-housing-rental-prices,41,2024-02-14T00:00:00.000Z,93.6,,Oct-08,Oct-08,E12000009,South West,index,Index
index-private-housing-rental-prices,41,2024-02-14T00:00:00.000Z,,.,Oct-08,Oct-08,K02000001,United Kingdom,index,Index
index-private-housing-rental-prices,41,2024-02-14T00:00:00.000Z,,.,Oct-08,Oct-08,N92000002,Northern Ireland,year-on-year-change,Year-on-year change
index-private-housing-rental-prices,41,2024-02-14T00:00:00.000Z,1.9,,Oct-08,Oct-08,E12000004,East Midlands,year-on-year-change,Year-on-year change
index-private-housing-rental-prices,41,2024-02-14T00:00:00.000Z,95.8,,Oct-08,Oct-08,E12000004,East Midlands,index,Index
index-private-housing-rental-prices,41,2024-02-14T00:00:00.000Z,84.5,,Oct-08,Oct-08,E12000007,London,index,Index
index-private-housing-rental-prices,41,2024-02-14T00:00:00.000Z,94.6,,Oct-08,Oct-08,E12000006,East of England,index,Index
index-private-housing-rental-prices,41,2024-02-14T00:00:00.000Z,4.4,,Oct-08,Oct-08,E12000007,London,year-on-year-change,Year-on-year change
index-private-housing-rental-prices,41,2024-02-14T00:00:00.000Z,90.4,,Oct-08,Oct-08,E92000001,England,index,Index
index-private-housing-rental-prices,41,2024-02-14T00:00:00.000Z,2.6,,Oct-08,Oct-08,E12000006,East of England,year-on-year-change,Year-on-year change
index-private-housing-rental-prices,41,2024-02-14T00:00:00.000Z,3.0,,Oct-08,Oct-08,E12000001,North East,year-on-year-change,Year-on-year change
index-private-housing-rental-prices,41,2024-02-14T00:00:00.000Z,91.3,,Oct-08,Oct-08,E12000008,South East,index,Index
index-private-housing-rental-prices,41,2024-02-14T00:00:00.000Z,3.4,,Oct-08,Oct-08,E92000001,England,year-on-year-change,Year-on-year change
index-private-housing-rental-prices,41,2024-02-14T00:00:00.000Z,3.7,,Oct-08,Oct-08,E12000009,South West,year-on-year-change,Year-on-year change
index-private-housing-rental-prices,41,2024-02-14T00:00:00.000Z,95.4,,Oct-08,Oct-08,E12000005,West Midlands,index,Index
index-private-housing-rental-prices,41,2024-02-14T00:00:00.000Z,,.,Oct-08,Oct-08,W92000004,Wales,index,Index
index-private-housing-rental-prices,41,2024-02-14T00:00:00.000Z,,.,Oct-08,Oct-08,K03000001,Great Britain,index,Index
index-private-housing-rental-prices,41,2024-02-14T00:00:00.000Z,,.,Oct-08,Oct-08,W92000004,Wales,year-on-year-change,Year-on-year change
index-private-housing-rental-prices,41,2024-02-14T00:00:00.000Z,2.4,,Oct-08,Oct-08,E12000003,Yorkshire and The Humber,year-on-year-change,Year-on-year change
index-private-housing-rental-prices,41,2024-02-14T00:00:00.000Z,3.6,,Oct-08,Oct-08,E12000008,South East,year-on-year-change,Year-on-year change
index-private-housing-rental-prices,41,2024-02-14T00:00:00.000Z,94.9,,Oct-08,Oct-08,E12000003,Yorkshire and The Humber,index,Index
index-private-housing-rental-prices,41,2024-02-14T00:00:00.000Z,,.,Oct-08,Oct-08,K03000001,Great Britain,year-on-year-change,Year-on-year change
index-private-housing-rental-prices,41,2024-02-14T00:00:00.000Z,,.,Oct-08,Oct-08,N92000002,Northern Ireland,index,Index
index-private-housing-rental-prices,41,2024-02-14T00:00:00.000Z,1.6,,Oct-08,Oct-08,E12000002,North West,year-on-year-change,Year-on-year change
index-private-housing-rental-prices,41,2024-02-14T00:00:00.000Z,95.5,,Oct-08,Oct-08,E12000001,North East,index,Index
index-private-housing-rental-prices,41,2024-02-14T00:00:00.000Z,,.,Oct-08,Oct-08,K02000001,United Kingdom,year-on-year-change,Year-on-year change
index-private-housing-rental-prices,41,2024-02-14T00:00:00.000Z,,.,Oct-08,Oct-08,S92000003,Scotland,year-on-year-change,Year-on-year change
index-private-housing-rental-prices,41,2024-02-14T00:00:00.000Z,,.,Oct-08,Oct-08,S92000003,Scotland,index,Index
index-private-housing-rental-prices,41,2024-02-14T00:00:00.000Z,3.3,,Mar-22,Mar-22,E12000005,West Midlands,year-on-year-change,Year-on-year change
index-private-housing-rental-prices,41,2024-02-14T00:00:00.000Z,6.8,,Mar-22,Mar-22,N92000002,Northern Ireland,year-on-year-change,Year-on-year change
index-private-housing-rental-prices,41,2024-02-14T00:00:00.000Z,3.4,,Mar-22,Mar-22,E12000009,South West,year-on-year-change,Year-on-year change
index-private-housing-rental-prices,41,2024-02-14T00:00:00.000Z,121.7,,Mar-22,Mar-22,N92000002,Northern Ireland,index,Index
index-private-housing-rental-prices,41,2024-02-14T00:00:00.000Z,2.4,,Mar-22,Mar-22,E12000001,North East,year-on-year-change,Year-on-year change
index-private-housing-rental-prices,41,2024-02-14T00:00:00.000Z,3.7,,Mar-22,Mar-22,E12000006,East of England,year-on-year-change,Year-on-year change
index-private-housing-rental-prices,41,2024-02-14T00:00:00.000Z,112.6,,Mar-22,Mar-22,K03000001,Great Britain,index,Index
index-private-housing-rental-prices,41,2024-02-14T00:00:00.000Z,117.7,,Mar-22,Mar-22,E12000009,South West,index,Index
index-private-housing-rental-prices,41,2024-02-14T00:00:00.000Z,106.5,,Mar-22,Mar-22,S92000003,Scotland,index,Index
index-private-housing-rental-prices,41,2024-02-14T00:00:00.000Z,2.8,,Mar-22,Mar-22,E12000008,South East,year-on-year-change,Year-on-year change
index-private-housing-rental-prices,41,2024-02-14T00:00:00.000Z,1.6,,Mar-22,Mar-22,W92000004,Wales,year-on-year-change,Year-on-year change
index-private-housing-rental-prices,41,2024-02-14T00:00:00.000Z,3.0,,Mar-22,Mar-22,E12000003,Yorkshire and The Humber,year-on-year-change,Year-on-year change
index-private-housing-rental-prices,41,2024-02-14T00:00:00.000Z,120.2,,Mar-22,Mar-22,E12000004,East Midlands,index,Index
index-private-housing-rental-prices,41,2024-02-14T00:00:00.000Z,106.8,,Mar-22,Mar-22,E12000001,North East,index,Index
index-private-housing-rental-prices,41,2024-02-14T00:00:00.000Z,108.9,,Mar-22,Mar-22,E12000007,London,index,Index
index-private-housing-rental-prices,41,2024-02-14T00:00:00.000Z,2.2,,Mar-22,Mar-22,K03000001,Great Britain,year-on-year-change,Year-on-year change
index-private-housing-rental-prices,41,2024-02-14T00:00:00.000Z,2.2,,Mar-22,Mar-22,E92000001,England,year-on-year-change,Year-on-year change
index-private-housing-rental-prices,41,2024-02-14T00:00:00.000Z,113.1,,Mar-22,Mar-22,E92000001,England,index,Index
index-private-housing-rental-prices,41,2024-02-14T00:00:00.000Z,115.3,,Mar-22,Mar-22,E12000005,West Midlands,index,Index
index-private-housing-rental-prices,41,2024-02-14T00:00:00.000Z,0.4,,Mar-22,Mar-22,E12000007,London,year-on-year-change,Year-on-year change
index-private-housing-rental-prices,41,2024-02-14T00:00:00.000Z,113.4,,Mar-22,Mar-22,E12000003,Yorkshire and The Humber,index,Index
index-private-housing-rental-prices,41,2024-02-14T00:00:00.000Z,117.1,,Mar-22,Mar-22,E12000006,East of England,index,Index
index-private-housing-rental-prices,41,2024-02-14T00:00:00.000Z,2.8,,Mar-22,Mar-22,S92000003,Scotland,year-on-year-change,Year-on-year change
index-private-housing-rental-prices,41,2024-02-14T00:00:00.000Z,3.3,,Mar-22,Mar-22,E12000002,North West,year-on-year-change,Year-on-year change
index-private-housing-rental-prices,41,2024-02-14T00:00:00.000Z,3.8,,Mar-22,Mar-22,E12000004,East Midlands,year-on-year-change,Year-on-year change
index-private-housing-rental-prices,41,2024-02-14T00:00:00.000Z,2.3,,Mar-22,Mar-22,K02000001,United Kingdom,year-on-year-change,Year-on-year change
index-private-housing-rental-prices,41,2024-02-14T00:00:00.000Z,112.8,,Mar-22,Mar-22,K02000001,United Kingdom,index,Index
index-private-housing-rental-prices,41,2024-02-14T00:00:00.000Z,115.9,,Mar-22,Mar-22,E12000008,South East,index,Index
index-private-housing-rental-prices,41,2024-02-14T00:00:00.000Z,107.8,,Mar-22,Mar-22,W92000004,Wales,index,Index
index-private-housing-rental-prices,41,2024-02-14T00:00:00.000Z,111.5,,Mar-22,Mar-22,E12000002,North West,index,Index
index-private-housing-rental-prices,41,2024-02-14T00:00:00.000Z,113.3,,Mar-20,Mar-20,E12000004,East Midlands,index,Index
index-private-housing-rental-prices,41,2024-02-14T00:00:00.000Z,102.9,,Mar-20,Mar-20,E12000001,North East,index,Index
index-private-housing-rental-prices,41,2024-02-14T00:00:00.000Z,1.2,,Mar-20,Mar-20,E12000007,London,year-on-year-change,Year-on-year change
index-private-housing-rental-prices,41,2024-02-14T00:00:00.000Z,1.0,,Mar-20,Mar-20,E12000002,North West,year-on-year-change,Year-on-year change
index-private-housing-rental-prices,41,2024-02-14T00:00:00.000Z,111.0,,Mar-20,Mar-20,E12000009,South West,index,Index
index-private-housing-rental-prices,41,2024-02-14T00:00:00.000Z,1.4,,Mar-20,Mar-20,K03000001,Great Britain,year-on-year-change,Year-on-year change
index-private-housing-rental-prices,41,2024-02-14T00:00:00.000Z,1.2,,Mar-20,Mar-20,W92000004,Wales,year-on-year-change,Year-on-year change
index-private-housing-rental-prices,41,2024-02-14T00:00:00.000Z,109.3,,Mar-20,Mar-20,E92000001,England,index,Index
index-private-housing-rental-prices,41,2024-02-14T00:00:00.000Z,2.6,,Mar-20,Mar-20,N92000002,Northern Ireland,year-on-year-change,Year-on-year change
index-private-housing-rental-prices,41,2024-02-14T00:00:00.000Z,110.1,,Mar-20,Mar-20,N92000002,Northern Ireland,index,Index
index-private-housing-rental-prices,41,2024-02-14T00:00:00.000Z,108.8,,Mar-20,Mar-20,K03000001,Great Britain,index,Index
index-private-housing-rental-prices,41,2024-02-14T00:00:00.000Z,1.6,,Mar-20,Mar-20,E12000005,West Midlands,year-on-year-change,Year-on-year change
index-private-housing-rental-prices,41,2024-02-14T00:00:00.000Z,102.6,,Mar-20,Mar-20,S92000003,Scotland,index,Index
index-private-housing-rental-prices,41,2024-02-14T00:00:00.000Z,1.6,,Mar-20,Mar-20,E12000006,East of England,year-on-year-change,Year-on-year change
index-private-housing-rental-prices,41,2024-02-14T00:00:00.000Z,109.5,,Mar-20,Mar-20,E12000005,West Midlands,index,Index
index-private-housing-rental-prices,41,2024-02-14T00:00:00.000Z,107.9,,Mar-20,Mar-20,E12000007,London,index,Index
index-private-housing-rental-prices,41,2024-02-14T00:00:00.000Z,105.9,,Mar-20,Mar-20,E12000002,North West,index,Index
index-private-housing-rental-prices,41,2024-02-14T00:00:00.000Z,1.4,,Mar-20,Mar-20,K02000001,United Kingdom,year-on-year-change,Year-on-year change
index-private-housing-rental-prices,41,2024-02-14T00:00:00.000Z,2.4,,Mar-20,Mar-20,E12000009,South West,year-on-year-change,Year-on-year change
index-private-housing-rental-prices,41,2024-02-14T00:00:00.000Z,104.6,,Mar-20,Mar-20,W92000004,Wales,index,Index
index-private-housing-rental-prices,41,2024-02-14T00:00:00.000Z,111.4,,Mar-20,Mar-20,E12000008,South East,index,Index
index-private-housing-rental-prices,41,2024-02-14T00:00:00.000Z,108.4,,Mar-20,Mar-20,E12000003,Yorkshire and The Humber,index,Index
index-private-housing-rental-prices,41,2024-02-14T00:00:00.000Z,2.3,,Mar-20,Mar-20,E12000004,East Midlands,year-on-year-change,Year-on-year change
index-private-housing-rental-prices,41,2024-02-14T00:00:00.000Z,111.5,,Mar-20,Mar-20,E12000006,East of England,index,Index
index-private-housing-rental-prices,41,2024-02-14T00:00:00.000Z,0.7,,Mar-20,Mar-20,E12000001,North East,year-on-year-change,Year-on-year change
index-private-housing-rental-prices,41,2024-02-14T00:00:00.000Z,0.6,,Mar-20,Mar-20,S92000003,Scotland,year-on-year-change,Year-on-year change
index-private-housing-rental-prices,41,2024-02-14T00:00:00.000Z,1.1,,Mar-20,Mar-20,E12000008,South East,year-on-year-change,Year-on-year change
index-private-housing-rental-prices,41,2024-02-14T00:00:00.000Z,108.8,,Mar-20,Mar-20,K02000001,United Kingdom,index,Index
index-private-housing-rental-prices,41,2024-02-14T00:00:00.000Z,1.4,,Mar-20,Mar-20,E92000001,England,year-on-year-change,Year-on-year change
index-private-housing-rental-prices,41,2024-02-14T00:00:00.000Z,2.0,,Mar-20,Mar-20,E12000003,Yorkshire and The Humber,year-on-year-change,Year-on-year change
index-private-housing-rental-prices,41,2024-02-14T00:00:00.000Z,95.2,,Sep-08,Sep-08,E12000002,North West,index,Index
index-private-housing-rental-prices,41,2024-02-14T00:00:00.000Z,,.,Sep-08,Sep-08,S92000003,Scotland,index,Index
index-private-housing-rental-prices,41,2024-02-14T00:00:00.000Z,95.4,,Sep-08,Sep-08,E12000001,North East,index,Index
index-private-housing-rental-prices,41,2024-02-14T00:00:00.000Z,,.,Sep-08,Sep-08,K03000001,Great Britain,year-on-year-change,Year-on-year change
index-private-housing-rental-prices,41,2024-02-14T00:00:00.000Z,93.2,,Sep-08,Sep-08,E12000009,South West,index,Index
index-private-housing-rental-prices,41,2024-02-14T00:00:00.000Z,4.2,,Sep-08,Sep-08,E12000007,London,year-on-year-change,Year-on-year change
index-private-housing-rental-prices,41,2024-02-14T00:00:00.000Z,3.5,,Sep-08,Sep-08,E12000009,South West,year-on-year-change,Year-on-year change
index-private-housing-rental-prices,41,2024-02-14T00:00:00.000Z,,.,Sep-08,Sep-08,K03000001,Great Britain,index,Index
index-private-housing-rental-prices,41,2024-02-14T00:00:00.000Z,,.,Sep-08,Sep-08,N92000002,Northern Ireland,index,Index
index-private-housing-rental-prices,41,2024-02-14T00:00:00.000Z,95.7,,Sep-08,Sep-08,E12000004,East Midlands,index,Index
index-private-housing-rental-prices,41,2024-02-14T00:00:00.000Z,3.6,,Sep-08,Sep-08,E12000008,South East,year-on-year-change,Year-on-year change
index-private-housing-rental-prices,41,2024-02-14T00:00:00.000Z,84.0,,Sep-08,Sep-08,E12000007,London,index,Index
index-private-housing-rental-prices,41,2024-02-14T00:00:00.000Z,1.6,,Sep-08,Sep-08,E12000002,North West,year-on-year-change,Year-on-year change
index-private-housing-rental-prices,41,2024-02-14T00:00:00.000Z,,.,Sep-08,Sep-08,N92000002,Northern Ireland,year-on-year-change,Year-on-year change
index-private-housing-rental-prices,41,2024-02-14T00:00:00.000Z,95.2,,Sep-08,Sep-08,E12000005,West Midlands,index,Index
index-private-housing-rental-prices,41,2024-02-14T00:00:00.000Z,,.,Sep-08,Sep-08,K02000001,United Kingdom,year-on-year-change,Year-on-year change
index-private-housing-rental-prices,41,2024-02-14T00:00:00.000Z,,.,Sep-08,Sep-08,W92000004,Wales,year-on-year-change,Year-on-year change
index-private-housing-rental-prices,41,2024-02-14T00:00:00.000Z,,.,Sep-08,Sep-08,W92000004,Wales,index,Index
index-private-housing-rental-prices,41,2024-02-14T00:00:00.000Z,,.,Sep-08,Sep-08,K02000001,United Kingdom,index,Index
index-private-housing-rental-prices,41,2024-02-14T00:00:00.000Z,91.1,,Sep-08,Sep-08,E12000008,South East,index,Index
index-private-housing-rental-prices,41,2024-02-14T00:00:00.000Z,2.5,,Sep-08,Sep-08,E12000003,Yorkshire and The Humber,year-on-year-change,Year-on-year change
index-private-housing-rental-prices,41,2024-02-14T00:00:00.000Z,94.8,,Sep-08,Sep-08,E12000003,Yorkshire and The Humber,index,Index
index-private-housing-rental-prices,41,2024-02-14T00:00:00.000Z,,.,Sep-08,Sep-08,S92000003,Scotland,year-on-year-change,Year-on-year change
index-private-housing-rental-prices,41,2024-02-14T00:00:00.000Z,94.4,,Sep-08,Sep-08,E12000006,East of England,index,Index
index-private-housing-rental-prices,41,2024-02-14T00:00:00.000Z,3.3,,Sep-08,Sep-08,E92000001,England,year-on-year-change,Year-on-year change
index-private-housing-rental-prices,41,2024-02-14T00:00:00.000Z,2.9,,Sep-08,Sep-08,E12000006,East of England,year-on-year-change,Year-on-year change
index-private-housing-rental-prices,41,2024-02-14T00:00:00.000Z,2.1,,Sep-08,Sep-08,E12000005,West Midlands,year-on-year-change,Year-on-year change
index-private-housing-rental-prices,41,2024-02-14T00:00:00.000Z,2.0,,Sep-08,Sep-08,E12000004,East Midlands,year-on-year-change,Year-on-year change
index-private-housing-rental-prices,41,2024-02-14T00:00:00.000Z,90.0,,Sep-08,Sep-08,E92000001,England,index,Index
index-private-housing-rental-prices,41,2024-02-14T00:00:00.000Z,3.2,,Sep-08,Sep-08,E12000001,North East,year-on-year-change,Year-on-year change
index-private-housing-rental-prices,41,2024-02-14T00:00:00.000Z,91.2,,Feb-09,Feb-09,E92000001,England,index,Index
index-private-housing-rental-prices,41,2024-02-14T00:00:00.000Z,96.4,,Feb-09,Feb-09,E12000001,North East,index,Index
index-private-housing-rental-prices,41,2024-02-14T00:00:00.000Z,,.,Feb-09,Feb-09,K02000001,United Kingdom,index,Index
index-private-housing-rental-prices,41,2024-02-14T00:00:00.000Z,,.,Feb-09,Feb-09,K03000001,Great Britain,index,Index
index-private-housing-rental-prices,41,2024-02-14T00:00:00.000Z,1.2,,Feb-09,Feb-09,E12000004,East Midlands,year-on-year-change,Year-on-year change
index-private-housing-rental-prices,41,2024-02-14T00:00:00.000Z,95.6,,Feb-09,Feb-09,E12000003,Yorkshire and The Humber,index,Index
index-private-housing-rental-prices,41,2024-02-14T00:00:00.000Z,,.,Feb-09,Feb-09,S92000003,Scotland,year-on-year-change,Year-on-year change
index-private-housing-rental-prices,41,2024-02-14T00:00:00.000Z,95.2,,Feb-09,Feb-09,E12000006,East of England,index,Index
index-private-housing-rental-prices,41,2024-02-14T00:00:00.000Z,95.8,,Feb-09,Feb-09,E12000004,East Midlands,index,Index
index-private-housing-rental-prices,41,2024-02-14T00:00:00.000Z,96.8,,Feb-09,Feb-09,W92000004,Wales,index,Index
index-private-housing-rental-prices,41,2024-02-14T00:00:00.000Z,85.7,,Feb-09,Feb-09,E12000007,London,index,Index
index-private-housing-rental-prices,41,2024-02-14T00:00:00.000Z,2.9,,Feb-09,Feb-09,E92000001,England,year-on-year-change,Year-on-year change
index-private-housing-rental-prices,41,2024-02-14T00:00:00.000Z,4.1,,Feb-09,Feb-09,E12000007,London,year-on-year-change,Year-on-year change
index-private-housing-rental-prices,41,2024-02-14T00:00:00.000Z,2.1,,Feb-09,Feb-09,E12000005,West Midlands,year-on-year-change,Year-on-year change
index-private-housing-rental-prices,41,2024-02-14T00:00:00.000Z,93.9,,Feb-09,Feb-09,E12000009,South West,index,Index
index-private-housing-rental-prices,41,2024-02-14T00:00:00.000Z,2.5,,Feb-09,Feb-09,E12000009,South West,year-on-year-change,Year-on-year change
index-private-housing-rental-prices,41,2024-02-14T00:00:00.000Z,,.,Feb-09,Feb-09,S92000003,Scotland,index,Index
index-private-housing-rental-prices,41,2024-02-14T00:00:00.000Z,96.0,,Feb-09,Feb-09,E12000005,West Midlands,index,Index
index-private-housing-rental-prices,41,2024-02-14T00:00:00.000Z,92.1,,Feb-09,Feb-09,E12000008,South East,index,Index
index-private-housing-rental-prices,41,2024-02-14T00:00:00.000Z,,.,Feb-09,Feb-09,W92000004,Wales,year-on-year-change,Year-on-year change
index-private-housing-rental-prices,41,2024-02-14T00:00:00.000Z,95.9,,Feb-09,Feb-09,E12000002,North West,index,Index
index-private-housing-rental-prices,41,2024-02-14T00:00:00.000Z,,.,Feb-09,Feb-09,N92000002,Northern Ireland,year-on-year-change,Year-on-year change
index-private-housing-rental-prices,41,2024-02-14T00:00:00.000Z,,.,Feb-09,Feb-09,K03000001,Great Britain,year-on-year-change,Year-on-year change
index-private-housing-rental-prices,41,2024-02-14T00:00:00.000Z,1.7,,Feb-09,Feb-09,E12000003,Yorkshire and The Humber,year-on-year-change,Year-on-year change
index-private-housing-rental-prices,41,2024-02-14T00:00:00.000Z,3.1,,Feb-09,Feb-09,E12000008,South East,year-on-year-change,Year-on-year change
index-private-housing-rental-prices,41,2024-02-14T00:00:00.000Z,,.,Feb-09,Feb-09,K02000001,United Kingdom,year-on-year-change,Year-on-year change
index-private-housing-rental-prices,41,2024-02-14T00:00:00.000Z,,.,Feb-09,Feb-09,N92000002,Northern Ireland,index,Index
index-private-housing-rental-prices,41,2024-02-14T00:00:00.000Z,1.6,,Feb-09,Feb-09,E12000002,North West,year-on-year-change,Year-on-year change
index-private-housing-rental-prices,41,2024-02-14T00:00:00.000Z,2.4,,Feb-09,Feb-09,E12000001,North East,year-on-year-change,Year-on-year change
index-private-housing-rental-prices,41,2024-02-14T00:00:00.000Z,2.3,,Feb-09,Feb-09,E12000006,East of England,year-on-year-change,Year-on-year change
index-private-housing-rental-prices,41,2024-02-14T00:00:00.000Z,5.5,,Jul-23,Jul-23,E12000005,West Midlands,year-on-year-change,Year-on-year change
index-private-housing-rental-prices,41,2024-02-14T00:00:00.000Z,4.6,,Jul-23,Jul-23,E12000001,North East,year-on-year-change,Year-on-year change
index-private-housing-rental-prices,41,2024-02-14T00:00:00.000Z,124.6,,Jul-23,Jul-23,E12000006,East of England,index,Index
index-private-housing-rental-prices,41,2024-02-14T00:00:00.000Z,118.8,,Jul-23,Jul-23,E12000002,North West,index,Index
index-private-housing-rental-prices,41,2024-02-14T00:00:00.000Z,120.8,,Jul-23,Jul-23,E12000003,Yorkshire and The Humber,index,Index
index-private-housing-rental-prices,41,2024-02-14T00:00:00.000Z,4.8,,Jul-23,Jul-23,E12000008,South East,year-on-year-change,Year-on-year change
index-private-housing-rental-prices,41,2024-02-14T00:00:00.000Z,120.6,,Jul-23,Jul-23,E92000001,England,index,Index
index-private-housing-rental-prices,41,2024-02-14T00:00:00.000Z,123.1,,Jul-23,Jul-23,E12000005,West Midlands,index,Index
index-private-housing-rental-prices,41,2024-02-14T00:00:00.000Z,5.2,,Jul-23,Jul-23,E92000001,England,year-on-year-change,Year-on-year change
index-private-housing-rental-prices,41,2024-02-14T00:00:00.000Z,4.9,,Jul-23,Jul-23,E12000009,South West,year-on-year-change,Year-on-year change
index-private-housing-rental-prices,41,2024-02-14T00:00:00.000Z,5.1,,Jul-23,Jul-23,E12000004,East Midlands,year-on-year-change,Year-on-year change
index-private-housing-rental-prices,41,2024-02-14T00:00:00.000Z,125.2,,Jul-23,Jul-23,E12000009,South West,index,Index
index-private-housing-rental-prices,41,2024-02-14T00:00:00.000Z,115.7,,Jul-23,Jul-23,W92000004,Wales,index,Index
index-private-housing-rental-prices,41,2024-02-14T00:00:00.000Z,9.3,,Jul-23,Jul-23,N92000002,Northern Ireland,year-on-year-change,Year-on-year change
index-private-housing-rental-prices,41,2024-02-14T00:00:00.000Z,5.2,,Jul-23,Jul-23,E12000002,North West,year-on-year-change,Year-on-year change
index-private-housing-rental-prices,41,2024-02-14T00:00:00.000Z,5.5,,Jul-23,Jul-23,E12000007,London,year-on-year-change,Year-on-year change
index-private-housing-rental-prices,41,2024-02-14T00:00:00.000Z,114.1,,Jul-23,Jul-23,S92000003,Scotland,index,Index
index-private-housing-rental-prices,41,2024-02-14T00:00:00.000Z,5.3,,Jul-23,Jul-23,K03000001,Great Britain,year-on-year-change,Year-on-year change
index-private-housing-rental-prices,41,2024-02-14T00:00:00.000Z,5.7,,Jul-23,Jul-23,S92000003,Scotland,year-on-year-change,Year-on-year change
index-private-housing-rental-prices,41,2024-02-14T00:00:00.000Z,128.2,,Jul-23,Jul-23,E12000004,East Midlands,index,Index
index-private-housing-rental-prices,41,2024-02-14T00:00:00.000Z,116.6,,Jul-23,Jul-23,E12000007,London,index,Index
index-private-housing-rental-prices,41,2024-02-14T00:00:00.000Z,5.3,,Jul-23,Jul-23,K02000001,United Kingdom,year-on-year-change,Year-on-year change
index-private-housing-rental-prices,41,2024-02-14T00:00:00.000Z,6.5,,Jul-23,Jul-23,W92000004,Wales,year-on-year-change,Year-on-year change
index-private-housing-rental-prices,41,2024-02-14T00:00:00.000Z,137.7,,Jul-23,Jul-23,N92000002,Northern Ireland,index,Index
index-private-housing-rental-prices,41,2024-02-14T00:00:00.000Z,5.5,,Jul-23,Jul-23,E12000003,Yorkshire and The Humber,year-on-year-change,Year-on-year change
index-private-housing-rental-prices,41,2024-02-14T00:00:00.000Z,112.9,,Jul-23,Jul-23,E12000001,North East,index,Index
index-private-housing-rental-prices,41,2024-02-14T00:00:00.000Z,120.4,,Jul-23,Jul-23,K02000001,United Kingdom,index,Index
index-private-housing-rental-prices,41,2024-02-14T00:00:00.000Z,120.2,,Jul-23,Jul-23,K03000001,Great Britain,index,Index
index-private-housing-rental-prices,41,2024-02-14T00:00:00.000Z,4.9,,Jul-23,Jul-23,E12000006,East of England,year-on-year-change,Year-on-year change
index-private-housing-rental-prices,41,2024-02-14T00:00:00.000Z,123.0,,Jul-23,Jul-23,E12000008,South East,index,Index
index-private-housing-rental-prices,41,2024-02-14T00:00:00.000Z,2.3,,Dec-06,Dec-06,E12000006,East of England,year-on-year-change,Year-on-year change
index-private-housing-rental-prices,41,2024-02-14T00:00:00.000Z,85.2,,Dec-06,Dec-06,E92000001,England,index,Index
index-private-housing-rental-prices,41,2024-02-14T00:00:00.000Z,87.7,,Dec-06,Dec-06,E12000009,South West,index,Index
index-private-housing-rental-prices,41,2024-02-14T00:00:00.000Z,91.9,,Dec-06,Dec-06,E12000005,West Midlands,index,Index
index-private-housing-rental-prices,41,2024-02-14T00:00:00.000Z,2.3,,Dec-06,Dec-06,E12000007,London,year-on-year-change,Year-on-year change
index-private-housing-rental-prices,41,2024-02-14T00:00:00.000Z,2.8,,Dec-06,Dec-06,E12000001,North East,year-on-year-change,Year-on-year change
index-private-housing-rental-prices,41,2024-02-14T00:00:00.000Z,91.1,,Dec-06,Dec-06,E12000001,North East,index,Index
index-private-housing-rental-prices,41,2024-02-14T00:00:00.000Z,,.,Dec-06,Dec-06,S92000003,Scotland,year-on-year-change,Year-on-year change
index-private-housing-rental-prices,41,2024-02-14T00:00:00.000Z,2.3,,Dec-06,Dec-06,E12000009,South West,year-on-year-change,Year-on-year change
index-private-housing-rental-prices,41,2024-02-14T00:00:00.000Z,90.2,,Dec-06,Dec-06,E12000006,East of England,index,Index
