Lower tier local authorities Code,Lower tier local authorities,Religion (10 categories) Code,Religion (10 categories),Observation,geography
E06000001,Hartlepool,-8,Does not apply,0,North East
E06000001,Hartlepool,1,No religion,36995,North East
E06000001,Hartlepool,2,Christian,48495,North East
E06000001,Hartlepool,3,Buddhist,180,North East
E06000001,Hartlepool,4,Hindu,222,North East
E06000001,Hartlepool,5,Jewish,27,North East
E06000001,Hartlepool,6,Muslim,1213,North East
E06000001,Hartlepool,7,Sikh,166,North East
E06000001,Hartlepool,8,Other religion,285,North East
E06000001,Hartlepool,9,Not answered,4755,North East
E06000002,Middlesbrough,-8,Does not apply,0,North East
E06000002,Middlesbrough,1,No religion,52415,North East
E06000002,Middlesbrough,2,Christian,66143,North East
E06000002,Middlesbrough,3,Buddhist,437,North East
E06000002,Middlesbrough,4,Hindu,1436,North East
E06000002,Middlesbrough,5,Jewish,41,North East
E06000002,Middlesbrough,6,Muslim,14703,North East
E06000002,Middlesbrough,7,Sikh,606,North East
E06000002,Middlesbrough,8,Other religion,460,North East
E06000002,Middlesbrough,9,Not answered,7683,North East
E06000003,Redcar and Cleveland,-8,Does not apply,0,North East
E06000003,Redcar and Cleveland,1,No religion,54921,North East
E06000003,Redcar and Cleveland,2,Christian,72359,North East
E06000003,Redcar and Cleveland,3,Buddhist,280,North East
E06000003,Redcar and Cleveland,4,Hindu,139,North East
E06000003,Redcar and Cleveland,5,Jewish,37,North East
E06000003,Redcar and Cleveland,6,Muslim,984,North East
E06000003,Redcar and Cleveland,7,Sikh,70,North East
E06000003,Redcar and Cleveland,8,Other religion,491,North East
E06000003,Redcar and Cleveland,9,Not answered,7248,North East
E06000004,Stockton-on-Tees,-8,Does not apply,0,North East
E06000004,Stockton-on-Tees,1,No religion,76840,North East
E06000004,Stockton-on-Tees,2,Christian,100420,North East
E06000004,Stockton-on-Tees,3,Buddhist,532,North East
E06000004,Stockton-on-Tees,4,Hindu,811,North East
E06000004,Stockton-on-Tees,5,Jewish,61,North East
E06000004,Stockton-on-Tees,6,Muslim,6675,North East
E06000004,Stockton-on-Tees,7,Sikh,782,North East
E06000004,Stockton-on-Tees,8,Other religion,550,North East
E06000004,Stockton-on-Tees,9,Not answered,9924,North East
E06000005,Darlington,-8,Does not apply,0,North East
E06000005,Darlington,1,No religion,42780,North East
E06000005,Darlington,2,Christian,56194,North East
E06000005,Darlington,3,Buddhist,344,North East
E06000005,Darlington,4,Hindu,453,North East
E06000005,Darlington,5,Jewish,36,North East
E06000005,Darlington,6,Muslim,1849,North East
E06000005,Darlington,7,Sikh,443,North East
E06000005,Darlington,8,Other religion,404,North East
E06000005,Darlington,9,Not answered,5296,North East
E06000006,Halton,-8,Does not apply,0,North West
E06000006,Halton,1,No religion,45261,North West
E06000006,Halton,2,Christian,75269,North West
E06000006,Halton,3,Buddhist,291,North West
E06000006,Halton,4,Hindu,327,North West
E06000006,Halton,5,Jewish,46,North West
E06000006,Halton,6,Muslim,805,North West
E06000006,Halton,7,Sikh,80,North West
E06000006,Halton,8,Other religion,453,North West
E06000006,Halton,9,Not answered,5946,North West
E06000007,Warrington,-8,Does not apply,0,North West
E06000007,Warrington,1,No religion,73042,North West
E06000007,Warrington,2,Christian,119650,North West
E06000007,Warrington,3,Buddhist,605,North West
E06000007,Warrington,4,Hindu,1495,North West
E06000007,Warrington,5,Jewish,190,North West
E06000007,Warrington,6,Muslim,3686,North West
E06000007,Warrington,7,Sikh,478,North West
E06000007,Warrington,8,Other religion,794,North West
E06000007,Warrington,9,Not answered,11034,North West
E06000008,Blackburn with Darwen,-8,Does not apply,0,North West
E06000008,Blackburn with Darwen,1,No religion,32717,North West
E06000008,Blackburn with Darwen,2,Christian,58793,North West
E06000008,Blackburn with Darwen,3,Buddhist,262,North West
E06000008,Blackburn with Darwen,4,Hindu,483,North West
E06000008,Blackburn with Darwen,5,Jewish,49,North West
E06000008,Blackburn with Darwen,6,Muslim,54146,North West
E06000008,Blackburn with Darwen,7,Sikh,139,North West
E06000008,Blackburn with Darwen,8,Other religion,439,North West
E06000008,Blackburn with Darwen,9,Not answered,7711,North West
E06000009,Blackpool,-8,Does not apply,0,North West
E06000009,Blackpool,1,No religion,57812,North West
E06000009,Blackpool,2,Christian,71698,North West
E06000009,Blackpool,3,Buddhist,500,North West
E06000009,Blackpool,4,Hindu,511,North West
E06000009,Blackpool,5,Jewish,227,North West
E06000009,Blackpool,6,Muslim,2004,North West
E06000009,Blackpool,7,Sikh,109,North West
E06000009,Blackpool,8,Other religion,707,North West
E06000009,Blackpool,9,Not answered,7468,North West
E06000010,Kingston upon Hull,-8,Does not apply,0,Yorkshire and The Humber
E06000010,Kingston upon Hull,1,No religion,131424,Yorkshire and The Humber
E06000010,Kingston upon Hull,2,Christian,106411,Yorkshire and The Humber
E06000010,Kingston upon Hull,3,Buddhist,746,Yorkshire and The Humber
E06000010,Kingston upon Hull,4,Hindu,646,Yorkshire and The Humber
E06000010,Kingston upon Hull,5,Jewish,146,Yorkshire and The Humber
E06000010,Kingston upon Hull,6,Muslim,9285,Yorkshire and The Humber
E06000010,Kingston upon Hull,7,Sikh,277,Yorkshire and The Humber
E06000010,Kingston upon Hull,8,Other religion,1124,Yorkshire and The Humber
E06000010,Kingston upon Hull,9,Not answered,16957,Yorkshire and The Humber
E06000011,East Riding of Yorkshire,-8,Does not apply,0,Yorkshire and The Humber
E06000011,East Riding of Yorkshire,1,No religion,133916,Yorkshire and The Humber
E06000011,East Riding of Yorkshire,2,Christian,182396,Yorkshire and The Humber
E06000011,East Riding of Yorkshire,3,Buddhist,885,Yorkshire and The Humber
E06000011,East Riding of Yorkshire,4,Hindu,758,Yorkshire and The Humber
E06000011,East Riding of Yorkshire,5,Jewish,284,Yorkshire and The Humber
E06000011,East Riding of Yorkshire,6,Muslim,1966,Yorkshire and The Humber
E06000011,East Riding of Yorkshire,7,Sikh,227,Yorkshire and The Humber
E06000011,East Riding of Yorkshire,8,Other religion,1224,Yorkshire and The Humber
E06000011,East Riding of Yorkshire,9,Not answered,20560,Yorkshire and The Humber
E06000012,North East Lincolnshire,-8,Does not apply,0,Yorkshire and The Humber
E06000012,North East Lincolnshire,1,No religion,73008,Yorkshire and The Humber
E06000012,North East Lincolnshire,2,Christian,71063,Yorkshire and The Humber
E06000012,North East Lincolnshire,3,Buddhist,417,Yorkshire and The Humber
E06000012,North East Lincolnshire,4,Hindu,425,Yorkshire and The Humber
E06000012,North East Lincolnshire,5,Jewish,79,Yorkshire and The Humber
E06000012,North East Lincolnshire,6,Muslim,1922,Yorkshire and The Humber
E06000012,North East Lincolnshire,7,Sikh,183,Yorkshire and The Humber
E06000012,North East Lincolnshire,8,Other religion,653,Yorkshire and The Humber
E06000012,North East Lincolnshire,9,Not answered,9218,Yorkshire and The Humber
E06000013,North Lincolnshire,-8,Does not apply,0,Yorkshire and The Humber
E06000013,North Lincolnshire,1,No religion,65581,Yorkshire and The Humber
E06000013,North Lincolnshire,2,Christian,88455,Yorkshire and The Humber
E06000013,North Lincolnshire,3,Buddhist,406,Yorkshire and The Humber
E06000013,North Lincolnshire,4,Hindu,418,Yorkshire and The Humber
E06000013,North Lincolnshire,5,Jewish,49,Yorkshire and The Humber
E06000013,North Lincolnshire,6,Muslim,4201,Yorkshire and The Humber
E06000013,North Lincolnshire,7,Sikh,566,Yorkshire and The Humber
E06000013,North Lincolnshire,8,Other religion,614,Yorkshire and The Humber
E06000013,North Lincolnshire,9,Not answered,9390,Yorkshire and The Humber
E06000014,York,-8,Does not apply,0,Yorkshire and The Humber
E06000014,York,1,No religion,93577,Yorkshire and The Humber
E06000014,York,2,Christian,89019,Yorkshire and The Humber
E06000014,York,3,Buddhist,1045,Yorkshire and The Humber
E06000014,York,4,Hindu,1043,Yorkshire and The Humber
E06000014,York,5,Jewish,273,Yorkshire and The Humber
E06000014,York,6,Muslim,2488,Yorkshire and The Humber
E06000014,York,7,Sikh,179,Yorkshire and The Humber
E06000014,York,8,Other religion,1266,Yorkshire and The Humber
E06000014,York,9,Not answered,13930,Yorkshire and The Humber
E06000015,Derby,-8,Does not apply,0,East Midlands
E06000015,Derby,1,No religion,95639,East Midlands
E06000015,Derby,2,Christian,104969,East Midlands
E06000015,Derby,3,Buddhist,828,East Midlands
E06000015,Derby,4,Hindu,3065,East Midlands
E06000015,Derby,5,Jewish,150,East Midlands
E06000015,Derby,6,Muslim,29137,East Midlands
E06000015,Derby,7,Sikh,9762,East Midlands
E06000015,Derby,8,Other religion,1297,East Midlands
E06000015,Derby,9,Not answered,16517,East Midlands
E06000016,Leicester,-8,Does not apply,0,East Midlands
E06000016,Leicester,1,No religion,84607,East Midlands
E06000016,Leicester,2,Christian,91161,East Midlands
E06000016,Leicester,3,Buddhist,1181,East Midlands
E06000016,Leicester,4,Hindu,65821,East Midlands
E06000016,Leicester,5,Jewish,326,East Midlands
E06000016,Leicester,6,Muslim,86443,East Midlands
E06000016,Leicester,7,Sikh,16451,East Midlands
E06000016,Leicester,8,Other religion,2075,East Midlands
E06000016,Leicester,9,Not answered,20509,East Midlands
E06000017,Rutland,-8,Does not apply,0,East Midlands
E06000017,Rutland,1,No religion,15239,East Midlands
E06000017,Rutland,2,Christian,22728,East Midlands
E06000017,Rutland,3,Buddhist,150,East Midlands
E06000017,Rutland,4,Hindu,125,East Midlands
E06000017,Rutland,5,Jewish,53,East Midlands
E06000017,Rutland,6,Muslim,258,East Midlands
E06000017,Rutland,7,Sikh,67,East Midlands
E06000017,Rutland,8,Other religion,201,East Midlands
E06000017,Rutland,9,Not answered,2231,East Midlands
E06000018,Nottingham,-8,Does not apply,0,East Midlands
E06000018,Nottingham,1,No religion,133403,East Midlands
E06000018,Nottingham,2,Christian,112200,East Midlands
E06000018,Nottingham,3,Buddhist,1671,East Midlands
E06000018,Nottingham,4,Hindu,5403,East Midlands
E06000018,Nottingham,5,Jewish,941,East Midlands
E06000018,Nottingham,6,Muslim,39540,East Midlands
E06000018,Nottingham,7,Sikh,4110,East Midlands
E06000018,Nottingham,8,Other religion,2263,East Midlands
E06000018,Nottingham,9,Not answered,24099,East Midlands
E06000019,Herefordshire,-8,Does not apply,0,West Midlands
E06000019,Herefordshire,1,No religion,68475,West Midlands
E06000019,Herefordshire,2,Christian,102614,West Midlands
E06000019,Herefordshire,3,Buddhist,646,West Midlands
E06000019,Herefordshire,4,Hindu,384,West Midlands
E06000019,Herefordshire,5,Jewish,142,West Midlands
E06000019,Herefordshire,6,Muslim,790,West Midlands
E06000019,Herefordshire,7,Sikh,117,West Midlands
E06000019,Herefordshire,8,Other religion,904,West Midlands
E06000019,Herefordshire,9,Not answered,12962,West Midlands
E06000020,Telford and Wrekin,-8,Does not apply,0,West Midlands
E06000020,Telford and Wrekin,1,No religion,75965,West Midlands
E06000020,Telford and Wrekin,2,Christian,88275,West Midlands
E06000020,Telford and Wrekin,3,Buddhist,597,West Midlands
E06000020,Telford and Wrekin,4,Hindu,1352,West Midlands
E06000020,Telford and Wrekin,5,Jewish,78,West Midlands
E06000020,Telford and Wrekin,6,Muslim,5043,West Midlands
E06000020,Telford and Wrekin,7,Sikh,2851,West Midlands
E06000020,Telford and Wrekin,8,Other religion,933,West Midlands
E06000020,Telford and Wrekin,9,Not answered,10448,West Midlands
E06000021,Stoke-on-Trent,-8,Does not apply,0,West Midlands
E06000021,Stoke-on-Trent,1,No religion,97433,West Midlands
E06000021,Stoke-on-Trent,2,Christian,118434,West Midlands
E06000021,Stoke-on-Trent,3,Buddhist,811,West Midlands
E06000021,Stoke-on-Trent,4,Hindu,1356,West Midlands
E06000021,Stoke-on-Trent,5,Jewish,83,West Midlands
E06000021,Stoke-on-Trent,6,Muslim,23790,West Midlands
E06000021,Stoke-on-Trent,7,Sikh,602,West Midlands
E06000021,Stoke-on-Trent,8,Other religion,1150,West Midlands
E06000021,Stoke-on-Trent,9,Not answered,14710,West Midlands
E06000022,Bath and North East Somerset,-8,Does not apply,0,South West
E06000022,Bath and North East Somerset,1,No religion,92567,South West
E06000022,Bath and North East Somerset,2,Christian,81553,South West
E06000022,Bath and North East Somerset,3,Buddhist,996,South West
E06000022,Bath and North East Somerset,4,Hindu,875,South West
E06000022,Bath and North East Somerset,5,Jewish,325,South West
E06000022,Bath and North East Somerset,6,Muslim,1909,South West
E06000022,Bath and North East Somerset,7,Sikh,162,South West
E06000022,Bath and North East Somerset,8,Other religion,1097,South West
E06000022,Bath and North East Somerset,9,Not answered,13930,South West
E06000023,Bristol,-8,Does not apply,0,South West
E06000023,Bristol,1,No religion,242864,South West
E06000023,Bristol,2,Christian,152126,South West
E06000023,Bristol,3,Buddhist,2710,South West
E06000023,Bristol,4,Hindu,3545,South West
E06000023,Bristol,5,Jewish,1228,South West
E06000023,Bristol,6,Muslim,31776,South West
E06000023,Bristol,7,Sikh,2247,South West
E06000023,Bristol,8,Other religion,3546,South West
E06000023,Bristol,9,Not answered,32423,South West
E06000024,North Somerset,-8,Does not apply,0,South West
E06000024,North Somerset,1,No religion,98085,South West
E06000024,North Somerset,2,Christian,100990,South West
E06000024,North Somerset,3,Buddhist,695,South West
E06000024,North Somerset,4,Hindu,468,South West
E06000024,North Somerset,5,Jewish,166,South West
E06000024,North Somerset,6,Muslim,1346,South West
E06000024,North Somerset,7,Sikh,117,South West
E06000024,North Somerset,8,Other religion,1166,South West
E06000024,North Somerset,9,Not answered,13696,South West
E06000025,South Gloucestershire,-8,Does not apply,0,South West
E06000025,South Gloucestershire,1,No religion,133749,South West
E06000025,South Gloucestershire,2,Christian,128014,South West
E06000025,South Gloucestershire,3,Buddhist,1056,South West
E06000025,South Gloucestershire,4,Hindu,2896,South West
E06000025,South Gloucestershire,5,Jewish,173,South West
E06000025,South Gloucestershire,6,Muslim,4720,South West
E06000025,South Gloucestershire,7,Sikh,1006,South West
E06000025,South Gloucestershire,8,Other religion,1319,South West
E06000025,South Gloucestershire,9,Not answered,17492,South West
E06000026,Plymouth,-8,Does not apply,0,South West
E06000026,Plymouth,1,No religion,129338,South West
E06000026,Plymouth,2,Christian,112526,South West
E06000026,Plymouth,3,Buddhist,1018,South West
E06000026,Plymouth,4,Hindu,814,South West
E06000026,Plymouth,5,Jewish,207,South West
E06000026,Plymouth,6,Muslim,3474,South West
E06000026,Plymouth,7,Sikh,96,South West
E06000026,Plymouth,8,Other religion,1527,South West
E06000026,Plymouth,9,Not answered,15695,South West
E06000027,Torbay,-8,Does not apply,0,South West
E06000027,Torbay,1,No religion,60178,South West
E06000027,Torbay,2,Christian,67634,South West
E06000027,Torbay,3,Buddhist,553,South West
E06000027,Torbay,4,Hindu,223,South West
E06000027,Torbay,5,Jewish,141,South West
E06000027,Torbay,6,Muslim,788,South West
E06000027,Torbay,7,Sikh,60,South West
E06000027,Torbay,8,Other religion,976,South West
E06000027,Torbay,9,Not answered,8771,South West
E06000030,Swindon,-8,Does not apply,0,South West
E06000030,Swindon,1,No religion,94559,South West
E06000030,Swindon,2,Christian,108778,South West
E06000030,Swindon,3,Buddhist,1700,South West
E06000030,Swindon,4,Hindu,5865,South West
E06000030,Swindon,5,Jewish,131,South West
E06000030,Swindon,6,Muslim,6310,South West
E06000030,Swindon,7,Sikh,1448,South West
E06000030,Swindon,8,Other religion,1514,South West
E06000030,Swindon,9,Not answered,13105,South West
E06000031,Peterborough,-8,Does not apply,0,East
E06000031,Peterborough,1,No religion,70066,East
E06000031,Peterborough,2,Christian,99802,East
E06000031,Peterborough,3,Buddhist,617,East
E06000031,Peterborough,4,Hindu,3813,East
E06000031,Peterborough,5,Jewish,185,East
E06000031,Peterborough,6,Muslim,26239,East
E06000031,Peterborough,7,Sikh,1348,East
E06000031,Peterborough,8,Other religion,999,East
E06000031,Peterborough,9,Not answered,12604,East
E06000032,Luton,-8,Does not apply,0,East
E06000032,Luton,1,No religion,39580,East
E06000032,Luton,2,Christian,85297,East
E06000032,Luton,3,Buddhist,664,East
E06000032,Luton,4,Hindu,7438,East
E06000032,Luton,5,Jewish,246,East
E06000032,Luton,6,Muslim,74191,East
E06000032,Luton,7,Sikh,3032,East
E06000032,Luton,8,Other religion,1115,East
E06000032,Luton,9,Not answered,13697,East
E06000033,Southend-on-Sea,-8,Does not apply,0,East
E06000033,Southend-on-Sea,1,No religion,81187,East
E06000033,Southend-on-Sea,2,Christian,76884,East
E06000033,Southend-on-Sea,3,Buddhist,953,East
E06000033,Southend-on-Sea,4,Hindu,2057,East
E06000033,Southend-on-Sea,5,Jewish,2057,East
E06000033,Southend-on-Sea,6,Muslim,5461,East
E06000033,Southend-on-Sea,7,Sikh,203,East
E06000033,Southend-on-Sea,8,Other religion,1128,East
E06000033,Southend-on-Sea,9,Not answered,10756,East
E06000034,Thurrock,-8,Does not apply,0,East
E06000034,Thurrock,1,No religion,61043,East
E06000034,Thurrock,2,Christian,90940,East
E06000034,Thurrock,3,Buddhist,703,East
E06000034,Thurrock,4,Hindu,2376,East
E06000034,Thurrock,5,Jewish,225,East
E06000034,Thurrock,6,Muslim,8586,East
E06000034,Thurrock,7,Sikh,2030,East
E06000034,Thurrock,8,Other religion,901,East
E06000034,Thurrock,9,Not answered,9196,East
E06000035,Medway,-8,Does not apply,0,South East
E06000035,Medway,1,No religion,120309,South East
E06000035,Medway,2,Christian,126097,South East
E06000035,Medway,3,Buddhist,999,South East
E06000035,Medway,4,Hindu,3172,South East
E06000035,Medway,5,Jewish,217,South East
E06000035,Medway,6,Muslim,7636,South East
E06000035,Medway,7,Sikh,4363,South East
E06000035,Medway,8,Other religion,1705,South East
E06000035,Medway,9,Not answered,15273,South East
E06000036,Bracknell Forest,-8,Does not apply,0,South East
E06000036,Bracknell Forest,1,No religion,50300,South East
E06000036,Bracknell Forest,2,Christian,59141,South East
E06000036,Bracknell Forest,3,Buddhist,1039,South East
E06000036,Bracknell Forest,4,Hindu,2942,South East
E06000036,Bracknell Forest,5,Jewish,190,South East
E06000036,Bracknell Forest,6,Muslim,2216,South East
E06000036,Bracknell Forest,7,Sikh,1055,South East
E06000036,Bracknell Forest,8,Other religion,743,South East
E06000036,Bracknell Forest,9,Not answered,6981,South East
E06000037,West Berkshire,-8,Does not apply,0,South East
E06000037,West Berkshire,1,No religion,66290,South East
E06000037,West Berkshire,2,Christian,79217,South East
E06000037,West Berkshire,3,Buddhist,552,South East
E06000037,West Berkshire,4,Hindu,2083,South East
E06000037,West Berkshire,5,Jewish,236,South East
E06000037,West Berkshire,6,Muslim,2107,South East
E06000037,West Berkshire,7,Sikh,367,South East
E06000037,West Berkshire,8,Other religion,705,South East
E06000037,West Berkshire,9,Not answered,9891,South East
E06000038,Reading,-8,Does not apply,0,South East
E06000038,Reading,1,No religion,63287,South East
E06000038,Reading,2,Christian,68988,South East
E06000038,Reading,3,Buddhist,2887,South East
E06000038,Reading,4,Hindu,8757,South East
E06000038,Reading,5,Jewish,329,South East
E06000038,Reading,6,Muslim,15481,South East
E06000038,Reading,7,Sikh,1194,South East
E06000038,Reading,8,Other religion,1241,South East
E06000038,Reading,9,Not answered,12062,South East
E06000039,Slough,-8,Does not apply,0,South East
E06000039,Slough,1,No religion,20726,South East
E06000039,Slough,2,Christian,50664,South East
E06000039,Slough,3,Buddhist,776,South East
E06000039,Slough,4,Hindu,12343,South East
E06000039,Slough,5,Jewish,85,South East
E06000039,Slough,6,Muslim,46661,South East
E06000039,Slough,7,Sikh,17985,South East
E06000039,Slough,8,Other religion,716,South East
E06000039,Slough,9,Not answered,8544,South East
E06000040,Windsor and Maidenhead,-8,Does not apply,0,South East
E06000040,Windsor and Maidenhead,1,No religion,47641,South East
E06000040,Windsor and Maidenhead,2,Christian,76514,South East
E06000040,Windsor and Maidenhead,3,Buddhist,870,South East
E06000040,Windsor and Maidenhead,4,Hindu,4706,South East
E06000040,Windsor and Maidenhead,5,Jewish,521,South East
E06000040,Windsor and Maidenhead,6,Muslim,8607,South East
E06000040,Windsor and Maidenhead,7,Sikh,4517,South East
E06000040,Windsor and Maidenhead,8,Other religion,694,South East
E06000040,Windsor and Maidenhead,9,Not answered,9426,South East
E06000041,Wokingham,-8,Does not apply,0,South East
E06000041,Wokingham,1,No religion,65428,South East
E06000041,Wokingham,2,Christian,79389,South East
E06000041,Wokingham,3,Buddhist,881,South East
E06000041,Wokingham,4,Hindu,8464,South East
E06000041,Wokingham,5,Jewish,435,South East
E06000041,Wokingham,6,Muslim,8597,South East
E06000041,Wokingham,7,Sikh,2992,South East
E06000041,Wokingham,8,Other religion,775,South East
E06000041,Wokingham,9,Not answered,10544,South East
E06000042,Milton Keynes,-8,Does not apply,0,South East
E06000042,Milton Keynes,1,No religion,108953,South East
E06000042,Milton Keynes,2,Christian,122935,South East
E06000042,Milton Keynes,3,Buddhist,1404,South East
E06000042,Milton Keynes,4,Hindu,12911,South East
E06000042,Milton Keynes,5,Jewish,383,South East
E06000042,Milton Keynes,6,Muslim,20484,South East
E06000042,Milton Keynes,7,Sikh,1959,South East
E06000042,Milton Keynes,8,Other religion,1558,South East
E06000042,Milton Keynes,9,Not answered,16473,South East
E06000043,Brighton and Hove,-8,Does not apply,0,South East
E06000043,Brighton and Hove,1,No religion,152966,South East
E06000043,Brighton and Hove,2,Christian,85629,South East
E06000043,Brighton and Hove,3,Buddhist,2455,South East
E06000043,Brighton and Hove,4,Hindu,2100,South East
E06000043,Brighton and Hove,5,Jewish,2455,South East
E06000043,Brighton and Hove,6,Muslim,8500,South East
E06000043,Brighton and Hove,7,Sikh,378,South East
E06000043,Brighton and Hove,8,Other religion,2860,South East
E06000043,Brighton and Hove,9,Not answered,19760,South East
E06000044,Portsmouth,-8,Does not apply,0,South East
E06000044,Portsmouth,1,No religion,97887,South East
E06000044,Portsmouth,2,Christian,81939,South East
E06000044,Portsmouth,3,Buddhist,1077,South East
E06000044,Portsmouth,4,Hindu,1596,South East
E06000044,Portsmouth,5,Jewish,200,South East
E06000044,Portsmouth,6,Muslim,10174,South East
E06000044,Portsmouth,7,Sikh,459,South East
E06000044,Portsmouth,8,Other religion,1259,South East
E06000044,Portsmouth,9,Not answered,13413,South East
E06000045,Southampton,-8,Does not apply,0,South East
E06000045,Southampton,1,No religion,108000,South East
E06000045,Southampton,2,Christian,99910,South East
E06000045,Southampton,3,Buddhist,1333,South East
E06000045,Southampton,4,Hindu,3265,South East
E06000045,Southampton,5,Jewish,254,South East
E06000045,Southampton,6,Muslim,13893,South East
E06000045,Southampton,7,Sikh,4192,South East
E06000045,Southampton,8,Other religion,1663,South East
E06000045,Southampton,9,Not answered,16412,South East
E06000046,Isle of Wight,-8,Does not apply,0,South East
E06000046,Isle of Wight,1,No religion,61721,South East
E06000046,Isle of Wight,2,Christian,67005,South East
E06000046,Isle of Wight,3,Buddhist,499,South East
E06000046,Isle of Wight,4,Hindu,257,South East
E06000046,Isle of Wight,5,Jewish,136,South East
E06000046,Isle of Wight,6,Muslim,593,South East
E06000046,Isle of Wight,7,Sikh,39,South East
E06000046,Isle of Wight,8,Other religion,1111,South East
E06000046,Isle of Wight,9,Not answered,9099,South East
E06000047,County Durham,-8,Does not apply,0,North East
E06000047,County Durham,1,No religion,201688,North East
E06000047,County Durham,2,Christian,285167,North East
E06000047,County Durham,3,Buddhist,1290,North East
E06000047,County Durham,4,Hindu,990,North East
E06000047,County Durham,5,Jewish,286,North East
E06000047,County Durham,6,Muslim,2922,North East
E06000047,County Durham,7,Sikh,839,North East
E06000047,County Durham,8,Other religion,2198,North East
E06000047,County Durham,9,Not answered,26687,North East
E06000049,Cheshire East,-8,Does not apply,0,North West
E06000049,Cheshire East,1,No religion,150257,North West
E06000049,Cheshire East,2,Christian,216629,North West
E06000049,Cheshire East,3,Buddhist,1314,North West
E06000049,Cheshire East,4,Hindu,2046,North West
E06000049,Cheshire East,5,Jewish,640,North West
E06000049,Cheshire East,6,Muslim,4140,North West
E06000049,Cheshire East,7,Sikh,371,North West
E06000049,Cheshire East,8,Other religion,1558,North West
E06000049,Cheshire East,9,Not answered,21815,North West
E06000050,Cheshire West and Chester,-8,Does not apply,0,North West
E06000050,Cheshire West and Chester,1,No religion,135025,North West
E06000050,Cheshire West and Chester,2,Christian,194705,North West
E06000050,Cheshire West and Chester,3,Buddhist,1074,North West
E06000050,Cheshire West and Chester,4,Hindu,1551,North West
E06000050,Cheshire West and Chester,5,Jewish,288,North West
E06000050,Cheshire West and Chester,6,Muslim,3506,North West
E06000050,Cheshire West and Chester,7,Sikh,251,North West
E06000050,Cheshire West and Chester,8,Other religion,1238,North West
E06000050,Cheshire West and Chester,9,Not answered,19512,North West
E06000051,Shropshire,-8,Does not apply,0,West Midlands
E06000051,Shropshire,1,No religion,119573,West Midlands
E06000051,Shropshire,2,Christian,179516,West Midlands
E06000051,Shropshire,3,Buddhist,895,West Midlands
E06000051,Shropshire,4,Hindu,557,West Midlands
E06000051,Shropshire,5,Jewish,182,West Midlands
E06000051,Shropshire,6,Muslim,1708,West Midlands
E06000051,Shropshire,7,Sikh,760,West Midlands
E06000051,Shropshire,8,Other religion,1482,West Midlands
E06000051,Shropshire,9,Not answered,18931,West Midlands
E06000052,Cornwall,-8,Does not apply,0,South West
E06000052,Cornwall,1,No religion,264037,South West
E06000052,Cornwall,2,Christian,259145,South West
E06000052,Cornwall,3,Buddhist,2079,South West
E06000052,Cornwall,4,Hindu,547,South West
E06000052,Cornwall,5,Jewish,507,South West
E06000052,Cornwall,6,Muslim,1333,South West
E06000052,Cornwall,7,Sikh,130,South West
E06000052,Cornwall,8,Other religion,4393,South West
E06000052,Cornwall,9,Not answered,38134,South West
E06000053,Isles of Scilly,-8,Does not apply,0,South West
E06000053,Isles of Scilly,1,No religion,950,South West
E06000053,Isles of Scilly,2,Christian,967,South West
E06000053,Isles of Scilly,3,Buddhist,3,South West
E06000053,Isles of Scilly,4,Hindu,1,South West
E06000053,Isles of Scilly,5,Jewish,1,South West
E06000053,Isles of Scilly,6,Muslim,0,South West
E06000053,Isles of Scilly,7,Sikh,0,South West
E06000053,Isles of Scilly,8,Other religion,7,South West
E06000053,Isles of Scilly,9,Not answered,125,South West
E06000054,Wiltshire,-8,Does not apply,0,South West
E06000054,Wiltshire,1,No religion,210601,South West
E06000054,Wiltshire,2,Christian,256160,South West
E06000054,Wiltshire,3,Buddhist,2521,South West
E06000054,Wiltshire,4,Hindu,2670,South West
E06000054,Wiltshire,5,Jewish,458,South West
E06000054,Wiltshire,6,Muslim,3508,South West
E06000054,Wiltshire,7,Sikh,483,South West
E06000054,Wiltshire,8,Other religion,3224,South West
E06000054,Wiltshire,9,Not answered,30709,South West
E06000055,Bedford,-8,Does not apply,0,East
E06000055,Bedford,1,No religion,63243,East
E06000055,Bedford,2,Christian,88178,East
E06000055,Bedford,3,Buddhist,629,East
E06000055,Bedford,4,Hindu,3045,East
E06000055,Bedford,5,Jewish,232,East
E06000055,Bedford,6,Muslim,13059,East
E06000055,Bedford,7,Sikh,4114,East
E06000055,Bedford,8,Other religion,2014,East
E06000055,Bedford,9,Not answered,10711,East
E06000056,Central Bedfordshire,-8,Does not apply,0,East
E06000056,Central Bedfordshire,1,No religion,126001,East
E06000056,Central Bedfordshire,2,Christian,140903,East
E06000056,Central Bedfordshire,3,Buddhist,996,East
E06000056,Central Bedfordshire,4,Hindu,3035,East
E06000056,Central Bedfordshire,5,Jewish,620,East
E06000056,Central Bedfordshire,6,Muslim,3965,East
E06000056,Central Bedfordshire,7,Sikh,1399,East
E06000056,Central Bedfordshire,8,Other religion,1362,East
E06000056,Central Bedfordshire,9,Not answered,15971,East
E06000057,Northumberland,-8,Does not apply,0,North East
E06000057,Northumberland,1,No religion,128703,North East
E06000057,Northumberland,2,Christian,170668,North East
E06000057,Northumberland,3,Buddhist,752,North East
E06000057,Northumberland,4,Hindu,446,North East
E06000057,Northumberland,5,Jewish,172,North East
E06000057,Northumberland,6,Muslim,1635,North East
E06000057,Northumberland,7,Sikh,654,North East
E06000057,Northumberland,8,Other religion,1353,North East
E06000057,Northumberland,9,Not answered,16181,North East
E06000058,"Bournemouth, Christchurch and Poole",-8,Does not apply,0,South West
E06000058,"Bournemouth, Christchurch and Poole",1,No religion,168852,South West
E06000058,"Bournemouth, Christchurch and Poole",2,Christian,187448,South West
E06000058,"Bournemouth, Christchurch and Poole",3,Buddhist,2022,South West
E06000058,"Bournemouth, Christchurch and Poole",4,Hindu,2841,South West
E06000058,"Bournemouth, Christchurch and Poole",5,Jewish,1601,South West
E06000058,"Bournemouth, Christchurch and Poole",6,Muslim,6645,South West
E06000058,"Bournemouth, Christchurch and Poole",7,Sikh,267,South West
E06000058,"Bournemouth, Christchurch and Poole",8,Other religion,2944,South West
E06000058,"Bournemouth, Christchurch and Poole",9,Not answered,27572,South West
E06000059,Dorset,-8,Does not apply,0,South West
E06000059,Dorset,1,No religion,152267,South West
E06000059,Dorset,2,Christian,195676,South West
E06000059,Dorset,3,Buddhist,1613,South West
E06000059,Dorset,4,Hindu,714,South West
E06000059,Dorset,5,Jewish,453,South West
E06000059,Dorset,6,Muslim,1562,South West
E06000059,Dorset,7,Sikh,117,South West
E06000059,Dorset,8,Other religion,2361,South West
E06000059,Dorset,9,Not answered,24816,South West
E06000060,Buckinghamshire,-8,Does not apply,0,South East
E06000060,Buckinghamshire,1,No religion,189204,South East
E06000060,Buckinghamshire,2,Christian,260961,South East
E06000060,Buckinghamshire,3,Buddhist,2914,South East
E06000060,Buckinghamshire,4,Hindu,14896,South East
E06000060,Buckinghamshire,5,Jewish,1688,South East
E06000060,Buckinghamshire,6,Muslim,38740,South East
E06000060,Buckinghamshire,7,Sikh,8811,South East
E06000060,Buckinghamshire,8,Other religion,2587,South East
E06000060,Buckinghamshire,9,Not answered,33275,South East
E06000061,North Northamptonshire,-8,Does not apply,0,East Midlands
E06000061,North Northamptonshire,1,No religion,152998,East Midlands
E06000061,North Northamptonshire,2,Christian,172329,East Midlands
E06000061,North Northamptonshire,3,Buddhist,1095,East Midlands
E06000061,North Northamptonshire,4,Hindu,4540,East Midlands
E06000061,North Northamptonshire,5,Jewish,291,East Midlands
E06000061,North Northamptonshire,6,Muslim,4373,East Midlands
E06000061,North Northamptonshire,7,Sikh,1787,East Midlands
E06000061,North Northamptonshire,8,Other religion,1900,East Midlands
E06000061,North Northamptonshire,9,Not answered,20212,East Midlands
E06000062,West Northamptonshire,-8,Does not apply,0,East Midlands
E06000062,West Northamptonshire,1,No religion,162751,East Midlands
E06000062,West Northamptonshire,2,Christian,210553,East Midlands
E06000062,West Northamptonshire,3,Buddhist,1515,East Midlands
E06000062,West Northamptonshire,4,Hindu,5431,East Midlands
E06000062,West Northamptonshire,5,Jewish,430,East Midlands
E06000062,West Northamptonshire,6,Muslim,14694,East Midlands
E06000062,West Northamptonshire,7,Sikh,1791,East Midlands
E06000062,West Northamptonshire,8,Other religion,2406,East Midlands
E06000062,West Northamptonshire,9,Not answered,26154,East Midlands
E07000008,Cambridge,-8,Does not apply,0,East
E07000008,Cambridge,1,No religion,65160,East
E07000008,Cambridge,2,Christian,51335,East
E07000008,Cambridge,3,Buddhist,1668,East
E07000008,Cambridge,4,Hindu,3301,East
E07000008,Cambridge,5,Jewish,1057,East
E07000008,Cambridge,6,Muslim,7392,East
E07000008,Cambridge,7,Sikh,322,East
E07000008,Cambridge,8,Other religion,1122,East
E07000008,Cambridge,9,Not answered,14315,East
E07000009,East Cambridgeshire,-8,Does not apply,0,East
E07000009,East Cambridgeshire,1,No religion,37682,East
E07000009,East Cambridgeshire,2,Christian,42573,East
E07000009,East Cambridgeshire,3,Buddhist,325,East
E07000009,East Cambridgeshire,4,Hindu,326,East
E07000009,East Cambridgeshire,5,Jewish,123,East
E07000009,East Cambridgeshire,6,Muslim,552,East
E07000009,East Cambridgeshire,7,Sikh,125,East
E07000009,East Cambridgeshire,8,Other religion,497,East
E07000009,East Cambridgeshire,9,Not answered,5560,East
E07000010,Fenland,-8,Does not apply,0,East
E07000010,Fenland,1,No religion,40897,East
E07000010,Fenland,2,Christian,53354,East
E07000010,Fenland,3,Buddhist,239,East
E07000010,Fenland,4,Hindu,213,East
E07000010,Fenland,5,Jewish,110,East
E07000010,Fenland,6,Muslim,682,East
E07000010,Fenland,7,Sikh,111,East
E07000010,Fenland,8,Other religion,513,East
E07000010,Fenland,9,Not answered,6340,East
E07000011,Huntingdonshire,-8,Does not apply,0,East
E07000011,Huntingdonshire,1,No religion,79126,East
E07000011,Huntingdonshire,2,Christian,85568,East
E07000011,Huntingdonshire,3,Buddhist,670,East
E07000011,Huntingdonshire,4,Hindu,972,East
E07000011,Huntingdonshire,5,Jewish,222,East
E07000011,Huntingdonshire,6,Muslim,2583,East
E07000011,Huntingdonshire,7,Sikh,325,East
E07000011,Huntingdonshire,8,Other religion,900,East
E07000011,Huntingdonshire,9,Not answered,10466,East
E07000012,South Cambridgeshire,-8,Does not apply,0,East
E07000012,South Cambridgeshire,1,No religion,70269,East
E07000012,South Cambridgeshire,2,Christian,73469,East
E07000012,South Cambridgeshire,3,Buddhist,796,East
E07000012,South Cambridgeshire,4,Hindu,2433,East
E07000012,South Cambridgeshire,5,Jewish,466,East
E07000012,South Cambridgeshire,6,Muslim,2744,East
E07000012,South Cambridgeshire,7,Sikh,281,East
E07000012,South Cambridgeshire,8,Other religion,818,East
E07000012,South Cambridgeshire,9,Not answered,10840,East
E07000026,Allerdale,-8,Does not apply,0,North West
E07000026,Allerdale,1,No religion,32066,North West
E07000026,Allerdale,2,Christian,57548,North West
E07000026,Allerdale,3,Buddhist,217,North West
E07000026,Allerdale,4,Hindu,69,North West
E07000026,Allerdale,5,Jewish,36,North West
E07000026,Allerdale,6,Muslim,231,North West
E07000026,Allerdale,7,Sikh,22,North West
E07000026,Allerdale,8,Other religion,298,North West
E07000026,Allerdale,9,Not answered,5667,North West
E07000027,Barrow-in-Furness,-8,Does not apply,0,North West
E07000027,Barrow-in-Furness,1,No religion,26781,North West
E07000027,Barrow-in-Furness,2,Christian,35814,North West
E07000027,Barrow-in-Furness,3,Buddhist,165,North West
E07000027,Barrow-in-Furness,4,Hindu,118,North West
E07000027,Barrow-in-Furness,5,Jewish,19,North West
E07000027,Barrow-in-Furness,6,Muslim,322,North West
E07000027,Barrow-in-Furness,7,Sikh,26,North West
E07000027,Barrow-in-Furness,8,Other religion,247,North West
E07000027,Barrow-in-Furness,9,Not answered,3911,North West
E07000028,Carlisle,-8,Does not apply,0,North West
E07000028,Carlisle,1,No religion,43058,North West
E07000028,Carlisle,2,Christian,58690,North West
E07000028,Carlisle,3,Buddhist,340,North West
E07000028,Carlisle,4,Hindu,358,North West
E07000028,Carlisle,5,Jewish,44,North West
E07000028,Carlisle,6,Muslim,874,North West
E07000028,Carlisle,7,Sikh,30,North West
E07000028,Carlisle,8,Other religion,412,North West
E07000028,Carlisle,9,Not answered,6216,North West
E07000029,Copeland,-8,Does not apply,0,North West
E07000029,Copeland,1,No religion,19185,North West
E07000029,Copeland,2,Christian,43645,North West
E07000029,Copeland,3,Buddhist,147,North West
E07000029,Copeland,4,Hindu,48,North West
E07000029,Copeland,5,Jewish,17,North West
E07000029,Copeland,6,Muslim,279,North West
E07000029,Copeland,7,Sikh,13,North West
E07000029,Copeland,8,Other religion,240,North West
E07000029,Copeland,9,Not answered,3501,North West
E07000030,Eden,-8,Does not apply,0,North West
E07000030,Eden,1,No religion,18815,North West
E07000030,Eden,2,Christian,31980,North West
E07000030,Eden,3,Buddhist,146,North West
E07000030,Eden,4,Hindu,33,North West
E07000030,Eden,5,Jewish,30,North West
E07000030,Eden,6,Muslim,203,North West
E07000030,Eden,7,Sikh,6,North West
E07000030,Eden,8,Other religion,244,North West
E07000030,Eden,9,Not answered,3279,North West
E07000031,South Lakeland,-8,Does not apply,0,North West
E07000031,South Lakeland,1,No religion,39102,North West
E07000031,South Lakeland,2,Christian,57310,North West
E07000031,South Lakeland,3,Buddhist,549,North West
E07000031,South Lakeland,4,Hindu,77,North West
E07000031,South Lakeland,5,Jewish,91,North West
E07000031,South Lakeland,6,Muslim,274,North West
E07000031,South Lakeland,7,Sikh,11,North West
E07000031,South Lakeland,8,Other religion,463,North West
E07000031,South Lakeland,9,Not answered,6575,North West
E07000032,Amber Valley,-8,Does not apply,0,East Midlands
E07000032,Amber Valley,1,No religion,59722,East Midlands
E07000032,Amber Valley,2,Christian,57333,East Midlands
E07000032,Amber Valley,3,Buddhist,280,East Midlands
E07000032,Amber Valley,4,Hindu,223,East Midlands
E07000032,Amber Valley,5,Jewish,60,East Midlands
E07000032,Amber Valley,6,Muslim,350,East Midlands
E07000032,Amber Valley,7,Sikh,254,East Midlands
E07000032,Amber Valley,8,Other religion,717,East Midlands
E07000032,Amber Valley,9,Not answered,7264,East Midlands
E07000033,Bolsover,-8,Does not apply,0,East Midlands
E07000033,Bolsover,1,No religion,36067,East Midlands
E07000033,Bolsover,2,Christian,38653,East Midlands
E07000033,Bolsover,3,Buddhist,150,East Midlands
E07000033,Bolsover,4,Hindu,132,East Midlands
E07000033,Bolsover,5,Jewish,39,East Midlands
E07000033,Bolsover,6,Muslim,252,East Midlands
E07000033,Bolsover,7,Sikh,125,East Midlands
E07000033,Bolsover,8,Other religion,337,East Midlands
E07000033,Bolsover,9,Not answered,4517,East Midlands
E07000034,Chesterfield,-8,Does not apply,0,East Midlands
E07000034,Chesterfield,1,No religion,46066,East Midlands
E07000034,Chesterfield,2,Christian,49420,East Midlands
E07000034,Chesterfield,3,Buddhist,265,East Midlands
E07000034,Chesterfield,4,Hindu,357,East Midlands
E07000034,Chesterfield,5,Jewish,35,East Midlands
E07000034,Chesterfield,6,Muslim,980,East Midlands
E07000034,Chesterfield,7,Sikh,173,East Midlands
E07000034,Chesterfield,8,Other religion,499,East Midlands
E07000034,Chesterfield,9,Not answered,5775,East Midlands
E07000035,Derbyshire Dales,-8,Does not apply,0,East Midlands
E07000035,Derbyshire Dales,1,No religion,26688,East Midlands
E07000035,Derbyshire Dales,2,Christian,39728,East Midlands
E07000035,Derbyshire Dales,3,Buddhist,207,East Midlands
E07000035,Derbyshire Dales,4,Hindu,67,East Midlands
E07000035,Derbyshire Dales,5,Jewish,54,East Midlands
E07000035,Derbyshire Dales,6,Muslim,259,East Midlands
E07000035,Derbyshire Dales,7,Sikh,51,East Midlands
E07000035,Derbyshire Dales,8,Other religion,328,East Midlands
E07000035,Derbyshire Dales,9,Not answered,4156,East Midlands
E07000036,Erewash,-8,Does not apply,0,East Midlands
E07000036,Erewash,1,No religion,56350,East Midlands
E07000036,Erewash,2,Christian,48084,East Midlands
E07000036,Erewash,3,Buddhist,261,East Midlands
E07000036,Erewash,4,Hindu,518,East Midlands
E07000036,Erewash,5,Jewish,40,East Midlands
E07000036,Erewash,6,Muslim,500,East Midlands
E07000036,Erewash,7,Sikh,351,East Midlands
E07000036,Erewash,8,Other religion,600,East Midlands
E07000036,Erewash,9,Not answered,6201,East Midlands
E07000037,High Peak,-8,Does not apply,0,East Midlands
E07000037,High Peak,1,No religion,40381,East Midlands
E07000037,High Peak,2,Christian,44125,East Midlands
E07000037,High Peak,3,Buddhist,332,East Midlands
E07000037,High Peak,4,Hindu,86,East Midlands
E07000037,High Peak,5,Jewish,55,East Midlands
E07000037,High Peak,6,Muslim,239,East Midlands
E07000037,High Peak,7,Sikh,18,East Midlands
E07000037,High Peak,8,Other religion,489,East Midlands
E07000037,High Peak,9,Not answered,5210,East Midlands
E07000038,North East Derbyshire,-8,Does not apply,0,East Midlands
E07000038,North East Derbyshire,1,No religion,43173,East Midlands
E07000038,North East Derbyshire,2,Christian,51954,East Midlands
E07000038,North East Derbyshire,3,Buddhist,199,East Midlands
E07000038,North East Derbyshire,4,Hindu,123,East Midlands
E07000038,North East Derbyshire,5,Jewish,62,East Midlands
E07000038,North East Derbyshire,6,Muslim,302,East Midlands
E07000038,North East Derbyshire,7,Sikh,138,East Midlands
E07000038,North East Derbyshire,8,Other religion,399,East Midlands
E07000038,North East Derbyshire,9,Not answered,5650,East Midlands
E07000039,South Derbyshire,-8,Does not apply,0,East Midlands
E07000039,South Derbyshire,1,No religion,46148,East Midlands
E07000039,South Derbyshire,2,Christian,50805,East Midlands
E07000039,South Derbyshire,3,Buddhist,245,East Midlands
E07000039,South Derbyshire,4,Hindu,565,East Midlands
E07000039,South Derbyshire,5,Jewish,40,East Midlands
E07000039,South Derbyshire,6,Muslim,775,East Midlands
E07000039,South Derbyshire,7,Sikh,2263,East Midlands
E07000039,South Derbyshire,8,Other religion,493,East Midlands
E07000039,South Derbyshire,9,Not answered,5874,East Midlands
E07000040,East Devon,-8,Does not apply,0,South West
E07000040,East Devon,1,No religion,63176,South West
E07000040,East Devon,2,Christian,75621,South West
E07000040,East Devon,3,Buddhist,499,South West
E07000040,East Devon,4,Hindu,163,South West
E07000040,East Devon,5,Jewish,154,South West
E07000040,East Devon,6,Muslim,515,South West
E07000040,East Devon,7,Sikh,33,South West
E07000040,East Devon,8,Other religion,810,South West
E07000040,East Devon,9,Not answered,9857,South West
E07000041,Exeter,-8,Does not apply,0,South West
E07000041,Exeter,1,No religion,63385,South West
E07000041,Exeter,2,Christian,52221,South West
E07000041,Exeter,3,Buddhist,715,South West
E07000041,Exeter,4,Hindu,698,South West
E07000041,Exeter,5,Jewish,201,South West
E07000041,Exeter,6,Muslim,2815,South West
E07000041,Exeter,7,Sikh,179,South West
E07000041,Exeter,8,Other religion,868,South West
E07000041,Exeter,9,Not answered,9627,South West
E07000042,Mid Devon,-8,Does not apply,0,South West
E07000042,Mid Devon,1,No religion,37304,South West
E07000042,Mid Devon,2,Christian,39197,South West
E07000042,Mid Devon,3,Buddhist,258,South West
E07000042,Mid Devon,4,Hindu,110,South West
E07000042,Mid Devon,5,Jewish,63,South West
E07000042,Mid Devon,6,Muslim,137,South West
E07000042,Mid Devon,7,Sikh,29,South West
E07000042,Mid Devon,8,Other religion,506,South West
E07000042,Mid Devon,9,Not answered,5249,South West
E07000043,North Devon,-8,Does not apply,0,South West
E07000043,North Devon,1,No religion,44490,South West
E07000043,North Devon,2,Christian,46030,South West
E07000043,North Devon,3,Buddhist,326,South West
E07000043,North Devon,4,Hindu,175,South West
E07000043,North Devon,5,Jewish,90,South West
E07000043,North Devon,6,Muslim,431,South West
E07000043,North Devon,7,Sikh,51,South West
E07000043,North Devon,8,Other religion,568,South West
E07000043,North Devon,9,Not answered,6450,South West
E07000044,South Hams,-8,Does not apply,0,South West
E07000044,South Hams,1,No religion,39029,South West
E07000044,South Hams,2,Christian,42008,South West
E07000044,South Hams,3,Buddhist,540,South West
E07000044,South Hams,4,Hindu,92,South West
E07000044,South Hams,5,Jewish,126,South West
E07000044,South Hams,6,Muslim,295,South West
E07000044,South Hams,7,Sikh,22,South West
E07000044,South Hams,8,Other religion,740,South West
E07000044,South Hams,9,Not answered,5774,South West
E07000045,Teignbridge,-8,Does not apply,0,South West
E07000045,Teignbridge,1,No religion,60421,South West
E07000045,Teignbridge,2,Christian,63599,South West
E07000045,Teignbridge,3,Buddhist,541,South West
E07000045,Teignbridge,4,Hindu,109,South West
E07000045,Teignbridge,5,Jewish,117,South West
E07000045,Teignbridge,6,Muslim,390,South West
E07000045,Teignbridge,7,Sikh,42,South West
E07000045,Teignbridge,8,Other religion,955,South West
E07000045,Teignbridge,9,Not answered,8629,South West
E07000046,Torridge,-8,Does not apply,0,South West
E07000046,Torridge,1,No religion,29542,South West
E07000046,Torridge,2,Christian,33184,South West
E07000046,Torridge,3,Buddhist,212,South West
E07000046,Torridge,4,Hindu,34,South West
E07000046,Torridge,5,Jewish,45,South West
E07000046,Torridge,6,Muslim,108,South West
E07000046,Torridge,7,Sikh,19,South West
E07000046,Torridge,8,Other religion,432,South West
E07000046,Torridge,9,Not answered,4539,South West
E07000047,West Devon,-8,Does not apply,0,South West
E07000047,West Devon,1,No religion,23754,South West
E07000047,West Devon,2,Christian,28713,South West
E07000047,West Devon,3,Buddhist,209,South West
E07000047,West Devon,4,Hindu,32,South West
E07000047,West Devon,5,Jewish,63,South West
E07000047,West Devon,6,Muslim,142,South West
E07000047,West Devon,7,Sikh,9,South West
E07000047,West Devon,8,Other religion,457,South West
E07000047,West Devon,9,Not answered,3717,South West
E07000061,Eastbourne,-8,Does not apply,0,South East
E07000061,Eastbourne,1,No religion,43919,South East
E07000061,Eastbourne,2,Christian,46674,South East
E07000061,Eastbourne,3,Buddhist,568,South East
E07000061,Eastbourne,4,Hindu,513,South East
E07000061,Eastbourne,5,Jewish,187,South East
E07000061,Eastbourne,6,Muslim,2265,South East
E07000061,Eastbourne,7,Sikh,42,South East
E07000061,Eastbourne,8,Other religion,750,South East
E07000061,Eastbourne,9,Not answered,6768,South East
E07000062,Hastings,-8,Does not apply,0,South East
E07000062,Hastings,1,No religion,46750,South East
E07000062,Hastings,2,Christian,34425,South East
E07000062,Hastings,3,Buddhist,568,South East
E07000062,Hastings,4,Hindu,468,South East
E07000062,Hastings,5,Jewish,172,South East
E07000062,Hastings,6,Muslim,1767,South East
E07000062,Hastings,7,Sikh,37,South East
E07000062,Hastings,8,Other religion,812,South East
E07000062,Hastings,9,Not answered,5996,South East
E07000063,Lewes,-8,Does not apply,0,South East
E07000063,Lewes,1,No religion,48136,South East
E07000063,Lewes,2,Christian,42623,South East
E07000063,Lewes,3,Buddhist,560,South East
E07000063,Lewes,4,Hindu,317,South East
E07000063,Lewes,5,Jewish,305,South East
E07000063,Lewes,6,Muslim,841,South East
E07000063,Lewes,7,Sikh,63,South East
E07000063,Lewes,8,Other religion,755,South East
E07000063,Lewes,9,Not answered,6302,South East
E07000064,Rother,-8,Does not apply,0,South East
E07000064,Rother,1,No religion,37859,South East
E07000064,Rother,2,Christian,47373,South East
E07000064,Rother,3,Buddhist,327,South East
E07000064,Rother,4,Hindu,211,South East
E07000064,Rother,5,Jewish,169,South East
E07000064,Rother,6,Muslim,517,South East
E07000064,Rother,7,Sikh,16,South East
E07000064,Rother,8,Other religion,514,South East
E07000064,Rother,9,Not answered,6123,South East
E07000065,Wealden,-8,Does not apply,0,South East
E07000065,Wealden,1,No religion,67386,South East
E07000065,Wealden,2,Christian,79239,South East
E07000065,Wealden,3,Buddhist,530,South East
E07000065,Wealden,4,Hindu,381,South East
E07000065,Wealden,5,Jewish,312,South East
E07000065,Wealden,6,Muslim,804,South East
E07000065,Wealden,7,Sikh,52,South East
E07000065,Wealden,8,Other religion,1298,South East
E07000065,Wealden,9,Not answered,10149,South East
E07000066,Basildon,-8,Does not apply,0,East
E07000066,Basildon,1,No religion,82780,East
E07000066,Basildon,2,Christian,87239,East
E07000066,Basildon,3,Buddhist,556,East
E07000066,Basildon,4,Hindu,2326,East
E07000066,Basildon,5,Jewish,403,East
E07000066,Basildon,6,Muslim,3381,East
E07000066,Basildon,7,Sikh,355,East
E07000066,Basildon,8,Other religion,733,East
E07000066,Basildon,9,Not answered,9798,East
E07000067,Braintree,-8,Does not apply,0,East
E07000067,Braintree,1,No religion,69930,East
E07000067,Braintree,2,Christian,73056,East
E07000067,Braintree,3,Buddhist,417,East
E07000067,Braintree,4,Hindu,591,East
E07000067,Braintree,5,Jewish,281,East
E07000067,Braintree,6,Muslim,1019,East
E07000067,Braintree,7,Sikh,112,East
E07000067,Braintree,8,Other religion,672,East
E07000067,Braintree,9,Not answered,9190,East
E07000068,Brentwood,-8,Does not apply,0,East
E07000068,Brentwood,1,No religion,25655,East
E07000068,Brentwood,2,Christian,43179,East
E07000068,Brentwood,3,Buddhist,302,East
E07000068,Brentwood,4,Hindu,1371,East
E07000068,Brentwood,5,Jewish,330,East
E07000068,Brentwood,6,Muslim,1221,East
E07000068,Brentwood,7,Sikh,395,East
E07000068,Brentwood,8,Other religion,260,East
E07000068,Brentwood,9,Not answered,4334,East
E07000069,Castle Point,-8,Does not apply,0,East
E07000069,Castle Point,1,No religion,38985,East
E07000069,Castle Point,2,Christian,43545,East
E07000069,Castle Point,3,Buddhist,238,East
E07000069,Castle Point,4,Hindu,435,East
E07000069,Castle Point,5,Jewish,661,East
E07000069,Castle Point,6,Muslim,712,East
E07000069,Castle Point,7,Sikh,78,East
E07000069,Castle Point,8,Other religion,340,East
E07000069,Castle Point,9,Not answered,4592,East
E07000070,Chelmsford,-8,Does not apply,0,East
E07000070,Chelmsford,1,No religion,74741,East
E07000070,Chelmsford,2,Christian,87181,East
E07000070,Chelmsford,3,Buddhist,878,East
E07000070,Chelmsford,4,Hindu,3084,East
E07000070,Chelmsford,5,Jewish,387,East
E07000070,Chelmsford,6,Muslim,3666,East
E07000070,Chelmsford,7,Sikh,284,East
E07000070,Chelmsford,8,Other religion,757,East
E07000070,Chelmsford,9,Not answered,10545,East
E07000071,Colchester,-8,Does not apply,0,East
E07000071,Colchester,1,No religion,85484,East
E07000071,Colchester,2,Christian,85605,East
E07000071,Colchester,3,Buddhist,1321,East
E07000071,Colchester,4,Hindu,2546,East
E07000071,Colchester,5,Jewish,325,East
E07000071,Colchester,6,Muslim,4021,East
E07000071,Colchester,7,Sikh,233,East
E07000071,Colchester,8,Other religion,1144,East
E07000071,Colchester,9,Not answered,12037,East
E07000072,Epping Forest,-8,Does not apply,0,East
E07000072,Epping Forest,1,No religion,44976,East
E07000072,Epping Forest,2,Christian,66733,East
E07000072,Epping Forest,3,Buddhist,512,East
E07000072,Epping Forest,4,Hindu,2848,East
E07000072,Epping Forest,5,Jewish,4376,East
E07000072,Epping Forest,6,Muslim,4699,East
E07000072,Epping Forest,7,Sikh,1847,East
E07000072,Epping Forest,8,Other religion,868,East
E07000072,Epping Forest,9,Not answered,8120,East
E07000073,Harlow,-8,Does not apply,0,East
E07000073,Harlow,1,No religion,40506,East
E07000073,Harlow,2,Christian,41730,East
E07000073,Harlow,3,Buddhist,370,East
E07000073,Harlow,4,Hindu,891,East
E07000073,Harlow,5,Jewish,319,East
E07000073,Harlow,6,Muslim,3737,East
E07000073,Harlow,7,Sikh,85,East
E07000073,Harlow,8,Other religion,608,East
E07000073,Harlow,9,Not answered,5081,East
E07000074,Maldon,-8,Does not apply,0,East
E07000074,Maldon,1,No religion,28754,East
E07000074,Maldon,2,Christian,32796,East
E07000074,Maldon,3,Buddhist,197,East
E07000074,Maldon,4,Hindu,128,East
E07000074,Maldon,5,Jewish,128,East
E07000074,Maldon,6,Muslim,298,East
E07000074,Maldon,7,Sikh,47,East
E07000074,Maldon,8,Other religion,276,East
E07000074,Maldon,9,Not answered,3586,East
E07000075,Rochford,-8,Does not apply,0,East
E07000075,Rochford,1,No religion,38497,East
E07000075,Rochford,2,Christian,40777,East
E07000075,Rochford,3,Buddhist,206,East
E07000075,Rochford,4,Hindu,367,East
E07000075,Rochford,5,Jewish,293,East
E07000075,Rochford,6,Muslim,415,East
E07000075,Rochford,7,Sikh,44,East
E07000075,Rochford,8,Other religion,332,East
E07000075,Rochford,9,Not answered,4730,East
E07000076,Tendring,-8,Does not apply,0,East
E07000076,Tendring,1,No religion,64075,East
E07000076,Tendring,2,Christian,73061,East
E07000076,Tendring,3,Buddhist,420,East
E07000076,Tendring,4,Hindu,350,East
E07000076,Tendring,5,Jewish,224,East
E07000076,Tendring,6,Muslim,647,East
E07000076,Tendring,7,Sikh,63,East
E07000076,Tendring,8,Other religion,696,East
E07000076,Tendring,9,Not answered,8758,East
E07000077,Uttlesford,-8,Does not apply,0,East
E07000077,Uttlesford,1,No religion,37916,East
E07000077,Uttlesford,2,Christian,45850,East
E07000077,Uttlesford,3,Buddhist,369,East
E07000077,Uttlesford,4,Hindu,419,East
E07000077,Uttlesford,5,Jewish,351,East
E07000077,Uttlesford,6,Muslim,669,East
E07000077,Uttlesford,7,Sikh,100,East
E07000077,Uttlesford,8,Other religion,379,East
E07000077,Uttlesford,9,Not answered,5288,East
E07000078,Cheltenham,-8,Does not apply,0,South West
E07000078,Cheltenham,1,No religion,52733,South West
E07000078,Cheltenham,2,Christian,54073,South West
E07000078,Cheltenham,3,Buddhist,559,South West
E07000078,Cheltenham,4,Hindu,1192,South West
E07000078,Cheltenham,5,Jewish,198,South West
E07000078,Cheltenham,6,Muslim,1744,South West
E07000078,Cheltenham,7,Sikh,181,South West
E07000078,Cheltenham,8,Other religion,619,South West
E07000078,Cheltenham,9,Not answered,7536,South West
E07000079,Cotswold,-8,Does not apply,0,South West
E07000079,Cotswold,1,No religion,33310,South West
E07000079,Cotswold,2,Christian,50597,South West
E07000079,Cotswold,3,Buddhist,333,South West
E07000079,Cotswold,4,Hindu,237,South West
E07000079,Cotswold,5,Jewish,159,South West
E07000079,Cotswold,6,Muslim,236,South West
E07000079,Cotswold,7,Sikh,65,South West
E07000079,Cotswold,8,Other religion,422,South West
E07000079,Cotswold,9,Not answered,5476,South West
E07000080,Forest of Dean,-8,Does not apply,0,South West
E07000080,Forest of Dean,1,No religion,36238,South West
E07000080,Forest of Dean,2,Christian,43969,South West
E07000080,Forest of Dean,3,Buddhist,220,South West
E07000080,Forest of Dean,4,Hindu,103,South West
E07000080,Forest of Dean,5,Jewish,59,South West
E07000080,Forest of Dean,6,Muslim,237,South West
E07000080,Forest of Dean,7,Sikh,68,South West
E07000080,Forest of Dean,8,Other religion,520,South West
E07000080,Forest of Dean,9,Not answered,5593,South West
E07000081,Gloucester,-8,Does not apply,0,South West
E07000081,Gloucester,1,No religion,52507,South West
E07000081,Gloucester,2,Christian,63145,South West
E07000081,Gloucester,3,Buddhist,401,South West
E07000081,Gloucester,4,Hindu,1283,South West
E07000081,Gloucester,5,Jewish,64,South West
E07000081,Gloucester,6,Muslim,6200,South West
E07000081,Gloucester,7,Sikh,255,South West
E07000081,Gloucester,8,Other religion,652,South West
E07000081,Gloucester,9,Not answered,7908,South West
E07000082,Stroud,-8,Does not apply,0,South West
E07000082,Stroud,1,No religion,53424,South West
E07000082,Stroud,2,Christian,57483,South West
E07000082,Stroud,3,Buddhist,530,South West
E07000082,Stroud,4,Hindu,278,South West
E07000082,Stroud,5,Jewish,141,South West
E07000082,Stroud,6,Muslim,409,South West
E07000082,Stroud,7,Sikh,79,South West
E07000082,Stroud,8,Other religion,897,South West
E07000082,Stroud,9,Not answered,7863,South West
E07000083,Tewkesbury,-8,Does not apply,0,South West
E07000083,Tewkesbury,1,No religion,38746,South West
E07000083,Tewkesbury,2,Christian,48345,South West
E07000083,Tewkesbury,3,Buddhist,341,South West
E07000083,Tewkesbury,4,Hindu,684,South West
E07000083,Tewkesbury,5,Jewish,70,South West
E07000083,Tewkesbury,6,Muslim,521,South West
E07000083,Tewkesbury,7,Sikh,113,South West
E07000083,Tewkesbury,8,Other religion,399,South West
E07000083,Tewkesbury,9,Not answered,5666,South West
E07000084,Basingstoke and Deane,-8,Does not apply,0,South East
E07000084,Basingstoke and Deane,1,No religion,80443,South East
E07000084,Basingstoke and Deane,2,Christian,84090,South East
E07000084,Basingstoke and Deane,3,Buddhist,1583,South East
E07000084,Basingstoke and Deane,4,Hindu,4099,South East
E07000084,Basingstoke and Deane,5,Jewish,168,South East
E07000084,Basingstoke and Deane,6,Muslim,2802,South East
E07000084,Basingstoke and Deane,7,Sikh,505,South East
E07000084,Basingstoke and Deane,8,Other religion,1139,South East
E07000084,Basingstoke and Deane,9,Not answered,10323,South East
E07000085,East Hampshire,-8,Does not apply,0,South East
E07000085,East Hampshire,1,No religion,51488,South East
E07000085,East Hampshire,2,Christian,64194,South East
E07000085,East Hampshire,3,Buddhist,403,South East
E07000085,East Hampshire,4,Hindu,361,South East
E07000085,East Hampshire,5,Jewish,213,South East
E07000085,East Hampshire,6,Muslim,749,South East
E07000085,East Hampshire,7,Sikh,83,South East
E07000085,East Hampshire,8,Other religion,593,South East
E07000085,East Hampshire,9,Not answered,7660,South East
E07000086,Eastleigh,-8,Does not apply,0,South East
E07000086,Eastleigh,1,No religion,61379,South East
E07000086,Eastleigh,2,Christian,62367,South East
E07000086,Eastleigh,3,Buddhist,514,South East
E07000086,Eastleigh,4,Hindu,1350,South East
E07000086,Eastleigh,5,Jewish,114,South East
E07000086,Eastleigh,6,Muslim,1406,South East
E07000086,Eastleigh,7,Sikh,1023,South East
E07000086,Eastleigh,8,Other religion,630,South East
E07000086,Eastleigh,9,Not answered,7660,South East
E07000087,Fareham,-8,Does not apply,0,South East
E07000087,Fareham,1,No religion,49987,South East
E07000087,Fareham,2,Christian,56248,South East
E07000087,Fareham,3,Buddhist,341,South East
E07000087,Fareham,4,Hindu,401,South East
E07000087,Fareham,5,Jewish,66,South East
E07000087,Fareham,6,Muslim,714,South East
E07000087,Fareham,7,Sikh,88,South East
E07000087,Fareham,8,Other religion,491,South East
E07000087,Fareham,9,Not answered,6176,South East
E07000088,Gosport,-8,Does not apply,0,South East
E07000088,Gosport,1,No religion,39662,South East
E07000088,Gosport,2,Christian,36558,South East
E07000088,Gosport,3,Buddhist,272,South East
E07000088,Gosport,4,Hindu,226,South East
E07000088,Gosport,5,Jewish,37,South East
E07000088,Gosport,6,Muslim,454,South East
E07000088,Gosport,7,Sikh,29,South East
E07000088,Gosport,8,Other religion,520,South East
E07000088,Gosport,9,Not answered,4194,South East
E07000089,Hart,-8,Does not apply,0,South East
E07000089,Hart,1,No religion,40898,South East
E07000089,Hart,2,Christian,49461,South East
E07000089,Hart,3,Buddhist,630,South East
E07000089,Hart,4,Hindu,1187,South East
E07000089,Hart,5,Jewish,117,South East
E07000089,Hart,6,Muslim,807,South East
E07000089,Hart,7,Sikh,325,South East
E07000089,Hart,8,Other religion,404,South East
E07000089,Hart,9,Not answered,5579,South East
E07000090,Havant,-8,Does not apply,0,South East
E07000090,Havant,1,No religion,58869,South East
E07000090,Havant,2,Christian,56317,South East
E07000090,Havant,3,Buddhist,357,South East
E07000090,Havant,4,Hindu,339,South East
E07000090,Havant,5,Jewish,97,South East
E07000090,Havant,6,Muslim,657,South East
E07000090,Havant,7,Sikh,98,South East
E07000090,Havant,8,Other religion,620,South East
E07000090,Havant,9,Not answered,6854,South East
E07000091,New Forest,-8,Does not apply,0,South East
E07000091,New Forest,1,No religion,71539,South East
E07000091,New Forest,2,Christian,90768,South East
E07000091,New Forest,3,Buddhist,536,South East
E07000091,New Forest,4,Hindu,284,South East
E07000091,New Forest,5,Jewish,234,South East
E07000091,New Forest,6,Muslim,590,South East
E07000091,New Forest,7,Sikh,87,South East
E07000091,New Forest,8,Other religion,1006,South East
E07000091,New Forest,9,Not answered,10741,South East
E07000092,Rushmoor,-8,Does not apply,0,South East
E07000092,Rushmoor,1,No religion,37854,South East
E07000092,Rushmoor,2,Christian,42173,South East
E07000092,Rushmoor,3,Buddhist,4732,South East
E07000092,Rushmoor,4,Hindu,5708,South East
E07000092,Rushmoor,5,Jewish,60,South East
E07000092,Rushmoor,6,Muslim,2462,South East
E07000092,Rushmoor,7,Sikh,198,South East
E07000092,Rushmoor,8,Other religion,1245,South East
E07000092,Rushmoor,9,Not answered,5324,South East
E07000093,Test Valley,-8,Does not apply,0,South East
E07000093,Test Valley,1,No religion,53030,South East
E07000093,Test Valley,2,Christian,65873,South East
E07000093,Test Valley,3,Buddhist,619,South East
E07000093,Test Valley,4,Hindu,1015,South East
E07000093,Test Valley,5,Jewish,114,South East
E07000093,Test Valley,6,Muslim,1180,South East
E07000093,Test Valley,7,Sikh,581,South East
E07000093,Test Valley,8,Other religion,597,South East
E07000093,Test Valley,9,Not answered,7483,South East
E07000094,Winchester,-8,Does not apply,0,South East
E07000094,Winchester,1,No religion,53752,South East
E07000094,Winchester,2,Christian,61948,South East
E07000094,Winchester,3,Buddhist,789,South East
E07000094,Winchester,4,Hindu,948,South East
E07000094,Winchester,5,Jewish,219,South East
E07000094,Winchester,6,Muslim,904,South East
E07000094,Winchester,7,Sikh,188,South East
E07000094,Winchester,8,Other religion,673,South East
E07000094,Winchester,9,Not answered,8023,South East
E07000095,Broxbourne,-8,Does not apply,0,East
E07000095,Broxbourne,1,No religion,32714,East
E07000095,Broxbourne,2,Christian,52492,East
E07000095,Broxbourne,3,Buddhist,479,East
E07000095,Broxbourne,4,Hindu,1150,East
E07000095,Broxbourne,5,Jewish,365,East
E07000095,Broxbourne,6,Muslim,4249,East
E07000095,Broxbourne,7,Sikh,156,East
E07000095,Broxbourne,8,Other religion,1601,East
E07000095,Broxbourne,9,Not answered,5803,East
E07000096,Dacorum,-8,Does not apply,0,East
E07000096,Dacorum,1,No religion,63681,East
E07000096,Dacorum,2,Christian,71955,East
E07000096,Dacorum,3,Buddhist,726,East
E07000096,Dacorum,4,Hindu,2547,East
E07000096,Dacorum,5,Jewish,896,East
E07000096,Dacorum,6,Muslim,4869,East
E07000096,Dacorum,7,Sikh,311,East
E07000096,Dacorum,8,Other religion,747,East
E07000096,Dacorum,9,Not answered,9350,East
E07000098,Hertsmere,-8,Does not apply,0,East
E07000098,Hertsmere,1,No religion,26092,East
E07000098,Hertsmere,2,Christian,45022,East
E07000098,Hertsmere,3,Buddhist,623,East
E07000098,Hertsmere,4,Hindu,5337,East
E07000098,Hertsmere,5,Jewish,18346,East
E07000098,Hertsmere,6,Muslim,4062,East
E07000098,Hertsmere,7,Sikh,245,East
E07000098,Hertsmere,8,Other religion,1117,East
E07000098,Hertsmere,9,Not answered,6982,East
E07000099,North Hertfordshire,-8,Does not apply,0,East
E07000099,North Hertfordshire,1,No religion,59315,East
E07000099,North Hertfordshire,2,Christian,58320,East
E07000099,North Hertfordshire,3,Buddhist,658,East
E07000099,North Hertfordshire,4,Hindu,1455,East
E07000099,North Hertfordshire,5,Jewish,369,East
E07000099,North Hertfordshire,6,Muslim,2064,East
E07000099,North Hertfordshire,7,Sikh,2280,East
E07000099,North Hertfordshire,8,Other religion,733,East
E07000099,North Hertfordshire,9,Not answered,8016,East
E07000102,Three Rivers,-8,Does not apply,0,East
E07000102,Three Rivers,1,No religion,28922,East
E07000102,Three Rivers,2,Christian,44655,East
E07000102,Three Rivers,3,Buddhist,486,East
E07000102,Three Rivers,4,Hindu,7791,East
E07000102,Three Rivers,5,Jewish,1463,East
E07000102,Three Rivers,6,Muslim,3458,East
E07000102,Three Rivers,7,Sikh,844,East
E07000102,Three Rivers,8,Other religion,870,East
E07000102,Three Rivers,9,Not answered,5282,East
E07000103,Watford,-8,Does not apply,0,East
E07000103,Watford,1,No religion,25340,East
E07000103,Watford,2,Christian,45447,East
E07000103,Watford,3,Buddhist,1021,East
E07000103,Watford,4,Hindu,8398,East
E07000103,Watford,5,Jewish,944,East
E07000103,Watford,6,Muslim,13262,East
E07000103,Watford,7,Sikh,664,East
E07000103,Watford,8,Other religion,859,East
E07000103,Watford,9,Not answered,6311,East
E07000105,Ashford,-8,Does not apply,0,South East
E07000105,Ashford,1,No religion,54002,South East
E07000105,Ashford,2,Christian,63197,South East
E07000105,Ashford,3,Buddhist,1341,South East
E07000105,Ashford,4,Hindu,2717,South East
E07000105,Ashford,5,Jewish,142,South East
E07000105,Ashford,6,Muslim,2110,South East
E07000105,Ashford,7,Sikh,147,South East
E07000105,Ashford,8,Other religion,1533,South East
E07000105,Ashford,9,Not answered,7558,South East
E07000106,Canterbury,-8,Does not apply,0,South East
E07000106,Canterbury,1,No religion,66087,South East
E07000106,Canterbury,2,Christian,73413,South East
E07000106,Canterbury,3,Buddhist,961,South East
E07000106,Canterbury,4,Hindu,1297,South East
E07000106,Canterbury,5,Jewish,310,South East
E07000106,Canterbury,6,Muslim,2875,South East
E07000106,Canterbury,7,Sikh,279,South East
E07000106,Canterbury,8,Other religion,1145,South East
E07000106,Canterbury,9,Not answered,11062,South East
E07000107,Dartford,-8,Does not apply,0,South East
E07000107,Dartford,1,No religion,42581,South East
E07000107,Dartford,2,Christian,56172,South East
E07000107,Dartford,3,Buddhist,691,South East
E07000107,Dartford,4,Hindu,4433,South East
E07000107,Dartford,5,Jewish,91,South East
E07000107,Dartford,6,Muslim,4100,South East
E07000107,Dartford,7,Sikh,2014,South East
E07000107,Dartford,8,Other religion,465,South East
E07000107,Dartford,9,Not answered,6205,South East
E07000108,Dover,-8,Does not apply,0,South East
E07000108,Dover,1,No religion,49302,South East
E07000108,Dover,2,Christian,57768,South East
E07000108,Dover,3,Buddhist,591,South East
E07000108,Dover,4,Hindu,723,South East
E07000108,Dover,5,Jewish,113,South East
E07000108,Dover,6,Muslim,734,South East
E07000108,Dover,7,Sikh,73,South East
E07000108,Dover,8,Other religion,649,South East
E07000108,Dover,9,Not answered,6457,South East
E07000109,Gravesham,-8,Does not apply,0,South East
E07000109,Gravesham,1,No religion,34353,South East
E07000109,Gravesham,2,Christian,52565,South East
E07000109,Gravesham,3,Buddhist,347,South East
E07000109,Gravesham,4,Hindu,1491,South East
E07000109,Gravesham,5,Jewish,76,South East
E07000109,Gravesham,6,Muslim,3326,South East
E07000109,Gravesham,7,Sikh,8560,South East
E07000109,Gravesham,8,Other religion,664,South East
E07000109,Gravesham,9,Not answered,5517,South East
E07000110,Maidstone,-8,Does not apply,0,South East
E07000110,Maidstone,1,No religion,70501,South East
E07000110,Maidstone,2,Christian,86589,South East
E07000110,Maidstone,3,Buddhist,1341,South East
E07000110,Maidstone,4,Hindu,2477,South East
E07000110,Maidstone,5,Jewish,164,South East
E07000110,Maidstone,6,Muslim,3332,South East
E07000110,Maidstone,7,Sikh,270,South East
E07000110,Maidstone,8,Other religion,1123,South East
E07000110,Maidstone,9,Not answered,9984,South East
E07000111,Sevenoaks,-8,Does not apply,0,South East
E07000111,Sevenoaks,1,No religion,47639,South East
E07000111,Sevenoaks,2,Christian,62479,South East
E07000111,Sevenoaks,3,Buddhist,464,South East
E07000111,Sevenoaks,4,Hindu,805,South East
E07000111,Sevenoaks,5,Jewish,234,South East
E07000111,Sevenoaks,6,Muslim,1088,South East
E07000111,Sevenoaks,7,Sikh,288,South East
E07000111,Sevenoaks,8,Other religion,416,South East
E07000111,Sevenoaks,9,Not answered,7102,South East
E07000112,Folkestone and Hythe,-8,Does not apply,0,South East
E07000112,Folkestone and Hythe,1,No religion,45890,South East
E07000112,Folkestone and Hythe,2,Christian,52653,South East
E07000112,Folkestone and Hythe,3,Buddhist,1074,South East
E07000112,Folkestone and Hythe,4,Hindu,1625,South East
E07000112,Folkestone and Hythe,5,Jewish,146,South East
E07000112,Folkestone and Hythe,6,Muslim,1107,South East
E07000112,Folkestone and Hythe,7,Sikh,46,South East
E07000112,Folkestone and Hythe,8,Other religion,973,South East
E07000112,Folkestone and Hythe,9,Not answered,6242,South East
E07000113,Swale,-8,Does not apply,0,South East
E07000113,Swale,1,No religion,68784,South East
E07000113,Swale,2,Christian,71562,South East
E07000113,Swale,3,Buddhist,406,South East
E07000113,Swale,4,Hindu,587,South East
E07000113,Swale,5,Jewish,118,South East
E07000113,Swale,6,Muslim,1529,South East
E07000113,Swale,7,Sikh,208,South East
E07000113,Swale,8,Other religion,672,South East
E07000113,Swale,9,Not answered,7811,South East
E07000114,Thanet,-8,Does not apply,0,South East
E07000114,Thanet,1,No religion,62054,South East
E07000114,Thanet,2,Christian,65654,South East
E07000114,Thanet,3,Buddhist,598,South East
E07000114,Thanet,4,Hindu,803,South East
E07000114,Thanet,5,Jewish,268,South East
E07000114,Thanet,6,Muslim,2129,South East
E07000114,Thanet,7,Sikh,103,South East
E07000114,Thanet,8,Other religion,866,South East
E07000114,Thanet,9,Not answered,8115,South East
E07000115,Tonbridge and Malling,-8,Does not apply,0,South East
E07000115,Tonbridge and Malling,1,No religion,56516,South East
E07000115,Tonbridge and Malling,2,Christian,64406,South East
E07000115,Tonbridge and Malling,3,Buddhist,451,South East
E07000115,Tonbridge and Malling,4,Hindu,1167,South East
E07000115,Tonbridge and Malling,5,Jewish,163,South East
E07000115,Tonbridge and Malling,6,Muslim,1381,South East
E07000115,Tonbridge and Malling,7,Sikh,240,South East
E07000115,Tonbridge and Malling,8,Other religion,508,South East
E07000115,Tonbridge and Malling,9,Not answered,7369,South East
E07000116,Tunbridge Wells,-8,Does not apply,0,South East
E07000116,Tunbridge Wells,1,No religion,46480,South East
E07000116,Tunbridge Wells,2,Christian,57258,South East
E07000116,Tunbridge Wells,3,Buddhist,484,South East
E07000116,Tunbridge Wells,4,Hindu,1115,South East
E07000116,Tunbridge Wells,5,Jewish,224,South East
E07000116,Tunbridge Wells,6,Muslim,1904,South East
E07000116,Tunbridge Wells,7,Sikh,81,South East
E07000116,Tunbridge Wells,8,Other religion,558,South East
E07000116,Tunbridge Wells,9,Not answered,7207,South East
E07000117,Burnley,-8,Does not apply,0,North West
E07000117,Burnley,1,No religion,29822,North West
E07000117,Burnley,2,Christian,45608,North West
E07000117,Burnley,3,Buddhist,227,North West
E07000117,Burnley,4,Hindu,174,North West
E07000117,Burnley,5,Jewish,33,North West
E07000117,Burnley,6,Muslim,13255,North West
E07000117,Burnley,7,Sikh,53,North West
E07000117,Burnley,8,Other religion,355,North West
E07000117,Burnley,9,Not answered,5119,North West
E07000118,Chorley,-8,Does not apply,0,North West
E07000118,Chorley,1,No religion,36383,North West
E07000118,Chorley,2,Christian,72438,North West
E07000118,Chorley,3,Buddhist,286,North West
E07000118,Chorley,4,Hindu,335,North West
E07000118,Chorley,5,Jewish,59,North West
E07000118,Chorley,6,Muslim,1648,North West
E07000118,Chorley,7,Sikh,59,North West
E07000118,Chorley,8,Other religion,534,North West
E07000118,Chorley,9,Not answered,5990,North West
E07000119,Fylde,-8,Does not apply,0,North West
E07000119,Fylde,1,No religion,25389,North West
E07000119,Fylde,2,Christian,50138,North West
E07000119,Fylde,3,Buddhist,275,North West
E07000119,Fylde,4,Hindu,234,North West
E07000119,Fylde,5,Jewish,288,North West
E07000119,Fylde,6,Muslim,576,North West
E07000119,Fylde,7,Sikh,64,North West
E07000119,Fylde,8,Other religion,327,North West
E07000119,Fylde,9,Not answered,4082,North West
E07000120,Hyndburn,-8,Does not apply,0,North West
E07000120,Hyndburn,1,No religion,23360,North West
E07000120,Hyndburn,2,Christian,41949,North West
E07000120,Hyndburn,3,Buddhist,152,North West
E07000120,Hyndburn,4,Hindu,84,North West
E07000120,Hyndburn,5,Jewish,28,North West
E07000120,Hyndburn,6,Muslim,12049,North West
E07000120,Hyndburn,7,Sikh,30,North West
E07000120,Hyndburn,8,Other religion,342,North West
E07000120,Hyndburn,9,Not answered,4242,North West
E07000121,Lancaster,-8,Does not apply,0,North West
E07000121,Lancaster,1,No religion,54433,North West
E07000121,Lancaster,2,Christian,74108,North West
E07000121,Lancaster,3,Buddhist,604,North West
E07000121,Lancaster,4,Hindu,604,North West
E07000121,Lancaster,5,Jewish,144,North West
E07000121,Lancaster,6,Muslim,2663,North West
E07000121,Lancaster,7,Sikh,147,North West
E07000121,Lancaster,8,Other religion,809,North West
E07000121,Lancaster,9,Not answered,9422,North West
E07000122,Pendle,-8,Does not apply,0,North West
E07000122,Pendle,1,No religion,27526,North West
E07000122,Pendle,2,Christian,37526,North West
E07000122,Pendle,3,Buddhist,223,North West
E07000122,Pendle,4,Hindu,70,North West
E07000122,Pendle,5,Jewish,32,North West
E07000122,Pendle,6,Muslim,24900,North West
E07000122,Pendle,7,Sikh,35,North West
E07000122,Pendle,8,Other religion,357,North West
E07000122,Pendle,9,Not answered,5090,North West
E07000123,Preston,-8,Does not apply,0,North West
E07000123,Preston,1,No religion,38931,North West
E07000123,Preston,2,Christian,70424,North West
E07000123,Preston,3,Buddhist,435,North West
E07000123,Preston,4,Hindu,4398,North West
E07000123,Preston,5,Jewish,76,North West
E07000123,Preston,6,Muslim,23825,North West
E07000123,Preston,7,Sikh,1091,North West
E07000123,Preston,8,Other religion,610,North West
E07000123,Preston,9,Not answered,8045,North West
E07000124,Ribble Valley,-8,Does not apply,0,North West
E07000124,Ribble Valley,1,No religion,16144,North West
E07000124,Ribble Valley,2,Christian,40855,North West
E07000124,Ribble Valley,3,Buddhist,132,North West
E07000124,Ribble Valley,4,Hindu,178,North West
E07000124,Ribble Valley,5,Jewish,22,North West
E07000124,Ribble Valley,6,Muslim,796,North West
E07000124,Ribble Valley,7,Sikh,24,North West
E07000124,Ribble Valley,8,Other religion,162,North West
E07000124,Ribble Valley,9,Not answered,3248,North West
E07000125,Rossendale,-8,Does not apply,0,North West
E07000125,Rossendale,1,No religion,28412,North West
E07000125,Rossendale,2,Christian,34611,North West
E07000125,Rossendale,3,Buddhist,184,North West
E07000125,Rossendale,4,Hindu,103,North West
E07000125,Rossendale,5,Jewish,64,North West
E07000125,Rossendale,6,Muslim,3476,North West
E07000125,Rossendale,7,Sikh,32,North West
E07000125,Rossendale,8,Other religion,333,North West
E07000125,Rossendale,9,Not answered,3655,North West
E07000126,South Ribble,-8,Does not apply,0,North West
E07000126,South Ribble,1,No religion,34239,North West
E07000126,South Ribble,2,Christian,68622,North West
E07000126,South Ribble,3,Buddhist,232,North West
E07000126,South Ribble,4,Hindu,776,North West
E07000126,South Ribble,5,Jewish,58,North West
E07000126,South Ribble,6,Muslim,1027,North West
E07000126,South Ribble,7,Sikh,117,North West
E07000126,South Ribble,8,Other religion,379,North West
E07000126,South Ribble,9,Not answered,5585,North West
E07000127,West Lancashire,-8,Does not apply,0,North West
E07000127,West Lancashire,1,No religion,37018,North West
E07000127,West Lancashire,2,Christian,72269,North West
E07000127,West Lancashire,3,Buddhist,262,North West
E07000127,West Lancashire,4,Hindu,241,North West
E07000127,West Lancashire,5,Jewish,70,North West
E07000127,West Lancashire,6,Muslim,507,North West
E07000127,West Lancashire,7,Sikh,94,North West
E07000127,West Lancashire,8,Other religion,357,North West
E07000127,West Lancashire,9,Not answered,6609,North West
E07000128,Wyre,-8,Does not apply,0,North West
E07000128,Wyre,1,No religion,37720,North West
E07000128,Wyre,2,Christian,66973,North West
E07000128,Wyre,3,Buddhist,294,North West
E07000128,Wyre,4,Hindu,183,North West
E07000128,Wyre,5,Jewish,85,North West
E07000128,Wyre,6,Muslim,452,North West
E07000128,Wyre,7,Sikh,26,North West
E07000128,Wyre,8,Other religion,477,North West
E07000128,Wyre,9,Not answered,5732,North West
E07000129,Blaby,-8,Does not apply,0,East Midlands
E07000129,Blaby,1,No religion,43851,East Midlands
E07000129,Blaby,2,Christian,44684,East Midlands
E07000129,Blaby,3,Buddhist,263,East Midlands
E07000129,Blaby,4,Hindu,3825,East Midlands
E07000129,Blaby,5,Jewish,57,East Midlands
E07000129,Blaby,6,Muslim,1421,East Midlands
E07000129,Blaby,7,Sikh,2927,East Midlands
E07000129,Blaby,8,Other religion,410,East Midlands
E07000129,Blaby,9,Not answered,5488,East Midlands
E07000130,Charnwood,-8,Does not apply,0,East Midlands
E07000130,Charnwood,1,No religion,74902,East Midlands
E07000130,Charnwood,2,Christian,76327,East Midlands
E07000130,Charnwood,3,Buddhist,643,East Midlands
E07000130,Charnwood,4,Hindu,12278,East Midlands
E07000130,Charnwood,5,Jewish,149,East Midlands
E07000130,Charnwood,6,Muslim,5703,East Midlands
E07000130,Charnwood,7,Sikh,2042,East Midlands
E07000130,Charnwood,8,Other religion,953,East Midlands
E07000130,Charnwood,9,Not answered,10971,East Midlands
E07000131,Harborough,-8,Does not apply,0,East Midlands
E07000131,Harborough,1,No religion,37480,East Midlands
E07000131,Harborough,2,Christian,49046,East Midlands
E07000131,Harborough,3,Buddhist,256,East Midlands
E07000131,Harborough,4,Hindu,2477,East Midlands
E07000131,Harborough,5,Jewish,118,East Midlands
E07000131,Harborough,6,Muslim,1120,East Midlands
E07000131,Harborough,7,Sikh,1467,East Midlands
E07000131,Harborough,8,Other religion,379,East Midlands
E07000131,Harborough,9,Not answered,5281,East Midlands
E07000132,Hinckley and Bosworth,-8,Does not apply,0,East Midlands
E07000132,Hinckley and Bosworth,1,No religion,47368,East Midlands
E07000132,Hinckley and Bosworth,2,Christian,56637,East Midlands
E07000132,Hinckley and Bosworth,3,Buddhist,265,East Midlands
E07000132,Hinckley and Bosworth,4,Hindu,1251,East Midlands
E07000132,Hinckley and Bosworth,5,Jewish,39,East Midlands
E07000132,Hinckley and Bosworth,6,Muslim,796,East Midlands
E07000132,Hinckley and Bosworth,7,Sikh,740,East Midlands
E07000132,Hinckley and Bosworth,8,Other religion,556,East Midlands
E07000132,Hinckley and Bosworth,9,Not answered,5987,East Midlands
E07000133,Melton,-8,Does not apply,0,East Midlands
E07000133,Melton,1,No religion,20365,East Midlands
E07000133,Melton,2,Christian,27771,East Midlands
E07000133,Melton,3,Buddhist,148,East Midlands
E07000133,Melton,4,Hindu,200,East Midlands
E07000133,Melton,5,Jewish,28,East Midlands
E07000133,Melton,6,Muslim,130,East Midlands
E07000133,Melton,7,Sikh,70,East Midlands
E07000133,Melton,8,Other religion,181,East Midlands
E07000133,Melton,9,Not answered,2861,East Midlands
E07000134,North West Leicestershire,-8,Does not apply,0,East Midlands
E07000134,North West Leicestershire,1,No religion,45987,East Midlands
E07000134,North West Leicestershire,2,Christian,51429,East Midlands
E07000134,North West Leicestershire,3,Buddhist,221,East Midlands
E07000134,North West Leicestershire,4,Hindu,478,East Midlands
E07000134,North West Leicestershire,5,Jewish,45,East Midlands
E07000134,North West Leicestershire,6,Muslim,419,East Midlands
E07000134,North West Leicestershire,7,Sikh,304,East Midlands
E07000134,North West Leicestershire,8,Other religion,461,East Midlands
E07000134,North West Leicestershire,9,Not answered,5362,East Midlands
E07000135,Oadby and Wigston,-8,Does not apply,0,East Midlands
E07000135,Oadby and Wigston,1,No religion,17441,East Midlands
E07000135,Oadby and Wigston,2,Christian,19996,East Midlands
E07000135,Oadby and Wigston,3,Buddhist,185,East Midlands
E07000135,Oadby and Wigston,4,Hindu,5747,East Midlands
E07000135,Oadby and Wigston,5,Jewish,95,East Midlands
E07000135,Oadby and Wigston,6,Muslim,6480,East Midlands
E07000135,Oadby and Wigston,7,Sikh,4342,East Midlands
E07000135,Oadby and Wigston,8,Other religion,333,East Midlands
E07000135,Oadby and Wigston,9,Not answered,3128,East Midlands
E07000136,Boston,-8,Does not apply,0,East Midlands
E07000136,Boston,1,No religion,22034,East Midlands
E07000136,Boston,2,Christian,42171,East Midlands
E07000136,Boston,3,Buddhist,164,East Midlands
E07000136,Boston,4,Hindu,237,East Midlands
E07000136,Boston,5,Jewish,41,East Midlands
E07000136,Boston,6,Muslim,967,East Midlands
E07000136,Boston,7,Sikh,32,East Midlands
E07000136,Boston,8,Other religion,283,East Midlands
E07000136,Boston,9,Not answered,4573,East Midlands
E07000137,East Lindsey,-8,Does not apply,0,East Midlands
E07000137,East Lindsey,1,No religion,55197,East Midlands
E07000137,East Lindsey,2,Christian,76661,East Midlands
E07000137,East Lindsey,3,Buddhist,324,East Midlands
E07000137,East Lindsey,4,Hindu,195,East Midlands
E07000137,East Lindsey,5,Jewish,84,East Midlands
E07000137,East Lindsey,6,Muslim,457,East Midlands
E07000137,East Lindsey,7,Sikh,89,East Midlands
E07000137,East Lindsey,8,Other religion,690,East Midlands
E07000137,East Lindsey,9,Not answered,8602,East Midlands
E07000138,Lincoln,-8,Does not apply,0,East Midlands
E07000138,Lincoln,1,No religion,48940,East Midlands
E07000138,Lincoln,2,Christian,43898,East Midlands
E07000138,Lincoln,3,Buddhist,355,East Midlands
E07000138,Lincoln,4,Hindu,456,East Midlands
E07000138,Lincoln,5,Jewish,70,East Midlands
E07000138,Lincoln,6,Muslim,1896,East Midlands
E07000138,Lincoln,7,Sikh,103,East Midlands
E07000138,Lincoln,8,Other religion,793,East Midlands
E07000138,Lincoln,9,Not answered,7302,East Midlands
E07000139,North Kesteven,-8,Does not apply,0,East Midlands
E07000139,North Kesteven,1,No religion,46641,East Midlands
E07000139,North Kesteven,2,Christian,63147,East Midlands
E07000139,North Kesteven,3,Buddhist,215,East Midlands
E07000139,North Kesteven,4,Hindu,244,East Midlands
E07000139,North Kesteven,5,Jewish,67,East Midlands
E07000139,North Kesteven,6,Muslim,529,East Midlands
E07000139,North Kesteven,7,Sikh,91,East Midlands
E07000139,North Kesteven,8,Other religion,546,East Midlands
E07000139,North Kesteven,9,Not answered,6594,East Midlands
E07000140,South Holland,-8,Does not apply,0,East Midlands
E07000140,South Holland,1,No religion,31438,East Midlands
E07000140,South Holland,2,Christian,56024,East Midlands
E07000140,South Holland,3,Buddhist,171,East Midlands
E07000140,South Holland,4,Hindu,219,East Midlands
E07000140,South Holland,5,Jewish,62,East Midlands
E07000140,South Holland,6,Muslim,448,East Midlands
E07000140,South Holland,7,Sikh,117,East Midlands
E07000140,South Holland,8,Other religion,416,East Midlands
E07000140,South Holland,9,Not answered,6228,East Midlands
E07000141,South Kesteven,-8,Does not apply,0,East Midlands
E07000141,South Kesteven,1,No religion,53837,East Midlands
E07000141,South Kesteven,2,Christian,78626,East Midlands
E07000141,South Kesteven,3,Buddhist,374,East Midlands
E07000141,South Kesteven,4,Hindu,853,East Midlands
E07000141,South Kesteven,5,Jewish,126,East Midlands
E07000141,South Kesteven,6,Muslim,731,East Midlands
E07000141,South Kesteven,7,Sikh,119,East Midlands
E07000141,South Kesteven,8,Other religion,574,East Midlands
E07000141,South Kesteven,9,Not answered,8165,East Midlands
E07000142,West Lindsey,-8,Does not apply,0,East Midlands
E07000142,West Lindsey,1,No religion,36111,East Midlands
E07000142,West Lindsey,2,Christian,52061,East Midlands
E07000142,West Lindsey,3,Buddhist,221,East Midlands
E07000142,West Lindsey,4,Hindu,290,East Midlands
E07000142,West Lindsey,5,Jewish,45,East Midlands
E07000142,West Lindsey,6,Muslim,383,East Midlands
E07000142,West Lindsey,7,Sikh,130,East Midlands
E07000142,West Lindsey,8,Other religion,481,East Midlands
E07000142,West Lindsey,9,Not answered,5430,East Midlands
E07000143,Breckland,-8,Does not apply,0,East
E07000143,Breckland,1,No religion,59622,East
E07000143,Breckland,2,Christian,70710,East
E07000143,Breckland,3,Buddhist,400,East
E07000143,Breckland,4,Hindu,209,East
E07000143,Breckland,5,Jewish,145,East
E07000143,Breckland,6,Muslim,650,East
E07000143,Breckland,7,Sikh,62,East
E07000143,Breckland,8,Other religion,801,East
E07000143,Breckland,9,Not answered,8877,East
E07000144,Broadland,-8,Does not apply,0,East
E07000144,Broadland,1,No religion,58584,East
E07000144,Broadland,2,Christian,62767,East
E07000144,Broadland,3,Buddhist,391,East
E07000144,Broadland,4,Hindu,372,East
E07000144,Broadland,5,Jewish,157,East
E07000144,Broadland,6,Muslim,648,East
E07000144,Broadland,7,Sikh,89,East
E07000144,Broadland,8,Other religion,574,East
E07000144,Broadland,9,Not answered,8139,East
E07000145,Great Yarmouth,-8,Does not apply,0,East
E07000145,Great Yarmouth,1,No religion,45084,East
E07000145,Great Yarmouth,2,Christian,46564,East
E07000145,Great Yarmouth,3,Buddhist,267,East
E07000145,Great Yarmouth,4,Hindu,351,East
E07000145,Great Yarmouth,5,Jewish,63,East
E07000145,Great Yarmouth,6,Muslim,723,East
E07000145,Great Yarmouth,7,Sikh,37,East
E07000145,Great Yarmouth,8,Other religion,537,East
E07000145,Great Yarmouth,9,Not answered,6120,East
E07000146,King's Lynn and West Norfolk,-8,Does not apply,0,East
E07000146,King's Lynn and West Norfolk,1,No religion,60898,East
E07000146,King's Lynn and West Norfolk,2,Christian,80869,East
E07000146,King's Lynn and West Norfolk,3,Buddhist,476,East
E07000146,King's Lynn and West Norfolk,4,Hindu,428,East
E07000146,King's Lynn and West Norfolk,5,Jewish,157,East
E07000146,King's Lynn and West Norfolk,6,Muslim,804,East
E07000146,King's Lynn and West Norfolk,7,Sikh,119,East
E07000146,King's Lynn and West Norfolk,8,Other religion,795,East
E07000146,King's Lynn and West Norfolk,9,Not answered,9782,East
E07000147,North Norfolk,-8,Does not apply,0,East
E07000147,North Norfolk,1,No religion,40804,East
E07000147,North Norfolk,2,Christian,53825,East
E07000147,North Norfolk,3,Buddhist,373,East
E07000147,North Norfolk,4,Hindu,75,East
E07000147,North Norfolk,5,Jewish,130,East
E07000147,North Norfolk,6,Muslim,173,East
E07000147,North Norfolk,7,Sikh,17,East
E07000147,North Norfolk,8,Other religion,641,East
E07000147,North Norfolk,9,Not answered,6941,East
E07000148,Norwich,-8,Does not apply,0,East
E07000148,Norwich,1,No religion,76973,East
E07000148,Norwich,2,Christian,48399,East
E07000148,Norwich,3,Buddhist,983,East
E07000148,Norwich,4,Hindu,1719,East
E07000148,Norwich,5,Jewish,331,East
E07000148,Norwich,6,Muslim,4289,East
E07000148,Norwich,7,Sikh,185,East
E07000148,Norwich,8,Other religion,1283,East
E07000148,Norwich,9,Not answered,9760,East
E07000149,South Norfolk,-8,Does not apply,0,East
E07000149,South Norfolk,1,No religion,62982,East
E07000149,South Norfolk,2,Christian,67308,East
E07000149,South Norfolk,3,Buddhist,524,East
E07000149,South Norfolk,4,Hindu,542,East
E07000149,South Norfolk,5,Jewish,197,East
E07000149,South Norfolk,6,Muslim,859,East
E07000149,South Norfolk,7,Sikh,57,East
E07000149,South Norfolk,8,Other religion,664,East
E07000149,South Norfolk,9,Not answered,8817,East
E07000163,Craven,-8,Does not apply,0,Yorkshire and The Humber
E07000163,Craven,1,No religion,21902,Yorkshire and The Humber
E07000163,Craven,2,Christian,30643,Yorkshire and The Humber
E07000163,Craven,3,Buddhist,129,Yorkshire and The Humber
E07000163,Craven,4,Hindu,98,Yorkshire and The Humber
E07000163,Craven,5,Jewish,48,Yorkshire and The Humber
E07000163,Craven,6,Muslim,622,Yorkshire and The Humber
E07000163,Craven,7,Sikh,32,Yorkshire and The Humber
E07000163,Craven,8,Other religion,256,Yorkshire and The Humber
E07000163,Craven,9,Not answered,3200,Yorkshire and The Humber
E07000164,Hambleton,-8,Does not apply,0,Yorkshire and The Humber
E07000164,Hambleton,1,No religion,30917,Yorkshire and The Humber
E07000164,Hambleton,2,Christian,53848,Yorkshire and The Humber
E07000164,Hambleton,3,Buddhist,200,Yorkshire and The Humber
E07000164,Hambleton,4,Hindu,91,Yorkshire and The Humber
E07000164,Hambleton,5,Jewish,55,Yorkshire and The Humber
E07000164,Hambleton,6,Muslim,243,Yorkshire and The Humber
E07000164,Hambleton,7,Sikh,30,Yorkshire and The Humber
E07000164,Hambleton,8,Other religion,325,Yorkshire and The Humber
E07000164,Hambleton,9,Not answered,4978,Yorkshire and The Humber
E07000165,Harrogate,-8,Does not apply,0,Yorkshire and The Humber
E07000165,Harrogate,1,No religion,58941,Yorkshire and The Humber
E07000165,Harrogate,2,Christian,90356,Yorkshire and The Humber
E07000165,Harrogate,3,Buddhist,561,Yorkshire and The Humber
E07000165,Harrogate,4,Hindu,455,Yorkshire and The Humber
E07000165,Harrogate,5,Jewish,359,Yorkshire and The Humber
E07000165,Harrogate,6,Muslim,901,Yorkshire and The Humber
E07000165,Harrogate,7,Sikh,122,Yorkshire and The Humber
E07000165,Harrogate,8,Other religion,669,Yorkshire and The Humber
E07000165,Harrogate,9,Not answered,10301,Yorkshire and The Humber
E07000166,Richmondshire,-8,Does not apply,0,Yorkshire and The Humber
E07000166,Richmondshire,1,No religion,17803,Yorkshire and The Humber
E07000166,Richmondshire,2,Christian,27736,Yorkshire and The Humber
E07000166,Richmondshire,3,Buddhist,480,Yorkshire and The Humber
E07000166,Richmondshire,4,Hindu,733,Yorkshire and The Humber
E07000166,Richmondshire,5,Jewish,20,Yorkshire and The Humber
E07000166,Richmondshire,6,Muslim,116,Yorkshire and The Humber
E07000166,Richmondshire,7,Sikh,21,Yorkshire and The Humber
E07000166,Richmondshire,8,Other religion,358,Yorkshire and The Humber
E07000166,Richmondshire,9,Not answered,2509,Yorkshire and The Humber
E07000167,Ryedale,-8,Does not apply,0,Yorkshire and The Humber
E07000167,Ryedale,1,No religion,18710,Yorkshire and The Humber
E07000167,Ryedale,2,Christian,32101,Yorkshire and The Humber
E07000167,Ryedale,3,Buddhist,123,Yorkshire and The Humber
E07000167,Ryedale,4,Hindu,29,Yorkshire and The Humber
E07000167,Ryedale,5,Jewish,29,Yorkshire and The Humber
E07000167,Ryedale,6,Muslim,164,Yorkshire and The Humber
E07000167,Ryedale,7,Sikh,9,Yorkshire and The Humber
E07000167,Ryedale,8,Other religion,234,Yorkshire and The Humber
E07000167,Ryedale,9,Not answered,3307,Yorkshire and The Humber
E07000168,Scarborough,-8,Does not apply,0,Yorkshire and The Humber
E07000168,Scarborough,1,No religion,42889,Yorkshire and The Humber
E07000168,Scarborough,2,Christian,57393,Yorkshire and The Humber
E07000168,Scarborough,3,Buddhist,357,Yorkshire and The Humber
E07000168,Scarborough,4,Hindu,152,Yorkshire and The Humber
E07000168,Scarborough,5,Jewish,56,Yorkshire and The Humber
E07000168,Scarborough,6,Muslim,713,Yorkshire and The Humber
E07000168,Scarborough,7,Sikh,10,Yorkshire and The Humber
E07000168,Scarborough,8,Other religion,554,Yorkshire and The Humber
E07000168,Scarborough,9,Not answered,6614,Yorkshire and The Humber
E07000169,Selby,-8,Does not apply,0,Yorkshire and The Humber
E07000169,Selby,1,No religion,35718,Yorkshire and The Humber
E07000169,Selby,2,Christian,50361,Yorkshire and The Humber
E07000169,Selby,3,Buddhist,183,Yorkshire and The Humber
E07000169,Selby,4,Hindu,119,Yorkshire and The Humber
E07000169,Selby,5,Jewish,64,Yorkshire and The Humber
E07000169,Selby,6,Muslim,225,Yorkshire and The Humber
E07000169,Selby,7,Sikh,102,Yorkshire and The Humber
E07000169,Selby,8,Other religion,367,Yorkshire and The Humber
E07000169,Selby,9,Not answered,4849,Yorkshire and The Humber
E07000170,Ashfield,-8,Does not apply,0,East Midlands
E07000170,Ashfield,1,No religion,63479,East Midlands
E07000170,Ashfield,2,Christian,53095,East Midlands
E07000170,Ashfield,3,Buddhist,250,East Midlands
E07000170,Ashfield,4,Hindu,418,East Midlands
E07000170,Ashfield,5,Jewish,40,East Midlands
E07000170,Ashfield,6,Muslim,762,East Midlands
E07000170,Ashfield,7,Sikh,294,East Midlands
E07000170,Ashfield,8,Other religion,596,East Midlands
E07000170,Ashfield,9,Not answered,7367,East Midlands
E07000171,Bassetlaw,-8,Does not apply,0,East Midlands
E07000171,Bassetlaw,1,No religion,44234,East Midlands
E07000171,Bassetlaw,2,Christian,65122,East Midlands
E07000171,Bassetlaw,3,Buddhist,253,East Midlands
E07000171,Bassetlaw,4,Hindu,271,East Midlands
E07000171,Bassetlaw,5,Jewish,45,East Midlands
E07000171,Bassetlaw,6,Muslim,734,East Midlands
E07000171,Bassetlaw,7,Sikh,182,East Midlands
E07000171,Bassetlaw,8,Other religion,472,East Midlands
E07000171,Bassetlaw,9,Not answered,6491,East Midlands
E07000172,Broxtowe,-8,Does not apply,0,East Midlands
E07000172,Broxtowe,1,No religion,51966,East Midlands
E07000172,Broxtowe,2,Christian,46644,East Midlands
E07000172,Broxtowe,3,Buddhist,475,East Midlands
E07000172,Broxtowe,4,Hindu,1215,East Midlands
E07000172,Broxtowe,5,Jewish,122,East Midlands
E07000172,Broxtowe,6,Muslim,2545,East Midlands
E07000172,Broxtowe,7,Sikh,1037,East Midlands
E07000172,Broxtowe,8,Other religion,540,East Midlands
E07000172,Broxtowe,9,Not answered,6396,East Midlands
E07000173,Gedling,-8,Does not apply,0,East Midlands
E07000173,Gedling,1,No religion,55880,East Midlands
E07000173,Gedling,2,Christian,49698,East Midlands
E07000173,Gedling,3,Buddhist,364,East Midlands
E07000173,Gedling,4,Hindu,774,East Midlands
E07000173,Gedling,5,Jewish,98,East Midlands
E07000173,Gedling,6,Muslim,2478,East Midlands
E07000173,Gedling,7,Sikh,952,East Midlands
E07000173,Gedling,8,Other religion,550,East Midlands
E07000173,Gedling,9,Not answered,6471,East Midlands
E07000174,Mansfield,-8,Does not apply,0,East Midlands
E07000174,Mansfield,1,No religion,50400,East Midlands
E07000174,Mansfield,2,Christian,51385,East Midlands
E07000174,Mansfield,3,Buddhist,305,East Midlands
E07000174,Mansfield,4,Hindu,376,East Midlands
E07000174,Mansfield,5,Jewish,37,East Midlands
E07000174,Mansfield,6,Muslim,1240,East Midlands
E07000174,Mansfield,7,Sikh,239,East Midlands
E07000174,Mansfield,8,Other religion,489,East Midlands
E07000174,Mansfield,9,Not answered,6012,East Midlands
E07000175,Newark and Sherwood,-8,Does not apply,0,East Midlands
E07000175,Newark and Sherwood,1,No religion,50655,East Midlands
E07000175,Newark and Sherwood,2,Christian,63222,East Midlands
E07000175,Newark and Sherwood,3,Buddhist,289,East Midlands
E07000175,Newark and Sherwood,4,Hindu,229,East Midlands
E07000175,Newark and Sherwood,5,Jewish,90,East Midlands
E07000175,Newark and Sherwood,6,Muslim,749,East Midlands
E07000175,Newark and Sherwood,7,Sikh,166,East Midlands
E07000175,Newark and Sherwood,8,Other religion,514,East Midlands
E07000175,Newark and Sherwood,9,Not answered,7042,East Midlands
E07000176,Rushcliffe,-8,Does not apply,0,East Midlands
E07000176,Rushcliffe,1,No religion,52917,East Midlands
E07000176,Rushcliffe,2,Christian,52467,East Midlands
E07000176,Rushcliffe,3,Buddhist,402,East Midlands
E07000176,Rushcliffe,4,Hindu,1856,East Midlands
E07000176,Rushcliffe,5,Jewish,280,East Midlands
E07000176,Rushcliffe,6,Muslim,2677,East Midlands
E07000176,Rushcliffe,7,Sikh,1167,East Midlands
E07000176,Rushcliffe,8,Other religion,587,East Midlands
E07000176,Rushcliffe,9,Not answered,6724,East Midlands
E07000177,Cherwell,-8,Does not apply,0,South East
E07000177,Cherwell,1,No religion,61286,South East
E07000177,Cherwell,2,Christian,80987,South East
E07000177,Cherwell,3,Buddhist,900,South East
E07000177,Cherwell,4,Hindu,1243,South East
E07000177,Cherwell,5,Jewish,200,South East
E07000177,Cherwell,6,Muslim,5206,South East
E07000177,Cherwell,7,Sikh,622,South East
E07000177,Cherwell,8,Other religion,821,South East
E07000177,Cherwell,9,Not answered,9753,South East
E07000178,Oxford,-8,Does not apply,0,South East
E07000178,Oxford,1,No religion,63201,South East
E07000178,Oxford,2,Christian,61750,South East
E07000178,Oxford,3,Buddhist,1195,South East
E07000178,Oxford,4,Hindu,2523,South East
E07000178,Oxford,5,Jewish,1120,South East
E07000178,Oxford,6,Muslim,14093,South East
E07000178,Oxford,7,Sikh,599,South East
E07000178,Oxford,8,Other religion,1447,South East
E07000178,Oxford,9,Not answered,16110,South East
E07000179,South Oxfordshire,-8,Does not apply,0,South East
E07000179,South Oxfordshire,1,No religion,61344,South East
E07000179,South Oxfordshire,2,Christian,74332,South East
E07000179,South Oxfordshire,3,Buddhist,618,South East
E07000179,South Oxfordshire,4,Hindu,1095,South East
E07000179,South Oxfordshire,5,Jewish,342,South East
E07000179,South Oxfordshire,6,Muslim,1441,South East
E07000179,South Oxfordshire,7,Sikh,252,South East
E07000179,South Oxfordshire,8,Other religion,671,South East
E07000179,South Oxfordshire,9,Not answered,8990,South East
E07000180,Vale of White Horse,-8,Does not apply,0,South East
E07000180,Vale of White Horse,1,No religion,57894,South East
E07000180,Vale of White Horse,2,Christian,67443,South East
E07000180,Vale of White Horse,3,Buddhist,755,South East
E07000180,Vale of White Horse,4,Hindu,1193,South East
E07000180,Vale of White Horse,5,Jewish,268,South East
E07000180,Vale of White Horse,6,Muslim,1982,South East
E07000180,Vale of White Horse,7,Sikh,250,South East
E07000180,Vale of White Horse,8,Other religion,686,South East
E07000180,Vale of White Horse,9,Not answered,8442,South East
E07000181,West Oxfordshire,-8,Does not apply,0,South East
E07000181,West Oxfordshire,1,No religion,46393,South East
E07000181,West Oxfordshire,2,Christian,58801,South East
E07000181,West Oxfordshire,3,Buddhist,433,South East
E07000181,West Oxfordshire,4,Hindu,278,South East
E07000181,West Oxfordshire,5,Jewish,187,South East
E07000181,West Oxfordshire,6,Muslim,757,South East
E07000181,West Oxfordshire,7,Sikh,62,South East
E07000181,West Oxfordshire,8,Other religion,604,South East
E07000181,West Oxfordshire,9,Not answered,6721,South East
E07000187,Mendip,-8,Does not apply,0,South West
E07000187,Mendip,1,No religion,50786,South West
E07000187,Mendip,2,Christian,54485,South West
E07000187,Mendip,3,Buddhist,601,South West
E07000187,Mendip,4,Hindu,173,South West
E07000187,Mendip,5,Jewish,151,South West
E07000187,Mendip,6,Muslim,338,South West
E07000187,Mendip,7,Sikh,28,South West
E07000187,Mendip,8,Other religion,1409,South West
E07000187,Mendip,9,Not answered,8119,South West
E07000188,Sedgemoor,-8,Does not apply,0,South West
E07000188,Sedgemoor,1,No religion,52497,South West
E07000188,Sedgemoor,2,Christian,63092,South West
E07000188,Sedgemoor,3,Buddhist,310,South West
E07000188,Sedgemoor,4,Hindu,155,South West
E07000188,Sedgemoor,5,Jewish,65,South West
E07000188,Sedgemoor,6,Muslim,598,South West
E07000188,Sedgemoor,7,Sikh,62,South West
E07000188,Sedgemoor,8,Other religion,694,South West
E07000188,Sedgemoor,9,Not answered,7870,South West
E07000189,South Somerset,-8,Does not apply,0,South West
E07000189,South Somerset,1,No religion,67942,South West
E07000189,South Somerset,2,Christian,90973,South West
E07000189,South Somerset,3,Buddhist,503,South West
E07000189,South Somerset,4,Hindu,344,South West
E07000189,South Somerset,5,Jewish,118,South West
E07000189,South Somerset,6,Muslim,744,South West
E07000189,South Somerset,7,Sikh,33,South West
E07000189,South Somerset,8,Other religion,968,South West
E07000189,South Somerset,9,Not answered,11045,South West
E07000192,Cannock Chase,-8,Does not apply,0,West Midlands
E07000192,Cannock Chase,1,No religion,41294,West Midlands
E07000192,Cannock Chase,2,Christian,52707,West Midlands
E07000192,Cannock Chase,3,Buddhist,222,West Midlands
E07000192,Cannock Chase,4,Hindu,162,West Midlands
E07000192,Cannock Chase,5,Jewish,29,West Midlands
E07000192,Cannock Chase,6,Muslim,346,West Midlands
E07000192,Cannock Chase,7,Sikh,379,West Midlands
E07000192,Cannock Chase,8,Other religion,445,West Midlands
E07000192,Cannock Chase,9,Not answered,4935,West Midlands
E07000193,East Staffordshire,-8,Does not apply,0,West Midlands
E07000193,East Staffordshire,1,No religion,42020,West Midlands
E07000193,East Staffordshire,2,Christian,62560,West Midlands
E07000193,East Staffordshire,3,Buddhist,332,West Midlands
E07000193,East Staffordshire,4,Hindu,361,West Midlands
E07000193,East Staffordshire,5,Jewish,38,West Midlands
E07000193,East Staffordshire,6,Muslim,10778,West Midlands
E07000193,East Staffordshire,7,Sikh,403,West Midlands
E07000193,East Staffordshire,8,Other religion,542,West Midlands
E07000193,East Staffordshire,9,Not answered,6986,West Midlands
E07000194,Lichfield,-8,Does not apply,0,West Midlands
E07000194,Lichfield,1,No religion,40563,West Midlands
E07000194,Lichfield,2,Christian,57683,West Midlands
E07000194,Lichfield,3,Buddhist,245,West Midlands
E07000194,Lichfield,4,Hindu,460,West Midlands
E07000194,Lichfield,5,Jewish,61,West Midlands
E07000194,Lichfield,6,Muslim,722,West Midlands
E07000194,Lichfield,7,Sikh,923,West Midlands
E07000194,Lichfield,8,Other religion,443,West Midlands
E07000194,Lichfield,9,Not answered,5336,West Midlands
E07000195,Newcastle-under-Lyme,-8,Does not apply,0,West Midlands
E07000195,Newcastle-under-Lyme,1,No religion,48009,West Midlands
E07000195,Newcastle-under-Lyme,2,Christian,63931,West Midlands
E07000195,Newcastle-under-Lyme,3,Buddhist,474,West Midlands
E07000195,Newcastle-under-Lyme,4,Hindu,698,West Midlands
E07000195,Newcastle-under-Lyme,5,Jewish,66,West Midlands
E07000195,Newcastle-under-Lyme,6,Muslim,2223,West Midlands
E07000195,Newcastle-under-Lyme,7,Sikh,252,West Midlands
E07000195,Newcastle-under-Lyme,8,Other religion,533,West Midlands
E07000195,Newcastle-under-Lyme,9,Not answered,7116,West Midlands
E07000196,South Staffordshire,-8,Does not apply,0,West Midlands
E07000196,South Staffordshire,1,No religion,35933,West Midlands
E07000196,South Staffordshire,2,Christian,65385,West Midlands
E07000196,South Staffordshire,3,Buddhist,273,West Midlands
E07000196,South Staffordshire,4,Hindu,441,West Midlands
E07000196,South Staffordshire,5,Jewish,41,West Midlands
E07000196,South Staffordshire,6,Muslim,863,West Midlands
E07000196,South Staffordshire,7,Sikh,1716,West Midlands
E07000196,South Staffordshire,8,Other religion,462,West Midlands
E07000196,South Staffordshire,9,Not answered,5358,West Midlands
E07000197,Stafford,-8,Does not apply,0,West Midlands
E07000197,Stafford,1,No religion,50479,West Midlands
E07000197,Stafford,2,Christian,74360,West Midlands
E07000197,Stafford,3,Buddhist,570,West Midlands
E07000197,Stafford,4,Hindu,1263,West Midlands
E07000197,Stafford,5,Jewish,61,West Midlands
E07000197,Stafford,6,Muslim,1488,West Midlands
E07000197,Stafford,7,Sikh,605,West Midlands
E07000197,Stafford,8,Other religion,683,West Midlands
E07000197,Stafford,9,Not answered,7359,West Midlands
E07000198,Staffordshire Moorlands,-8,Does not apply,0,West Midlands
E07000198,Staffordshire Moorlands,1,No religion,32466,West Midlands
E07000198,Staffordshire Moorlands,2,Christian,56835,West Midlands
E07000198,Staffordshire Moorlands,3,Buddhist,182,West Midlands
E07000198,Staffordshire Moorlands,4,Hindu,116,West Midlands
E07000198,Staffordshire Moorlands,5,Jewish,35,West Midlands
E07000198,Staffordshire Moorlands,6,Muslim,263,West Midlands
E07000198,Staffordshire Moorlands,7,Sikh,62,West Midlands
E07000198,Staffordshire Moorlands,8,Other religion,395,West Midlands
E07000198,Staffordshire Moorlands,9,Not answered,5491,West Midlands
E07000199,Tamworth,-8,Does not apply,0,West Midlands
E07000199,Tamworth,1,No religion,34850,West Midlands
E07000199,Tamworth,2,Christian,38593,West Midlands
E07000199,Tamworth,3,Buddhist,194,West Midlands
E07000199,Tamworth,4,Hindu,217,West Midlands
E07000199,Tamworth,5,Jewish,15,West Midlands
E07000199,Tamworth,6,Muslim,354,West Midlands
E07000199,Tamworth,7,Sikh,221,West Midlands
E07000199,Tamworth,8,Other religion,310,West Midlands
E07000199,Tamworth,9,Not answered,3894,West Midlands
E07000200,Babergh,-8,Does not apply,0,East
E07000200,Babergh,1,No religion,39638,East
E07000200,Babergh,2,Christian,45765,East
E07000200,Babergh,3,Buddhist,242,East
E07000200,Babergh,4,Hindu,156,East
E07000200,Babergh,5,Jewish,127,East
E07000200,Babergh,6,Muslim,433,East
E07000200,Babergh,7,Sikh,26,East
E07000200,Babergh,8,Other religion,401,East
E07000200,Babergh,9,Not answered,5553,East
E07000202,Ipswich,-8,Does not apply,0,East
E07000202,Ipswich,1,No religion,63256,East
E07000202,Ipswich,2,Christian,58898,East
E07000202,Ipswich,3,Buddhist,596,East
E07000202,Ipswich,4,Hindu,1342,East
E07000202,Ipswich,5,Jewish,101,East
E07000202,Ipswich,6,Muslim,5433,East
E07000202,Ipswich,7,Sikh,456,East
E07000202,Ipswich,8,Other religion,838,East
E07000202,Ipswich,9,Not answered,8722,East
E07000203,Mid Suffolk,-8,Does not apply,0,East
E07000203,Mid Suffolk,1,No religion,44715,East
E07000203,Mid Suffolk,2,Christian,50674,East
E07000203,Mid Suffolk,3,Buddhist,327,East
E07000203,Mid Suffolk,4,Hindu,165,East
E07000203,Mid Suffolk,5,Jewish,86,East
E07000203,Mid Suffolk,6,Muslim,254,East
E07000203,Mid Suffolk,7,Sikh,27,East
E07000203,Mid Suffolk,8,Other religion,428,East
E07000203,Mid Suffolk,9,Not answered,6023,East
E07000207,Elmbridge,-8,Does not apply,0,South East
E07000207,Elmbridge,1,No religion,49121,South East
E07000207,Elmbridge,2,Christian,72133,South East
E07000207,Elmbridge,3,Buddhist,750,South East
E07000207,Elmbridge,4,Hindu,2218,South East
E07000207,Elmbridge,5,Jewish,750,South East
E07000207,Elmbridge,6,Muslim,3531,South East
E07000207,Elmbridge,7,Sikh,742,South East
E07000207,Elmbridge,8,Other religion,609,South East
E07000207,Elmbridge,9,Not answered,8899,South East
E07000208,Epsom and Ewell,-8,Does not apply,0,South East
E07000208,Epsom and Ewell,1,No religion,28903,South East
E07000208,Epsom and Ewell,2,Christian,38957,South East
E07000208,Epsom and Ewell,3,Buddhist,549,South East
E07000208,Epsom and Ewell,4,Hindu,2891,South East
E07000208,Epsom and Ewell,5,Jewish,206,South East
E07000208,Epsom and Ewell,6,Muslim,3926,South East
E07000208,Epsom and Ewell,7,Sikh,224,South East
E07000208,Epsom and Ewell,8,Other religion,334,South East
E07000208,Epsom and Ewell,9,Not answered,4948,South East
E07000209,Guildford,-8,Does not apply,0,South East
E07000209,Guildford,1,No religion,56969,South East
E07000209,Guildford,2,Christian,69233,South East
E07000209,Guildford,3,Buddhist,991,South East
E07000209,Guildford,4,Hindu,1972,South East
E07000209,Guildford,5,Jewish,382,South East
E07000209,Guildford,6,Muslim,3105,South East
E07000209,Guildford,7,Sikh,316,South East
E07000209,Guildford,8,Other religion,677,South East
E07000209,Guildford,9,Not answered,10004,South East
E07000210,Mole Valley,-8,Does not apply,0,South East
E07000210,Mole Valley,1,No religion,33563,South East
E07000210,Mole Valley,2,Christian,45616,South East
E07000210,Mole Valley,3,Buddhist,345,South East
E07000210,Mole Valley,4,Hindu,646,South East
E07000210,Mole Valley,5,Jewish,218,South East
E07000210,Mole Valley,6,Muslim,1046,South East
E07000210,Mole Valley,7,Sikh,118,South East
E07000210,Mole Valley,8,Other religion,360,South East
E07000210,Mole Valley,9,Not answered,5475,South East
E07000211,Reigate and Banstead,-8,Does not apply,0,South East
E07000211,Reigate and Banstead,1,No religion,57451,South East
E07000211,Reigate and Banstead,2,Christian,73992,South East
E07000211,Reigate and Banstead,3,Buddhist,698,South East
E07000211,Reigate and Banstead,4,Hindu,3640,South East
E07000211,Reigate and Banstead,5,Jewish,364,South East
E07000211,Reigate and Banstead,6,Muslim,4642,South East
E07000211,Reigate and Banstead,7,Sikh,315,South East
E07000211,Reigate and Banstead,8,Other religion,636,South East
E07000211,Reigate and Banstead,9,Not answered,9108,South East
E07000212,Runnymede,-8,Does not apply,0,South East
E07000212,Runnymede,1,No religion,30654,South East
E07000212,Runnymede,2,Christian,44415,South East
E07000212,Runnymede,3,Buddhist,458,South East
E07000212,Runnymede,4,Hindu,2029,South East
E07000212,Runnymede,5,Jewish,223,South East
E07000212,Runnymede,6,Muslim,2519,South East
E07000212,Runnymede,7,Sikh,1269,South East
E07000212,Runnymede,8,Other religion,450,South East
E07000212,Runnymede,9,Not answered,6062,South East
E07000213,Spelthorne,-8,Does not apply,0,South East
E07000213,Spelthorne,1,No religion,32112,South East
E07000213,Spelthorne,2,Christian,52432,South East
E07000213,Spelthorne,3,Buddhist,703,South East
E07000213,Spelthorne,4,Hindu,4372,South East
E07000213,Spelthorne,5,Jewish,174,South East
E07000213,Spelthorne,6,Muslim,4146,South East
E07000213,Spelthorne,7,Sikh,2612,South East
E07000213,Spelthorne,8,Other religion,520,South East
E07000213,Spelthorne,9,Not answered,5884,South East
E07000214,Surrey Heath,-8,Does not apply,0,South East
E07000214,Surrey Heath,1,No religion,32546,South East
E07000214,Surrey Heath,2,Christian,45265,South East
E07000214,Surrey Heath,3,Buddhist,951,South East
E07000214,Surrey Heath,4,Hindu,2021,South East
E07000214,Surrey Heath,5,Jewish,142,South East
E07000214,Surrey Heath,6,Muslim,2829,South East
E07000214,Surrey Heath,7,Sikh,1054,South East
E07000214,Surrey Heath,8,Other religion,496,South East
E07000214,Surrey Heath,9,Not answered,5153,South East
E07000215,Tandridge,-8,Does not apply,0,South East
E07000215,Tandridge,1,No religion,34192,South East
E07000215,Tandridge,2,Christian,44956,South East
E07000215,Tandridge,3,Buddhist,340,South East
E07000215,Tandridge,4,Hindu,1012,South East
E07000215,Tandridge,5,Jewish,152,South East
E07000215,Tandridge,6,Muslim,1159,South East
E07000215,Tandridge,7,Sikh,90,South East
E07000215,Tandridge,8,Other religion,341,South East
E07000215,Tandridge,9,Not answered,5630,South East
E07000216,Waverley,-8,Does not apply,0,South East
E07000216,Waverley,1,No religion,49987,South East
E07000216,Waverley,2,Christian,66605,South East
E07000216,Waverley,3,Buddhist,564,South East
E07000216,Waverley,4,Hindu,453,South East
E07000216,Waverley,5,Jewish,265,South East
E07000216,Waverley,6,Muslim,1505,South East
E07000216,Waverley,7,Sikh,117,South East
E07000216,Waverley,8,Other religion,603,South East
E07000216,Waverley,9,Not answered,8130,South East
E07000217,Woking,-8,Does not apply,0,South East
E07000217,Woking,1,No religion,34574,South East
E07000217,Woking,2,Christian,49465,South East
E07000217,Woking,3,Buddhist,642,South East
E07000217,Woking,4,Hindu,2488,South East
E07000217,Woking,5,Jewish,223,South East
E07000217,Woking,6,Muslim,9730,South East
E07000217,Woking,7,Sikh,285,South East
E07000217,Woking,8,Other religion,502,South East
E07000217,Woking,9,Not answered,6034,South East
E07000218,North Warwickshire,-8,Does not apply,0,West Midlands
E07000218,North Warwickshire,1,No religion,24802,West Midlands
E07000218,North Warwickshire,2,Christian,35778,West Midlands
E07000218,North Warwickshire,3,Buddhist,139,West Midlands
E07000218,North Warwickshire,4,Hindu,190,West Midlands
E07000218,North Warwickshire,5,Jewish,26,West Midlands
E07000218,North Warwickshire,6,Muslim,259,West Midlands
E07000218,North Warwickshire,7,Sikh,306,West Midlands
E07000218,North Warwickshire,8,Other religion,270,West Midlands
E07000218,North Warwickshire,9,Not answered,3269,West Midlands
E07000219,Nuneaton and Bedworth,-8,Does not apply,0,West Midlands
E07000219,Nuneaton and Bedworth,1,No religion,50778,West Midlands
E07000219,Nuneaton and Bedworth,2,Christian,65042,West Midlands
E07000219,Nuneaton and Bedworth,3,Buddhist,726,West Midlands
E07000219,Nuneaton and Bedworth,4,Hindu,2185,West Midlands
E07000219,Nuneaton and Bedworth,5,Jewish,39,West Midlands
E07000219,Nuneaton and Bedworth,6,Muslim,3979,West Midlands
E07000219,Nuneaton and Bedworth,7,Sikh,3529,West Midlands
E07000219,Nuneaton and Bedworth,8,Other religion,850,West Midlands
E07000219,Nuneaton and Bedworth,9,Not answered,7068,West Midlands
E07000220,Rugby,-8,Does not apply,0,West Midlands
E07000220,Rugby,1,No religion,41331,West Midlands
E07000220,Rugby,2,Christian,57728,West Midlands
E07000220,Rugby,3,Buddhist,440,West Midlands
E07000220,Rugby,4,Hindu,3758,West Midlands
E07000220,Rugby,5,Jewish,69,West Midlands
E07000220,Rugby,6,Muslim,2109,West Midlands
E07000220,Rugby,7,Sikh,1552,West Midlands
E07000220,Rugby,8,Other religion,598,West Midlands
E07000220,Rugby,9,Not answered,6778,West Midlands
E07000221,Stratford-on-Avon,-8,Does not apply,0,West Midlands
E07000221,Stratford-on-Avon,1,No religion,48339,West Midlands
E07000221,Stratford-on-Avon,2,Christian,75936,West Midlands
E07000221,Stratford-on-Avon,3,Buddhist,397,West Midlands
E07000221,Stratford-on-Avon,4,Hindu,617,West Midlands
E07000221,Stratford-on-Avon,5,Jewish,178,West Midlands
E07000221,Stratford-on-Avon,6,Muslim,646,West Midlands
E07000221,Stratford-on-Avon,7,Sikh,573,West Midlands
E07000221,Stratford-on-Avon,8,Other religion,569,West Midlands
E07000221,Stratford-on-Avon,9,Not answered,7469,West Midlands
E07000222,Warwick,-8,Does not apply,0,West Midlands
E07000222,Warwick,1,No religion,59337,West Midlands
E07000222,Warwick,2,Christian,66224,West Midlands
E07000222,Warwick,3,Buddhist,594,West Midlands
E07000222,Warwick,4,Hindu,3743,West Midlands
E07000222,Warwick,5,Jewish,278,West Midlands
E07000222,Warwick,6,Muslim,2243,West Midlands
E07000222,Warwick,7,Sikh,6299,West Midlands
E07000222,Warwick,8,Other religion,774,West Midlands
E07000222,Warwick,9,Not answered,8961,West Midlands
E07000223,Adur,-8,Does not apply,0,South East
E07000223,Adur,1,No religion,30890,South East
E07000223,Adur,2,Christian,27836,South East
E07000223,Adur,3,Buddhist,274,South East
E07000223,Adur,4,Hindu,209,South East
E07000223,Adur,5,Jewish,249,South East
E07000223,Adur,6,Muslim,840,South East
E07000223,Adur,7,Sikh,31,South East
E07000223,Adur,8,Other religion,392,South East
E07000223,Adur,9,Not answered,3820,South East
E07000224,Arun,-8,Does not apply,0,South East
E07000224,Arun,1,No religion,65762,South East
E07000224,Arun,2,Christian,85922,South East
E07000224,Arun,3,Buddhist,502,South East
E07000224,Arun,4,Hindu,391,South East
E07000224,Arun,5,Jewish,262,South East
E07000224,Arun,6,Muslim,1157,South East
E07000224,Arun,7,Sikh,79,South East
E07000224,Arun,8,Other religion,861,South East
E07000224,Arun,9,Not answered,9953,South East
E07000225,Chichester,-8,Does not apply,0,South East
E07000225,Chichester,1,No religion,47977,South East
E07000225,Chichester,2,Christian,65910,South East
E07000225,Chichester,3,Buddhist,611,South East
E07000225,Chichester,4,Hindu,312,South East
E07000225,Chichester,5,Jewish,226,South East
E07000225,Chichester,6,Muslim,685,South East
E07000225,Chichester,7,Sikh,43,South East
E07000225,Chichester,8,Other religion,664,South East
E07000225,Chichester,9,Not answered,7640,South East
E07000226,Crawley,-8,Does not apply,0,South East
E07000226,Crawley,1,No religion,41555,South East
E07000226,Crawley,2,Christian,50497,South East
E07000226,Crawley,3,Buddhist,529,South East
E07000226,Crawley,4,Hindu,6090,South East
E07000226,Crawley,5,Jewish,96,South East
E07000226,Crawley,6,Muslim,11521,South East
E07000226,Crawley,7,Sikh,851,South East
E07000226,Crawley,8,Other religion,634,South East
E07000226,Crawley,9,Not answered,6720,South East
E07000227,Horsham,-8,Does not apply,0,South East
E07000227,Horsham,1,No religion,61763,South East
E07000227,Horsham,2,Christian,72325,South East
E07000227,Horsham,3,Buddhist,581,South East
E07000227,Horsham,4,Hindu,814,South East
E07000227,Horsham,5,Jewish,272,South East
E07000227,Horsham,6,Muslim,1270,South East
E07000227,Horsham,7,Sikh,105,South East
E07000227,Horsham,8,Other religion,658,South East
E07000227,Horsham,9,Not answered,8990,South East
E07000228,Mid Sussex,-8,Does not apply,0,South East
E07000228,Mid Sussex,1,No religion,64207,South East
E07000228,Mid Sussex,2,Christian,73108,South East
E07000228,Mid Sussex,3,Buddhist,577,South East
E07000228,Mid Sussex,4,Hindu,1573,South East
E07000228,Mid Sussex,5,Jewish,328,South East
E07000228,Mid Sussex,6,Muslim,1841,South East
E07000228,Mid Sussex,7,Sikh,148,South East
E07000228,Mid Sussex,8,Other religion,1121,South East
E07000228,Mid Sussex,9,Not answered,9666,South East
E07000229,Worthing,-8,Does not apply,0,South East
E07000229,Worthing,1,No religion,50895,South East
E07000229,Worthing,2,Christian,48897,South East
E07000229,Worthing,3,Buddhist,704,South East
E07000229,Worthing,4,Hindu,739,South East
E07000229,Worthing,5,Jewish,274,South East
E07000229,Worthing,6,Muslim,1912,South East
E07000229,Worthing,7,Sikh,124,South East
E07000229,Worthing,8,Other religion,778,South East
E07000229,Worthing,9,Not answered,7013,South East
E07000234,Bromsgrove,-8,Does not apply,0,West Midlands
E07000234,Bromsgrove,1,No religion,37139,West Midlands
E07000234,Bromsgrove,2,Christian,53075,West Midlands
E07000234,Bromsgrove,3,Buddhist,284,West Midlands
E07000234,Bromsgrove,4,Hindu,670,West Midlands
E07000234,Bromsgrove,5,Jewish,94,West Midlands
E07000234,Bromsgrove,6,Muslim,859,West Midlands
E07000234,Bromsgrove,7,Sikh,1152,West Midlands
E07000234,Bromsgrove,8,Other religion,392,West Midlands
E07000234,Bromsgrove,9,Not answered,5518,West Midlands
E07000235,Malvern Hills,-8,Does not apply,0,West Midlands
E07000235,Malvern Hills,1,No religion,30310,West Midlands
E07000235,Malvern Hills,2,Christian,42846,West Midlands
E07000235,Malvern Hills,3,Buddhist,288,West Midlands
E07000235,Malvern Hills,4,Hindu,143,West Midlands
E07000235,Malvern Hills,5,Jewish,65,West Midlands
E07000235,Malvern Hills,6,Muslim,386,West Midlands
E07000235,Malvern Hills,7,Sikh,86,West Midlands
E07000235,Malvern Hills,8,Other religion,407,West Midlands
E07000235,Malvern Hills,9,Not answered,4955,West Midlands
E07000236,Redditch,-8,Does not apply,0,West Midlands
E07000236,Redditch,1,No religion,34837,West Midlands
E07000236,Redditch,2,Christian,42549,West Midlands
E07000236,Redditch,3,Buddhist,184,West Midlands
E07000236,Redditch,4,Hindu,307,West Midlands
E07000236,Redditch,5,Jewish,52,West Midlands
E07000236,Redditch,6,Muslim,3628,West Midlands
E07000236,Redditch,7,Sikh,309,West Midlands
E07000236,Redditch,8,Other religion,384,West Midlands
E07000236,Redditch,9,Not answered,4786,West Midlands
E07000237,Worcester,-8,Does not apply,0,West Midlands
E07000237,Worcester,1,No religion,41084,West Midlands
E07000237,Worcester,2,Christian,50755,West Midlands
E07000237,Worcester,3,Buddhist,367,West Midlands
E07000237,Worcester,4,Hindu,433,West Midlands
E07000237,Worcester,5,Jewish,51,West Midlands
E07000237,Worcester,6,Muslim,4227,West Midlands
E07000237,Worcester,7,Sikh,168,West Midlands
E07000237,Worcester,8,Other religion,451,West Midlands
E07000237,Worcester,9,Not answered,6335,West Midlands
E07000238,Wychavon,-8,Does not apply,0,West Midlands
E07000238,Wychavon,1,No religion,46361,West Midlands
E07000238,Wychavon,2,Christian,76487,West Midlands
E07000238,Wychavon,3,Buddhist,334,West Midlands
E07000238,Wychavon,4,Hindu,203,West Midlands
E07000238,Wychavon,5,Jewish,112,West Midlands
E07000238,Wychavon,6,Muslim,724,West Midlands
E07000238,Wychavon,7,Sikh,339,West Midlands
E07000238,Wychavon,8,Other religion,553,West Midlands
E07000238,Wychavon,9,Not answered,7378,West Midlands
E07000239,Wyre Forest,-8,Does not apply,0,West Midlands
E07000239,Wyre Forest,1,No religion,39256,West Midlands
E07000239,Wyre Forest,2,Christian,54180,West Midlands
E07000239,Wyre Forest,3,Buddhist,234,West Midlands
E07000239,Wyre Forest,4,Hindu,126,West Midlands
E07000239,Wyre Forest,5,Jewish,42,West Midlands
E07000239,Wyre Forest,6,Muslim,1056,West Midlands
E07000239,Wyre Forest,7,Sikh,256,West Midlands
E07000239,Wyre Forest,8,Other religion,472,West Midlands
E07000239,Wyre Forest,9,Not answered,5985,West Midlands
E07000240,St Albans,-8,Does not apply,0,East
E07000240,St Albans,1,No religion,55020,East
E07000240,St Albans,2,Christian,70246,East
E07000240,St Albans,3,Buddhist,735,East
E07000240,St Albans,4,Hindu,2740,East
E07000240,St Albans,5,Jewish,2237,East
E07000240,St Albans,6,Muslim,6915,East
E07000240,St Albans,7,Sikh,535,East
E07000240,St Albans,8,Other religion,709,East
E07000240,St Albans,9,Not answered,9029,East
E07000241,Welwyn Hatfield,-8,Does not apply,0,East
E07000241,Welwyn Hatfield,1,No religion,44307,East
E07000241,Welwyn Hatfield,2,Christian,56536,East
E07000241,Welwyn Hatfield,3,Buddhist,890,East
E07000241,Welwyn Hatfield,4,Hindu,3807,East
E07000241,Welwyn Hatfield,5,Jewish,1093,East
E07000241,Welwyn Hatfield,6,Muslim,3923,East
E07000241,Welwyn Hatfield,7,Sikh,450,East
E07000241,Welwyn Hatfield,8,Other religion,819,East
E07000241,Welwyn Hatfield,9,Not answered,8011,East
E07000242,East Hertfordshire,-8,Does not apply,0,East
E07000242,East Hertfordshire,1,No religion,62816,East
E07000242,East Hertfordshire,2,Christian,73732,East
E07000242,East Hertfordshire,3,Buddhist,546,East
E07000242,East Hertfordshire,4,Hindu,921,East
E07000242,East Hertfordshire,5,Jewish,560,East
E07000242,East Hertfordshire,6,Muslim,1756,East
E07000242,East Hertfordshire,7,Sikh,224,East
E07000242,East Hertfordshire,8,Other religion,652,East
E07000242,East Hertfordshire,9,Not answered,8951,East
E07000243,Stevenage,-8,Does not apply,0,East
E07000243,Stevenage,1,No religion,40158,East
E07000243,Stevenage,2,Christian,38712,East
E07000243,Stevenage,3,Buddhist,398,East
E07000243,Stevenage,4,Hindu,1397,East
E07000243,Stevenage,5,Jewish,163,East
E07000243,Stevenage,6,Muslim,2822,East
E07000243,Stevenage,7,Sikh,307,East
E07000243,Stevenage,8,Other religion,523,East
E07000243,Stevenage,9,Not answered,5015,East
E07000244,East Suffolk,-8,Does not apply,0,East
E07000244,East Suffolk,1,No religion,110438,East
E07000244,East Suffolk,2,Christian,115943,East
E07000244,East Suffolk,3,Buddhist,814,East
E07000244,East Suffolk,4,Hindu,692,East
E07000244,East Suffolk,5,Jewish,266,East
E07000244,East Suffolk,6,Muslim,1293,East
E07000244,East Suffolk,7,Sikh,151,East
E07000244,East Suffolk,8,Other religion,1385,East
E07000244,East Suffolk,9,Not answered,15076,East
E07000245,West Suffolk,-8,Does not apply,0,East
E07000245,West Suffolk,1,No religion,76597,East
E07000245,West Suffolk,2,Christian,87174,East
E07000245,West Suffolk,3,Buddhist,810,East
E07000245,West Suffolk,4,Hindu,669,East
E07000245,West Suffolk,5,Jewish,198,East
E07000245,West Suffolk,6,Muslim,1866,East
E07000245,West Suffolk,7,Sikh,110,East
E07000245,West Suffolk,8,Other religion,967,East
E07000245,West Suffolk,9,Not answered,11554,East
E07000246,Somerset West and Taunton,-8,Does not apply,0,South West
E07000246,Somerset West and Taunton,1,No religion,66037,South West
E07000246,Somerset West and Taunton,2,Christian,78122,South West
E07000246,Somerset West and Taunton,3,Buddhist,516,South West
E07000246,Somerset West and Taunton,4,Hindu,432,South West
E07000246,Somerset West and Taunton,5,Jewish,117,South West
E07000246,Somerset West and Taunton,6,Muslim,918,South West
E07000246,Somerset West and Taunton,7,Sikh,67,South West
E07000246,Somerset West and Taunton,8,Other religion,891,South West
E07000246,Somerset West and Taunton,9,Not answered,10345,South West
E08000001,Bolton,-8,Does not apply,0,North West
E08000001,Bolton,1,No religion,76244,North West
E08000001,Bolton,2,Christian,139144,North West
E08000001,Bolton,3,Buddhist,576,North West
E08000001,Bolton,4,Hindu,5887,North West
E08000001,Bolton,5,Jewish,159,North West
E08000001,Bolton,6,Muslim,58997,North West
E08000001,Bolton,7,Sikh,219,North West
E08000001,Bolton,8,Other religion,979,North West
E08000001,Bolton,9,Not answered,13758,North West
E08000002,Bury,-8,Does not apply,0,North West
E08000002,Bury,1,No religion,57008,North West
E08000002,Bury,2,Christian,94669,North West
E08000002,Bury,3,Buddhist,508,North West
E08000002,Bury,4,Hindu,874,North West
E08000002,Bury,5,Jewish,10734,North West
E08000002,Bury,6,Muslim,19243,North West
E08000002,Bury,7,Sikh,575,North West
E08000002,Bury,8,Other religion,649,North West
E08000002,Bury,9,Not answered,9591,North West
E08000003,Manchester,-8,Does not apply,0,North West
E08000003,Manchester,1,No religion,179037,North West
E08000003,Manchester,2,Christian,199873,North West
E08000003,Manchester,3,Buddhist,3219,North West
E08000003,Manchester,4,Hindu,6048,North West
E08000003,Manchester,5,Jewish,2632,North West
E08000003,Manchester,6,Muslim,122962,North West
E08000003,Manchester,7,Sikh,2718,North West
E08000003,Manchester,8,Other religion,2736,North West
E08000003,Manchester,9,Not answered,32713,North West
E08000004,Oldham,-8,Does not apply,0,North West
E08000004,Oldham,1,No religion,60507,North West
E08000004,Oldham,2,Christian,108720,North West
E08000004,Oldham,3,Buddhist,468,North West
E08000004,Oldham,4,Hindu,1222,North West
E08000004,Oldham,5,Jewish,146,North West
E08000004,Oldham,6,Muslim,59031,North West
E08000004,Oldham,7,Sikh,132,North West
E08000004,Oldham,8,Other religion,589,North West
E08000004,Oldham,9,Not answered,11273,North West
E08000005,Rochdale,-8,Does not apply,0,North West
E08000005,Rochdale,1,No religion,64349,North West
E08000005,Rochdale,2,Christian,104841,North West
E08000005,Rochdale,3,Buddhist,398,North West
E08000005,Rochdale,4,Hindu,613,North West
E08000005,Rochdale,5,Jewish,218,North West
E08000005,Rochdale,6,Muslim,42121,North West
E08000005,Rochdale,7,Sikh,191,North West
E08000005,Rochdale,8,Other religion,675,North West
E08000005,Rochdale,9,Not answered,10366,North West
E08000006,Salford,-8,Does not apply,0,North West
E08000006,Salford,1,No religion,96140,North West
E08000006,Salford,2,Christian,128785,North West
E08000006,Salford,3,Buddhist,1022,North West
E08000006,Salford,4,Hindu,2113,North West
E08000006,Salford,5,Jewish,10373,North West
E08000006,Salford,6,Muslim,13542,North West
E08000006,Salford,7,Sikh,728,North West
E08000006,Salford,8,Other religion,1068,North West
E08000006,Salford,9,Not answered,16152,North West
E08000007,Stockport,-8,Does not apply,0,North West
E08000007,Stockport,1,No religion,116749,North West
E08000007,Stockport,2,Christian,139951,North West
E08000007,Stockport,3,Buddhist,964,North West
E08000007,Stockport,4,Hindu,2388,North West
E08000007,Stockport,5,Jewish,1234,North West
E08000007,Stockport,6,Muslim,16332,North West
E08000007,Stockport,7,Sikh,503,North West
E08000007,Stockport,8,Other religion,1207,North West
E08000007,Stockport,9,Not answered,15445,North West
E08000008,Tameside,-8,Does not apply,0,North West
E08000008,Tameside,1,No religion,87910,North West
E08000008,Tameside,2,Christian,110539,North West
E08000008,Tameside,3,Buddhist,588,North West
E08000008,Tameside,4,Hindu,3096,North West
E08000008,Tameside,5,Jewish,87,North West
E08000008,Tameside,6,Muslim,16945,North West
E08000008,Tameside,7,Sikh,181,North West
E08000008,Tameside,8,Other religion,879,North West
E08000008,Tameside,9,Not answered,10846,North West
E08000009,Trafford,-8,Does not apply,0,North West
E08000009,Trafford,1,No religion,77864,North West
E08000009,Trafford,2,Christian,113712,North West
E08000009,Trafford,3,Buddhist,955,North West
E08000009,Trafford,4,Hindu,4656,North West
E08000009,Trafford,5,Jewish,2408,North West
E08000009,Trafford,6,Muslim,20549,North West
E08000009,Trafford,7,Sikh,1984,North West
E08000009,Trafford,8,Other religion,920,North West
E08000009,Trafford,9,Not answered,12007,North West
E08000010,Wigan,-8,Does not apply,0,North West
E08000010,Wigan,1,No religion,99784,North West
E08000010,Wigan,2,Christian,206870,North West
E08000010,Wigan,3,Buddhist,831,North West
E08000010,Wigan,4,Hindu,995,North West
E08000010,Wigan,5,Jewish,84,North West
E08000010,Wigan,6,Muslim,4155,North West
E08000010,Wigan,7,Sikh,122,North West
E08000010,Wigan,8,Other religion,1099,North West
E08000010,Wigan,9,Not answered,15390,North West
E08000011,Knowsley,-8,Does not apply,0,North West
E08000011,Knowsley,1,No religion,42001,North West
E08000011,Knowsley,2,Christian,102929,North West
E08000011,Knowsley,3,Buddhist,260,North West
E08000011,Knowsley,4,Hindu,456,North West
E08000011,Knowsley,5,Jewish,86,North West
E08000011,Knowsley,6,Muslim,968,North West
E08000011,Knowsley,7,Sikh,65,North West
E08000011,Knowsley,8,Other religion,285,North West
E08000011,Knowsley,9,Not answered,7469,North West
E08000012,Liverpool,-8,Does not apply,0,North West
E08000012,Liverpool,1,No religion,142994,North West
E08000012,Liverpool,2,Christian,278330,North West
E08000012,Liverpool,3,Buddhist,2128,North West
E08000012,Liverpool,4,Hindu,3802,North West
E08000012,Liverpool,5,Jewish,1807,North West
E08000012,Liverpool,6,Muslim,25756,North West
E08000012,Liverpool,7,Sikh,641,North West
E08000012,Liverpool,8,Other religion,1991,North West
E08000012,Liverpool,9,Not answered,28639,North West
E08000013,St. Helens,-8,Does not apply,0,North West
E08000013,St. Helens,1,No religion,57184,North West
E08000013,St. Helens,2,Christian,114200,North West
E08000013,St. Helens,3,Buddhist,501,North West
E08000013,St. Helens,4,Hindu,597,North West
E08000013,St. Helens,5,Jewish,63,North West
E08000013,St. Helens,6,Muslim,1340,North West
E08000013,St. Helens,7,Sikh,54,North West
E08000013,St. Helens,8,Other religion,652,North West
E08000013,St. Helens,9,Not answered,8655,North West
E08000014,Sefton,-8,Does not apply,0,North West
E08000014,Sefton,1,No religion,79905,North West
E08000014,Sefton,2,Christian,179806,North West
E08000014,Sefton,3,Buddhist,681,North West
E08000014,Sefton,4,Hindu,1095,North West
E08000014,Sefton,5,Jewish,364,North West
E08000014,Sefton,6,Muslim,2257,North West
E08000014,Sefton,7,Sikh,133,North West
E08000014,Sefton,8,Other religion,980,North West
E08000014,Sefton,9,Not answered,14012,North West
E08000015,Wirral,-8,Does not apply,0,North West
E08000015,Wirral,1,No religion,119447,North West
E08000015,Wirral,2,Christian,176159,North West
E08000015,Wirral,3,Buddhist,1015,North West
E08000015,Wirral,4,Hindu,1406,North West
E08000015,Wirral,5,Jewish,256,North West
E08000015,Wirral,6,Muslim,3257,North West
E08000015,Wirral,7,Sikh,311,North West
E08000015,Wirral,8,Other religion,1258,North West
E08000015,Wirral,9,Not answered,17092,North West
E08000016,Barnsley,-8,Does not apply,0,Yorkshire and The Humber
E08000016,Barnsley,1,No religion,102906,Yorkshire and The Humber
E08000016,Barnsley,2,Christian,125502,Yorkshire and The Humber
E08000016,Barnsley,3,Buddhist,435,Yorkshire and The Humber
E08000016,Barnsley,4,Hindu,416,Yorkshire and The Humber
E08000016,Barnsley,5,Jewish,62,Yorkshire and The Humber
E08000016,Barnsley,6,Muslim,1404,Yorkshire and The Humber
E08000016,Barnsley,7,Sikh,256,Yorkshire and The Humber
E08000016,Barnsley,8,Other religion,862,Yorkshire and The Humber
E08000016,Barnsley,9,Not answered,12728,Yorkshire and The Humber
E08000017,Doncaster,-8,Does not apply,0,Yorkshire and The Humber
E08000017,Doncaster,1,No religion,122645,Yorkshire and The Humber
E08000017,Doncaster,2,Christian,156747,Yorkshire and The Humber
E08000017,Doncaster,3,Buddhist,821,Yorkshire and The Humber
E08000017,Doncaster,4,Hindu,1294,Yorkshire and The Humber
E08000017,Doncaster,5,Jewish,116,Yorkshire and The Humber
E08000017,Doncaster,6,Muslim,6898,Yorkshire and The Humber
E08000017,Doncaster,7,Sikh,1391,Yorkshire and The Humber
E08000017,Doncaster,8,Other religion,1724,Yorkshire and The Humber
E08000017,Doncaster,9,Not answered,16470,Yorkshire and The Humber
E08000018,Rotherham,-8,Does not apply,0,Yorkshire and The Humber
E08000018,Rotherham,1,No religion,105821,Yorkshire and The Humber
E08000018,Rotherham,2,Christian,130147,Yorkshire and The Humber
E08000018,Rotherham,3,Buddhist,542,Yorkshire and The Humber
E08000018,Rotherham,4,Hindu,666,Yorkshire and The Humber
E08000018,Rotherham,5,Jewish,81,Yorkshire and The Humber
E08000018,Rotherham,6,Muslim,13465,Yorkshire and The Humber
E08000018,Rotherham,7,Sikh,461,Yorkshire and The Humber
E08000018,Rotherham,8,Other religion,932,Yorkshire and The Humber
E08000018,Rotherham,9,Not answered,13692,Yorkshire and The Humber
E08000019,Sheffield,-8,Does not apply,0,Yorkshire and The Humber
E08000019,Sheffield,1,No religion,241556,Yorkshire and The Humber
E08000019,Sheffield,2,Christian,214136,Yorkshire and The Humber
E08000019,Sheffield,3,Buddhist,2215,Yorkshire and The Humber
E08000019,Sheffield,4,Hindu,3759,Yorkshire and The Humber
E08000019,Sheffield,5,Jewish,649,Yorkshire and The Humber
E08000019,Sheffield,6,Muslim,57044,Yorkshire and The Humber
E08000019,Sheffield,7,Sikh,927,Yorkshire and The Humber
E08000019,Sheffield,8,Other religion,2635,Yorkshire and The Humber
E08000019,Sheffield,9,Not answered,33600,Yorkshire and The Humber
E08000021,Newcastle upon Tyne,-8,Does not apply,0,North East
E08000021,Newcastle upon Tyne,1,No religion,122485,North East
E08000021,Newcastle upon Tyne,2,Christian,124009,North East
E08000021,Newcastle upon Tyne,3,Buddhist,1352,North East
E08000021,Newcastle upon Tyne,4,Hindu,4212,North East
E08000021,Newcastle upon Tyne,5,Jewish,573,North East
E08000021,Newcastle upon Tyne,6,Muslim,26896,North East
E08000021,Newcastle upon Tyne,7,Sikh,1449,North East
E08000021,Newcastle upon Tyne,8,Other religion,1281,North East
E08000021,Newcastle upon Tyne,9,Not answered,17869,North East
E08000022,North Tyneside,-8,Does not apply,0,North East
E08000022,North Tyneside,1,No religion,96413,North East
E08000022,North Tyneside,2,Christian,97333,North East
E08000022,North Tyneside,3,Buddhist,587,North East
E08000022,North Tyneside,4,Hindu,823,North East
E08000022,North Tyneside,5,Jewish,128,North East
E08000022,North Tyneside,6,Muslim,2517,North East
E08000022,North Tyneside,7,Sikh,437,North East
E08000022,North Tyneside,8,Other religion,774,North East
E08000022,North Tyneside,9,Not answered,9954,North East
E08000023,South Tyneside,-8,Does not apply,0,North East
E08000023,South Tyneside,1,No religion,58045,North East
E08000023,South Tyneside,2,Christian,77783,North East
E08000023,South Tyneside,3,Buddhist,264,North East
E08000023,South Tyneside,4,Hindu,259,North East
E08000023,South Tyneside,5,Jewish,36,North East
E08000023,South Tyneside,6,Muslim,3736,North East
E08000023,South Tyneside,7,Sikh,461,North East
E08000023,South Tyneside,8,Other religion,520,North East
E08000023,South Tyneside,9,Not answered,6672,North East
E08000024,Sunderland,-8,Does not apply,0,North East
E08000024,Sunderland,1,No religion,108261,North East
E08000024,Sunderland,2,Christian,145806,North East
E08000024,Sunderland,3,Buddhist,539,North East
E08000024,Sunderland,4,Hindu,611,North East
E08000024,Sunderland,5,Jewish,87,North East
E08000024,Sunderland,6,Muslim,4846,North East
E08000024,Sunderland,7,Sikh,915,North East
E08000024,Sunderland,8,Other religion,835,North East
E08000024,Sunderland,9,Not answered,12272,North East
E08000025,Birmingham,-8,Does not apply,0,West Midlands
E08000025,Birmingham,1,No religion,276327,West Midlands
E08000025,Birmingham,2,Christian,389406,West Midlands
E08000025,Birmingham,3,Buddhist,4340,West Midlands
E08000025,Birmingham,4,Hindu,21997,West Midlands
E08000025,Birmingham,5,Jewish,1687,West Midlands
E08000025,Birmingham,6,Muslim,341811,West Midlands
E08000025,Birmingham,7,Sikh,33126,West Midlands
E08000025,Birmingham,8,Other religion,6367,West Midlands
E08000025,Birmingham,9,Not answered,69856,West Midlands
E08000026,Coventry,-8,Does not apply,0,West Midlands
E08000026,Coventry,1,No religion,102338,West Midlands
E08000026,Coventry,2,Christian,151577,West Midlands
E08000026,Coventry,3,Buddhist,1257,West Midlands
E08000026,Coventry,4,Hindu,13724,West Midlands
E08000026,Coventry,5,Jewish,259,West Midlands
E08000026,Coventry,6,Muslim,35800,West Midlands
E08000026,Coventry,7,Sikh,17297,West Midlands
E08000026,Coventry,8,Other religion,1908,West Midlands
E08000026,Coventry,9,Not answered,21166,West Midlands
E08000027,Dudley,-8,Does not apply,0,West Midlands
E08000027,Dudley,1,No religion,116404,West Midlands
E08000027,Dudley,2,Christian,159461,West Midlands
E08000027,Dudley,3,Buddhist,798,West Midlands
E08000027,Dudley,4,Hindu,2193,West Midlands
E08000027,Dudley,5,Jewish,83,West Midlands
E08000027,Dudley,6,Muslim,19978,West Midlands
E08000027,Dudley,7,Sikh,5316,West Midlands
E08000027,Dudley,8,Other religion,1463,West Midlands
E08000027,Dudley,9,Not answered,17792,West Midlands
E08000028,Sandwell,-8,Does not apply,0,West Midlands
E08000028,Sandwell,1,No religion,89102,West Midlands
E08000028,Sandwell,2,Christian,136354,West Midlands
E08000028,Sandwell,3,Buddhist,943,West Midlands
E08000028,Sandwell,4,Hindu,9447,West Midlands
E08000028,Sandwell,5,Jewish,79,West Midlands
E08000028,Sandwell,6,Muslim,45763,West Midlands
E08000028,Sandwell,7,Sikh,39252,West Midlands
E08000028,Sandwell,8,Other religion,2430,West Midlands
E08000028,Sandwell,9,Not answered,18465,West Midlands
E08000029,Solihull,-8,Does not apply,0,West Midlands
E08000029,Solihull,1,No religion,71065,West Midlands
E08000029,Solihull,2,Christian,109707,West Midlands
E08000029,Solihull,3,Buddhist,594,West Midlands
E08000029,Solihull,4,Hindu,6037,West Midlands
E08000029,Solihull,5,Jewish,283,West Midlands
E08000029,Solihull,6,Muslim,11532,West Midlands
E08000029,Solihull,7,Sikh,5029,West Midlands
E08000029,Solihull,8,Other religion,821,West Midlands
E08000029,Solihull,9,Not answered,11173,West Midlands
E08000030,Walsall,-8,Does not apply,0,West Midlands
E08000030,Walsall,1,No religion,85819,West Midlands
E08000030,Walsall,2,Christian,126921,West Midlands
E08000030,Walsall,3,Buddhist,533,West Midlands
E08000030,Walsall,4,Hindu,5096,West Midlands
E08000030,Walsall,5,Jewish,74,West Midlands
E08000030,Walsall,6,Muslim,32107,West Midlands
E08000030,Walsall,7,Sikh,17148,West Midlands
E08000030,Walsall,8,Other religion,1658,West Midlands
E08000030,Walsall,9,Not answered,14768,West Midlands
E08000031,Wolverhampton,-8,Does not apply,0,West Midlands
E08000031,Wolverhampton,1,No religion,73317,West Midlands
E08000031,Wolverhampton,2,Christian,115640,West Midlands
E08000031,Wolverhampton,3,Buddhist,915,West Midlands
E08000031,Wolverhampton,4,Hindu,9882,West Midlands
E08000031,Wolverhampton,5,Jewish,94,West Midlands
E08000031,Wolverhampton,6,Muslim,14489,West Midlands
E08000031,Wolverhampton,7,Sikh,31769,West Midlands
E08000031,Wolverhampton,8,Other religion,3158,West Midlands
E08000031,Wolverhampton,9,Not answered,14465,West Midlands
E08000032,Bradford,-8,Does not apply,0,Yorkshire and The Humber
E08000032,Bradford,1,No religion,154305,Yorkshire and The Humber
E08000032,Bradford,2,Christian,182566,Yorkshire and The Humber
E08000032,Bradford,3,Buddhist,959,Yorkshire and The Humber
E08000032,Bradford,4,Hindu,4757,Yorkshire and The Humber
E08000032,Bradford,5,Jewish,254,Yorkshire and The Humber
E08000032,Bradford,6,Muslim,166846,Yorkshire and The Humber
E08000032,Bradford,7,Sikh,4834,Yorkshire and The Humber
E08000032,Bradford,8,Other religion,2074,Yorkshire and The Humber
E08000032,Bradford,9,Not answered,29816,Yorkshire and The Humber
E08000033,Calderdale,-8,Does not apply,0,Yorkshire and The Humber
E08000033,Calderdale,1,No religion,86787,Yorkshire and The Humber
E08000033,Calderdale,2,Christian,85677,Yorkshire and The Humber
E08000033,Calderdale,3,Buddhist,630,Yorkshire and The Humber
E08000033,Calderdale,4,Hindu,1173,Yorkshire and The Humber
E08000033,Calderdale,5,Jewish,153,Yorkshire and The Humber
E08000033,Calderdale,6,Muslim,19650,Yorkshire and The Humber
E08000033,Calderdale,7,Sikh,387,Yorkshire and The Humber
E08000033,Calderdale,8,Other religion,1045,Yorkshire and The Humber
E08000033,Calderdale,9,Not answered,11129,Yorkshire and The Humber
E08000034,Kirklees,-8,Does not apply,0,Yorkshire and The Humber
E08000034,Kirklees,1,No religion,150599,Yorkshire and The Humber
E08000034,Kirklees,2,Christian,170577,Yorkshire and The Humber
E08000034,Kirklees,3,Buddhist,996,Yorkshire and The Humber
E08000034,Kirklees,4,Hindu,1723,Yorkshire and The Humber
E08000034,Kirklees,5,Jewish,187,Yorkshire and The Humber
E08000034,Kirklees,6,Muslim,80046,Yorkshire and The Humber
E08000034,Kirklees,7,Sikh,3476,Yorkshire and The Humber
E08000034,Kirklees,8,Other religion,1663,Yorkshire and The Humber
E08000034,Kirklees,9,Not answered,23949,Yorkshire and The Humber
E08000035,Leeds,-8,Does not apply,0,Yorkshire and The Humber
E08000035,Leeds,1,No religion,326231,Yorkshire and The Humber
E08000035,Leeds,2,Christian,343311,Yorkshire and The Humber
E08000035,Leeds,3,Buddhist,2874,Yorkshire and The Humber
E08000035,Leeds,4,Hindu,9217,Yorkshire and The Humber
E08000035,Leeds,5,Jewish,6267,Yorkshire and The Humber
E08000035,Leeds,6,Muslim,63054,Yorkshire and The Humber
E08000035,Leeds,7,Sikh,10047,Yorkshire and The Humber
E08000035,Leeds,8,Other religion,3637,Yorkshire and The Humber
E08000035,Leeds,9,Not answered,47315,Yorkshire and The Humber
E08000036,Wakefield,-8,Does not apply,0,Yorkshire and The Humber
E08000036,Wakefield,1,No religion,145950,Yorkshire and The Humber
E08000036,Wakefield,2,Christian,173070,Yorkshire and The Humber
E08000036,Wakefield,3,Buddhist,797,Yorkshire and The Humber
E08000036,Wakefield,4,Hindu,1270,Yorkshire and The Humber
E08000036,Wakefield,5,Jewish,127,Yorkshire and The Humber
E08000036,Wakefield,6,Muslim,11279,Yorkshire and The Humber
E08000036,Wakefield,7,Sikh,501,Yorkshire and The Humber
E08000036,Wakefield,8,Other religion,1405,Yorkshire and The Humber
E08000036,Wakefield,9,Not answered,18972,Yorkshire and The Humber
E08000037,Gateshead,-8,Does not apply,0,North East
E08000037,Gateshead,1,No religion,78572,North East
E08000037,Gateshead,2,Christian,99572,North East
E08000037,Gateshead,3,Buddhist,469,North East
E08000037,Gateshead,4,Hindu,522,North East
E08000037,Gateshead,5,Jewish,2905,North East
E08000037,Gateshead,6,Muslim,4126,North East
E08000037,Gateshead,7,Sikh,386,North East
E08000037,Gateshead,8,Other religion,797,North East
E08000037,Gateshead,9,Not answered,8804,North East
E09000001,City of London,-8,Does not apply,0,London
E09000001,City of London,1,No religion,3763,London
E09000001,City of London,2,Christian,2976,London
E09000001,City of London,3,Buddhist,95,London
E09000001,City of London,4,Hindu,203,London
E09000001,City of London,5,Jewish,177,London
E09000001,City of London,6,Muslim,540,London
E09000001,City of London,7,Sikh,6,London
E09000001,City of London,8,Other religion,55,London
E09000001,City of London,9,Not answered,767,London
E09000002,Barking and Dagenham,-8,Does not apply,0,London
E09000002,Barking and Dagenham,1,No religion,41191,London
E09000002,Barking and Dagenham,2,Christian,99342,London
E09000002,Barking and Dagenham,3,Buddhist,821,London
E09000002,Barking and Dagenham,4,Hindu,6596,London
E09000002,Barking and Dagenham,5,Jewish,272,London
E09000002,Barking and Dagenham,6,Muslim,53389,London
E09000002,Barking and Dagenham,7,Sikh,4284,London
E09000002,Barking and Dagenham,8,Other religion,981,London
E09000002,Barking and Dagenham,9,Not answered,11991,London
E09000003,Barnet,-8,Does not apply,0,London
E09000003,Barnet,1,No religion,78684,London
E09000003,Barnet,2,Christian,142321,London
E09000003,Barnet,3,Buddhist,4158,London
E09000003,Barnet,4,Hindu,22105,London
E09000003,Barnet,5,Jewish,56616,London
E09000003,Barnet,6,Muslim,47688,London
E09000003,Barnet,7,Sikh,1524,London
E09000003,Barnet,8,Other religion,5192,London
E09000003,Barnet,9,Not answered,31056,London
E09000004,Bexley,-8,Does not apply,0,London
E09000004,Bexley,1,No religion,82816,London
E09000004,Bexley,2,Christian,123908,London
E09000004,Bexley,3,Buddhist,2048,London
E09000004,Bexley,4,Hindu,7516,London
E09000004,Bexley,5,Jewish,217,London
E09000004,Bexley,6,Muslim,9721,London
E09000004,Bexley,7,Sikh,5272,London
E09000004,Bexley,8,Other religion,988,London
E09000004,Bexley,9,Not answered,13986,London
E09000005,Brent,-8,Does not apply,0,London
E09000005,Brent,1,No religion,46153,London
E09000005,Brent,2,Christian,131914,London
E09000005,Brent,3,Buddhist,3117,London
E09000005,Brent,4,Hindu,52876,London
E09000005,Brent,5,Jewish,3723,London
E09000005,Brent,6,Muslim,72574,London
E09000005,Brent,7,Sikh,1530,London
E09000005,Brent,8,Other religion,4424,London
E09000005,Brent,9,Not answered,23506,London
E09000006,Bromley,-8,Does not apply,0,London
E09000006,Bromley,1,No religion,122943,London
E09000006,Bromley,2,Christian,159452,London
E09000006,Bromley,3,Buddhist,2100,London
E09000006,Bromley,4,Hindu,9644,London
E09000006,Bromley,5,Jewish,966,London
E09000006,Bromley,6,Muslim,10876,London
E09000006,Bromley,7,Sikh,1068,London
E09000006,Bromley,8,Other religion,1704,London
E09000006,Bromley,9,Not answered,21238,London
E09000007,Camden,-8,Does not apply,0,London
E09000007,Camden,1,No religion,72776,London
E09000007,Camden,2,Christian,65980,London
E09000007,Camden,3,Buddhist,2410,London
E09000007,Camden,4,Hindu,3991,London
E09000007,Camden,5,Jewish,10079,London
E09000007,Camden,6,Muslim,33830,London
E09000007,Camden,7,Sikh,487,London
E09000007,Camden,8,Other religion,1842,London
E09000007,Camden,9,Not answered,18743,London
E09000008,Croydon,-8,Does not apply,0,London
E09000008,Croydon,1,No religion,101119,London
E09000008,Croydon,2,Christian,190880,London
E09000008,Croydon,3,Buddhist,2371,London
E09000008,Croydon,4,Hindu,23145,London
E09000008,Croydon,5,Jewish,609,London
E09000008,Croydon,6,Muslim,40717,London
E09000008,Croydon,7,Sikh,1654,London
E09000008,Croydon,8,Other religion,3189,London
E09000008,Croydon,9,Not answered,27035,London
E09000009,Ealing,-8,Does not apply,0,London
E09000009,Ealing,1,No religion,70233,London
E09000009,Ealing,2,Christian,138937,London
E09000009,Ealing,3,Buddhist,4003,London
E09000009,Ealing,4,Hindu,28236,London
E09000009,Ealing,5,Jewish,1041,London
E09000009,Ealing,6,Muslim,68907,London
E09000009,Ealing,7,Sikh,28491,London
E09000009,Ealing,8,Other religion,2733,London
E09000009,Ealing,9,Not answered,24533,London
E09000010,Enfield,-8,Does not apply,0,London
E09000010,Enfield,1,No religion,65241,London
E09000010,Enfield,2,Christian,153015,London
E09000010,Enfield,3,Buddhist,1716,London
E09000010,Enfield,4,Hindu,10231,London
E09000010,Enfield,5,Jewish,3713,London
E09000010,Enfield,6,Muslim,61477,London
E09000010,Enfield,7,Sikh,1199,London
E09000010,Enfield,8,Other religion,10351,London
E09000010,Enfield,9,Not answered,23041,London
E09000011,Greenwich,-8,Does not apply,0,London
E09000011,Greenwich,1,No religion,94208,London
E09000011,Greenwich,2,Christian,129112,London
E09000011,Greenwich,3,Buddhist,5034,London
E09000011,Greenwich,4,Hindu,11647,London
E09000011,Greenwich,5,Jewish,603,London
E09000011,Greenwich,6,Muslim,24715,London
E09000011,Greenwich,7,Sikh,3229,London
E09000011,Greenwich,8,Other religion,1802,London
E09000011,Greenwich,9,Not answered,18716,London
E09000012,Hackney,-8,Does not apply,0,London
E09000012,Hackney,1,No religion,94113,London
E09000012,Hackney,2,Christian,79499,London
E09000012,Hackney,3,Buddhist,2343,London
E09000012,Hackney,4,Hindu,1998,London
E09000012,Hackney,5,Jewish,17426,London
E09000012,Hackney,6,Muslim,34578,London
E09000012,Hackney,7,Sikh,1867,London
E09000012,Hackney,8,Other religion,4879,London
E09000012,Hackney,9,Not answered,22442,London
E09000013,Hammersmith and Fulham,-8,Does not apply,0,London
E09000013,Hammersmith and Fulham,1,No religion,56059,London
E09000013,Hammersmith and Fulham,2,Christian,83673,London
E09000013,Hammersmith and Fulham,3,Buddhist,1723,London
E09000013,Hammersmith and Fulham,4,Hindu,2209,London
E09000013,Hammersmith and Fulham,5,Jewish,1228,London
E09000013,Hammersmith and Fulham,6,Muslim,21290,London
E09000013,Hammersmith and Fulham,7,Sikh,450,London
E09000013,Hammersmith and Fulham,8,Other religion,1227,London
E09000013,Hammersmith and Fulham,9,Not answered,15298,London
E09000014,Haringey,-8,Does not apply,0,London
E09000014,Haringey,1,No religion,83535,London
E09000014,Haringey,2,Christian,103944,London
E09000014,Haringey,3,Buddhist,2455,London
E09000014,Haringey,4,Hindu,3529,London
E09000014,Haringey,5,Jewish,9397,London
E09000014,Haringey,6,Muslim,33295,London
E09000014,Haringey,7,Sikh,892,London
E09000014,Haringey,8,Other religion,6164,London
E09000014,Haringey,9,Not answered,21027,London
E09000015,Harrow,-8,Does not apply,0,London
E09000015,Harrow,1,No religion,27748,London
E09000015,Harrow,2,Christian,88602,London
E09000015,Harrow,3,Buddhist,2812,London
E09000015,Harrow,4,Hindu,67392,London
E09000015,Harrow,5,Jewish,7304,London
E09000015,Harrow,6,Muslim,41503,London
E09000015,Harrow,7,Sikh,2743,London
E09000015,Harrow,8,Other religion,7695,London
E09000015,Harrow,9,Not answered,15404,London
E09000016,Havering,-8,Does not apply,0,London
E09000016,Havering,1,No religion,80235,London
E09000016,Havering,2,Christian,136765,London
E09000016,Havering,3,Buddhist,1092,London
E09000016,Havering,4,Hindu,6454,London
E09000016,Havering,5,Jewish,1305,London
E09000016,Havering,6,Muslim,16135,London
E09000016,Havering,7,Sikh,4498,London
E09000016,Havering,8,Other religion,1056,London
E09000016,Havering,9,Not answered,14512,London
E09000017,Hillingdon,-8,Does not apply,0,London
E09000017,Hillingdon,1,No religion,59214,London
E09000017,Hillingdon,2,Christian,119434,London
E09000017,Hillingdon,3,Buddhist,2621,London
E09000017,Hillingdon,4,Hindu,33020,London
E09000017,Hillingdon,5,Jewish,1392,London
E09000017,Hillingdon,6,Muslim,44077,London
E09000017,Hillingdon,7,Sikh,26339,London
E09000017,Hillingdon,8,Other religion,2683,London
E09000017,Hillingdon,9,Not answered,17129,London
E09000018,Hounslow,-8,Does not apply,0,London
E09000018,Hounslow,1,No religion,53502,London
E09000018,Hounslow,2,Christian,110269,London
E09000018,Hounslow,3,Buddhist,3932,London
E09000018,Hounslow,4,Hindu,27360,London
E09000018,Hounslow,5,Jewish,622,London
E09000018,Hounslow,6,Muslim,48028,London
E09000018,Hounslow,7,Sikh,24677,London
E09000018,Hounslow,8,Other religion,2323,London
E09000018,Hounslow,9,Not answered,17469,London
E09000019,Islington,-8,Does not apply,0,London
E09000019,Islington,1,No religion,88466,London
E09000019,Islington,2,Christian,75129,London
E09000019,Islington,3,Buddhist,1813,London
E09000019,Islington,4,Hindu,2195,London
E09000019,Islington,5,Jewish,2714,London
E09000019,Islington,6,Muslim,25840,London
E09000019,Islington,7,Sikh,603,London
E09000019,Islington,8,Other religion,2930,London
E09000019,Islington,9,Not answered,16902,London
E09000020,Kensington and Chelsea,-8,Does not apply,0,London
E09000020,Kensington and Chelsea,1,No religion,35610,London
E09000020,Kensington and Chelsea,2,Christian,69335,London
E09000020,Kensington and Chelsea,3,Buddhist,1606,London
E09000020,Kensington and Chelsea,4,Hindu,1584,London
E09000020,Kensington and Chelsea,5,Jewish,2681,London
E09000020,Kensington and Chelsea,6,Muslim,16865,London
E09000020,Kensington and Chelsea,7,Sikh,319,London
E09000020,Kensington and Chelsea,8,Other religion,1064,London
E09000020,Kensington and Chelsea,9,Not answered,14311,London
E09000021,Kingston upon Thames,-8,Does not apply,0,London
E09000021,Kingston upon Thames,1,No religion,57641,London
E09000021,Kingston upon Thames,2,Christian,71670,London
E09000021,Kingston upon Thames,3,Buddhist,1726,London
E09000021,Kingston upon Thames,4,Hindu,8456,London
E09000021,Kingston upon Thames,5,Jewish,693,London
E09000021,Kingston upon Thames,6,Muslim,13366,London
E09000021,Kingston upon Thames,7,Sikh,1428,London
E09000021,Kingston upon Thames,8,Other religion,1119,London
E09000021,Kingston upon Thames,9,Not answered,11966,London
E09000022,Lambeth,-8,Does not apply,0,London
E09000022,Lambeth,1,No religion,119123,London
E09000022,Lambeth,2,Christian,138714,London
E09000022,Lambeth,3,Buddhist,2437,London
E09000022,Lambeth,4,Hindu,3179,London
E09000022,Lambeth,5,Jewish,1344,London
E09000022,Lambeth,6,Muslim,25871,London
E09000022,Lambeth,7,Sikh,527,London
E09000022,Lambeth,8,Other religion,2351,London
E09000022,Lambeth,9,Not answered,24110,London
E09000023,Lewisham,-8,Does not apply,0,London
E09000023,Lewisham,1,No religion,110379,London
E09000023,Lewisham,2,Christian,131706,London
E09000023,Lewisham,3,Buddhist,3270,London
E09000023,Lewisham,4,Hindu,6459,London
E09000023,Lewisham,5,Jewish,826,London
E09000023,Lewisham,6,Muslim,22264,London
E09000023,Lewisham,7,Sikh,720,London
E09000023,Lewisham,8,Other religion,2269,London
E09000023,Lewisham,9,Not answered,22660,London
E09000024,Merton,-8,Does not apply,0,London
E09000024,Merton,1,No religion,60224,London
E09000024,Merton,2,Christian,101320,London
E09000024,Merton,3,Buddhist,1899,London
E09000024,Merton,4,Hindu,12610,London
E09000024,Merton,5,Jewish,754,London
E09000024,Merton,6,Muslim,21673,London
E09000024,Merton,7,Sikh,614,London
E09000024,Merton,8,Other religion,1205,London
E09000024,Merton,9,Not answered,14888,London
E09000025,Newham,-8,Does not apply,0,London
E09000025,Newham,1,No religion,50795,London
E09000025,Newham,2,Christian,123746,London
E09000025,Newham,3,Buddhist,2160,London
E09000025,Newham,4,Hindu,21405,London
E09000025,Newham,5,Jewish,448,London
E09000025,Newham,6,Muslim,122146,London
E09000025,Newham,7,Sikh,5638,London
E09000025,Newham,8,Other religion,1765,London
E09000025,Newham,9,Not answered,22933,London
E09000026,Redbridge,-8,Does not apply,0,London
E09000026,Redbridge,1,No religion,38999,London
E09000026,Redbridge,2,Christian,94473,London
E09000026,Redbridge,3,Buddhist,1611,London
E09000026,Redbridge,4,Hindu,34372,London
E09000026,Redbridge,5,Jewish,6412,London
E09000026,Redbridge,6,Muslim,97068,London
E09000026,Redbridge,7,Sikh,17622,London
E09000026,Redbridge,8,Other religion,2028,London
E09000026,Redbridge,9,Not answered,17675,London
E09000027,Richmond upon Thames,-8,Does not apply,0,London
E09000027,Richmond upon Thames,1,No religion,74076,London
E09000027,Richmond upon Thames,2,Christian,88556,London
E09000027,Richmond upon Thames,3,Buddhist,1593,London
E09000027,Richmond upon Thames,4,Hindu,4184,London
E09000027,Richmond upon Thames,5,Jewish,1262,London
E09000027,Richmond upon Thames,6,Muslim,8492,London
E09000027,Richmond upon Thames,7,Sikh,1987,London
E09000027,Richmond upon Thames,8,Other religion,1273,London
E09000027,Richmond upon Thames,9,Not answered,13855,London
E09000028,Southwark,-8,Does not apply,0,London
E09000028,Southwark,1,No religion,111935,London
E09000028,Southwark,2,Christian,133298,London
E09000028,Southwark,3,Buddhist,2965,London
E09000028,Southwark,4,Hindu,3444,London
E09000028,Southwark,5,Jewish,1243,London
E09000028,Southwark,6,Muslim,29633,London
E09000028,Southwark,7,Sikh,632,London
E09000028,Southwark,8,Other religion,2149,London
E09000028,Southwark,9,Not answered,22338,London
E09000029,Sutton,-8,Does not apply,0,London
E09000029,Sutton,1,No religion,67769,London
E09000029,Sutton,2,Christian,95960,London
E09000029,Sutton,3,Buddhist,1822,London
E09000029,Sutton,4,Hindu,14666,London
E09000029,Sutton,5,Jewish,407,London
E09000029,Sutton,6,Muslim,14736,London
E09000029,Sutton,7,Sikh,447,London
E09000029,Sutton,8,Other religion,1244,London
E09000029,Sutton,9,Not answered,12589,London
E09000030,Tower Hamlets,-8,Does not apply,0,London
E09000030,Tower Hamlets,1,No religion,82635,London
E09000030,Tower Hamlets,2,Christian,69223,London
E09000030,Tower Hamlets,3,Buddhist,2961,London
E09000030,Tower Hamlets,4,Hindu,6298,London
E09000030,Tower Hamlets,5,Jewish,1341,London
E09000030,Tower Hamlets,6,Muslim,123912,London
E09000030,Tower Hamlets,7,Sikh,966,London
E09000030,Tower Hamlets,8,Other religion,1652,London
E09000030,Tower Hamlets,9,Not answered,21318,London
E09000031,Waltham Forest,-8,Does not apply,0,London
E09000031,Waltham Forest,1,No religion,77739,London
E09000031,Waltham Forest,2,Christian,108630,London
E09000031,Waltham Forest,3,Buddhist,1834,London
E09000031,Waltham Forest,4,Hindu,5155,London
E09000031,Waltham Forest,5,Jewish,1268,London
E09000031,Waltham Forest,6,Muslim,60157,London
E09000031,Waltham Forest,7,Sikh,1285,London
E09000031,Waltham Forest,8,Other religion,2810,London
E09000031,Waltham Forest,9,Not answered,19548,London
E09000032,Wandsworth,-8,Does not apply,0,London
E09000032,Wandsworth,1,No religion,118543,London
E09000032,Wandsworth,2,Christian,139656,London
E09000032,Wandsworth,3,Buddhist,2275,London
E09000032,Wandsworth,4,Hindu,6419,London
E09000032,Wandsworth,5,Jewish,1756,London
E09000032,Wandsworth,6,Muslim,32519,London
E09000032,Wandsworth,7,Sikh,967,London
E09000032,Wandsworth,8,Other religion,1871,London
E09000032,Wandsworth,9,Not answered,23500,London
E09000033,Westminster,-8,Does not apply,0,London
E09000033,Westminster,1,No religion,52936,London
E09000033,Westminster,2,Christian,76245,London
E09000033,Westminster,3,Buddhist,2603,London
E09000033,Westminster,4,Hindu,4457,London
E09000033,Westminster,5,Jewish,5628,London
E09000033,Westminster,6,Muslim,40873,London
E09000033,Westminster,7,Sikh,573,London
E09000033,Westminster,8,Other religion,1741,London
E09000033,Westminster,9,Not answered,19179,London
W06000001,Isle of Anglesey,-8,Does not apply,0,Wales
W06000001,Isle of Anglesey,1,No religion,28066,Wales
W06000001,Isle of Anglesey,2,Christian,35485,Wales
W06000001,Isle of Anglesey,3,Buddhist,154,Wales
W06000001,Isle of Anglesey,4,Hindu,62,Wales
W06000001,Isle of Anglesey,5,Jewish,30,Wales
W06000001,Isle of Anglesey,6,Muslim,328,Wales
W06000001,Isle of Anglesey,7,Sikh,30,Wales
W06000001,Isle of Anglesey,8,Other religion,278,Wales
W06000001,Isle of Anglesey,9,Not answered,4446,Wales
W06000002,Gwynedd,-8,Does not apply,0,Wales
W06000002,Gwynedd,1,No religion,51941,Wales
W06000002,Gwynedd,2,Christian,54249,Wales
W06000002,Gwynedd,3,Buddhist,426,Wales
W06000002,Gwynedd,4,Hindu,255,Wales
W06000002,Gwynedd,5,Jewish,59,Wales
W06000002,Gwynedd,6,Muslim,1137,Wales
W06000002,Gwynedd,7,Sikh,46,Wales
W06000002,Gwynedd,8,Other religion,770,Wales
W06000002,Gwynedd,9,Not answered,8512,Wales
W06000003,Conwy,-8,Does not apply,0,Wales
W06000003,Conwy,1,No religion,46946,Wales
W06000003,Conwy,2,Christian,58283,Wales
W06000003,Conwy,3,Buddhist,375,Wales
W06000003,Conwy,4,Hindu,254,Wales
W06000003,Conwy,5,Jewish,63,Wales
W06000003,Conwy,6,Muslim,842,Wales
W06000003,Conwy,7,Sikh,33,Wales
W06000003,Conwy,8,Other religion,621,Wales
W06000003,Conwy,9,Not answered,7324,Wales
W06000004,Denbighshire,-8,Does not apply,0,Wales
W06000004,Denbighshire,1,No religion,40297,Wales
W06000004,Denbighshire,2,Christian,47226,Wales
W06000004,Denbighshire,3,Buddhist,320,Wales
W06000004,Denbighshire,4,Hindu,209,Wales
W06000004,Denbighshire,5,Jewish,48,Wales
W06000004,Denbighshire,6,Muslim,740,Wales
W06000004,Denbighshire,7,Sikh,38,Wales
W06000004,Denbighshire,8,Other religion,483,Wales
W06000004,Denbighshire,9,Not answered,6456,Wales
W06000005,Flintshire,-8,Does not apply,0,Wales
W06000005,Flintshire,1,No religion,62995,Wales
W06000005,Flintshire,2,Christian,79849,Wales
W06000005,Flintshire,3,Buddhist,397,Wales
W06000005,Flintshire,4,Hindu,320,Wales
W06000005,Flintshire,5,Jewish,60,Wales
W06000005,Flintshire,6,Muslim,739,Wales
W06000005,Flintshire,7,Sikh,23,Wales
W06000005,Flintshire,8,Other religion,476,Wales
W06000005,Flintshire,9,Not answered,10102,Wales
W06000006,Wrexham,-8,Does not apply,0,Wales
W06000006,Wrexham,1,No religion,56477,Wales
W06000006,Wrexham,2,Christian,66880,Wales
W06000006,Wrexham,3,Buddhist,404,Wales
W06000006,Wrexham,4,Hindu,333,Wales
W06000006,Wrexham,5,Jewish,51,Wales
W06000006,Wrexham,6,Muslim,1540,Wales
W06000006,Wrexham,7,Sikh,78,Wales
W06000006,Wrexham,8,Other religion,513,Wales
W06000006,Wrexham,9,Not answered,8841,Wales
W06000008,Ceredigion,-8,Does not apply,0,Wales
W06000008,Ceredigion,1,No religion,30749,Wales
W06000008,Ceredigion,2,Christian,33409,Wales
W06000008,Ceredigion,3,Buddhist,378,Wales
W06000008,Ceredigion,4,Hindu,158,Wales
W06000008,Ceredigion,5,Jewish,75,Wales
W06000008,Ceredigion,6,Muslim,515,Wales
W06000008,Ceredigion,7,Sikh,35,Wales
W06000008,Ceredigion,8,Other religion,677,Wales
W06000008,Ceredigion,9,Not answered,5480,Wales
W06000009,Pembrokeshire,-8,Does not apply,0,Wales
W06000009,Pembrokeshire,1,No religion,52998,Wales
W06000009,Pembrokeshire,2,Christian,60174,Wales
W06000009,Pembrokeshire,3,Buddhist,462,Wales
W06000009,Pembrokeshire,4,Hindu,161,Wales
W06000009,Pembrokeshire,5,Jewish,58,Wales
W06000009,Pembrokeshire,6,Muslim,587,Wales
W06000009,Pembrokeshire,7,Sikh,32,Wales
W06000009,Pembrokeshire,8,Other religion,746,Wales
W06000009,Pembrokeshire,9,Not answered,8145,Wales
W06000010,Carmarthenshire,-8,Does not apply,0,Wales
W06000010,Carmarthenshire,1,No religion,83409,Wales
W06000010,Carmarthenshire,2,Christian,89378,Wales
W06000010,Carmarthenshire,3,Buddhist,557,Wales
W06000010,Carmarthenshire,4,Hindu,419,Wales
W06000010,Carmarthenshire,5,Jewish,103,Wales
W06000010,Carmarthenshire,6,Muslim,1026,Wales
W06000010,Carmarthenshire,7,Sikh,177,Wales
W06000010,Carmarthenshire,8,Other religion,1127,Wales
W06000010,Carmarthenshire,9,Not answered,11703,Wales
W06000011,Swansea,-8,Does not apply,0,Wales
W06000011,Swansea,1,No religion,112687,Wales
W06000011,Swansea,2,Christian,98492,Wales
W06000011,Swansea,3,Buddhist,942,Wales
W06000011,Swansea,4,Hindu,1010,Wales
W06000011,Swansea,5,Jewish,159,Wales
W06000011,Swansea,6,Muslim,7694,Wales
W06000011,Swansea,7,Sikh,346,Wales
W06000011,Swansea,8,Other religion,1175,Wales
W06000011,Swansea,9,Not answered,15985,Wales
W06000012,Neath Port Talbot,-8,Does not apply,0,Wales
W06000012,Neath Port Talbot,1,No religion,70941,Wales
W06000012,Neath Port Talbot,2,Christian,59974,Wales
W06000012,Neath Port Talbot,3,Buddhist,383,Wales
W06000012,Neath Port Talbot,4,Hindu,400,Wales
W06000012,Neath Port Talbot,5,Jewish,32,Wales
W06000012,Neath Port Talbot,6,Muslim,1062,Wales
W06000012,Neath Port Talbot,7,Sikh,151,Wales
W06000012,Neath Port Talbot,8,Other religion,630,Wales
W06000012,Neath Port Talbot,9,Not answered,8716,Wales
W06000013,Bridgend,-8,Does not apply,0,Wales
W06000013,Bridgend,1,No religion,76141,Wales
W06000013,Bridgend,2,Christian,58776,Wales
W06000013,Bridgend,3,Buddhist,398,Wales
W06000013,Bridgend,4,Hindu,339,Wales
W06000013,Bridgend,5,Jewish,38,Wales
W06000013,Bridgend,6,Muslim,797,Wales
W06000013,Bridgend,7,Sikh,98,Wales
W06000013,Bridgend,8,Other religion,692,Wales
W06000013,Bridgend,9,Not answered,8209,Wales
W06000014,Vale of Glamorgan,-8,Does not apply,0,Wales
W06000014,Vale of Glamorgan,1,No religion,63164,Wales
W06000014,Vale of Glamorgan,2,Christian,58237,Wales
W06000014,Vale of Glamorgan,3,Buddhist,420,Wales
W06000014,Vale of Glamorgan,4,Hindu,440,Wales
W06000014,Vale of Glamorgan,5,Jewish,143,Wales
W06000014,Vale of Glamorgan,6,Muslim,1205,Wales
W06000014,Vale of Glamorgan,7,Sikh,147,Wales
W06000014,Vale of Glamorgan,8,Other religion,641,Wales
W06000014,Vale of Glamorgan,9,Not answered,7546,Wales
W06000015,Cardiff,-8,Does not apply,0,Wales
W06000015,Cardiff,1,No religion,155589,Wales
W06000015,Cardiff,2,Christian,138885,Wales
W06000015,Cardiff,3,Buddhist,1630,Wales
W06000015,Cardiff,4,Hindu,5434,Wales
W06000015,Cardiff,5,Jewish,690,Wales
W06000015,Cardiff,6,Muslim,33650,Wales
W06000015,Cardiff,7,Sikh,1517,Wales
W06000015,Cardiff,8,Other religion,2028,Wales
W06000015,Cardiff,9,Not answered,22888,Wales
W06000016,Rhondda Cynon Taf,-8,Does not apply,0,Wales
W06000016,Rhondda Cynon Taf,1,No religion,133486,Wales
W06000016,Rhondda Cynon Taf,2,Christian,86474,Wales
W06000016,Rhondda Cynon Taf,3,Buddhist,588,Wales
W06000016,Rhondda Cynon Taf,4,Hindu,497,Wales
W06000016,Rhondda Cynon Taf,5,Jewish,72,Wales
W06000016,Rhondda Cynon Taf,6,Muslim,1378,Wales
W06000016,Rhondda Cynon Taf,7,Sikh,248,Wales
W06000016,Rhondda Cynon Taf,8,Other religion,1083,Wales
W06000016,Rhondda Cynon Taf,9,Not answered,13826,Wales
W06000018,Caerphilly,-8,Does not apply,0,Wales
W06000018,Caerphilly,1,No religion,99767,Wales
W06000018,Caerphilly,2,Christian,63998,Wales
W06000018,Caerphilly,3,Buddhist,322,Wales
W06000018,Caerphilly,4,Hindu,246,Wales
W06000018,Caerphilly,5,Jewish,84,Wales
W06000018,Caerphilly,6,Muslim,594,Wales
W06000018,Caerphilly,7,Sikh,210,Wales
W06000018,Caerphilly,8,Other religion,766,Wales
W06000018,Caerphilly,9,Not answered,9966,Wales
W06000019,Blaenau Gwent,-8,Does not apply,0,Wales
W06000019,Blaenau Gwent,1,No religion,37706,Wales
W06000019,Blaenau Gwent,2,Christian,24392,Wales
W06000019,Blaenau Gwent,3,Buddhist,119,Wales
W06000019,Blaenau Gwent,4,Hindu,76,Wales
W06000019,Blaenau Gwent,5,Jewish,10,Wales
W06000019,Blaenau Gwent,6,Muslim,287,Wales
W06000019,Blaenau Gwent,7,Sikh,108,Wales
W06000019,Blaenau Gwent,8,Other religion,309,Wales
W06000019,Blaenau Gwent,9,Not answered,3897,Wales
W06000020,Torfaen,-8,Does not apply,0,Wales
W06000020,Torfaen,1,No religion,46872,Wales
W06000020,Torfaen,2,Christian,38327,Wales
W06000020,Torfaen,3,Buddhist,260,Wales
W06000020,Torfaen,4,Hindu,253,Wales
W06000020,Torfaen,5,Jewish,14,Wales
W06000020,Torfaen,6,Muslim,363,Wales
W06000020,Torfaen,7,Sikh,62,Wales
W06000020,Torfaen,8,Other religion,490,Wales
W06000020,Torfaen,9,Not answered,5631,Wales
W06000021,Monmouthshire,-8,Does not apply,0,Wales
W06000021,Monmouthshire,1,No religion,40311,Wales
W06000021,Monmouthshire,2,Christian,45250,Wales
W06000021,Monmouthshire,3,Buddhist,339,Wales
W06000021,Monmouthshire,4,Hindu,204,Wales
W06000021,Monmouthshire,5,Jewish,79,Wales
W06000021,Monmouthshire,6,Muslim,435,Wales
W06000021,Monmouthshire,7,Sikh,102,Wales
W06000021,Monmouthshire,8,Other religion,519,Wales
W06000021,Monmouthshire,9,Not answered,5720,Wales
W06000022,Newport,-8,Does not apply,0,Wales
W06000022,Newport,1,No religion,68564,Wales
W06000022,Newport,2,Christian,68287,Wales
W06000022,Newport,3,Buddhist,479,Wales
W06000022,Newport,4,Hindu,761,Wales
W06000022,Newport,5,Jewish,90,Wales
W06000022,Newport,6,Muslim,11280,Wales
W06000022,Newport,7,Sikh,415,Wales
W06000022,Newport,8,Other religion,739,Wales
W06000022,Newport,9,Not answered,8977,Wales
W06000023,Powys,-8,Does not apply,0,Wales
W06000023,Powys,1,No religion,55971,Wales
W06000023,Powys,2,Christian,65134,Wales
W06000023,Powys,3,Buddhist,595,Wales
W06000023,Powys,4,Hindu,307,Wales
W06000023,Powys,5,Jewish,81,Wales
W06000023,Powys,6,Muslim,462,Wales
W06000023,Powys,7,Sikh,72,Wales
W06000023,Powys,8,Other religion,935,Wales
W06000023,Powys,9,Not answered,9612,Wales
W06000024,Merthyr Tydfil,-8,Does not apply,0,Wales
W06000024,Merthyr Tydfil,1,No religion,31322,Wales
W06000024,Merthyr Tydfil,2,Christian,23614,Wales
W06000024,Merthyr Tydfil,3,Buddhist,127,Wales
W06000024,Merthyr Tydfil,4,Hindu,110,Wales
W06000024,Merthyr Tydfil,5,Jewish,5,Wales
W06000024,Merthyr Tydfil,6,Muslim,289,Wales
W06000024,Merthyr Tydfil,7,Sikh,82,Wales
W06000024,Merthyr Tydfil,8,Other religion,229,Wales
W06000024,Merthyr Tydfil,9,Not answered,3061,Wales
