Year,GEOGRAPHY_CODE,City,Median_Weekly_Pay,House_Price,City_House_Price_Index,Real_Wage_Index
2002,E06000001,Hartlepool,344.8,,,
2003,E06000001,Hartlepool,340.3,,,
2004,E06000001,Hartlepool,364.7,,,
2015,E06000001,Hartlepool,,134392.82535,100.0,
2016,E06000001,Hartlepool,,132633.4232625,98.69085117980221,
2017,E06000001,Hartlepool,,138521.709595,103.07225049718771,
2018,E06000001,Hartlepool,,142677.87988,106.16480419131243,
2019,E06000001,Hartlepool,,151487.2402875,112.71973774863422,
2020,E06000001,Hartlepool,,150194.03785,111.75748218615749,
2021,E06000001,Hartlepool,,163875.3809625,121.93759639751482,
2022,E06000001,Hartlepool,,159295.83416,118.53001359644382,
2002,E06000002,Middlesbrough,313.4,,,
2003,E06000002,Middlesbrough,335.6,,,
2004,E06000002,Middlesbrough,356.0,,,
2015,E06000002,Middlesbrough,,141838.36523,100.0,
2016,E06000002,Middlesbrough,,146784.95124249998,103.48748098194645,
2017,E06000002,Middlesbrough,,145089.09227999998,102.29185315604047,
2018,E06000002,Middlesbrough,,146357.4329,103.1860686371223,
2019,E06000002,Middlesbrough,,147306.43726,103.85514315617863,
2020,E06000002,Middlesbrough,,149169.13322750002,105.16839571974248,
2021,E06000002,Middlesbrough,,156696.1137625,110.47512674614319,
2022,E06000002,Middlesbrough,,147482.37449,103.97918380605124,
2002,E06000003,Redcar and Cleveland,336.5,,,
2003,E06000003,Redcar and Cleveland,345.7,,,
2004,E06000003,Redcar and Cleveland,383.5,,,
2015,E06000003,Redcar and Cleveland,,135251.666585,100.0,
2016,E06000003,Redcar and Cleveland,,139295.03564000002,102.98951514394754,
2017,E06000003,Redcar and Cleveland,,141423.97110750002,104.56357003085132,
2018,E06000003,Redcar and Cleveland,,144647.56755500002,106.94697611293024,
2019,E06000003,Redcar and Cleveland,,145550.6042375,107.61464750308829,
2020,E06000003,Redcar and Cleveland,,150005.18711,110.90819869175365,
2021,E06000003,Redcar and Cleveland,,157403.6523525,116.37834588424714,
2022,E06000003,Redcar and Cleveland,,157086.37032,116.1437594717384,
2002,E06000004,Stockton on Tees,362.3,,,
2003,E06000004,Stockton on Tees,388.8,,,
2004,E06000004,Stockton on Tees,414.2,,,
2015,E06000004,Stockton-on-Tees,,154604.7476575,100.0,
2016,E06000004,Stockton-on-Tees,,157866.75744750001,102.10990272900702,
2017,E06000004,Stockton-on-Tees,,167787.1691425,108.52653083733455,
2018,E06000004,Stockton-on-Tees,,169546.0463675,109.66419138893448,
2019,E06000004,Stockton-on-Tees,,172642.1748525,111.66680032036196,
2020,E06000004,Stockton-on-Tees,,178572.15011000002,115.50237157373435,
2021,E06000004,Stockton-on-Tees,,186479.1162775,120.61668163684864,
2022,E06000004,Stockton-on-Tees,,176786.95487,114.34768824929024,
2002,E06000005,Darlington,335.0,,,
2003,E06000005,Darlington,352.0,,,
2004,E06000005,Darlington,346.4,,,
2015,E06000005,Darlington,,149283.7726125,100.0,
2016,E06000005,Darlington,,151724.3892275,101.6348840683007,
2017,E06000005,Darlington,,154510.46698,103.50118052085075,
2018,E06000005,Darlington,,158209.12276,105.97878121064623,
2019,E06000005,Darlington,,165594.1499725,110.92575373368764,
2020,E06000005,Darlington,,171760.656345,115.05648158480284,
2021,E06000005,Darlington,,180356.72317,120.81468736602532,
2022,E06000005,Darlington,,173280.32778,116.07445655181057,
2002,E06000006,Halton,355.3,,,
2003,E06000006,Halton,370.1,,,
2004,E06000006,Halton,376.2,,,
2015,E06000006,Halton,,149950.5931675,100.0,
2016,E06000006,Halton,,155344.85652,103.59736046290556,
2017,E06000006,Halton,,160345.594535,106.9322842597151,
2018,E06000006,Halton,,161045.15857,107.39881394807622,
2019,E06000006,Halton,,168713.19740499998,112.51252418624414,
2020,E06000006,Halton,,171743.1193325,114.5331376853288,
2021,E06000006,Halton,,189935.9056725,126.6656581080243,
2022,E06000006,Halton,,191324.54121,127.59172015830833,
2002,E06000007,Warrington,383.9,,,
2003,E06000007,Warrington,411.1,,,
2004,E06000007,Warrington,416.7,,,
2015,E06000007,Warrington,,193849.020335,100.0,
2016,E06000007,Warrington,,202868.39274749998,104.65278204497146,
2017,E06000007,Warrington,,211843.45954,109.2827083541113,
2018,E06000007,Warrington,,217477.1609675,112.18893992431174,
2019,E06000007,Warrington,,226174.65067499998,116.67567382292489,
2020,E06000007,Warrington,,239134.28753,123.36110191154968,
2021,E06000007,Warrington,,265428.166935,136.92520420082624,
2022,E06000007,Warrington,,264887.10742,136.6460903244368,
2002,E06000008,Blackburn with Darwen,337.2,,,
2003,E06000008,Blackburn with Darwen,375.0,,,
2004,E06000008,Blackburn with Darwen,377.5,,,
2015,E06000008,Blackburn with Darwen,,120742.88976,100.0,
2016,E06000008,Blackburn with Darwen,,122041.9067475,101.0758538163879,
2017,E06000008,Blackburn with Darwen,,129431.0386725,107.19557808312305,
2018,E06000008,Blackburn with Darwen,,139957.7151725,115.91383596226098,
2019,E06000008,Blackburn with Darwen,,144436.88678499998,119.6235132951484,
2020,E06000008,Blackburn with Darwen,,147820.90769999998,122.42618012027276,
2021,E06000008,Blackburn with Darwen,,160874.32069,133.23709661891397,
2022,E06000008,Blackburn with Darwen,,155786.13296,129.02302841157376,
2002,E06000009,Blackpool,324.4,,,
2003,E06000009,Blackpool,327.3,,,
2004,E06000009,Blackpool,324.2,,,
2015,E06000009,Blackpool,,109038.86196750001,100.0,
2016,E06000009,Blackpool,,111673.6995,102.41642060909011,
2017,E06000009,Blackpool,,118165.9457575,108.37048702206778,
2018,E06000009,Blackpool,,122562.7332125,112.40279933316883,
2019,E06000009,Blackpool,,122695.061325,112.52415800301578,
2020,E06000009,Blackpool,,126721.25932499999,116.21660116259318,
2021,E06000009,Blackpool,,135080.10395999998,123.88253281684267,
2022,E06000009,Blackpool,,139838.60786,128.2465768045893,
2002,E06000010,Kingston upon Hull,324.2,,,
2003,E06000010,Kingston upon Hull,335.2,,,
2004,E06000010,Kingston upon Hull,340.4,,,
2015,E06000010,"Kingston upon Hull, City of",,109719.19309,100.0,
2016,E06000010,"Kingston upon Hull, City of",,112713.9493675,102.72947347967047,
2017,E06000010,"Kingston upon Hull, City of",,121502.28193,110.73931416022593,
2018,E06000010,"Kingston upon Hull, City of",,121176.1568825,110.44207806295306,
2019,E06000010,"Kingston upon Hull, City of",,125942.79766000001,114.78647820230702,
2020,E06000010,"Kingston upon Hull, City of",,130670.894455,119.09574867891513,
2021,E06000010,"Kingston upon Hull, City of",,136292.29263,124.2191897257235,
2022,E06000010,"Kingston upon Hull, City of",,134916.58944,122.96534967162145,
2002,E06000011,East Riding of Yorkshire,398.0,,,
2003,E06000011,East Riding of Yorkshire,406.7,,,
2004,E06000011,East Riding of Yorkshire,449.6,,,
2015,E06000011,East Riding of Yorkshire,,177899.83234999998,100.0,
2016,E06000011,East Riding of Yorkshire,,186420.538675,104.78960896839766,
2017,E06000011,East Riding of Yorkshire,,197707.2168275,111.13400963668755,
2018,E06000011,East Riding of Yorkshire,,205374.23455,115.44374822453283,
2019,E06000011,East Riding of Yorkshire,,211425.503935,118.84525192752382,
2020,E06000011,East Riding of Yorkshire,,221032.600245,124.24553599923615,
2021,E06000011,East Riding of Yorkshire,,241968.575765,136.01394254770923,
2022,E06000011,East Riding of Yorkshire,,232290.43857,130.57372539451976,
2002,E06000012,North East Lincolnshire,342.3,,,
2003,E06000012,North East Lincolnshire,366.4,,,
2004,E06000012,North East Lincolnshire,368.3,,,
2015,E06000012,North East Lincolnshire,,128377.1760825,100.0,
2016,E06000012,North East Lincolnshire,,131587.51215,102.50070625127078,
2017,E06000012,North East Lincolnshire,,138737.595775,108.0702972355787,
2018,E06000012,North East Lincolnshire,,142389.83282,110.91522431409066,
2019,E06000012,North East Lincolnshire,,146597.4200975,114.19274404609973,
2020,E06000012,North East Lincolnshire,,154178.4945175,120.09805732011047,
2021,E06000012,North East Lincolnshire,,166699.63201,129.85145576256681,
2022,E06000012,North East Lincolnshire,,160326.83943,124.8873392626801,
2002,E06000013,North Lincolnshire,404.3,,,
2003,E06000013,North Lincolnshire,412.3,,,
2004,E06000013,North Lincolnshire,410.1,,,
2015,E06000013,North Lincolnshire,,139910.32063,100.0,
2016,E06000013,North Lincolnshire,,145014.166655,103.64794105396797,
2017,E06000013,North Lincolnshire,,150276.3951775,107.40908497730743,
2018,E06000013,North Lincolnshire,,157375.90228749998,112.48341193048124,
2019,E06000013,North Lincolnshire,,163089.9800175,116.56751216288023,
2020,E06000013,North Lincolnshire,,169181.1393525,120.92112904230143,
2021,E06000013,North Lincolnshire,,188067.9309325,134.42034160571703,
2022,E06000013,North Lincolnshire,,186832.5587,133.53736726405498,
2002,E06000014,York,378.9,,,
2003,E06000014,York,397.1,,,
2004,E06000014,York,423.5,,,
2015,E06000014,York,,236548.6952975,100.0,
2016,E06000014,York,,248871.1670625,105.20927488080305,
2017,E06000014,York,,265811.937085,112.37091658894862,
2018,E06000014,York,,268637.5200925,113.56542032694068,
2019,E06000014,York,,277149.313905,117.16374658352599,
2020,E06000014,York,,289307.96071,122.30376512799883,
2021,E06000014,York,,317588.152185,134.2591011908052,
2022,E06000014,York,,321627.68926,135.9667990793603,
2015,E06000015,Derby,,156377.6290025,100.0,
2016,E06000015,Derby,,162645.6350475,104.00824982766544,
2017,E06000015,Derby,,166628.2944675,106.5550715472455,
2018,E06000015,Derby,,173383.0294925,110.87457368325244,
2019,E06000015,Derby,,185759.035855,118.78875325065215,
2020,E06000015,Derby,,191657.93916,122.56097012248215,
2021,E06000015,Derby,,209458.71210499998,133.94416672070875,
2022,E06000015,Derby,,207734.20518,132.84138307064302,
2002,E06000015,Derby City,382.0,,,
2003,E06000015,Derby City,413.2,,,
2015,E06000016,Leicester,,150560.35988,100.0,
2016,E06000016,Leicester,,161053.40064,106.96932497263103,
2017,E06000016,Leicester,,172607.404525,114.64332621320246,
2018,E06000016,Leicester,,185874.89573,123.45540079616339,
2019,E06000016,Leicester,,195555.885415,129.88537326216704,
2020,E06000016,Leicester,,203751.4981675,135.32877998557822,
2021,E06000016,Leicester,,230719.13387999998,153.24029117882577,
2022,E06000016,Leicester,,234391.94802,155.67972088192116,
2002,E06000016,Leicester City,322.1,,,
2003,E06000016,Leicester City,329.9,,,
2002,E06000017,Rutland,370.5,,,
2003,E06000017,Rutland,395.1,,,
2015,E06000017,Rutland,,284293.6587575,100.0,
2016,E06000017,Rutland,,286834.4023225,100.89370391731714,
2017,E06000017,Rutland,,302084.74913999997,106.25799761424703,
2018,E06000017,Rutland,,322618.8089025,113.48083186677442,
2019,E06000017,Rutland,,329810.29539,116.01042978989737,
2020,E06000017,Rutland,,357271.86834499997,125.67000963245182,
2021,E06000017,Rutland,,402174.8500925,141.46458695216683,
2022,E06000017,Rutland,,362998.60531,127.68438342820536,
2015,E06000018,Nottingham,,134422.9998425,100.0,
2016,E06000018,Nottingham,,143724.1944325,106.91934758255506,
2017,E06000018,Nottingham,,154812.1727575,115.16791987895634,
2018,E06000018,Nottingham,,161502.3117525,120.14485016829572,
2019,E06000018,Nottingham,,166723.0349425,124.02865219333383,
2020,E06000018,Nottingham,,174676.6753125,129.94552681993724,
2021,E06000018,Nottingham,,199739.44315250003,148.5902288942589,
2022,E06000018,Nottingham,,200235.95072,148.95959095884734,
2002,E06000018,Nottingham City,334.0,,,
2003,E06000018,Nottingham City,345.5,,,
2002,E06000019,"Herefordshire, County of",346.6,,,
2003,E06000019,"Herefordshire, County of",352.3,,,
2015,E06000019,"Herefordshire, County of",,231781.6609,100.0,
2016,E06000019,"Herefordshire, County of",,235565.32094,101.63242425017933,
2017,E06000019,"Herefordshire, County of",,246099.21452,106.17717276009044,
2018,E06000019,"Herefordshire, County of",,258704.14226,111.61544932220305,
2019,E06000019,"Herefordshire, County of",,266310.0279725,114.89693659905085,
2020,E06000019,"Herefordshire, County of",,280413.2799325,120.98165093979615,
2021,E06000019,"Herefordshire, County of",,312527.4817975,134.83701884953575,
2022,E06000019,"Herefordshire, County of",,311051.44771,134.2001979372303,
2002,E06000020,Telford and Wrekin,363.0,,,
2003,E06000020,Telford and Wrekin,363.0,,,
2015,E06000020,Telford and Wrekin,,164530.5856825,100.0,
2016,E06000020,Telford and Wrekin,,168284.911465,102.28184064800259,
2017,E06000020,Telford and Wrekin,,180170.692565,109.50589631564385,
2018,E06000020,Telford and Wrekin,,182004.6358,110.62054817650757,
2019,E06000020,Telford and Wrekin,,193351.13351,117.51683293896245,
2020,E06000020,Telford and Wrekin,,203813.987175,123.8760479272264,
2021,E06000020,Telford and Wrekin,,225662.13728999998,137.15512915359548,
2022,E06000020,Telford and Wrekin,,226211.53382,137.48904672139665,
2002,E06000021,Stoke on Trent,316.1,,,
2003,E06000021,Stoke on Trent,319.3,,,
2015,E06000021,Stoke-on-Trent,,108244.0564625,100.0,
2016,E06000021,Stoke-on-Trent,,116489.682115,107.61762439617793,
2017,E06000021,Stoke-on-Trent,,122156.0750175,112.8524549149908,
2018,E06000021,Stoke-on-Trent,,127171.366235,117.48577279072792,
2019,E06000021,Stoke-on-Trent,,133117.6036225,122.97913434962334,
2020,E06000021,Stoke-on-Trent,,137040.025335,126.60281757130569,
2021,E06000021,Stoke-on-Trent,,146402.931855,135.25262877201922,
2022,E06000021,Stoke-on-Trent,,147750.54119,136.49760182554374,
2002,E06000022,Bath and North East Somerset,411.6,,,
2003,E06000022,Bath and North East Somerset,435.2,,,
2015,E06000022,Bath and North East Somerset,,330614.357415,100.0,
2016,E06000022,Bath and North East Somerset,,364604.2386375,110.28082430789132,
2017,E06000022,Bath and North East Somerset,,386432.485575,116.88315310818003,
2018,E06000022,Bath and North East Somerset,,394432.5027425,119.30289592577887,
2019,E06000022,Bath and North East Somerset,,403791.9051275,122.13380818808324,
2020,E06000022,Bath and North East Somerset,,417428.9377875,126.25856331566598,
2021,E06000022,Bath and North East Somerset,,456893.4053975,138.19527045644594,
2022,E06000022,Bath and North East Somerset,,468367.98647,141.6659549004662,
2002,E06000023,Bristol,375.5,,,
2003,E06000023,Bristol,384.6,,,
2015,E06000023,"Bristol, City of",,245235.7792575,100.0,
2016,E06000023,"Bristol, City of",,272797.47554250003,111.23885607901447,
2017,E06000023,"Bristol, City of",,294501.737115,120.08922107804274,
2018,E06000023,"Bristol, City of",,306666.5458375,125.0496753638453,
2019,E06000023,"Bristol, City of",,313471.4001075,127.82449651376196,
2020,E06000023,"Bristol, City of",,329878.869175,134.51498397736813,
2021,E06000023,"Bristol, City of",,364988.9883325,148.83186680083006,
2022,E06000023,"Bristol, City of",,366732.10944,149.5426607611476,
2002,E06000024,North Somerset,402.2,,,
2003,E06000024,North Somerset,435.9,,,
2015,E06000024,North Somerset,,244893.78881,100.0,
2016,E06000024,North Somerset,,261399.4409025,106.73992271208881,
2017,E06000024,North Somerset,,274386.469775,112.0430498087813,
2018,E06000024,North Somerset,,293201.5898675,119.7260213467396,
2019,E06000024,North Somerset,,298726.351,121.98200389302885,
2020,E06000024,North Somerset,,306954.47527,125.34187851867063,
2021,E06000024,North Somerset,,342147.4142975,139.71257334049983,
2022,E06000024,North Somerset,,335875.31561,137.15142276253795,
2002,E06000025,South Gloucestershire,398.3,,,
2003,E06000025,South Gloucestershire,413.1,,,
2015,E06000025,South Gloucestershire,,241168.297365,100.0,
2016,E06000025,South Gloucestershire,,260461.26153249998,107.99979283276222,
2017,E06000025,South Gloucestershire,,281008.186535,116.51953826655071,
2018,E06000025,South Gloucestershire,,293212.72892,121.58012977809953,
2019,E06000025,South Gloucestershire,,300278.4493975,124.50991804409466,
2020,E06000025,South Gloucestershire,,309155.599705,128.19081242552522,
2021,E06000025,South Gloucestershire,,330028.1976025,136.84559753847478,
2022,E06000025,South Gloucestershire,,330828.91718,137.17761446866362,
2002,E06000026,Plymouth,344.1,,,
2003,E06000026,Plymouth,359.6,,,
2015,E06000026,Plymouth,,176293.4587025,100.0,
2016,E06000026,Plymouth,,181675.9047775,103.05311729352533,
2017,E06000026,Plymouth,,185498.7620875,105.22157966197385,
2018,E06000026,Plymouth,,194247.8321725,110.18436736231858,
2019,E06000026,Plymouth,,199166.8220975,112.9745956335223,
2020,E06000026,Plymouth,,204532.816555,116.01838097700193,
2021,E06000026,Plymouth,,218995.7678375,124.22228791089822,
2022,E06000026,Plymouth,,219029.59276,124.24147462533955,
2002,E06000027,Torbay,289.4,,,
2003,E06000027,Torbay,313.7,,,
2015,E06000027,Torbay,,197109.9603075,100.0,
2016,E06000027,Torbay,,207014.64453,105.02495368932563,
2017,E06000027,Torbay,,214931.7716025,109.04155795435055,
2018,E06000027,Torbay,,222199.0195275,112.72845835941521,
2019,E06000027,Torbay,,223087.7148025,113.17932105230683,
2020,E06000027,Torbay,,234410.80606,118.92387664951536,
2021,E06000027,Torbay,,265391.021885,134.6411015815632,
2022,E06000027,Torbay,,268868.33394,136.4052499024168,
2002,E06000028,Bournemouth,354.1,,,
2003,E06000028,Bournemouth,351.0,,,
2002,E06000029,Poole,389.7,,,
2003,E06000029,Poole,392.6,,,
2002,E06000030,Swindon,393.8,,,
2003,E06000030,Swindon,412.0,,,
2015,E06000030,Swindon,,192343.931085,100.0,
2016,E06000030,Swindon,,213329.4859025,110.91043252528002,
2017,E06000030,Swindon,,231137.3372225,120.16877055525946,
2018,E06000030,Swindon,,245845.189095,127.81541258317992,
2019,E06000030,Swindon,,249308.2903575,129.61588595552126,
2020,E06000030,Swindon,,250803.7703875,130.39338905716014,
2021,E06000030,Swindon,,265269.737385,137.91427464783013,
2022,E06000030,Swindon,,260647.64656,135.5112402505777,
2002,E06000031,Peterborough,371.2,,,
2003,E06000031,Peterborough,370.8,,,
2015,E06000031,Peterborough,,172987.867915,100.0,
2016,E06000031,Peterborough,,182473.5346975,105.48342892298142,
2017,E06000031,Peterborough,,195363.70892250002,112.93491923866863,
2018,E06000031,Peterborough,,207223.230095,119.79061456311028,
2019,E06000031,Peterborough,,214118.27108500001,123.77646690819381,
2020,E06000031,Peterborough,,227054.75417,131.2547272283664,
2021,E06000031,Peterborough,,246187.5003475,142.31489370599542,
2022,E06000031,Peterborough,,245288.40198,141.79514721837364,
2002,E06000032,Luton,380.2,,,
2003,E06000032,Luton,408.8,,,
2015,E06000032,Luton,,190407.245565,100.0,
2016,E06000032,Luton,,218632.44815,114.82359691788339,
2017,E06000032,Luton,,234331.90739,123.06879745813313,
2018,E06000032,Luton,,243726.738175,128.0028695608635,
2019,E06000032,Luton,,253270.7712725,133.01530124075035,
2020,E06000032,Luton,,261872.331965,137.532755745686,
2021,E06000032,Luton,,284235.8667075,149.27786275363636,
2022,E06000032,Luton,,288574.87541,151.55666716027787,
2015,E06000033,Southend-on-Sea,,244405.827455,100.0,
2016,E06000033,Southend-on-Sea,,265399.29612,108.58959415313669,
2017,E06000033,Southend-on-Sea,,292787.4351025,119.79560313733029,
2018,E06000033,Southend-on-Sea,,311686.09380750003,127.52809417561359,
2019,E06000033,Southend-on-Sea,,323827.0909375,132.4956504963545,
2020,E06000033,Southend-on-Sea,,331003.9023675,135.43208270205605,
2021,E06000033,Southend-on-Sea,,364060.2517075,148.9572713950656,
2022,E06000033,Southend-on-Sea,,364650.9973,149.19897823104876,
2002,E06000033,Southend-on-sea,409.8,,,
2003,E06000033,Southend-on-sea,404.2,,,
2002,E06000034,Thurrock,435.8,,,
2003,E06000034,Thurrock,423.2,,,
2015,E06000034,Thurrock,,218528.5743175,100.0,
2016,E06000034,Thurrock,,252165.2229375,115.39233426340363,
2017,E06000034,Thurrock,,282477.40434249997,129.26337218129137,
2018,E06000034,Thurrock,,291103.491745,133.21072205507366,
2019,E06000034,Thurrock,,295905.2538,135.40803747251812,
2020,E06000034,Thurrock,,300412.7755075,137.4707067237031,
2021,E06000034,Thurrock,,330963.5282475,151.45091633034835,
2022,E06000034,Thurrock,,334310.86106,152.98267611185713,
2002,E06000035,Medway,404.4,,,
2003,E06000035,Medway,414.8,,,
2015,E06000035,Medway,,203302.04902,100.0,
2016,E06000035,Medway,,226770.2981375,111.54353791839613,
2017,E06000035,Medway,,250545.4608225,123.23804016252309,
2018,E06000035,Medway,,263327.8222175,129.52541476431205,
2019,E06000035,Medway,,269087.9522375,132.35870151560954,
2020,E06000035,Medway,,278593.1592825,137.03411285101862,
2021,E06000035,Medway,,303515.8909475,149.29308012908487,
2022,E06000035,Medway,,301762.98185,148.43086102900705,
2002,E06000036,Bracknell Forest,500.8,,,
2003,E06000036,Bracknell Forest,499.5,,,
2015,E06000036,Bracknell Forest,,329314.26501750003,100.0,
2016,E06000036,Bracknell Forest,,362897.7807375,110.19801426403903,
2017,E06000036,Bracknell Forest,,384535.01574,116.76840531629126,
2018,E06000036,Bracknell Forest,,384058.530525,116.62371519332477,
2019,E06000036,Bracknell Forest,,399887.2744125,121.43029224417279,
2020,E06000036,Bracknell Forest,,403534.5353375,122.53782426220006,
2021,E06000036,Bracknell Forest,,428434.13851,130.09887029559218,
2022,E06000036,Bracknell Forest,,431596.61788,131.05919291320848,
2002,E06000037,West Berkshire,455.7,,,
2003,E06000037,West Berkshire,471.3,,,
2015,E06000037,West Berkshire,,340284.91893499997,100.0,
2016,E06000037,West Berkshire,,376785.6621925,110.72652392934062,
2017,E06000037,West Berkshire,,389774.3802575,114.54353648036731,
2018,E06000037,West Berkshire,,407884.7029025,119.86564205638884,
2019,E06000037,West Berkshire,,413527.96496,121.52403528614522,
2020,E06000037,West Berkshire,,409894.046205,120.4561305531429,
2021,E06000037,West Berkshire,,443338.4576725,130.28448603012728,
2022,E06000037,West Berkshire,,428630.34409,125.96219233914256,
2002,E06000038,Reading,452.7,,,
2003,E06000038,Reading,461.8,,,
2015,E06000038,Reading,,273360.62702749996,100.0,
2016,E06000038,Reading,,302937.1665,110.81960478146131,
2017,E06000038,Reading,,325081.91504,118.92053313416527,
2018,E06000038,Reading,,338345.6923325,123.77265007460734,
2019,E06000038,Reading,,347840.94549,127.24617633211946,
2020,E06000038,Reading,,342027.792355,125.11962533675054,
2021,E06000038,Reading,,361519.6311175,132.25007384883241,
2022,E06000038,Reading,,364125.55096,133.2033639662998,
2002,E06000039,Slough,380.4,,,
2003,E06000039,Slough,402.6,,,
2015,E06000039,Slough,,256262.5328625,100.0,
2016,E06000039,Slough,,292857.153675,114.28012921113802,
2017,E06000039,Slough,,327392.3174225,127.75660716588848,
2018,E06000039,Slough,,333446.24046999996,130.11899817946215,
2019,E06000039,Slough,,334118.56242750003,130.38135489231834,
2020,E06000039,Slough,,339950.5075125,132.65712459608895,
2021,E06000039,Slough,,363858.3528175,141.9865591560088,
2022,E06000039,Slough,,355039.78409,138.5453347877818,
2002,E06000040,Windsor and Maidenhead,524.4,,,
2003,E06000040,Windsor and Maidenhead,585.0,,,
2015,E06000040,Windsor and Maidenhead,,516404.3245175,100.0,
2016,E06000040,Windsor and Maidenhead,,564236.5251249999,109.2625484211798,
2017,E06000040,Windsor and Maidenhead,,603342.49007,116.83528998982152,
2018,E06000040,Windsor and Maidenhead,,595602.63049,115.33649162339967,
2019,E06000040,Windsor and Maidenhead,,584574.2484299999,113.20088168823803,
2020,E06000040,Windsor and Maidenhead,,609903.6535525,118.10583773138627,
2021,E06000040,Windsor and Maidenhead,,657407.73268,127.30484650651326,
2022,E06000040,Windsor and Maidenhead,,662748.47533,128.33906376543922,
2002,E06000041,Wokingham,540.3,,,
2003,E06000041,Wokingham,555.0,,,
2015,E06000041,Wokingham,,394903.4111275,100.0,
2016,E06000041,Wokingham,,439534.79341,111.30184774931968,
2017,E06000041,Wokingham,,459471.408175,116.35032649202752,
2018,E06000041,Wokingham,,457978.1408675,115.97219167084769,
2019,E06000041,Wokingham,,456647.2121,115.63516526641628,
2020,E06000041,Wokingham,,458484.7557225,116.10047996634596,
2021,E06000041,Wokingham,,489798.42366,124.02992981538512,
2022,E06000041,Wokingham,,501709.07156,127.04602123530817,
2002,E06000042,Milton Keynes,411.3,,,
2003,E06000042,Milton Keynes,438.0,,,
2015,E06000042,Milton Keynes,,249235.91859000002,100.0,
2016,E06000042,Milton Keynes,,275341.0765875,110.47407538415186,
2017,E06000042,Milton Keynes,,290625.71598,116.60667436064355,
2018,E06000042,Milton Keynes,,306249.2697125,122.87525467638896,
2019,E06000042,Milton Keynes,,311922.22389,125.15139296720739,
2020,E06000042,Milton Keynes,,321671.1799175,129.06293031008022,
2021,E06000042,Milton Keynes,,345282.375045,138.5363622540293,
2022,E06000042,Milton Keynes,,334035.71511,134.0239067465625,
2002,E06000043,Brighton and Hove,410.5,,,
2003,E06000043,Brighton and Hove,420.6,,,
2015,E06000043,Brighton and Hove,,344648.5123475,100.0,
2016,E06000043,Brighton and Hove,,370160.91989,107.40244238071061,
2017,E06000043,Brighton and Hove,,402507.42289,116.7878022012648,
2018,E06000043,Brighton and Hove,,406055.12525499996,117.81717045265678,
2019,E06000043,Brighton and Hove,,411758.2430975,119.47193396916074,
2020,E06000043,Brighton and Hove,,424613.140495,123.20179118222154,
2021,E06000043,Brighton and Hove,,469217.773875,136.14385586028587,
2022,E06000043,Brighton and Hove,,466461.79135,135.3442056583372,
2002,E06000044,Portsmouth,380.4,,,
2003,E06000044,Portsmouth,395.0,,,
2015,E06000044,Portsmouth,,191524.7458125,100.0,
2016,E06000044,Portsmouth,,204369.443085,106.70654709291445,
2017,E06000044,Portsmouth,,220579.17176,115.17006370338372,
2018,E06000044,Portsmouth,,232893.07592,121.59947004863747,
2019,E06000044,Portsmouth,,236587.334735,123.52833767319844,
2020,E06000044,Portsmouth,,245206.75455,128.02875863887266,
2021,E06000044,Portsmouth,,265705.3839125,138.73162070274813,
2022,E06000044,Portsmouth,,266401.15667,139.0949015699532,
2002,E06000045,Southampton,387.6,,,
2003,E06000045,Southampton,390.5,,,
2015,E06000045,Southampton,,194444.97715,100.0,
2016,E06000045,Southampton,,204730.70260750002,105.28978717180509,
2017,E06000045,Southampton,,218664.7242475,112.45583581149347,
2018,E06000045,Southampton,,223369.00267750002,114.87517237598132,
2019,E06000045,Southampton,,226029.19511,116.2432675931943,
2020,E06000045,Southampton,,233540.9300175,120.10643496197918,
2021,E06000045,Southampton,,246595.45416999998,126.82017184726233,
2022,E06000045,Southampton,,249478.53358,128.30289433886773,
2002,E06000046,Isle of Wight,343.1,,,
2003,E06000046,Isle of Wight,355.4,,,
2015,E06000046,Isle of Wight,,207117.5666175,100.0,
2016,E06000046,Isle of Wight,,221538.6887725,106.96277114033141,
2017,E06000046,Isle of Wight,,229891.1045625,110.9954642268744,
2018,E06000046,Isle of Wight,,233645.563835,112.80818312552469,
2019,E06000046,Isle of Wight,,242885.7717775,117.2695178608659,
2020,E06000046,Isle of Wight,,255479.49737250002,123.34998983660026,
2021,E06000046,Isle of Wight,,298878.27926,144.30368420268357,
2022,E06000046,Isle of Wight,,298019.91221,143.88924951034033,
2015,E06000047,County Durham,,127512.116945,100.0,
2016,E06000047,County Durham,,127701.4972325,100.14851944429853,
2017,E06000047,County Durham,,131522.3217575,103.14495979564806,
2018,E06000047,County Durham,,135045.3755275,105.90787664967505,
2019,E06000047,County Durham,,139110.17838,109.09565436828454,
2020,E06000047,County Durham,,142851.061735,112.02940172079188,
2021,E06000047,County Durham,,153432.7606025,120.32798472687925,
2022,E06000047,County Durham,,152404.17837,119.52133022443408,
2015,E06000049,Cheshire East,,245246.89146,100.0,
2016,E06000049,Cheshire East,,255112.12779250002,104.02257344579189,
2017,E06000049,Cheshire East,,269872.34296,110.04108608814576,
2018,E06000049,Cheshire East,,285811.22553,116.54020315140919,
2019,E06000049,Cheshire East,,289558.15136,118.0680210200451,
2020,E06000049,Cheshire East,,297110.8294575,121.14764337633166,
2021,E06000049,Cheshire East,,331305.36083,135.09054441329636,
2022,E06000049,Cheshire East,,324792.12581,132.43475743013602,
2015,E06000050,Cheshire West and Chester,,216140.2116025,100.0,
2016,E06000050,Cheshire West and Chester,,225841.11132999999,104.48824383744973,
2017,E06000050,Cheshire West and Chester,,232046.93577749998,107.35944693357374,
2018,E06000050,Cheshire West and Chester,,238250.021045,110.22938271345907,
2019,E06000050,Cheshire West and Chester,,240201.7072675,111.13235500539396,
2020,E06000050,Cheshire West and Chester,,251493.68175,116.35672968272928,
2021,E06000050,Cheshire West and Chester,,281321.2748075,130.15684250595325,
2022,E06000050,Cheshire West and Chester,,278829.68634,129.00407761827827,
2015,E06000051,Shropshire,,214388.99083,100.0,
2016,E06000051,Shropshire,,223916.01656000002,104.44380361748821,
2017,E06000051,Shropshire,,238038.916645,111.03131542503189,
2018,E06000051,Shropshire,,243750.75979500002,113.69555817737044,
2019,E06000051,Shropshire,,249645.80584749999,116.44525443261074,
2020,E06000051,Shropshire,,258047.455065,120.3641353345513,
2021,E06000051,Shropshire,,289144.629405,134.8691592257541,
2022,E06000051,Shropshire,,291280.2559,135.86530482387084,
2015,E06000052,Cornwall,,234028.3926275,100.0,
2016,E06000052,Cornwall,,243225.48019,103.92990246150984,
2017,E06000052,Cornwall,,249917.7683325,106.7895076860571,
2018,E06000052,Cornwall,,259629.3857725,110.93926803392134,
2019,E06000052,Cornwall,,266268.0402525,113.77595567060763,
2020,E06000052,Cornwall,,285109.4367325,121.82685764385222,
2021,E06000052,Cornwall,,329103.934775,140.62564421353375,
2022,E06000052,Cornwall,,330048.32134,141.029179252337,
2015,E06000053,Isles of Scilly,,302233.1871325,100.0,
2016,E06000053,Isles of Scilly,,281863.2662825,93.26019718639643,
2017,E06000053,Isles of Scilly,,310909.489965,102.8707313431785,
2018,E06000053,Isles of Scilly,,324074.2656925,107.22656527802978,
2019,E06000053,Isles of Scilly,,362627.1535475,119.98257272406127,
2020,E06000053,Isles of Scilly,,357674.2631575,118.34380815389889,
2021,E06000053,Isles of Scilly,,417416.95288,138.11089273164535,
2022,E06000053,Isles of Scilly,,396533.33333,131.20112225007193,
2015,E06000054,Wiltshire,,264349.8181325,100.0,
2016,E06000054,Wiltshire,,280569.54456,106.13570553673324,
2017,E06000054,Wiltshire,,296987.6257175,112.34644601444022,
2018,E06000054,Wiltshire,,309825.3868175,117.20279930822812,
2019,E06000054,Wiltshire,,312914.888695,118.37151654031315,
2020,E06000054,Wiltshire,,321799.87856750004,121.73258935483904,
2021,E06000054,Wiltshire,,359379.6348675,135.9485084598652,
2022,E06000054,Wiltshire,,357594.68293,135.27328501915704,
2015,E06000055,Bedford,,249207.76962,100.0,
2016,E06000055,Bedford,,262576.81626500003,105.3646187136884,
2017,E06000055,Bedford,,287664.9333275,115.43176754325948,
2018,E06000055,Bedford,,305339.63787750003,122.52412448580223,
2019,E06000055,Bedford,,310716.20332,124.68158749375671,
2020,E06000055,Bedford,,314398.82041,126.15931713903036,
2021,E06000055,Bedford,,344022.8105875,138.0465830227031,
2022,E06000055,Bedford,,342766.12607,137.54231121792904,
2015,E06000056,Central Bedfordshire,,263096.49486,100.0,
2016,E06000056,Central Bedfordshire,,287281.6901475,109.19251900348182,
2017,E06000056,Central Bedfordshire,,316164.66573,120.1706111281486,
2018,E06000056,Central Bedfordshire,,336428.03417500004,127.87248813558749,
2019,E06000056,Central Bedfordshire,,340598.8807025,129.45777969552233,
2020,E06000056,Central Bedfordshire,,346158.4403525,131.57090539602183,
2021,E06000056,Central Bedfordshire,,366824.0161525,139.425656866959,
2022,E06000056,Central Bedfordshire,,361035.32858,137.2254422363611,
2015,E06000057,Northumberland,,184015.8272175,100.0,
2016,E06000057,Northumberland,,189795.177995,103.14068135599501,
2017,E06000057,Northumberland,,195642.9074675,106.3185218498935,
2018,E06000057,Northumberland,,199644.226,108.4929644470352,
2019,E06000057,Northumberland,,201769.882885,109.64811339109181,
2020,E06000057,Northumberland,,210073.0569125,114.16031984259773,
2021,E06000057,Northumberland,,237242.20526000002,128.92489132447741,
2022,E06000057,Northumberland,,232237.40102,126.20512296776727,
2015,E06000058,"Bournemouth, Christchurch and Poole",,280664.833545,100.0,
2016,E06000058,"Bournemouth, Christchurch and Poole",,294614.208925,104.97011870130264,
2017,E06000058,"Bournemouth, Christchurch and Poole",,308245.5657775,109.82692839859394,
2018,E06000058,"Bournemouth, Christchurch and Poole",,320828.628975,114.31023435415908,
2019,E06000058,"Bournemouth, Christchurch and Poole",,332381.5932625,118.42651929858113,
2020,E06000058,"Bournemouth, Christchurch and Poole",,341758.9583975,121.76764508785692,
2021,E06000058,"Bournemouth, Christchurch and Poole",,390653.17888,139.18850250876378,
2022,E06000058,"Bournemouth, Christchurch and Poole",,384855.49302,137.1228052189498,
2015,E06000059,Dorset,,279813.2083625,100.0,
2016,E06000059,Dorset,,294057.27637,105.09056312632914,
2017,E06000059,Dorset,,311840.956155,111.44611720795103,
2018,E06000059,Dorset,,321650.26917,114.95178195923465,
2019,E06000059,Dorset,,321179.835335,114.78365771744028,
2020,E06000059,Dorset,,333052.5834825,119.02675553865491,
2021,E06000059,Dorset,,374770.0273025,133.9357886268838,
2022,E06000059,Dorset,,375481.62177,134.19009916199556,
2015,E06000060,Buckinghamshire,,406251.44996,100.0,
2016,E06000060,Buckinghamshire,,434885.7130725,107.04840884021938,
2017,E06000060,Buckinghamshire,,470326.8341525,115.77234596917967,
2018,E06000060,Buckinghamshire,,481844.63868,118.6074877338759,
2019,E06000060,Buckinghamshire,,481176.13195249997,118.44293281904031,
2020,E06000060,Buckinghamshire,,492461.65889,121.22089876565079,
2021,E06000060,Buckinghamshire,,542169.6899175,133.45667811668923,
2022,E06000060,Buckinghamshire,,552529.20735,136.0067040756169,
2015,E06000061,North Northamptonshire,,183632.926305,100.0,
2016,E06000061,North Northamptonshire,,197214.430565,107.39600709593995,
2017,E06000061,North Northamptonshire,,213711.19838750002,116.37956366961247,
2018,E06000061,North Northamptonshire,,230609.6686625,125.58187319820591,
2019,E06000061,North Northamptonshire,,237257.73318,129.20217411660335,
2020,E06000061,North Northamptonshire,,242641.0987825,132.1337647146634,
2021,E06000061,North Northamptonshire,,267969.11114,145.92650486597603,
2022,E06000061,North Northamptonshire,,266666.24922,145.21701232222816,
2015,E06000062,West Northamptonshire,,227148.4598975,100.0,
2016,E06000062,West Northamptonshire,,242528.72456499998,106.77101868726749,
2017,E06000062,West Northamptonshire,,262399.19539,115.51880893597377,
2018,E06000062,West Northamptonshire,,276577.86838500004,121.76083804829885,
2019,E06000062,West Northamptonshire,,279570.48080749996,123.07830787567534,
2020,E06000062,West Northamptonshire,,281965.7841275,124.13281791773369,
2021,E06000062,West Northamptonshire,,309149.9821325,136.100408636714,
2022,E06000062,West Northamptonshire,,308239.63647,135.69963741294666,
2015,E07000008,Cambridge,,455442.05881,100.0,
2016,E07000008,Cambridge,,496389.8547275,108.99078052310107,
2017,E07000008,Cambridge,,505390.019685,110.96691882289183,
2018,E07000008,Cambridge,,532847.97312,116.99577647972383,
2019,E07000008,Cambridge,,521632.4647,114.53322208821587,
2020,E07000008,Cambridge,,515538.61847,113.19521517556439,
2021,E07000008,Cambridge,,544549.6647675,119.56508061427714,
2022,E07000008,Cambridge,,557737.12172,122.46060962777159,
2015,E07000009,East Cambridgeshire,,253311.43523499998,100.0,
2016,E07000009,East Cambridgeshire,,282280.6802225,111.43621682954223,
2017,E07000009,East Cambridgeshire,,300760.75294000003,118.73161298895991,
2018,E07000009,East Cambridgeshire,,308439.422455,121.76292877139838,
2019,E07000009,East Cambridgeshire,,320625.0862575,126.57347504270872,
2020,E07000009,East Cambridgeshire,,328672.815015,129.75048469883973,
2021,E07000009,East Cambridgeshire,,352898.8103975,139.31420429958547,
2022,E07000009,East Cambridgeshire,,354331.89992,139.87994643482327,
2015,E07000010,Fenland,,162747.7023875,100.0,
2016,E07000010,Fenland,,174455.5732175,107.1938777987315,
2017,E07000010,Fenland,,192224.09559749998,118.11171081224674,
2018,E07000010,Fenland,,201234.35164,123.64804460395014,
2019,E07000010,Fenland,,209312.57691250002,128.6116939544435,
2020,E07000010,Fenland,,217267.3867575,133.49951094251972,
2021,E07000010,Fenland,,237360.8080575,145.84587344425128,
2022,E07000010,Fenland,,238414.0605,146.49304229950937,
2015,E07000011,Huntingdonshire,,233984.61359,100.0,
2016,E07000011,Huntingdonshire,,253472.52921,108.32871671388946,
2017,E07000011,Huntingdonshire,,276106.19594500004,118.00185991238197,
2018,E07000011,Huntingdonshire,,293233.8731075,125.32186138586003,
2019,E07000011,Huntingdonshire,,300365.82481,128.36990441444865,
2020,E07000011,Huntingdonshire,,309784.71914999996,132.39533762370414,
2021,E07000011,Huntingdonshire,,329525.1399975,140.83196965032542,
2022,E07000011,Huntingdonshire,,323476.64217,138.246971545237,
2015,E07000012,South Cambridgeshire,,346201.1451475,100.0,
2016,E07000012,South Cambridgeshire,,383808.4383725,110.86284483807162,
2017,E07000012,South Cambridgeshire,,411231.4149575,118.78395572097074,
2018,E07000012,South Cambridgeshire,,410484.30002,118.56815200455561,
2019,E07000012,South Cambridgeshire,,411807.0055325,118.95021472475153,
2020,E07000012,South Cambridgeshire,,429035.1993,123.92656850317705,
2021,E07000012,South Cambridgeshire,,450776.5063675,130.20653244097312,
2022,E07000012,South Cambridgeshire,,450969.2379,130.26220283236304,
2015,E07000026,Allerdale,,167782.486165,100.0,
2016,E07000026,Allerdale,,170032.09213499998,101.34078712350684,
2017,E07000026,Allerdale,,178856.0389875,106.59994560553245,
2018,E07000026,Allerdale,,186692.1384175,111.27033737830297,
2019,E07000026,Allerdale,,191195.529255,113.95440228902987,
2020,E07000026,Allerdale,,194250.48035,115.77518297051037,
2021,E07000026,Allerdale,,208507.0183175,124.27221880146111,
2022,E07000026,Allerdale,,192982.60067,115.0195143015212,
2015,E07000027,Barrow-in-Furness,,122998.8138675,100.0,
2016,E07000027,Barrow-in-Furness,,127426.544395,103.5998156309619,
2017,E07000027,Barrow-in-Furness,,133942.57267,108.89745068134489,
2018,E07000027,Barrow-in-Furness,,141900.448545,115.36733085724038,
2019,E07000027,Barrow-in-Furness,,147526.1921625,119.94115026297898,
2020,E07000027,Barrow-in-Furness,,147963.0633525,120.296333517405,
2021,E07000027,Barrow-in-Furness,,162660.1666075,132.2453131806011,
2022,E07000027,Barrow-in-Furness,,156654.23548,127.36239525753084,
2015,E07000028,Carlisle,,148183.4388825,100.0,
2016,E07000028,Carlisle,,152765.07787500002,103.0918697980366,
2017,E07000028,Carlisle,,155137.14194,104.69263172048116,
2018,E07000028,Carlisle,,161111.04278000002,108.7240544523675,
2019,E07000028,Carlisle,,164900.49383,111.28132473747998,
2020,E07000028,Carlisle,,166954.177655,112.66723117917653,
2021,E07000028,Carlisle,,179216.484875,120.94231732407508,
2022,E07000028,Carlisle,,171757.84072,115.90893153464539,
2015,E07000029,Copeland,,133866.284765,100.0,
2016,E07000029,Copeland,,140301.26789000002,104.8070230202448,
2017,E07000029,Copeland,,144211.06646,107.72769761494472,
2018,E07000029,Copeland,,145003.317095,108.31951999680196,
2019,E07000029,Copeland,,143227.69582,106.99310589775,
2020,E07000029,Copeland,,151149.75851,112.91099829605406,
2021,E07000029,Copeland,,162477.1602425,121.37272691755501,
2022,E07000029,Copeland,,158372.45833,118.30645678112317,
2015,E07000030,Eden,,208863.8229875,100.0,
2016,E07000030,Eden,,207073.37719,99.14276882808606,
2017,E07000030,Eden,,212034.60276500002,101.51810865670585,
2018,E07000030,Eden,,227866.3139475,109.09802889183793,
2019,E07000030,Eden,,230212.0571075,110.22112581041748,
2020,E07000030,Eden,,237573.341555,113.74556788095285,
2021,E07000030,Eden,,258867.4939925,123.94080041711801,
2022,E07000030,Eden,,263262.75386,126.04516669971882,
2015,E07000031,South Lakeland,,242378.04104,100.0,
2016,E07000031,South Lakeland,,253597.7926625,104.62902974805723,
2017,E07000031,South Lakeland,,261521.324135,107.89810950400442,
2018,E07000031,South Lakeland,,265821.83805749996,109.67240964441618,
2019,E07000031,South Lakeland,,269821.43937000004,111.32255967258642,
2020,E07000031,South Lakeland,,289257.91486250004,119.3416340941395,
2021,E07000031,South Lakeland,,314211.1944625,129.6368239937401,
2022,E07000031,South Lakeland,,313186.94364,129.2142399931,
2015,E07000032,Amber Valley,,174422.424345,100.0,
2016,E07000032,Amber Valley,,185405.3888325,106.29676174307505,
2017,E07000032,Amber Valley,,192307.53579,110.25390600558562,
2018,E07000032,Amber Valley,,201556.391255,115.55646701500386,
2019,E07000032,Amber Valley,,208553.00677,119.56777206438272,
2020,E07000032,Amber Valley,,216878.81927500002,124.34113336598458,
2021,E07000032,Amber Valley,,243201.45673,139.43244834675502,
2022,E07000032,Amber Valley,,236026.56638,135.31893463030283,
2015,E07000033,Bolsover,,125661.77494,100.0,
2016,E07000033,Bolsover,,135194.619615,107.58611334238408,
2017,E07000033,Bolsover,,139329.6137875,110.87668772307731,
2018,E07000033,Bolsover,,142804.3847775,113.64186511426017,
2019,E07000033,Bolsover,,149822.7125775,119.2269587541925,
2020,E07000033,Bolsover,,153887.30204,122.46150598579155,
2021,E07000033,Bolsover,,172404.4240375,137.1971899329118,
2022,E07000033,Bolsover,,167800.51626,133.5334602269625,
2015,E07000034,Chesterfield,,151384.373135,100.0,
2016,E07000034,Chesterfield,,154145.4557625,101.82388880062128,
2017,E07000034,Chesterfield,,168020.064355,110.9890412566988,
2018,E07000034,Chesterfield,,173497.5291825,114.60729108927256,
2019,E07000034,Chesterfield,,180740.95232,119.39208029009751,
2020,E07000034,Chesterfield,,188983.517575,124.83687296209247,
2021,E07000034,Chesterfield,,207080.590595,136.79125943226106,
2022,E07000034,Chesterfield,,204653.13374,135.18775386247862,
2015,E07000035,Derbyshire Dales,,264264.41487750004,100.0,
2016,E07000035,Derbyshire Dales,,271368.32001,102.68818075100768,
2017,E07000035,Derbyshire Dales,,281672.84186499997,106.58750327605388,
2018,E07000035,Derbyshire Dales,,288087.333315,109.014803770891,
2019,E07000035,Derbyshire Dales,,309251.40164,117.02347506127668,
2020,E07000035,Derbyshire Dales,,314524.29112,119.01878323867328,
2021,E07000035,Derbyshire Dales,,343767.997705,130.0848613553792,
2022,E07000035,Derbyshire Dales,,342582.53089,129.63627019127958,
2015,E07000036,Erewash,,154383.439175,100.0,
2016,E07000036,Erewash,,160816.94392,104.1672246578905,
2017,E07000036,Erewash,,167708.4423825,108.63110919066621,
2018,E07000036,Erewash,,175294.2763875,113.54474114856107,
2019,E07000036,Erewash,,181570.9909475,117.61040686603812,
2020,E07000036,Erewash,,187340.2869025,121.34739833729317,
2021,E07000036,Erewash,,212018.88796000002,137.3326628121478,
2022,E07000036,Erewash,,217626.25952,140.96476972074163,
2015,E07000037,High Peak,,185554.4518325,100.0,
2016,E07000037,High Peak,,196148.8327275,105.70958055189297,
2017,E07000037,High Peak,,207330.1991975,111.73550251688759,
2018,E07000037,High Peak,,213197.4047075,114.89748836635476,
2019,E07000037,High Peak,,223380.71147,120.38553064285722,
2020,E07000037,High Peak,,230907.943365,124.44214681167587,
2021,E07000037,High Peak,,258164.26467499998,139.13126962216185,
2022,E07000037,High Peak,,250587.99928,135.04822805663846,
2015,E07000038,North East Derbyshire,,182116.496255,100.0,
2016,E07000038,North East Derbyshire,,189100.8563475,103.83510568022376,
2017,E07000038,North East Derbyshire,,196655.4289425,107.98331451926384,
2018,E07000038,North East Derbyshire,,207036.7108575,113.68366683686175,
2019,E07000038,North East Derbyshire,,212390.839655,116.62361401770534,
2020,E07000038,North East Derbyshire,,222394.353695,122.11653434382069,
2021,E07000038,North East Derbyshire,,246608.3654225,135.41242583384556,
2022,E07000038,North East Derbyshire,,244106.92059,134.0388847851547,
2015,E07000039,South Derbyshire,,189220.9576625,100.0,
2016,E07000039,South Derbyshire,,201845.3651325,106.67178077204179,
2017,E07000039,South Derbyshire,,216059.1400575,114.18351472613797,
2018,E07000039,South Derbyshire,,226466.66386,119.68371086247885,
2019,E07000039,South Derbyshire,,238764.6319175,126.18297405690522,
2020,E07000039,South Derbyshire,,240210.49481499998,126.94708756492312,
2021,E07000039,South Derbyshire,,250881.81958,132.58669794256096,
2022,E07000039,South Derbyshire,,247623.63095,130.86480166307408,
2015,E07000040,East Devon,,274970.801645,100.0,
2016,E07000040,East Devon,,279180.13653,101.53082976804004,
2017,E07000040,East Devon,,302051.9981375,109.84875351509615,
2018,E07000040,East Devon,,315423.12908,114.71149925482844,
2019,E07000040,East Devon,,319574.72491,116.22133077336179,
2020,E07000040,East Devon,,327992.3505,119.28261056730425,
2021,E07000040,East Devon,,362389.873,131.79212877586258,
2022,E07000040,East Devon,,362922.77758,131.98593283680717,
2015,E07000041,Exeter,,247692.5851475,100.0,
2016,E07000041,Exeter,,258560.5953825,104.38770108056652,
2017,E07000041,Exeter,,269337.06334500003,108.73844414220588,
2018,E07000041,Exeter,,283263.8906375,114.36106998068489,
2019,E07000041,Exeter,,282735.464285,114.14773038790487,
2020,E07000041,Exeter,,295289.5454525,119.21614257312392,
2021,E07000041,Exeter,,311479.2589025,125.75235496735408,
2022,E07000041,Exeter,,321802.16985,129.91998515351924,
2015,E07000042,Mid Devon,,229840.74668,100.0,
2016,E07000042,Mid Devon,,234745.5620425,102.13400601649141,
2017,E07000042,Mid Devon,,245718.53060250002,106.9081675690021,
2018,E07000042,Mid Devon,,263144.5397375,114.48994294465456,
2019,E07000042,Mid Devon,,266412.35564,115.91171691193534,
2020,E07000042,Mid Devon,,276254.02957,120.19367042634079,
2021,E07000042,Mid Devon,,311849.399645,135.6806415527261,
2022,E07000042,Mid Devon,,321712.77544,139.9720371983957,
2015,E07000043,North Devon,,237028.1299575,100.0,
2016,E07000043,North Devon,,242349.7000275,102.24512173764109,
2017,E07000043,North Devon,,250906.854635,105.85530699667946,
2018,E07000043,North Devon,,257695.93891750003,108.71955955763808,
2019,E07000043,North Devon,,268916.3296,113.45333975685404,
2020,E07000043,North Devon,,280181.08405249997,118.20583662485016,
2021,E07000043,North Devon,,311508.33695,131.42251808080948,
2022,E07000043,North Devon,,314854.90819,132.83440587682762,
2015,E07000044,South Hams,,330707.8322625,100.0,
2016,E07000044,South Hams,,337574.82517,102.07645306145918,
2017,E07000044,South Hams,,338131.5537775,102.24479761008726,
2018,E07000044,South Hams,,360750.975615,109.08449707615426,
2019,E07000044,South Hams,,368156.8235175,111.32389003272071,
2020,E07000044,South Hams,,388344.2756525,117.42820634022691,
2021,E07000044,South Hams,,440406.744715,133.17094478894177,
2022,E07000044,South Hams,,439986.95407,133.04400777564877,
2015,E07000045,Teignbridge,,241796.5922225,100.0,
2016,E07000045,Teignbridge,,249571.8813075,103.2156322028911,
2017,E07000045,Teignbridge,,265932.57933,109.98193849038623,
2018,E07000045,Teignbridge,,273822.889135,113.24513989966805,
2019,E07000045,Teignbridge,,276678.06455,114.42595696113129,
2020,E07000045,Teignbridge,,283576.5079325,117.2789514219267,
2021,E07000045,Teignbridge,,321905.26036,133.13060262809014,
2022,E07000045,Teignbridge,,320990.08859,132.7521143451958,
2015,E07000046,Torridge,,218030.02384,100.0,
2016,E07000046,Torridge,,222202.18273499998,101.91357081080801,
2017,E07000046,Torridge,,228513.199555,104.80813400391729,
2018,E07000046,Torridge,,237554.0445125,108.95473950267858,
2019,E07000046,Torridge,,242633.1171175,111.28426848935027,
2020,E07000046,Torridge,,256764.9827,117.76588296317638,
2021,E07000046,Torridge,,293954.6579925,134.82301786483168,
2022,E07000046,Torridge,,297375.64706,136.39206280976572,
2015,E07000047,West Devon,,245662.84970750002,100.0,
2016,E07000047,West Devon,,249599.705225,101.60254410554441,
2017,E07000047,West Devon,,256034.053555,104.22172251923662,
2018,E07000047,West Devon,,270202.37569250003,109.98910743493293,
2019,E07000047,West Devon,,282949.28087,115.17788758328551,
2020,E07000047,West Devon,,292454.7098125,119.04718607665465,
2021,E07000047,West Devon,,329279.5942725,134.03719555665774,
2022,E07000047,West Devon,,330326.38971,134.46330615447357,
2015,E07000061,Eastbourne,,219915.892955,100.0,
2016,E07000061,Eastbourne,,236651.0306525,107.60979003046607,
2017,E07000061,Eastbourne,,253163.500845,115.11832884984045,
2018,E07000061,Eastbourne,,262440.036425,119.3365485770969,
2019,E07000061,Eastbourne,,267038.224345,121.4274333504593,
2020,E07000061,Eastbourne,,277850.495795,126.34398181119852,
2021,E07000061,Eastbourne,,303575.12207,138.04146575805626,
2022,E07000061,Eastbourne,,304183.79691,138.31824195272836,
2015,E07000062,Hastings,,183743.6021425,100.0,
2016,E07000062,Hastings,,206086.4568925,112.15980011792317,
2017,E07000062,Hastings,,222580.60174,121.13651803091379,
2018,E07000062,Hastings,,236812.7529175,128.88217611726307,
2019,E07000062,Hastings,,240806.90996750002,131.0559427156246,
2020,E07000062,Hastings,,252070.9297,137.18623492779335,
2021,E07000062,Hastings,,287346.1356575,156.38429436832985,
2022,E07000062,Hastings,,295254.36123,160.68824045422775,
2015,E07000063,Lewes,,310941.4047575,100.0,
2016,E07000063,Lewes,,334116.554445,107.45322087470922,
2017,E07000063,Lewes,,354856.0700375,114.12313207829257,
2018,E07000063,Lewes,,371569.729955,119.49831198736089,
2019,E07000063,Lewes,,367820.03399,118.29239476063316,
2020,E07000063,Lewes,,375311.2108,120.70158719862391,
2021,E07000063,Lewes,,425272.966695,136.76948781609386,
2022,E07000063,Lewes,,442937.47237,142.45046352557722,
2015,E07000064,Rother,,277399.791565,100.0,
2016,E07000064,Rother,,297168.136665,107.12630135317455,
2017,E07000064,Rother,,305767.01986999996,110.22611738277135,
2018,E07000064,Rother,,317939.697725,114.61425256712951,
2019,E07000064,Rother,,323983.32354,116.7929224864196,
2020,E07000064,Rother,,349073.74149499997,125.83778074440455,
2021,E07000064,Rother,,394118.98981,142.07616652720176,
2022,E07000064,Rother,,400222.62441,144.27646904565904,
2015,E07000065,Wealden,,324583.3323775,100.0,
2016,E07000065,Wealden,,340350.6785075,104.85771897605083,
2017,E07000065,Wealden,,365019.9854175,112.45801894503043,
2018,E07000065,Wealden,,374836.8352725,115.48246563583669,
2019,E07000065,Wealden,,377814.0786025,116.39971647191393,
2020,E07000065,Wealden,,394791.0977575,121.63012033481321,
2021,E07000065,Wealden,,450271.523885,138.72293459644467,
2022,E07000065,Wealden,,445835.00445,137.35609933645043,
2015,E07000066,Basildon,,255363.82507249998,100.0,
2016,E07000066,Basildon,,288962.701875,113.157257803826,
2017,E07000066,Basildon,,315710.2561425,123.6315504174748,
2018,E07000066,Basildon,,329206.3937825,128.9166128714729,
2019,E07000066,Basildon,,338625.1304125,132.6049726567032,
2020,E07000066,Basildon,,344618.396625,134.9519245833508,
2021,E07000066,Basildon,,380473.58808250003,148.99275101885726,
2022,E07000066,Basildon,,377723.72973,147.91591159114296,
2015,E07000067,Braintree,,251694.48235,100.0,
2016,E07000067,Braintree,,274019.23107750004,108.86978074332825,
2017,E07000067,Braintree,,295455.9618125,117.38674565048525,
2018,E07000067,Braintree,,309409.3536725,122.9305270356476,
2019,E07000067,Braintree,,315785.57977250003,125.46384681304875,
2020,E07000067,Braintree,,322105.149635,127.97465666612773,
2021,E07000067,Braintree,,349610.9759475,138.9029162194107,
2022,E07000067,Braintree,,348339.22562,138.39764080946685,
2015,E07000068,Brentwood,,392928.2359175,100.0,
2016,E07000068,Brentwood,,450737.983235,114.71254596466258,
2017,E07000068,Brentwood,,490913.3212025,124.93714534314432,
2018,E07000068,Brentwood,,502939.1004175,127.99769892920042,
2019,E07000068,Brentwood,,496023.106365,126.23758259743542,
2020,E07000068,Brentwood,,524322.07229,133.43965242551005,
2021,E07000068,Brentwood,,585332.1491475,148.96668033559126,
2022,E07000068,Brentwood,,569242.99309,144.87199978408256,
2015,E07000069,Castle Point,,255437.513205,100.0,
2016,E07000069,Castle Point,,280138.8535875,109.67020860505954,
2017,E07000069,Castle Point,,311919.78680999996,122.11197286424817,
2018,E07000069,Castle Point,,320581.95845000003,125.5030846595812,
2019,E07000069,Castle Point,,321081.357675,125.69859205343808,
2020,E07000069,Castle Point,,328218.3792375,128.49263020114438,
2021,E07000069,Castle Point,,357126.37958,139.8096838240788,
2022,E07000069,Castle Point,,366102.97325,143.32388718339345,
2015,E07000070,Chelmsford,,304433.4711625,100.0,
2016,E07000070,Chelmsford,,337494.15131,110.85973891808136,
2017,E07000070,Chelmsford,,374508.00088249997,123.01801094748734,
2018,E07000070,Chelmsford,,388049.72517,127.46618290301839,
2019,E07000070,Chelmsford,,395241.06873,129.8283881929096,
2020,E07000070,Chelmsford,,405868.7252225,133.31935009401644,
2021,E07000070,Chelmsford,,430049.7375075,141.2623046557022,
2022,E07000070,Chelmsford,,426686.31644,140.15749149088936,
2015,E07000071,Colchester,,236543.74711250002,100.0,
2016,E07000071,Colchester,,253798.1466375,107.2943798919334,
2017,E07000071,Colchester,,278702.70008,117.82289892763438,
2018,E07000071,Colchester,,291785.2595925,123.35361350884797,
2019,E07000071,Colchester,,293250.9630075,123.97324663502098,
2020,E07000071,Colchester,,300888.607,127.20209714818529,
2021,E07000071,Colchester,,335716.2101125,141.92563287366613,
2022,E07000071,Colchester,,330760.29699,139.83049690706503,
2015,E07000072,Epping Forest,,437047.0431175,100.0,
2016,E07000072,Epping Forest,,485992.57227999996,111.19914433315155,
2017,E07000072,Epping Forest,,521064.32919,119.2238541355174,
2018,E07000072,Epping Forest,,536659.431705,122.79214335302555,
2019,E07000072,Epping Forest,,549935.19656,125.8297488154267,
2020,E07000072,Epping Forest,,555973.1739325,127.2112882784169,
2021,E07000072,Epping Forest,,591014.596645,135.22905736399315,
2022,E07000072,Epping Forest,,600422.98376,137.3817746202155,
2015,E07000073,Harlow,,232862.5412025,100.0,
2016,E07000073,Harlow,,264253.29842749995,113.48038077008795,
2017,E07000073,Harlow,,296203.220245,127.20088800689425,
2018,E07000073,Harlow,,300345.4954575,128.9797379632287,
2019,E07000073,Harlow,,307052.855945,131.86013274586026,
2020,E07000073,Harlow,,312544.080315,134.21827259164368,
2021,E07000073,Harlow,,331203.19590500003,142.23120395176906,
2022,E07000073,Harlow,,322847.26419,138.64285020803248,
2015,E07000074,Maldon,,291471.3971625,100.0,
2016,E07000074,Maldon,,319016.37859,109.45032057884679,
2017,E07000074,Maldon,,353805.47976,121.38600329374609,
2018,E07000074,Maldon,,367729.99187749997,126.16332012587999,
2019,E07000074,Maldon,,369776.0619475,126.86529983638286,
2020,E07000074,Maldon,,364915.126535,125.1975768763183,
2021,E07000074,Maldon,,399954.41586249997,137.2190958550622,
2022,E07000074,Maldon,,415965.04706,142.71213268590222,
2015,E07000075,Rochford,,286301.879415,100.0,
2016,E07000075,Rochford,,318811.65416750003,111.35506857968491,
2017,E07000075,Rochford,,342030.51063750003,119.46498965929608,
2018,E07000075,Rochford,,362645.8480325,126.66554923547604,
2019,E07000075,Rochford,,367198.60214,128.255742816043,
2020,E07000075,Rochford,,374826.45836,130.92001321328456,
2021,E07000075,Rochford,,409655.6445325,143.08520969877966,
2022,E07000075,Rochford,,407287.64403,142.25811051684676,
2015,E07000076,Tendring,,191559.1953425,100.0,
2016,E07000076,Tendring,,207948.5761725,108.5557786984313,
2017,E07000076,Tendring,,235514.492995,122.94606509173822,
2018,E07000076,Tendring,,247712.01507999998,129.3135600392876,
2019,E07000076,Tendring,,258750.0902775,135.0757867900131,
2020,E07000076,Tendring,,263072.86446,137.33241256815498,
2021,E07000076,Tendring,,288726.3373675,150.72434233776622,
2022,E07000076,Tendring,,282654.86075,147.5548382026896,
2015,E07000077,Uttlesford,,377902.2395975,100.0,
2016,E07000077,Uttlesford,,411629.8811025,108.92496470540185,
2017,E07000077,Uttlesford,,437563.264255,115.7874228850944,
2018,E07000077,Uttlesford,,456709.47342500003,120.85386789753795,
2019,E07000077,Uttlesford,,463027.3802175,122.52570419023341,
2020,E07000077,Uttlesford,,467829.2202375,123.79636086194681,
2021,E07000077,Uttlesford,,503527.1200425,133.24269276064672,
2022,E07000077,Uttlesford,,507110.99177,134.19105224412507,
2015,E07000078,Cheltenham,,272161.08085,100.0,
2016,E07000078,Cheltenham,,282650.78235,103.85422539741505,
2017,E07000078,Cheltenham,,311524.894485,114.46342493646074,
2018,E07000078,Cheltenham,,325749.23568,119.6898669944417,
2019,E07000078,Cheltenham,,333624.64873749996,122.58352579124832,
2020,E07000078,Cheltenham,,343643.16556500003,126.26462405710276,
2021,E07000078,Cheltenham,,381636.432575,140.2244697820467,
2022,E07000078,Cheltenham,,377696.21017,138.7767159765819,
2015,E07000079,Cotswold,,371442.8066275,100.0,
2016,E07000079,Cotswold,,385754.44607249997,103.85298602897764,
2017,E07000079,Cotswold,,411844.422395,110.87694122665206,
2018,E07000079,Cotswold,,421534.550885,113.48572199103974,
2019,E07000079,Cotswold,,420630.19091999996,113.24224979320365,
2020,E07000079,Cotswold,,451778.0309425,121.62788533836486,
2021,E07000079,Cotswold,,506097.7989775,136.25187779852155,
2022,E07000079,Cotswold,,502135.78134,135.18522162244076,
2015,E07000080,Forest of Dean,,208270.4997625,100.0,
2016,E07000080,Forest of Dean,,217434.92715,104.40025226710006,
2017,E07000080,Forest of Dean,,230631.2452525,110.73639594445635,
2018,E07000080,Forest of Dean,,243460.0063025,116.89605900985889,
2019,E07000080,Forest of Dean,,254971.90143,122.42343573418015,
2020,E07000080,Forest of Dean,,269013.57108749996,129.16547057517408,
2021,E07000080,Forest of Dean,,311038.6288775,149.3435840564031,
2022,E07000080,Forest of Dean,,303119.93953,145.54146644659755,
2015,E07000081,Gloucester,,172579.732515,100.0,
2016,E07000081,Gloucester,,183302.663835,106.2133201643872,
2017,E07000081,Gloucester,,193351.6087475,112.03610408348186,
2018,E07000081,Gloucester,,203481.2829275,117.90566595635102,
2019,E07000081,Gloucester,,212947.8803975,123.39101312432,
2020,E07000081,Gloucester,,222817.7287275,129.11002090476268,
2021,E07000081,Gloucester,,237744.28200250003,137.7590975127025,
2022,E07000081,Gloucester,,237903.76122,137.85150651993405,
2015,E07000082,Stroud,,259488.7000475,100.0,
2016,E07000082,Stroud,,272516.942435,105.02073592611745,
2017,E07000082,Stroud,,295530.06969499995,113.88937924499314,
2018,E07000082,Stroud,,314583.619915,121.2321075474249,
2019,E07000082,Stroud,,311794.434835,120.15723026780178,
2020,E07000082,Stroud,,327076.2331675,126.04642634057974,
2021,E07000082,Stroud,,371601.49217,143.20526947877786,
2022,E07000082,Stroud,,374794.59019,144.43580399508457,
2015,E07000083,Tewkesbury,,250280.39474,100.0,
2016,E07000083,Tewkesbury,,268214.59208750003,107.16564210557951,
2017,E07000083,Tewkesbury,,279845.147135,111.81265213590257,
2018,E07000083,Tewkesbury,,296199.34055,118.34700071402007,
2019,E07000083,Tewkesbury,,306654.1243325,122.5242291355114,
2020,E07000083,Tewkesbury,,318447.696235,127.23637285525882,
2021,E07000083,Tewkesbury,,345204.7971425,137.92722258613617,
2022,E07000083,Tewkesbury,,334532.89088,133.66324247151857,
2015,E07000084,Basingstoke and Deane,,286632.0129,100.0,
2016,E07000084,Basingstoke and Deane,,310260.6569925,108.24354678789616,
2017,E07000084,Basingstoke and Deane,,336803.35317250004,117.50374627205504,
2018,E07000084,Basingstoke and Deane,,350550.97999749996,122.3000098456553,
2019,E07000084,Basingstoke and Deane,,348595.35623000003,121.61773303096393,
2020,E07000084,Basingstoke and Deane,,353896.035045,123.46703058896185,
2021,E07000084,Basingstoke and Deane,,389989.8979225,136.0594352238525,
2022,E07000084,Basingstoke and Deane,,385918.63156,134.63905432455624,
2015,E07000085,East Hampshire,,360374.1625325,100.0,
2016,E07000085,East Hampshire,,390597.33377,108.38660880267031,
2017,E07000085,East Hampshire,,418854.520255,116.22767773125966,
2018,E07000085,East Hampshire,,422846.26437,117.33534429840431,
2019,E07000085,East Hampshire,,427401.2235475,118.59929705947086,
2020,E07000085,East Hampshire,,435624.163855,120.88107560033903,
2021,E07000085,East Hampshire,,496487.8156025,137.77009209358198,
2022,E07000085,East Hampshire,,480507.76445,133.33579773679415,
2015,E07000086,Eastleigh,,257583.34649250002,100.0,
2016,E07000086,Eastleigh,,284168.8993625,110.32114584735938,
2017,E07000086,Eastleigh,,306825.0077225,119.11678759536332,
2018,E07000086,Eastleigh,,319622.9094525,124.08523835286314,
2019,E07000086,Eastleigh,,323421.1750775,125.55981567966661,
2020,E07000086,Eastleigh,,328864.005175,127.67285216731798,
2021,E07000086,Eastleigh,,352163.7674125,136.7183757055326,
2022,E07000086,Eastleigh,,351598.6858,136.49899754300978,
2015,E07000087,Fareham,,268666.2746525,100.0,
2016,E07000087,Fareham,,284771.57535,105.99453754228404,
2017,E07000087,Fareham,,309834.24098,115.32308674795439,
2018,E07000087,Fareham,,318346.1634075,118.49130071098699,
2019,E07000087,Fareham,,320968.321965,119.467291672596,
2020,E07000087,Fareham,,331356.3822975,123.33382101124715,
2021,E07000087,Fareham,,361987.765425,134.73509687555853,
2022,E07000087,Fareham,,365092.11627,135.89056413657417,
2015,E07000088,Gosport,,188091.97272999998,100.0,
2016,E07000088,Gosport,,198292.98545500002,105.42341737233161,
2017,E07000088,Gosport,,216168.91778999998,114.92724258908356,
2018,E07000088,Gosport,,228754.9868575,121.6186866123577,
2019,E07000088,Gosport,,232157.41115,123.42760181650843,
2020,E07000088,Gosport,,239417.824085,127.287635197849,
2021,E07000088,Gosport,,256896.00805,136.5799955848015,
2022,E07000088,Gosport,,250107.57936,132.97089489247978,
2015,E07000089,Hart,,404357.1061125,100.0,
2016,E07000089,Hart,,424987.6019325,105.10204853782395,
2017,E07000089,Hart,,453820.7857825,112.23267228948815,
2018,E07000089,Hart,,446728.238355,110.47864167637789,
2019,E07000089,Hart,,443249.509025,109.6183305114661,
2020,E07000089,Hart,,472401.8723025,116.8278892991851,
2021,E07000089,Hart,,497485.146105,123.03113722616017,
2022,E07000089,Hart,,496455.96237,122.77661375682027,
2015,E07000090,Havant,,245302.5202225,100.0,
2016,E07000090,Havant,,263393.8139975,107.37509494749193,
2017,E07000090,Havant,,281876.4517475,114.90972513932016,
2018,E07000090,Havant,,287042.3932625,117.01567232254284,
2019,E07000090,Havant,,289354.4035975,117.95818621636786,
2020,E07000090,Havant,,302544.0087325,123.33505928030397,
2021,E07000090,Havant,,341191.7857825,139.09020807165956,
2022,E07000090,Havant,,344750.22138,140.54083955896445,
2015,E07000091,New Forest,,327973.1165875,100.0,
2016,E07000091,New Forest,,348343.4453075,106.21097513477615,
2017,E07000091,New Forest,,365877.198255,111.55706969579855,
2018,E07000091,New Forest,,389725.5879675,118.8285161974625,
2019,E07000091,New Forest,,385303.3740875,117.48016974577394,
2020,E07000091,New Forest,,412635.1931775,125.8137244512274,
2021,E07000091,New Forest,,451371.35962,137.62449932373607,
2022,E07000091,New Forest,,454630.1077,138.61810151708247,
2015,E07000092,Rushmoor,,252710.2178475,100.0,
2016,E07000092,Rushmoor,,278544.074865,110.2227196183613,
2017,E07000092,Rushmoor,,304925.5079175,120.66212063554538,
2018,E07000092,Rushmoor,,305177.94967,120.76201440108056,
2019,E07000092,Rushmoor,,306915.5836775,121.44961382713488,
2020,E07000092,Rushmoor,,319739.3898975,126.52412420080668,
2021,E07000092,Rushmoor,,338266.7978975,133.85560773076054,
2022,E07000092,Rushmoor,,337096.67378,133.39257773242224,
2015,E07000093,Test Valley,,308322.7650125,100.0,
2016,E07000093,Test Valley,,321730.21432,104.3485109855435,
2017,E07000093,Test Valley,,340198.2479075,110.338348805904,
2018,E07000093,Test Valley,,359977.36627500004,116.75341788674147,
2019,E07000093,Test Valley,,354042.935795,114.82867175916978,
2020,E07000093,Test Valley,,372518.613775,120.82098892694393,
2021,E07000093,Test Valley,,404097.086945,131.0630069526709,
2022,E07000093,Test Valley,,417062.52637,135.268158467991,
2015,E07000094,Winchester,,423191.71384750004,100.0,
2016,E07000094,Winchester,,439096.41718999995,103.75827380878995,
2017,E07000094,Winchester,,481745.7381975,113.83628800707102,
2018,E07000094,Winchester,,498717.58351,117.84672695404339,
2019,E07000094,Winchester,,497431.54811750003,117.54283740459834,
2020,E07000094,Winchester,,520150.692225,122.91136031374181,
2021,E07000094,Winchester,,567747.49788,134.15846277287739,
2022,E07000094,Winchester,,555851.64556,131.34747854734812,
2015,E07000095,Broxbourne,,300202.7605,100.0,
2016,E07000095,Broxbourne,,344921.7567375,114.89626416593197,
2017,E07000095,Broxbourne,,363826.432325,121.19356654783327,
2018,E07000095,Broxbourne,,383865.89878249995,127.8688770693366,
2019,E07000095,Broxbourne,,387557.3418125,129.09852699788883,
2020,E07000095,Broxbourne,,401900.07017,133.8762073675202,
2021,E07000095,Broxbourne,,427832.791165,142.51460927688572,
2022,E07000095,Broxbourne,,421778.5942,140.4979066473308,
2015,E07000096,Dacorum,,381608.06148000003,100.0,
2016,E07000096,Dacorum,,414561.924315,108.63552586053717,
2017,E07000096,Dacorum,,443946.4571275,116.33571245998615,
2018,E07000096,Dacorum,,454214.0326225,119.02632005752456,
2019,E07000096,Dacorum,,449472.76766,117.78387645082722,
2020,E07000096,Dacorum,,471898.5021725,123.66051711337659,
2021,E07000096,Dacorum,,506694.45634,132.77876111287438,
2022,E07000096,Dacorum,,506083.11316,132.618559261365,
2015,E07000098,Hertsmere,,470350.59198250005,100.0,
2016,E07000098,Hertsmere,,511081.5082775,108.65969278859022,
2017,E07000098,Hertsmere,,544546.5190125,115.77460054153828,
2018,E07000098,Hertsmere,,544102.3203625,115.68016063701351,
2019,E07000098,Hertsmere,,534841.0160150001,113.71113912298414,
2020,E07000098,Hertsmere,,551449.2774875,117.24217783232159,
2021,E07000098,Hertsmere,,634058.78091,134.80556668111748,
2022,E07000098,Hertsmere,,629536.57998,133.84411345727034,
2015,E07000099,North Hertfordshire,,318423.9760975,100.0,
2016,E07000099,North Hertfordshire,,357707.94137250003,112.33699979393872,
2017,E07000099,North Hertfordshire,,389455.1039925,122.30709155935249,
2018,E07000099,North Hertfordshire,,400239.471615,125.69388666023329,
2019,E07000099,North Hertfordshire,,400750.036015,125.85422772696366,
2020,E07000099,North Hertfordshire,,425202.4946425,133.53344175072573,
2021,E07000099,North Hertfordshire,,447672.8751525,140.5901906756621,
2022,E07000099,North Hertfordshire,,439770.25187,138.1083978850086,
2015,E07000102,Three Rivers,,486594.57938250003,100.0,
2016,E07000102,Three Rivers,,529999.1178,108.92006205095448,
2017,E07000102,Three Rivers,,557870.2228625,114.64784987338956,
2018,E07000102,Three Rivers,,570246.4242975,117.19128170748556,
2019,E07000102,Three Rivers,,560294.4685525,115.14605634602977,
2020,E07000102,Three Rivers,,564619.7278025,116.03493991219874,
2021,E07000102,Three Rivers,,611780.447645,125.72693440633141,
2022,E07000102,Three Rivers,,636553.36116,130.8180132149851,
2015,E07000103,Watford,,315625.6732425,100.0,
2016,E07000103,Watford,,367261.5796175,116.35985623239445,
2017,E07000103,Watford,,397967.270155,126.08837109687072,
2018,E07000103,Watford,,408658.8865375,129.47580668557376,
2019,E07000103,Watford,,406655.57933750004,128.84109684735955,
2020,E07000103,Watford,,409608.3843025,129.77663701893846,
2021,E07000103,Watford,,435823.5051375,138.08240016098125,
2022,E07000103,Watford,,441760.03283,139.9632762099771,
2015,E07000105,Ashford,,271130.33505,100.0,
2016,E07000105,Ashford,,282455.646755,104.1770728837522,
2017,E07000105,Ashford,,302576.05539500003,111.59800888351393,
2018,E07000105,Ashford,,319671.1289125,117.90312170475075,
2019,E07000105,Ashford,,327294.90917,120.71497241710063,
2020,E07000105,Ashford,,344440.1239375,127.03857865036781,
2021,E07000105,Ashford,,369795.78026,136.39041171538582,
2022,E07000105,Ashford,,366416.18105,135.14392662201672,
2015,E07000106,Canterbury,,264341.34982,100.0,
2016,E07000106,Canterbury,,291484.9497325,110.26838969044499,
2017,E07000106,Canterbury,,313698.7805075,118.67185391960406,
2018,E07000106,Canterbury,,328424.2854675,124.24249391596753,
2019,E07000106,Canterbury,,341272.437235,129.10293356199676,
2020,E07000106,Canterbury,,350211.574095,132.48459778747147,
2021,E07000106,Canterbury,,379133.2106225,143.42561649195864,
2022,E07000106,Canterbury,,379320.09043,143.49631288797357,
2015,E07000107,Dartford,,259145.9084725,100.0,
2016,E07000107,Dartford,,288090.40044,111.16918732698089,
2017,E07000107,Dartford,,316866.395215,122.27335445221786,
2018,E07000107,Dartford,,325932.68489000003,125.77188148991642,
2019,E07000107,Dartford,,330140.65654,127.39566620440539,
2020,E07000107,Dartford,,338199.68439,130.50550802961607,
2021,E07000107,Dartford,,358283.98974750005,138.25569998745334,
2022,E07000107,Dartford,,357468.48748,137.9410115278489,
2015,E07000108,Dover,,221124.0348975,100.0,
2016,E07000108,Dover,,237560.4567025,107.43312313951712,
2017,E07000108,Dover,,251209.6405625,113.60576007892851,
2018,E07000108,Dover,,270500.2785425,122.32965930993791,
2019,E07000108,Dover,,276293.06214,124.94935806868443,
2020,E07000108,Dover,,284539.922055,128.67887572099335,
2021,E07000108,Dover,,322395.50265000004,145.79848943125674,
2022,E07000108,Dover,,323549.41622,146.3203293888782,
2015,E07000109,Gravesham,,247744.6371975,100.0,
2016,E07000109,Gravesham,,278661.6967275,112.47940616585504,
2017,E07000109,Gravesham,,303665.8558725,122.57212075610744,
2018,E07000109,Gravesham,,315856.759425,127.49287451707846,
2019,E07000109,Gravesham,,320222.9303675,129.25524200639745,
2020,E07000109,Gravesham,,329783.02736,133.11409324154195,
2021,E07000109,Gravesham,,359554.1438475,145.13094931732724,
2022,E07000109,Gravesham,,368375.63763,148.6916696954913,
2015,E07000110,Maidstone,,268826.01894750004,100.0,
2016,E07000110,Maidstone,,291250.5488,108.34165157833154,
2017,E07000110,Maidstone,,316452.7911,117.71657830554012,
2018,E07000110,Maidstone,,336773.0303,125.2754594285643,
2019,E07000110,Maidstone,,341071.11601500004,126.87429488795465,
2020,E07000110,Maidstone,,348282.0070175,129.55665838488542,
2021,E07000110,Maidstone,,377654.720645,140.48294957593131,
2022,E07000110,Maidstone,,378913.90134,140.95134943541288,
2015,E07000111,Sevenoaks,,447522.06431499997,100.0,
2016,E07000111,Sevenoaks,,471977.9272575,105.46472786317997,
2017,E07000111,Sevenoaks,,487549.51452,108.94424060772694,
2018,E07000111,Sevenoaks,,517268.4182025,115.58500897475466,
2019,E07000111,Sevenoaks,,511936.68946250004,114.39361995393375,
2020,E07000111,Sevenoaks,,538944.0917925,120.42849610497646,
2021,E07000111,Sevenoaks,,570316.61902,127.4387710677362,
2022,E07000111,Sevenoaks,,610075.95067,136.32309986856478,
2015,E07000112,Folkestone and Hythe,,229534.8760175,100.0,
2016,E07000112,Folkestone and Hythe,,246274.2636675,107.29274258467099,
2017,E07000112,Folkestone and Hythe,,268919.0303925,117.15824412321432,
2018,E07000112,Folkestone and Hythe,,279015.9815875,121.55711865164555,
2019,E07000112,Folkestone and Hythe,,285043.55756,124.18311435089626,
2020,E07000112,Folkestone and Hythe,,301674.7967675,131.4287405912555,
2021,E07000112,Folkestone and Hythe,,335021.564695,145.9567149479531,
2022,E07000112,Folkestone and Hythe,,342084.38402,149.03372853627658,
2015,E07000113,Swale,,209626.3059075,100.0,
2016,E07000113,Swale,,233048.360885,111.17324224939367,
2017,E07000113,Swale,,254088.804515,121.21036213227913,
2018,E07000113,Swale,,270197.55004999996,128.89486788419947,
2019,E07000113,Swale,,277251.07544499997,132.25967716443955,
2020,E07000113,Swale,,281821.9980125,134.44018716661313,
2021,E07000113,Swale,,313516.7084925,149.5598117494103,
2022,E07000113,Swale,,309543.9256,147.66463791838694,
2015,E07000114,Thanet,,197901.1578975,100.0,
2016,E07000114,Thanet,,219653.106725,110.99131963581846,
2017,E07000114,Thanet,,235469.17195,118.98322094303147,
2018,E07000114,Thanet,,250867.1449525,126.76385909901194,
2019,E07000114,Thanet,,262126.155095,132.45306792533492,
2020,E07000114,Thanet,,275178.4639875,139.04843554782263,
2021,E07000114,Thanet,,315577.19725,159.46202670196027,
2022,E07000114,Thanet,,318519.44525,160.94875271774433,
2015,E07000115,Tonbridge and Malling,,340352.84543750004,100.0,
2016,E07000115,Tonbridge and Malling,,361816.763765,106.30637252346445,
2017,E07000115,Tonbridge and Malling,,382286.4444525,112.32062536779948,
2018,E07000115,Tonbridge and Malling,,390906.19171499996,114.85321687630292,
2019,E07000115,Tonbridge and Malling,,392165.807125,115.22330792354563,
2020,E07000115,Tonbridge and Malling,,402885.71582,118.37295360410995,
2021,E07000115,Tonbridge and Malling,,435545.62071,127.96884954792614,
2022,E07000115,Tonbridge and Malling,,435482.26165,127.9502338492918,
2015,E07000116,Tunbridge Wells,,382586.8516475,100.0,
2016,E07000116,Tunbridge Wells,,423644.36329999997,110.73155323443491,
2017,E07000116,Tunbridge Wells,,449964.4379975,117.61105643329294,
2018,E07000116,Tunbridge Wells,,464504.38656250003,121.41148723806,
2019,E07000116,Tunbridge Wells,,469416.66764,122.69545218780844,
2020,E07000116,Tunbridge Wells,,484289.49885750003,126.58289138062295,
2021,E07000116,Tunbridge Wells,,526069.5252825,137.50329448519548,
2022,E07000116,Tunbridge Wells,,519316.71042,135.73825346681733,
2015,E07000117,Burnley,,95426.410248,100.0,
2016,E07000117,Burnley,,98050.0721335,102.74940855333598,
2017,E07000117,Burnley,,100481.01939125,105.29686606686113,
2018,E07000117,Burnley,,105848.9394725,110.92205941459319,
2019,E07000117,Burnley,,108175.5560975,113.36018594471567,
2020,E07000117,Burnley,,117273.611685,122.89429245029982,
2021,E07000117,Burnley,,131007.726825,137.28665521895783,
2022,E07000117,Burnley,,134089.95272,140.51660580285775,
2015,E07000118,Chorley,,185188.5731275,100.0,
2016,E07000118,Chorley,,192564.9284875,103.98315902294979,
2017,E07000118,Chorley,,196470.1733625,106.09195267530505,
2018,E07000118,Chorley,,195322.93388250002,105.47245468975164,
2019,E07000118,Chorley,,200841.711125,108.45253988037533,
2020,E07000118,Chorley,,207028.942895,111.79358391214728,
2021,E07000118,Chorley,,225751.92690249998,121.90381031073262,
2022,E07000118,Chorley,,223876.73452,120.89122494931893,
2015,E07000119,Fylde,,204024.8816775,100.0,
2016,E07000119,Fylde,,212669.728865,104.23715338855818,
2017,E07000119,Fylde,,222529.84308999998,109.06995326273517,
2018,E07000119,Fylde,,225527.7766475,110.53934931524157,
2019,E07000119,Fylde,,226595.6019875,111.06272927322527,
2020,E07000119,Fylde,,235709.615035,115.52983787907974,
2021,E07000119,Fylde,,258019.0834075,126.4645180950763,
2022,E07000119,Fylde,,250504.81103,122.78150045736595,
2015,E07000120,Hyndburn,,103739.3940625,100.0,
2016,E07000120,Hyndburn,,108046.80134,104.15214231433137,
2017,E07000120,Hyndburn,,112094.44189,108.05388146229804,
2018,E07000120,Hyndburn,,114267.4301175,110.14854207520932,
2019,E07000120,Hyndburn,,116644.7205675,112.44014062509842,
2020,E07000120,Hyndburn,,122667.7799075,118.24609254377964,
2021,E07000120,Hyndburn,,130992.78409,126.27101331542443,
2022,E07000120,Hyndburn,,137196.62099,132.25122647944423,
2015,E07000121,Lancaster,,165923.02215,100.0,
2016,E07000121,Lancaster,,173811.306375,104.75418306801856,
2017,E07000121,Lancaster,,176815.8652025,106.56499797999852,
2018,E07000121,Lancaster,,177286.7548275,106.84879803311851,
2019,E07000121,Lancaster,,181111.377845,109.15385670908839,
2020,E07000121,Lancaster,,191006.9809875,115.11782904654619,
2021,E07000121,Lancaster,,212433.43057,128.03131706337473,
2022,E07000121,Lancaster,,206354.95403,124.36788539413666,
2015,E07000122,Pendle,,115664.5224725,100.0,
2016,E07000122,Pendle,,118448.97120500001,102.40734900640085,
2017,E07000122,Pendle,,126792.68437,109.62106760104058,
2018,E07000122,Pendle,,131027.73046250001,113.28255861139505,
2019,E07000122,Pendle,,130537.30966500001,112.85855582556536,
2020,E07000122,Pendle,,138954.81863,120.13607600639808,
2021,E07000122,Pendle,,163050.11344749999,140.96812917397918,
2022,E07000122,Pendle,,157665.30191,136.31258621024952,
2015,E07000123,Preston,,146212.1984375,100.0,
2016,E07000123,Preston,,154312.7402725,105.54026402828671,
2017,E07000123,Preston,,161536.596215,110.48092973176283,
2018,E07000123,Preston,,167800.934105,114.76534509309656,
2019,E07000123,Preston,,172744.58617,118.14649394239261,
2020,E07000123,Preston,,176624.3246,120.79999239974495,
2021,E07000123,Preston,,191086.036225,130.69089875334979,
2022,E07000123,Preston,,182906.7783,125.09679784220296,
2015,E07000124,Ribble Valley,,231727.923935,100.0,
2016,E07000124,Ribble Valley,,237070.283935,102.30544507078851,
2017,E07000124,Ribble Valley,,245097.768405,105.76963028148056,
2018,E07000124,Ribble Valley,,248820.794845,107.3762672274208,
2019,E07000124,Ribble Valley,,258899.3132025,111.72555676765205,
2020,E07000124,Ribble Valley,,269734.8360525,116.40152445682853,
2021,E07000124,Ribble Valley,,288234.248975,124.38477162374704,
2022,E07000124,Ribble Valley,,290094.22947,125.18742866369952,
2015,E07000125,Rossendale,,139729.7989025,100.0,
2016,E07000125,Rossendale,,144172.6667225,103.17961369364032,
2017,E07000125,Rossendale,,152540.95651750002,109.16852218755379,
2018,E07000125,Rossendale,,156867.4600525,112.26485780743035,
2019,E07000125,Rossendale,,164440.6316475,117.68472647859645,
2020,E07000125,Rossendale,,168395.5820775,120.51515381840797,
2021,E07000125,Rossendale,,198071.9009,141.75351460872685,
2022,E07000125,Rossendale,,196710.12861,140.77893917764777,
2015,E07000126,South Ribble,,170472.5195725,100.0,
2016,E07000126,South Ribble,,169658.2375125,99.52233822668781,
2017,E07000126,South Ribble,,172570.69845,101.23080182234749,
2018,E07000126,South Ribble,,181685.1434375,106.57737909495226,
2019,E07000126,South Ribble,,184424.150795,108.18409398622546,
2020,E07000126,South Ribble,,193012.62359,113.22213344064171,
2021,E07000126,South Ribble,,208278.8526625,122.17737684924718,
2022,E07000126,South Ribble,,206647.79191,121.22058876598881,
2015,E07000127,West Lancashire,,196035.17793499999,100.0,
2016,E07000127,West Lancashire,,209844.6608225,107.04439021249486,
2017,E07000127,West Lancashire,,213297.7781575,108.80586862232646,
2018,E07000127,West Lancashire,,219673.747115,112.0583302593976,
2019,E07000127,West Lancashire,,221283.886505,112.87968253247476,
2020,E07000127,West Lancashire,,222173.56065250002,113.33351646007475,
2021,E07000127,West Lancashire,,247643.483375,126.32604310289246,
2022,E07000127,West Lancashire,,237101.27671,120.9483314207088,
2015,E07000128,Wyre,,161236.5116725,100.0,
2016,E07000128,Wyre,,165361.65231499998,102.55844076488015,
2017,E07000128,Wyre,,174306.4347725,108.10605672649838,
2018,E07000128,Wyre,,180106.4151975,111.70324471130219,
2019,E07000128,Wyre,,182087.25204,112.93177342477587,
2020,E07000128,Wyre,,191797.9310125,118.95440370359516,
2021,E07000128,Wyre,,207808.41682749998,128.88421776923317,
2022,E07000128,Wyre,,203884.83535,126.4507853929055,
2015,E07000129,Blaby,,201911.360995,100.0,
2016,E07000129,Blaby,,217570.9678425,107.75568386559871,
2017,E07000129,Blaby,,229600.3718775,113.71344868661733,
2018,E07000129,Blaby,,241014.5704625,119.36652265370462,
2019,E07000129,Blaby,,244747.905045,121.21551944323765,
2020,E07000129,Blaby,,252312.6384425,124.9620809840156,
2021,E07000129,Blaby,,274102.23324750003,135.75374456234175,
2022,E07000129,Blaby,,281327.90083,139.33237805126112,
2015,E07000130,Charnwood,,207364.2540575,100.0,
2016,E07000130,Charnwood,,221540.5449525,106.83641978673386,
2017,E07000130,Charnwood,,231481.6479025,111.63044901572694,
2018,E07000130,Charnwood,,236721.5271725,114.15734512605992,
2019,E07000130,Charnwood,,249268.422785,120.20800012902919,
2020,E07000130,Charnwood,,256087.2943325,123.49635451705655,
2021,E07000130,Charnwood,,278905.7372375,134.5003932838696,
2022,E07000130,Charnwood,,271597.29303,130.97594581305648,
2015,E07000131,Harborough,,261893.9016375,100.0,
2016,E07000131,Harborough,,272910.0896175,104.2063552878173,
2017,E07000131,Harborough,,290073.4116225,110.75989544193534,
2018,E07000131,Harborough,,305180.34739,116.52823738233312,
2019,E07000131,Harborough,,328988.85799499997,125.61913658087744,
2020,E07000131,Harborough,,330531.2812675,126.20808625204427,
2021,E07000131,Harborough,,358279.80441,136.80341625744015,
2022,E07000131,Harborough,,352477.5434,134.58791563916643,
2015,E07000132,Hinckley and Bosworth,,194668.6553025,100.0,
2016,E07000132,Hinckley and Bosworth,,199966.99601,102.72172255942631,
2017,E07000132,Hinckley and Bosworth,,214530.59626999998,110.20294763768521,
2018,E07000132,Hinckley and Bosworth,,232253.32810500002,119.30699770032128,
2019,E07000132,Hinckley and Bosworth,,233730.9237625,120.06602881152091,
2020,E07000132,Hinckley and Bosworth,,237806.871755,122.15981632249246,
2021,E07000132,Hinckley and Bosworth,,263617.787345,135.41871285613928,
2022,E07000132,Hinckley and Bosworth,,265455.48035,136.36272359178872,
2015,E07000133,Melton,,216620.3402075,100.0,
2016,E07000133,Melton,,226988.67587500002,104.7864090960102,
2017,E07000133,Melton,,235592.7654575,108.75837662881813,
2018,E07000133,Melton,,247140.86396,114.08940809679481,
2019,E07000133,Melton,,259656.04670250003,119.86688159282562,
2020,E07000133,Melton,,266800.3542825,123.16495949869375,
2021,E07000133,Melton,,307152.24326,141.7928911780767,
2022,E07000133,Melton,,305656.63194,141.10246140653845,
2015,E07000134,North West Leicestershire,,198370.74242249998,100.0,
2016,E07000134,North West Leicestershire,,206733.7674375,104.21585608485955,
2017,E07000134,North West Leicestershire,,215188.495705,108.47794038431368,
2018,E07000134,North West Leicestershire,,232998.46737,117.45606460137562,
2019,E07000134,North West Leicestershire,,236714.1435475,119.32916147651164,
2020,E07000134,North West Leicestershire,,250352.26992,126.20423095800446,
2021,E07000134,North West Leicestershire,,269240.2235,135.72577297037012,
2022,E07000134,North West Leicestershire,,268159.42232,135.18093396497989,
2015,E07000135,Oadby and Wigston,,186975.3989625,100.0,
2016,E07000135,Oadby and Wigston,,198186.10006,105.99581611255093,
2017,E07000135,Oadby and Wigston,,212693.76481999998,113.75494637273542,
2018,E07000135,Oadby and Wigston,,220456.612095,117.90674779585042,
2019,E07000135,Oadby and Wigston,,238391.960585,127.49910518057625,
2020,E07000135,Oadby and Wigston,,262022.5364375,140.1374394125783,
2021,E07000135,Oadby and Wigston,,276888.6375725,148.08827209831657,
2022,E07000135,Oadby and Wigston,,270791.43694,144.82730800018788,
2015,E07000136,Boston,,148471.41473249998,100.0,
2016,E07000136,Boston,,153827.39806500002,103.60741718676951,
2017,E07000136,Boston,,161138.1059475,108.53140063211598,
2018,E07000136,Boston,,168323.52041,113.37099515975343,
2019,E07000136,Boston,,179706.2091225,121.03758117094496,
2020,E07000136,Boston,,183713.42357749998,123.73656161928228,
2021,E07000136,Boston,,202444.66868,136.35262319332196,
2022,E07000136,Boston,,202570.12989,136.43712512268397,
2015,E07000137,East Lindsey,,162545.42077250002,100.0,
2016,E07000137,East Lindsey,,165968.94142,102.10619322970136,
2017,E07000137,East Lindsey,,175845.329965,108.18227245608763,
2018,E07000137,East Lindsey,,185013.6316975,113.82272771402566,
2019,E07000137,East Lindsey,,192556.061265,118.46292583935856,
2020,E07000137,East Lindsey,,200189.0272925,123.15882314069388,
2021,E07000137,East Lindsey,,223173.27061,137.29902051338328,
2022,E07000137,East Lindsey,,225739.86714,138.87802318094674,
2015,E07000138,Lincoln,,143543.1218925,100.0,
2016,E07000138,Lincoln,,152219.03018,106.04411285829316,
2017,E07000138,Lincoln,,159064.07205750002,110.8127439060603,
2018,E07000138,Lincoln,,163861.7435325,114.15506460505762,
2019,E07000138,Lincoln,,172582.3420325,120.23031111288465,
2020,E07000138,Lincoln,,177385.163935,123.57621988174705,
2021,E07000138,Lincoln,,196308.5888925,136.75931406836494,
2022,E07000138,Lincoln,,199375.59113,138.89595579460305,
2015,E07000139,North Kesteven,,182105.8492575,100.0,
2016,E07000139,North Kesteven,,194188.74988750002,106.63509748822766,
2017,E07000139,North Kesteven,,203106.47965,111.53210096113104,
2018,E07000139,North Kesteven,,209959.37661500002,115.29524036216694,
2019,E07000139,North Kesteven,,219562.9885625,120.5688831290834,
2020,E07000139,North Kesteven,,229472.737045,126.0106350128944,
2021,E07000139,North Kesteven,,256699.7666575,140.9618459286957,
2022,E07000139,North Kesteven,,254136.33174,139.55418388601456,
2015,E07000140,South Holland,,164976.4430075,100.0,
2016,E07000140,South Holland,,175534.08461000002,106.39948432032813,
2017,E07000140,South Holland,,186848.7301075,113.25782439072569,
2018,E07000140,South Holland,,196477.0043025,119.093975309898,
2019,E07000140,South Holland,,202071.0925075,122.48481590690716,
2020,E07000140,South Holland,,209207.9586125,126.81080692410684,
2021,E07000140,South Holland,,233037.4745675,141.25499999833667,
2022,E07000140,South Holland,,241542.16078,146.41009126922398,
2015,E07000141,South Kesteven,,200516.0896525,100.0,
2016,E07000141,South Kesteven,,217715.73456749998,108.57768817694753,
2017,E07000141,South Kesteven,,230778.49693750002,115.09225884937496,
2018,E07000141,South Kesteven,,241872.09292249999,120.62478045610759,
2019,E07000141,South Kesteven,,247739.25782250002,123.55081243197945,
2020,E07000141,South Kesteven,,254681.063135,127.0127816557611,
2021,E07000141,South Kesteven,,276632.79763,137.9603991427383,
2022,E07000141,South Kesteven,,276171.33644,137.73026240368674,
2015,E07000142,West Lindsey,,170676.3945,100.0,
2016,E07000142,West Lindsey,,175442.0273525,102.79220384661923,
2017,E07000142,West Lindsey,,185255.891735,108.54218726480072,
2018,E07000142,West Lindsey,,193852.7805125,113.57913968149826,
2019,E07000142,West Lindsey,,199165.01415,116.69159917131951,
2020,E07000142,West Lindsey,,211435.10381,123.8806950600307,
2021,E07000142,West Lindsey,,237517.99573249999,139.16276848260935,
2022,E07000142,West Lindsey,,238830.84268,139.93197089712368,
2015,E07000143,Breckland,,202405.512765,100.0,
2016,E07000143,Breckland,,217173.565245,107.29626988823485,
2017,E07000143,Breckland,,233920.0284975,115.56998883182075,
2018,E07000143,Breckland,,244307.57679750002,120.70203694557955,
2019,E07000143,Breckland,,244388.4407525,120.74198840435916,
2020,E07000143,Breckland,,254959.1198925,125.96451371782378,
2021,E07000143,Breckland,,287421.8325225,142.00296651811405,
2022,E07000143,Breckland,,286517.00363,141.5559288459976,
2015,E07000144,Broadland,,229108.96595,100.0,
2016,E07000144,Broadland,,243662.558845,106.35225812078262,
2017,E07000144,Broadland,,261828.05607249998,114.28101688942216,
2018,E07000144,Broadland,,271250.54726,118.39368491549862,
2019,E07000144,Broadland,,278270.98048,121.45791821203933,
2020,E07000144,Broadland,,281539.4014325,122.88449745521623,
2021,E07000144,Broadland,,308988.39372500003,134.8652561211562,
2022,E07000144,Broadland,,314847.78406,137.42272492675443,
2015,E07000145,Great Yarmouth,,159671.74453999999,100.0,
2016,E07000145,Great Yarmouth,,166515.86015,104.28636615057805,
2017,E07000145,Great Yarmouth,,180158.19359,112.83035336591307,
2018,E07000145,Great Yarmouth,,186186.941245,116.60606689141395,
2019,E07000145,Great Yarmouth,,194135.5150025,121.58413848473133,
2020,E07000145,Great Yarmouth,,199437.82592,124.90489566238693,
2021,E07000145,Great Yarmouth,,223720.10338749998,140.11251898826407,
2022,E07000145,Great Yarmouth,,226228.97459,141.68378709817787,
2015,E07000146,King's Lynn and West Norfolk,,203483.6262,100.0,
2016,E07000146,King's Lynn and West Norfolk,,217111.5759125,106.6973200581286,
2017,E07000146,King's Lynn and West Norfolk,,235758.912375,115.86136770694134,
2018,E07000146,King's Lynn and West Norfolk,,241908.6773325,118.88360840136237,
2019,E07000146,King's Lynn and West Norfolk,,252111.5580975,123.89771246247822,
2020,E07000146,King's Lynn and West Norfolk,,265635.696575,130.54401552383973,
2021,E07000146,King's Lynn and West Norfolk,,295615.5584,145.2773198121825,
2022,E07000146,King's Lynn and West Norfolk,,288404.06057,141.73330107973078,
2015,E07000147,North Norfolk,,234528.73875000002,100.0,
2016,E07000147,North Norfolk,,248011.5742375,105.7489054686267,
2017,E07000147,North Norfolk,,265728.4984275,113.3031712206315,
2018,E07000147,North Norfolk,,280478.51674500003,119.59238694579813,
2019,E07000147,North Norfolk,,286293.567335,122.07184878957611,
2020,E07000147,North Norfolk,,301002.0129675,128.34333846324836,
2021,E07000147,North Norfolk,,336118.2905325,143.31646190737894,
2022,E07000147,North Norfolk,,335218.06186,142.93261612485432,
2015,E07000148,Norwich,,190680.15573,100.0,
2016,E07000148,Norwich,,200553.578395,105.17800220332344,
2017,E07000148,Norwich,,217783.861955,114.21422492615247,
2018,E07000148,Norwich,,220808.6387175,115.8005340787331,
2019,E07000148,Norwich,,224275.61904750002,117.6187517725078,
2020,E07000148,Norwich,,233760.0929175,122.59277428349729,
2021,E07000148,Norwich,,256009.295685,134.26111107623856,
2022,E07000148,Norwich,,256462.94179,134.49902052374415,
2015,E07000149,South Norfolk,,231349.14173,100.0,
2016,E07000149,South Norfolk,,249785.618035,107.96911376767353,
2017,E07000149,South Norfolk,,271225.6643,117.23651199732505,
2018,E07000149,South Norfolk,,278414.7580175,120.34397704506236,
2019,E07000149,South Norfolk,,284967.3315775,123.17630808852363,
2020,E07000149,South Norfolk,,290707.51266,125.6574848240739,
2021,E07000149,South Norfolk,,324990.0868175,140.47602873616245,
2022,E07000149,South Norfolk,,324950.89625,140.4590887262679,
2015,E07000163,Craven,,215836.979655,100.0,
2016,E07000163,Craven,,222524.43208,103.09838121145386,
2017,E07000163,Craven,,237811.10654,110.18089065188184,
2018,E07000163,Craven,,238175.2853275,110.34961928591022,
2019,E07000163,Craven,,257186.39467,119.15770646952811,
2020,E07000163,Craven,,267274.7119575,123.83175134526047,
2021,E07000163,Craven,,283742.4968475,131.46148417247224,
2022,E07000163,Craven,,283351.50053,131.28033063792736,
2015,E07000164,Hambleton,,244515.19105,100.0,
2016,E07000164,Hambleton,,251550.482925,102.87724122365933,
2017,E07000164,Hambleton,,262220.52667500003,107.2409961724544,
2018,E07000164,Hambleton,,262045.5151525,107.16942126467526,
2019,E07000164,Hambleton,,262769.33968,107.46544562389471,
2020,E07000164,Hambleton,,278361.1329425,113.842060997175,
2021,E07000164,Hambleton,,315768.086415,129.14047796336294,
2022,E07000164,Hambleton,,303497.56534,124.12217172958341,
2015,E07000165,Harrogate,,291564.24777,100.0,
2016,E07000165,Harrogate,,313981.2630775,107.68853365217248,
2017,E07000165,Harrogate,,334677.88280749996,114.78701019320793,
2018,E07000165,Harrogate,,337326.559425,115.69544688863893,
2019,E07000165,Harrogate,,337828.30270500004,115.86753358439728,
2020,E07000165,Harrogate,,358098.323205,122.81969615406527,
2021,E07000165,Harrogate,,386066.707435,132.41222488278058,
2022,E07000165,Harrogate,,375030.88575,128.62718547228826,
2015,E07000166,Richmondshire,,217350.18263250001,100.0,
2016,E07000166,Richmondshire,,222926.29028000002,102.56549480656669,
2017,E07000166,Richmondshire,,224757.824615,103.40815999912223,
2018,E07000166,Richmondshire,,232977.3631175,107.18986305680853,
2019,E07000166,Richmondshire,,241298.1363525,111.01814290190484,
2020,E07000166,Richmondshire,,245969.6381075,113.16744027005964,
2021,E07000166,Richmondshire,,276821.0437225,127.36177185116723,
2022,E07000166,Richmondshire,,279085.13481,128.40345079529226,
2015,E07000167,Ryedale,,224579.6204625,100.0,
2016,E07000167,Ryedale,,239943.10109,106.84099500919113,
2017,E07000167,Ryedale,,250850.4701575,111.69778880242906,
2018,E07000167,Ryedale,,261251.175865,116.32897736979805,
2019,E07000167,Ryedale,,263682.4194675,117.41155271545635,
2020,E07000167,Ryedale,,272259.3218975,121.23064476500953,
2021,E07000167,Ryedale,,304414.7376375,135.54869182278753,
2022,E07000167,Ryedale,,303506.64974,135.14434173277053,
2015,E07000168,Scarborough,,164853.88423,100.0,
2016,E07000168,Scarborough,,164350.04709,99.6943735100005,
2017,E07000168,Scarborough,,170327.5141025,103.3202917226162,
2018,E07000168,Scarborough,,176889.31913,107.30066807719764,
2019,E07000168,Scarborough,,179185.5698175,108.6935686437966,
2020,E07000168,Scarborough,,187699.961525,113.85837974137493,
2021,E07000168,Scarborough,,207430.7556525,125.82703563302022,
2022,E07000168,Scarborough,,209342.69459,126.9868135457035,
2015,E07000169,Selby,,194976.0354175,100.0,
2016,E07000169,Selby,,209189.8987525,107.29005659827067,
2017,E07000169,Selby,,216312.50477,110.94312401358066,
2018,E07000169,Selby,,227199.935735,116.52710818973179,
2019,E07000169,Selby,,231436.721965,118.70008612567547,
2020,E07000169,Selby,,235840.3325575,120.95862553184944,
2021,E07000169,Selby,,256343.8322425,131.47453311048912,
2022,E07000169,Selby,,252349.29953,129.4258030170976,
2015,E07000170,Ashfield,,135690.35672,100.0,
2016,E07000170,Ashfield,,142749.5196425,105.2024057516974,
2017,E07000170,Ashfield,,150963.0153475,111.25552249745753,
2018,E07000170,Ashfield,,155524.90594250002,114.61750834912243,
2019,E07000170,Ashfield,,159663.5224075,117.66755299860337,
2020,E07000170,Ashfield,,161590.7660425,119.08787768606581,
2021,E07000170,Ashfield,,182860.411335,134.76301172406556,
2022,E07000170,Ashfield,,185829.68351,136.95128231806743,
2015,E07000171,Bassetlaw,,151726.87098,100.0,
2016,E07000171,Bassetlaw,,160450.73664000002,105.74971697739022,
2017,E07000171,Bassetlaw,,169501.18407000002,111.71467715322683,
2018,E07000171,Bassetlaw,,178298.60254,117.51287124579439,
2019,E07000171,Bassetlaw,,186027.758755,122.6069960801613,
2020,E07000171,Bassetlaw,,198509.065195,130.83316350810833,
2021,E07000171,Bassetlaw,,214856.923355,141.6076941198646,
2022,E07000171,Bassetlaw,,215353.45269,141.93494619577766,
2015,E07000172,Broxtowe,,167960.3883025,100.0,
2016,E07000172,Broxtowe,,178332.34597249998,106.17524034971856,
2017,E07000172,Broxtowe,,185810.3297,110.62747090424195,
2018,E07000172,Broxtowe,,194224.1733825,115.63689233243399,
2019,E07000172,Broxtowe,,204748.83327,121.90304829567509,
2020,E07000172,Broxtowe,,217531.579585,129.5136203145835,
2021,E07000172,Broxtowe,,243017.832285,144.6875866036461,
2022,E07000172,Broxtowe,,239407.52728,142.53808871221605,
2015,E07000173,Gedling,,172357.91271499998,100.0,
2016,E07000173,Gedling,,177688.594025,103.09279755482679,
2017,E07000173,Gedling,,189448.6725375,109.91585448749326,
2018,E07000173,Gedling,,200674.3148,116.4288378983924,
2019,E07000173,Gedling,,207022.432805,120.11194005773267,
2020,E07000173,Gedling,,216341.284575,125.51862642519238,
2021,E07000173,Gedling,,242089.7747025,140.4575925114643,
2022,E07000173,Gedling,,244188.67798,141.67535109558605,
2015,E07000174,Mansfield,,132031.3978125,100.0,
2016,E07000174,Mansfield,,140189.678155,106.17904564949446,
2017,E07000174,Mansfield,,142551.6334025,107.9679801655512,
2018,E07000174,Mansfield,,150093.395905,113.68007791461099,
2019,E07000174,Mansfield,,162148.086775,122.81024776036166,
2020,E07000174,Mansfield,,169542.8516725,128.41101016992235,
2021,E07000174,Mansfield,,185113.10145750002,140.20384887569108,
2022,E07000174,Mansfield,,181919.79987,137.78525629816275,
2015,E07000175,Newark and Sherwood,,182192.90946,100.0,
2016,E07000175,Newark and Sherwood,,190675.88928,104.65604278736349,
2017,E07000175,Newark and Sherwood,,197610.23473250002,108.46208851826084,
2018,E07000175,Newark and Sherwood,,212122.420785,116.42737437681183,
2019,E07000175,Newark and Sherwood,,216957.46382499998,119.08117855301742,
2020,E07000175,Newark and Sherwood,,224777.4498225,123.37332472965932,
2021,E07000175,Newark and Sherwood,,258073.8921,141.64870239182358,
2022,E07000175,Newark and Sherwood,,255304.02123,140.12840674573638,
2015,E07000176,Rushcliffe,,256616.2875075,100.0,
2016,E07000176,Rushcliffe,,276328.82735000004,107.68171811460871,
2017,E07000176,Rushcliffe,,292520.4413975,113.99137764743426,
2018,E07000176,Rushcliffe,,301084.1676525,117.32854939836987,
2019,E07000176,Rushcliffe,,313677.9238225,122.23617092634164,
2020,E07000176,Rushcliffe,,325805.12325,126.96198141377828,
2021,E07000176,Rushcliffe,,348757.76261750003,135.90632379766893,
2022,E07000176,Rushcliffe,,343009.84165,133.66643441912277,
2015,E07000177,Cherwell,,292996.62521,100.0,
2016,E07000177,Cherwell,,320741.7912025,109.46944899881154,
2017,E07000177,Cherwell,,329174.30383499997,112.34747280760324,
2018,E07000177,Cherwell,,338423.39486999996,115.50419552697618,
2019,E07000177,Cherwell,,343220.490805,117.14144849245378,
2020,E07000177,Cherwell,,342628.96819000004,116.93956131557042,
2021,E07000177,Cherwell,,377215.3727,128.7439309001043,
2022,E07000177,Cherwell,,370319.15625,126.39024629876896,
2015,E07000178,Oxford,,448948.5733475,100.0,
2016,E07000178,Oxford,,479744.912825,106.85965861253838,
2017,E07000178,Oxford,,502089.571845,111.83676742778448,
2018,E07000178,Oxford,,505582.49291000003,112.61478996140247,
2019,E07000178,Oxford,,502287.29165749997,111.88080806500618,
2020,E07000178,Oxford,,529791.5976775,118.00719038423695,
2021,E07000178,Oxford,,569389.934765,126.82742936890338,
2022,E07000178,Oxford,,564286.58072,125.69069470752608,
2015,E07000179,South Oxfordshire,,413010.9106125,100.0,
2016,E07000179,South Oxfordshire,,447395.8838525,108.32543943911959,
2017,E07000179,South Oxfordshire,,475252.1660125,115.07012376687472,
2018,E07000179,South Oxfordshire,,477676.58586,115.65713485670392,
2019,E07000179,South Oxfordshire,,479747.70489,116.15860321426584,
2020,E07000179,South Oxfordshire,,491321.69260249997,118.96094751440445,
2021,E07000179,South Oxfordshire,,550958.086445,133.40037085894966,
2022,E07000179,South Oxfordshire,,548956.02558,132.915623164989,
2015,E07000180,Vale of White Horse,,350579.612995,100.0,
2016,E07000180,Vale of White Horse,,373569.59788250003,106.55770730394067,
2017,E07000180,Vale of White Horse,,384380.11352749995,109.64131948339563,
2018,E07000180,Vale of White Horse,,392173.74608,111.86439015368337,
2019,E07000180,Vale of White Horse,,390241.0931025,111.3131165182916,
2020,E07000180,Vale of White Horse,,398862.06600500003,113.77217933396733,
2021,E07000180,Vale of White Horse,,435761.7661125,124.29752043759454,
2022,E07000180,Vale of White Horse,,434156.66389,123.83967800665923,
2015,E07000181,West Oxfordshire,,332764.57493,100.0,
2016,E07000181,West Oxfordshire,,352144.720035,105.82398084564045,
2017,E07000181,West Oxfordshire,,378155.0755325,113.6404244989264,
2018,E07000181,West Oxfordshire,,394124.96056499996,118.4395786864956,
2019,E07000181,West Oxfordshire,,399517.6465775,120.06014963027303,
2020,E07000181,West Oxfordshire,,416753.44115,125.23972578441315,
2021,E07000181,West Oxfordshire,,438998.90026,131.92477004270884,
2022,E07000181,West Oxfordshire,,439290.31803,132.0123448003468,
2015,E07000187,Mendip,,242813.70654749998,100.0,
2016,E07000187,Mendip,,261423.60181249998,107.66426884610793,
2017,E07000187,Mendip,,284190.112655,117.04039145722848,
2018,E07000187,Mendip,,298529.1793375,122.9457692410378,
2019,E07000187,Mendip,,305104.816355,125.65386884175523,
2020,E07000187,Mendip,,315574.5698975,129.9657150267859,
2021,E07000187,Mendip,,351305.22321,144.68096888149788,
2022,E07000187,Mendip,,345896.90041,142.45361406001788,
2015,E07000188,Sedgemoor,,201049.948565,100.0,
2016,E07000188,Sedgemoor,,212457.273495,105.67387607478645,
2017,E07000188,Sedgemoor,,230850.0925625,114.8222589511708,
2018,E07000188,Sedgemoor,,238183.09881,118.46961439683967,
2019,E07000188,Sedgemoor,,241050.81650000002,119.89598516214872,
2020,E07000188,Sedgemoor,,246726.85106000002,122.71918138801838,
2021,E07000188,Sedgemoor,,283095.0912975,140.8083380861819,
2022,E07000188,Sedgemoor,,288859.90862,143.67569386699486,
2015,E07000189,South Somerset,,221960.5983425,100.0,
2016,E07000189,South Somerset,,227765.80377,102.61542159772978,
2017,E07000189,South Somerset,,244262.0115175,110.0474648840996,
2018,E07000189,South Somerset,,253094.4822125,114.02676155249787,
2019,E07000189,South Somerset,,257309.59824750002,115.92579951981125,
2020,E07000189,South Somerset,,272178.16542750003,122.62454122939018,
2021,E07000189,South Somerset,,310496.7626025,139.88823463314998,
2022,E07000189,South Somerset,,303899.90199,136.9161482981147,
2015,E07000192,Cannock Chase,,154000.707055,100.0,
2016,E07000192,Cannock Chase,,163154.2826225,105.94385294882503,
2017,E07000192,Cannock Chase,,173492.0219775,112.65663989162,
2018,E07000192,Cannock Chase,,180619.050045,117.28455894718294,
2019,E07000192,Cannock Chase,,187918.6323175,122.02452567337015,
2020,E07000192,Cannock Chase,,196334.5181975,127.48936154389267,
2021,E07000192,Cannock Chase,,214885.48558500002,139.53538895652963,
2022,E07000192,Cannock Chase,,212675.97947,138.10065131327264,
2015,E07000193,East Staffordshire,,186779.9478575,100.0,
2016,E07000193,East Staffordshire,,191433.899245,102.49167613594723,
2017,E07000193,East Staffordshire,,208897.8560725,111.8416931093023,
2018,E07000193,East Staffordshire,,215746.2766525,115.50826474001337,
2019,E07000193,East Staffordshire,,216801.9113375,116.07344033680995,
2020,E07000193,East Staffordshire,,232061.08412,124.24303935294294,
2021,E07000193,East Staffordshire,,255628.8377675,136.8609643057224,
2022,E07000193,East Staffordshire,,245942.79886,131.67516196526466,
2015,E07000194,Lichfield,,248913.3071125,100.0,
2016,E07000194,Lichfield,,249329.9266675,100.16737536447245,
2017,E07000194,Lichfield,,268150.2978425,107.72838983707106,
2018,E07000194,Lichfield,,276964.25132499996,111.26936303161241,
2019,E07000194,Lichfield,,288581.38487,115.93650344277151,
2020,E07000194,Lichfield,,299251.1984525,120.22306156466315,
2021,E07000194,Lichfield,,332039.7855675,133.39575510016013,
2022,E07000194,Lichfield,,338801.76446,136.11235509673799,
2015,E07000195,Newcastle-under-Lyme,,151384.45607000001,100.0,
2016,E07000195,Newcastle-under-Lyme,,156673.025705,103.49346939064507,
2017,E07000195,Newcastle-under-Lyme,,154584.6480475,102.11395017730236,
2018,E07000195,Newcastle-under-Lyme,,166532.54381,110.00636930187571,
2019,E07000195,Newcastle-under-Lyme,,170359.4027825,112.53427677127299,
2020,E07000195,Newcastle-under-Lyme,,177052.113705,116.95527949258626,
2021,E07000195,Newcastle-under-Lyme,,197902.7841825,130.7286027377804,
2022,E07000195,Newcastle-under-Lyme,,199227.75,131.6038351439974,
2015,E07000196,South Staffordshire,,219031.217275,100.0,
2016,E07000196,South Staffordshire,,230423.310655,105.20112773043529,
2017,E07000196,South Staffordshire,,241303.488525,110.16853740169672,
2018,E07000196,South Staffordshire,,247344.1411375,112.92643314261103,
2019,E07000196,South Staffordshire,,253954.303715,115.9443420323748,
2020,E07000196,South Staffordshire,,270814.48757500004,123.64195886971885,
2021,E07000196,South Staffordshire,,303127.5201675,138.39466535353026,
2022,E07000196,South Staffordshire,,301398.48575,137.6052644457459,
2015,E07000197,Stafford,,199542.229365,100.0,
2016,E07000197,Stafford,,212367.4362425,106.42731461822063,
2017,E07000197,Stafford,,221493.83200249998,111.00098094892306,
2018,E07000197,Stafford,,226692.78904250002,113.60642294310372,
2019,E07000197,Stafford,,236750.5117475,118.64682102676073,
2020,E07000197,Stafford,,240766.18954,120.65926611433898,
2021,E07000197,Stafford,,263505.0328,132.05477038045922,
2022,E07000197,Stafford,,260409.29891,130.5033524676437,
2015,E07000198,Staffordshire Moorlands,,168945.62391249998,100.0,
2016,E07000198,Staffordshire Moorlands,,173279.6859625,102.56535916683151,
2017,E07000198,Staffordshire Moorlands,,182351.94556999998,107.93528790330986,
2018,E07000198,Staffordshire Moorlands,,188291.468085,111.45092943189792,
2019,E07000198,Staffordshire Moorlands,,194115.32218750002,114.89810608414213,
2020,E07000198,Staffordshire Moorlands,,205881.295675,121.86246136900809,
2021,E07000198,Staffordshire Moorlands,,233564.3645425,138.24824765124856,
2022,E07000198,Staffordshire Moorlands,,229449.44188,135.81259849549937,
2015,E07000199,Tamworth,,163099.7789125,100.0,
2016,E07000199,Tamworth,,177420.82086749998,108.78054038484193,
2017,E07000199,Tamworth,,191627.2763575,117.49082533110267,
2018,E07000199,Tamworth,,208105.7640025,127.594142303617,
2019,E07000199,Tamworth,,218355.13483249999,133.8782531088797,
2020,E07000199,Tamworth,,229262.275995,140.56565712329686,
2021,E07000199,Tamworth,,238151.74324500002,146.0159816481198,
2022,E07000199,Tamworth,,230142.26056,141.10519468175798,
2015,E07000200,Babergh,,262933.7082625,100.0,
2016,E07000200,Babergh,,285871.503155,108.72379393424903,
2017,E07000200,Babergh,,304775.286435,115.91335643078804,
2018,E07000200,Babergh,,318792.7208875,121.24452318956118,
2019,E07000200,Babergh,,319794.2258775,121.62541957466834,
2020,E07000200,Babergh,,333949.206565,127.00889846789885,
2021,E07000200,Babergh,,368289.902335,140.06948929017406,
2022,E07000200,Babergh,,370532.30339,140.92232823190508,
2015,E07000202,Ipswich,,175697.69770000002,100.0,
2016,E07000202,Ipswich,,183453.93195250002,104.41453380097421,
2017,E07000202,Ipswich,,199930.8573725,113.79253114282555,
2018,E07000202,Ipswich,,207701.861395,118.2154712975502,
2019,E07000202,Ipswich,,219273.831375,124.80176703818013,
2020,E07000202,Ipswich,,219912.659365,125.16536200747265,
2021,E07000202,Ipswich,,245540.06949,139.75144393141355,
2022,E07000202,Ipswich,,245751.07724,139.87154098035742,
2015,E07000203,Mid Suffolk,,242516.9344075,100.0,
2016,E07000203,Mid Suffolk,,260677.16962499998,107.48823386781949,
2017,E07000203,Mid Suffolk,,286896.4990425,118.29957348892974,
2018,E07000203,Mid Suffolk,,297217.94331999996,122.55554196499372,
2019,E07000203,Mid Suffolk,,295156.97304,121.70571665896503,
2020,E07000203,Mid Suffolk,,300631.98364,123.96329533625456,
2021,E07000203,Mid Suffolk,,339957.9052,140.17903781876544,
2022,E07000203,Mid Suffolk,,329247.54282,135.76270194260618,
2015,E07000207,Elmbridge,,693995.5235575,100.0,
2016,E07000207,Elmbridge,,720810.74765,103.86389006589584,
2017,E07000207,Elmbridge,,781649.875105,112.63039148987212,
2018,E07000207,Elmbridge,,765701.2376125,110.33230210008105,
2019,E07000207,Elmbridge,,776659.457065,111.91130644240401,
2020,E07000207,Elmbridge,,795067.7874525001,114.56382072565717,
2021,E07000207,Elmbridge,,857391.6522475,123.54426262757616,
2022,E07000207,Elmbridge,,902041.77889,129.97803995421054,
2015,E07000208,Epsom and Ewell,,437612.729925,100.0,
2016,E07000208,Epsom and Ewell,,475417.90873250004,108.6389577410098,
2017,E07000208,Epsom and Ewell,,502564.33149,114.84225597736422,
2018,E07000208,Epsom and Ewell,,523322.29673,119.58571150791005,
2019,E07000208,Epsom and Ewell,,513255.233545,117.28526124753363,
2020,E07000208,Epsom and Ewell,,518514.212745,118.4870039849767,
2021,E07000208,Epsom and Ewell,,549897.5111775,125.65848147784547,
2022,E07000208,Epsom and Ewell,,569798.32588,130.20606735495437,
2015,E07000209,Guildford,,463085.6892125,100.0,
2016,E07000209,Guildford,,507109.8215475,109.50669246762197,
2017,E07000209,Guildford,,526291.96548,113.6489374946968,
2018,E07000209,Guildford,,554183.22804,119.67185360066208,
2019,E07000209,Guildford,,545875.8344575,117.87793213514948,
2020,E07000209,Guildford,,557342.6593775,120.35410991112434,
2021,E07000209,Guildford,,604309.5347750001,130.4962664259088,
2022,E07000209,Guildford,,604524.16707,130.54261471522108,
2015,E07000210,Mole Valley,,496111.079275,100.0,
2016,E07000210,Mole Valley,,534084.21272,107.65415952824367,
2017,E07000210,Mole Valley,,567477.1925475,114.38510774175654,
2018,E07000210,Mole Valley,,546513.723215,110.15954814265723,
2019,E07000210,Mole Valley,,535869.63592,108.01404328706019,
2020,E07000210,Mole Valley,,576260.2075425,116.15548041874557,
2021,E07000210,Mole Valley,,634708.084895,127.93668825589239,
2022,E07000210,Mole Valley,,643132.27893,129.63473419498146,
2015,E07000211,Reigate and Banstead,,414537.3058025,100.0,
2016,E07000211,Reigate and Banstead,,450939.398225,108.78137912148327,
2017,E07000211,Reigate and Banstead,,464053.1689925,111.94485092099072,
2018,E07000211,Reigate and Banstead,,467774.12132000003,112.8424667146517,
2019,E07000211,Reigate and Banstead,,480531.0249025,115.9198504395746,
2020,E07000211,Reigate and Banstead,,497831.1434475,120.0932066858861,
2021,E07000211,Reigate and Banstead,,538708.6762825,129.95420888347252,
2022,E07000211,Reigate and Banstead,,540756.23283,130.44814670736415,
2015,E07000212,Runnymede,,430130.7216575,100.0,
2016,E07000212,Runnymede,,440657.27856999997,102.4472925049241,
2017,E07000212,Runnymede,,495800.2886525,115.26735099086707,
2018,E07000212,Runnymede,,490288.8568675,113.98601220070536,
2019,E07000212,Runnymede,,502902.84897,116.91860721598171,
2020,E07000212,Runnymede,,535921.234565,124.59496789716356,
2021,E07000212,Runnymede,,573297.9949825,133.28459608123498,
2022,E07000212,Runnymede,,599041.46113,139.26962920053833,
2015,E07000213,Spelthorne,,339676.81694,100.0,
2016,E07000213,Spelthorne,,385350.7560075,113.44629270815612,
2017,E07000213,Spelthorne,,420563.3444975,123.81279013568584,
2018,E07000213,Spelthorne,,415001.172845,122.17530080020302,
2019,E07000213,Spelthorne,,408844.2410925,120.36271558818737,
2020,E07000213,Spelthorne,,422237.6142125,124.30569092593782,
2021,E07000213,Spelthorne,,448916.1041925,132.15977123095684,
2022,E07000213,Spelthorne,,437535.47867,128.80934372017668,
2015,E07000214,Surrey Heath,,402733.1601925,100.0,
2016,E07000214,Surrey Heath,,423823.70534750004,105.23685339069648,
2017,E07000214,Surrey Heath,,456637.596005,113.38465295153112,
2018,E07000214,Surrey Heath,,476487.723885,118.31350655536946,
2019,E07000214,Surrey Heath,,469179.5328025,116.49885809706848,
2020,E07000214,Surrey Heath,,494342.4121275,122.74688577697755,
2021,E07000214,Surrey Heath,,513860.0982025,127.5931929610373,
2022,E07000214,Surrey Heath,,512998.37639,127.37922453288799,
2015,E07000215,Tandridge,,450742.283205,100.0,
2016,E07000215,Tandridge,,464394.13010249997,103.02874778031222,
2017,E07000215,Tandridge,,492733.7529425,109.31607069097666,
2018,E07000215,Tandridge,,492302.01813,109.22028761745844,
2019,E07000215,Tandridge,,508450.5959325,112.80295079422444,
2020,E07000215,Tandridge,,536082.0418974999,118.93316022754559,
2021,E07000215,Tandridge,,571741.74919,126.8444897435923,
2022,E07000215,Tandridge,,582221.18755,129.1694188107049,
2015,E07000216,Waverley,,480402.9592625,100.0,
2016,E07000216,Waverley,,513309.62659,106.8498052922108,
2017,E07000216,Waverley,,541372.84525,112.69140516559246,
2018,E07000216,Waverley,,567225.2266125,118.07280027651932,
2019,E07000216,Waverley,,554491.8791275,115.42224468782187,
2020,E07000216,Waverley,,588447.6239199999,122.49042446020042,
2021,E07000216,Waverley,,640086.905885,133.2395842997391,
2022,E07000216,Waverley,,657839.85436,136.9350129253774,
2015,E07000217,Woking,,412961.2479875,100.0,
2016,E07000217,Woking,,442759.044985,107.21564000077845,
2017,E07000217,Woking,,485695.583685,117.61287192247676,
2018,E07000217,Woking,,486453.80184,117.79647708124045,
2019,E07000217,Woking,,478874.7203475,115.96117618329049,
2020,E07000217,Woking,,486360.708645,117.77393424085201,
2021,E07000217,Woking,,534313.2897175,129.38581823873054,
2022,E07000217,Woking,,527719.65263,127.78914612491042,
2015,E07000218,North Warwickshire,,190791.36028249998,100.0,
2016,E07000218,North Warwickshire,,203179.529615,106.49304523756065,
2017,E07000218,North Warwickshire,,215040.1908275,112.70960619448142,
2018,E07000218,North Warwickshire,,232088.3358525,121.64509729835386,
2019,E07000218,North Warwickshire,,236574.842205,123.99662220276093,
2020,E07000218,North Warwickshire,,243994.5659675,127.88554240937502,
2021,E07000218,North Warwickshire,,275422.3090075,144.3578517390353,
2022,E07000218,North Warwickshire,,271198.77024,142.144156757645,
2015,E07000219,Nuneaton and Bedworth,,154992.790405,100.0,
2016,E07000219,Nuneaton and Bedworth,,165982.22427,107.09028712644269,
2017,E07000219,Nuneaton and Bedworth,,178888.91166749998,115.41756955278942,
2018,E07000219,Nuneaton and Bedworth,,192323.0815575,124.0851790944308,
2019,E07000219,Nuneaton and Bedworth,,200374.537145,129.27990819535307,
2020,E07000219,Nuneaton and Bedworth,,204706.96711,132.0751543185303,
2021,E07000219,Nuneaton and Bedworth,,219222.43429,141.44040746486746,
2022,E07000219,Nuneaton and Bedworth,,221249.38558,142.74817880358813,
2015,E07000220,Rugby,,215295.17031750001,100.0,
2016,E07000220,Rugby,,225335.591165,104.66356065149682,
2017,E07000220,Rugby,,240925.7478425,111.90485484983338,
2018,E07000220,Rugby,,262996.077455,122.1560507219714,
2019,E07000220,Rugby,,273794.14294499997,127.17152109879213,
2020,E07000220,Rugby,,273678.16259,127.1176507054949,
2021,E07000220,Rugby,,297295.88485,138.087577353255,
2022,E07000220,Rugby,,293323.50064,136.24248988373964,
2015,E07000221,Stratford-on-Avon,,324587.5547175,100.0,
2016,E07000221,Stratford-on-Avon,,338401.615585,104.25588124582377,
2017,E07000221,Stratford-on-Avon,,352677.40293,108.65401270142583,
2018,E07000221,Stratford-on-Avon,,364308.33117,112.23730727663617,
2019,E07000221,Stratford-on-Avon,,370229.82104249997,114.06161932632446,
2020,E07000221,Stratford-on-Avon,,381257.12610500003,117.45894769034555,
2021,E07000221,Stratford-on-Avon,,415228.2732525,127.92489028542325,
2022,E07000221,Stratford-on-Avon,,408564.59944,125.87192376971699,
2015,E07000222,Warwick,,293500.3930175,100.0,
2016,E07000222,Warwick,,317006.43557750003,108.00886237947849,
2017,E07000222,Warwick,,333105.0895325,113.49391600734198,
2018,E07000222,Warwick,,352100.07547,119.96579352076233,
2019,E07000222,Warwick,,364501.4426725,124.19112592151333,
2020,E07000222,Warwick,,366795.3160925,124.97268311004606,
2021,E07000222,Warwick,,387580.7272725,132.05458544288575,
2022,E07000222,Warwick,,377002.29019,128.4503527623969,
2015,E07000223,Adur,,281173.1550075,100.0,
2016,E07000223,Adur,,307453.23811000003,109.34658328310147,
2017,E07000223,Adur,,325266.25248749997,115.6818304645135,
2018,E07000223,Adur,,328954.510165,116.99356937408389,
2019,E07000223,Adur,,335440.8376925,119.30044946273495,
2020,E07000223,Adur,,346392.258485,123.19535215791149,
2021,E07000223,Adur,,379186.76977250003,134.8588096052006,
2022,E07000223,Adur,,385967.28449,137.27031817091665,
2015,E07000224,Arun,,271611.56469,100.0,
2016,E07000224,Arun,,291090.4939675,107.17161262987163,
2017,E07000224,Arun,,307939.49128,113.37495575030555,
2018,E07000224,Arun,,319504.05003499996,117.63271214156927,
2019,E07000224,Arun,,323725.6208075,119.1869798242868,
2020,E07000224,Arun,,331754.7920575,122.14310257228685,
2021,E07000224,Arun,,378208.27587,139.24601343895745,
2022,E07000224,Arun,,372014.1681,136.965511216208,
2015,E07000225,Chichester,,396508.35176,100.0,
2016,E07000225,Chichester,,420195.4035725,105.97390993338706,
2017,E07000225,Chichester,,443422.34414,111.83177912186734,
2018,E07000225,Chichester,,458957.03517499997,115.74965146075893,
2019,E07000225,Chichester,,450008.0917325,113.49271452543894,
2020,E07000225,Chichester,,485837.892585,122.52904394787369,
2021,E07000225,Chichester,,525529.378085,132.53929602045162,
2022,E07000225,Chichester,,537749.47479,135.62122270642382,
2015,E07000226,Crawley,,252886.653405,100.0,
2016,E07000226,Crawley,,276078.636215,109.1709002818974,
2017,E07000226,Crawley,,295940.40916000004,117.0249221045482,
2018,E07000226,Crawley,,309685.4167375,122.46016646894225,
2019,E07000226,Crawley,,307841.4214375,121.73098789222756,
2020,E07000226,Crawley,,309707.264565,122.4688058444118,
2021,E07000226,Crawley,,332583.3813825,131.51480194957742,
2022,E07000226,Crawley,,328689.16404,129.9748957148805,
2015,E07000227,Horsham,,371074.1259475,100.0,
2016,E07000227,Horsham,,395834.717245,106.67268062257813,
2017,E07000227,Horsham,,416151.46107,112.14779796554114,
2018,E07000227,Horsham,,423039.052395,114.00392073007323,
2019,E07000227,Horsham,,422527.611805,113.86609366150734,
2020,E07000227,Horsham,,451046.4548225,121.55157777999175,
2021,E07000227,Horsham,,485307.6652025,130.78456062203645,
2022,E07000227,Horsham,,484343.53387,130.5247388599995,
2015,E07000228,Mid Sussex,,351088.663205,100.0,
2016,E07000228,Mid Sussex,,383841.92506,109.32905709800018,
2017,E07000228,Mid Sussex,,409989.9200225,116.7767470130779,
2018,E07000228,Mid Sussex,,417335.89769250003,118.8690896147844,
2019,E07000228,Mid Sussex,,428277.37625,121.98553275413784,
2020,E07000228,Mid Sussex,,427002.0643975,121.62228780032534,
2021,E07000228,Mid Sussex,,462388.0550275,131.70122065647917,
2022,E07000228,Mid Sussex,,468474.88247,133.4349215931414,
2015,E07000229,Worthing,,256746.3416975,100.0,
2016,E07000229,Worthing,,272616.4557125,106.18124250965893,
2017,E07000229,Worthing,,289229.4829825,112.6518419192402,
2018,E07000229,Worthing,,306308.5492525,119.30395861818918,
2019,E07000229,Worthing,,307703.3728625,119.84722774552242,
2020,E07000229,Worthing,,313706.236825,122.18528012937007,
2021,E07000229,Worthing,,360760.65876749996,140.51248262479635,
2022,E07000229,Worthing,,364331.81318,141.90340971216557,
2015,E07000234,Bromsgrove,,270253.6038175,100.0,
2016,E07000234,Bromsgrove,,285385.566215,105.59917136487789,
2017,E07000234,Bromsgrove,,306597.5160925,113.4480768291781,
2018,E07000234,Bromsgrove,,319834.327825,118.3459992048733,
2019,E07000234,Bromsgrove,,327285.2711175,121.10301823709,
2020,E07000234,Bromsgrove,,332261.97993000003,122.9445140551664,
2021,E07000234,Bromsgrove,,361155.76546,133.6358739933346,
2022,E07000234,Bromsgrove,,357514.48743,132.2885180363502,
2015,E07000235,Malvern Hills,,259598.3888125,100.0,
2016,E07000235,Malvern Hills,,272309.33032,104.89638690195444,
2017,E07000235,Malvern Hills,,293872.2845075,113.20266117666662,
2018,E07000235,Malvern Hills,,302263.1115875,116.43489505854193,
2019,E07000235,Malvern Hills,,319857.2905575,123.21235583188583,
2020,E07000235,Malvern Hills,,321370.2571875,123.79516631731332,
2021,E07000235,Malvern Hills,,355350.90202,136.88486421102525,
2022,E07000235,Malvern Hills,,358409.52794,138.06307873461736,
2015,E07000236,Redditch,,182804.9632425,100.0,
2016,E07000236,Redditch,,196995.5956375,107.76271723879587,
2017,E07000236,Redditch,,207745.52159000002,113.64326104998315,
2018,E07000236,Redditch,,218634.49930999998,119.59987050240551,
2019,E07000236,Redditch,,229121.3576625,125.33650815517463,
2020,E07000236,Redditch,,234739.9314775,128.41004276569103,
2021,E07000236,Redditch,,254591.546725,139.26949367740716,
2022,E07000236,Redditch,,253297.48748,138.56160302605576,
2015,E07000237,Worcester,,197791.5782775,100.0,
2016,E07000237,Worcester,,198204.0072225,100.20851693919009,
2017,E07000237,Worcester,,207519.219615,104.91812716305454,
2018,E07000237,Worcester,,218309.7449625,110.37363009268937,
2019,E07000237,Worcester,,225248.0548175,113.88151951620446,
2020,E07000237,Worcester,,230910.65454,116.74443196769187,
2021,E07000237,Worcester,,247461.32635,125.11216529290937,
2022,E07000237,Worcester,,245354.53135,124.04700619040997,
2015,E07000238,Wychavon,,261415.4411575,100.0,
2016,E07000238,Wychavon,,276491.92708,105.76725148894957,
2017,E07000238,Wychavon,,292418.348695,111.85963132102097,
2018,E07000238,Wychavon,,299997.296715,114.75882808860356,
2019,E07000238,Wychavon,,305693.5280825,116.93782384427816,
2020,E07000238,Wychavon,,315007.59704,120.50076141072759,
2021,E07000238,Wychavon,,351260.0575275,134.36851930864694,
2022,E07000238,Wychavon,,349068.25408,133.5300824367487,
2015,E07000239,Wyre Forest,,183839.9186025,100.0,
2016,E07000239,Wyre Forest,,188431.23805749998,102.49745511742059,
2017,E07000239,Wyre Forest,,199699.08709,108.62661853206691,
2018,E07000239,Wyre Forest,,208688.9480725,113.5166669235362,
2019,E07000239,Wyre Forest,,212945.5074425,115.8320287896408,
2020,E07000239,Wyre Forest,,223253.17145,121.43889811696427,
2021,E07000239,Wyre Forest,,247072.342625,134.39537207325554,
2022,E07000239,Wyre Forest,,244972.29781,133.25304954017133,
2015,E07000240,St Albans,,516230.481165,100.0,
2016,E07000240,St Albans,,559749.3840625,108.43013043307496,
2017,E07000240,St Albans,,600971.1544049999,116.41527889805381,
2018,E07000240,St Albans,,620161.6663125,120.132709892092,
2019,E07000240,St Albans,,612921.906345,118.73028205575777,
2020,E07000240,St Albans,,619036.5873325,119.91476867764432,
2021,E07000240,St Albans,,670823.822575,129.94657368180245,
2022,E07000240,St Albans,,695906.27431,134.80534367895473,
2015,E07000241,Welwyn Hatfield,,367690.23418749997,100.0,
2016,E07000241,Welwyn Hatfield,,420767.5407575,114.43533214508324,
2017,E07000241,Welwyn Hatfield,,448656.9824275,122.02036951536543,
2018,E07000241,Welwyn Hatfield,,458496.35331000003,124.6963641346521,
2019,E07000241,Welwyn Hatfield,,454672.6230375,123.65643162707558,
2020,E07000241,Welwyn Hatfield,,465109.8635725,126.49502769641738,
2021,E07000241,Welwyn Hatfield,,499825.90145999996,135.936681202449,
2022,E07000241,Welwyn Hatfield,,516304.65066,140.41837466825828,
2015,E07000242,East Hertfordshire,,368252.1287825,100.0,
2016,E07000242,East Hertfordshire,,410438.7543725,111.45590813812147,
2017,E07000242,East Hertfordshire,,438200.4316575,118.99467712685332,
2018,E07000242,East Hertfordshire,,446780.8816125,121.32472474487209,
2019,E07000242,East Hertfordshire,,464730.9878675,126.19913139510541,
2020,E07000242,East Hertfordshire,,476674.1228425,129.44232648931597,
2021,E07000242,East Hertfordshire,,495618.41709,134.58670795158557,
2022,E07000242,East Hertfordshire,,483625.93548,131.3301126266246,
2015,E07000243,Stevenage,,234417.00483,100.0,
2016,E07000243,Stevenage,,258325.2581425,110.19902687086986,
2017,E07000243,Stevenage,,278030.781715,118.60521036715271,
2018,E07000243,Stevenage,,290648.1629125,123.98766169855256,
2019,E07000243,Stevenage,,288099.958475,122.9006226250229,
2020,E07000243,Stevenage,,295728.5881375,126.1549213769553,
2021,E07000243,Stevenage,,326773.02649,139.39817494339923,
2022,E07000243,Stevenage,,326056.67536,139.09258656233467,
2015,E07000244,East Suffolk,,238271.0915175,100.0,
2016,E07000244,East Suffolk,,247228.93706250002,103.75951840735245,
2017,E07000244,East Suffolk,,263893.413555,110.75343293822036,
2018,E07000244,East Suffolk,,273214.4365575,114.66537330124815,
2019,E07000244,East Suffolk,,275543.76578,115.64296953739455,
2020,E07000244,East Suffolk,,286636.075035,120.29830106937156,
2021,E07000244,East Suffolk,,325777.9867375,136.72577091189973,
2022,E07000244,East Suffolk,,326478.50777,137.01977260049676,
2015,E07000245,West Suffolk,,237076.97817000002,100.0,
2016,E07000245,West Suffolk,,249290.735335,105.1518107153542,
2017,E07000245,West Suffolk,,266701.48177250003,112.49573190580205,
2018,E07000245,West Suffolk,,286193.3176,120.71746476993658,
2019,E07000245,West Suffolk,,289342.4635075,122.04578687519046,
2020,E07000245,West Suffolk,,289023.3226925,121.91117202668704,
2021,E07000245,West Suffolk,,315207.35867,132.95570118325674,
2022,E07000245,West Suffolk,,313559.69518,132.26071025553426,
2015,E07000246,Somerset West and Taunton,,225783.227735,100.0,
2016,E07000246,Somerset West and Taunton,,231443.533645,102.50696474081921,
2017,E07000246,Somerset West and Taunton,,241929.6633025,107.1512998239404,
2018,E07000246,Somerset West and Taunton,,252651.48365,111.9000229487972,
2019,E07000246,Somerset West and Taunton,,260079.09525749998,115.18973214553951,
2020,E07000246,Somerset West and Taunton,,266515.4360575,118.04040483038318,
2021,E07000246,Somerset West and Taunton,,299353.607685,132.5845195358572,
2022,E07000246,Somerset West and Taunton,,300172.97406,132.94741911135694,
2002,E08000001,Bolton,356.2,,,
2003,E08000001,Bolton,366.1,,,
2004,E08000001,Bolton,370.2,,,
2015,E08000001,Bolton,,139176.88598999998,100.0,
2016,E08000001,Bolton,,145646.31068,104.64834706135389,
2017,E08000001,Bolton,,150423.255265,108.08063005218274,
2018,E08000001,Bolton,,157078.97326250002,112.86283073885295,
2019,E08000001,Bolton,,162106.1511125,116.47490886105003,
2020,E08000001,Bolton,,169425.54487500002,121.73396729624591,
2021,E08000001,Bolton,,192222.11294,138.11353197959278,
2022,E08000001,Bolton,,196903.82088,141.47738647791545,
2002,E08000002,Bury,407.2,,,
2003,E08000002,Bury,417.0,,,
2004,E08000002,Bury,431.1,,,
2015,E08000002,Bury,,161323.68734,100.0,
2016,E08000002,Bury,,169031.0650875,104.77758590482513,
2017,E08000002,Bury,,178901.7065075,110.89611789647059,
2018,E08000002,Bury,,187846.09709250001,116.44049314134652,
2019,E08000002,Bury,,197862.198275,122.64919153378433,
2020,E08000002,Bury,,204365.40693,126.68034700898376,
2021,E08000002,Bury,,233665.807975,144.84283853649734,
2022,E08000002,Bury,,237233.02007,147.05405262031746,
2002,E08000003,Manchester,346.1,,,
2003,E08000003,Manchester,356.7,,,
2004,E08000003,Manchester,379.3,,,
2015,E08000003,Manchester,,159608.4176875,100.0,
2016,E08000003,Manchester,,169426.8068725,106.15154847548428,
2017,E08000003,Manchester,,187146.04407,117.25324189129947,
2018,E08000003,Manchester,,200575.7227925,125.66738377496513,
2019,E08000003,Manchester,,210768.83296,132.05370745086128,
2020,E08000003,Manchester,,224716.71848500002,140.79252318945774,
2021,E08000003,Manchester,,251557.1017225,157.60891898259894,
2022,E08000003,Manchester,,250518.28799,156.95806751276362,
2002,E08000004,Oldham,349.3,,,
2003,E08000004,Oldham,352.0,,,
2004,E08000004,Oldham,359.0,,,
2015,E08000004,Oldham,,134170.691445,100.0,
2016,E08000004,Oldham,,140586.868715,104.78210047283699,
2017,E08000004,Oldham,,147793.8544275,110.15360570611985,
2018,E08000004,Oldham,,150190.9302575,111.94019248165468,
2019,E08000004,Oldham,,155809.535275,116.12784699620507,
2020,E08000004,Oldham,,166212.8199525,123.88161539782693,
2021,E08000004,Oldham,,195527.683175,145.73054746099433,
2022,E08000004,Oldham,,195069.51469,145.38906566637468,
2002,E08000005,Rochdale,353.2,,,
2003,E08000005,Rochdale,360.3,,,
2004,E08000005,Rochdale,391.9,,,
2015,E08000005,Rochdale,,135746.3896225,100.0,
2016,E08000005,Rochdale,,139051.7865475,102.43497962206733,
2017,E08000005,Rochdale,,144691.992595,106.58993804356567,
2018,E08000005,Rochdale,,150467.872695,110.84484317663201,
2019,E08000005,Rochdale,,156030.880855,114.94293239688331,
2020,E08000005,Rochdale,,166128.8396225,122.38177389799552,
2021,E08000005,Rochdale,,188225.16805,138.6594284926762,
2022,E08000005,Rochdale,,189900.65746,139.8937076618382,
2002,E08000006,Salford,346.4,,,
2003,E08000006,Salford,354.2,,,
2004,E08000006,Salford,367.1,,,
2015,E08000006,Salford,,142447.00882,100.0,
2016,E08000006,Salford,,153777.24147,107.95399829301941,
2017,E08000006,Salford,,177018.3464575,124.26961290649868,
2018,E08000006,Salford,,183533.4417625,128.843310423189,
2019,E08000006,Salford,,185789.9054,130.42738274326933,
2020,E08000006,Salford,,204433.5931475,143.51553945637988,
2021,E08000006,Salford,,224849.1411275,157.8475694155331,
2022,E08000006,Salford,,228307.98319,160.2757299582867,
2002,E08000007,Stockport,384.3,,,
2003,E08000007,Stockport,412.7,,,
2004,E08000007,Stockport,406.0,,,
2015,E08000007,Stockport,,211851.6643575,100.0,
2016,E08000007,Stockport,,224943.31455,106.17963055999779,
2017,E08000007,Stockport,,238681.02090250002,112.66421796891122,
2018,E08000007,Stockport,,254345.29410499998,120.05819962584383,
2019,E08000007,Stockport,,264150.1060975,124.6863492428109,
2020,E08000007,Stockport,,270967.250355,127.90423486961254,
2021,E08000007,Stockport,,309453.89214999997,146.0710224243488,
2022,E08000007,Stockport,,311485.39854,147.029951114459,
2002,E08000008,Tameside,342.1,,,
2003,E08000008,Tameside,351.6,,,
2004,E08000008,Tameside,355.2,,,
2015,E08000008,Tameside,,132894.555585,100.0,
2016,E08000008,Tameside,,139167.9433,104.7205754121263,
2017,E08000008,Tameside,,151865.4045375,114.27511373132675,
2018,E08000008,Tameside,,158213.38269499998,119.05181668168939,
2019,E08000008,Tameside,,163048.3772275,122.69003535153362,
2020,E08000008,Tameside,,172224.2106575,129.59463230030107,
2021,E08000008,Tameside,,191898.85682749999,144.39933673939004,
2022,E08000008,Tameside,,196841.15374,148.11829790431065,
2002,E08000009,Trafford,424.9,,,
2003,E08000009,Trafford,422.0,,,
2004,E08000009,Trafford,457.2,,,
2015,E08000009,Trafford,,262326.24932249996,100.0,
2016,E08000009,Trafford,,286626.538535,109.26338453557716,
2017,E08000009,Trafford,,308937.147685,117.7682936735764,
2018,E08000009,Trafford,,320222.30218500004,122.070247644689,
2019,E08000009,Trafford,,327396.9753925,124.805266814913,
2020,E08000009,Trafford,,348279.81678,132.7659041668491,
2021,E08000009,Trafford,,388621.178315,148.14422091524472,
2022,E08000009,Trafford,,392279.17084,149.53866486984222,
2002,E08000010,Wigan,362.0,,,
2003,E08000010,Wigan,364.4,,,
2004,E08000010,Wigan,380.9,,,
2015,E08000010,Wigan,,134059.3225025,100.0,
2016,E08000010,Wigan,,139444.482915,104.01699808112903,
2017,E08000010,Wigan,,146000.5713725,108.90743638494618,
2018,E08000010,Wigan,,152528.2381375,113.77667385619945,
2019,E08000010,Wigan,,160135.90718,119.45152652626132,
2020,E08000010,Wigan,,165423.935685,123.39607018520857,
2021,E08000010,Wigan,,178410.309105,133.08310513181425,
2022,E08000010,Wigan,,179690.43451,134.03799986132933,
2002,E08000011,Knowsley,324.3,,,
2003,E08000011,Knowsley,349.9,,,
2004,E08000011,Knowsley,356.2,,,
2015,E08000011,Knowsley,,127797.148265,100.0,
2016,E08000011,Knowsley,,129104.916035,101.02331529909276,
2017,E08000011,Knowsley,,141381.71796,110.62979094559378,
2018,E08000011,Knowsley,,146292.1805775,114.47217920242534,
2019,E08000011,Knowsley,,155547.08039,121.71404644136328,
2020,E08000011,Knowsley,,164722.59703250002,128.8937971377354,
2021,E08000011,Knowsley,,172812.2585175,135.2238769515864,
2022,E08000011,Knowsley,,175655.83354,137.4489461813031,
2002,E08000012,Liverpool,340.5,,,
2003,E08000012,Liverpool,354.8,,,
2004,E08000012,Liverpool,371.3,,,
2015,E08000012,Liverpool,,140228.9937575,100.0,
2016,E08000012,Liverpool,,140211.461785,99.98749761227673,
2017,E08000012,Liverpool,,142986.2710875,101.96626764274457,
2018,E08000012,Liverpool,,151224.23174750002,107.84091627228977,
2019,E08000012,Liverpool,,150922.9964225,107.62609955220337,
2020,E08000012,Liverpool,,158942.1665325,113.34472442080057,
2021,E08000012,Liverpool,,187637.133175,133.8076585641651,
2022,E08000012,Liverpool,,187991.6979,134.0605055079385,
2002,E08000013,St Helens,342.2,,,
2003,E08000013,St Helens,355.3,,,
2004,E08000013,St Helens,396.0,,,
2015,E08000013,St. Helens,,135023.968205,100.0,
2016,E08000013,St. Helens,,139583.1249375,103.3765536542209,
2017,E08000013,St. Helens,,147183.52300749999,109.00547877843343,
2018,E08000013,St. Helens,,145917.77664250002,108.06805531071379,
2019,E08000013,St. Helens,,151898.2579725,112.4972551109449,
2020,E08000013,St. Helens,,158515.26936500001,117.39787496419476,
2021,E08000013,St. Helens,,175343.5528525,129.86105739855373,
2022,E08000013,St. Helens,,177823.51164,131.69773781942155,
2002,E08000014,Sefton,368.5,,,
2003,E08000014,Sefton,371.6,,,
2004,E08000014,Sefton,397.5,,,
2015,E08000014,Sefton,,167656.94986249998,100.0,
2016,E08000014,Sefton,,177193.227325,105.68797026924383,
2017,E08000014,Sefton,,186584.1236675,111.28922709170286,
2018,E08000014,Sefton,,191133.20318,114.00255303269775,
2019,E08000014,Sefton,,198299.52887,118.27695125828714,
2020,E08000014,Sefton,,207141.3853525,123.55072994133691,
2021,E08000014,Sefton,,230698.0973575,137.60127304397568,
2022,E08000014,Sefton,,228189.82516,136.10519894769925,
2002,E08000015,Wirral,388.4,,,
2003,E08000015,Wirral,379.7,,,
2004,E08000015,Wirral,410.7,,,
2015,E08000015,Wirral,,170164.2557025,100.0,
2016,E08000015,Wirral,,175231.4089225,102.97780118338069,
2017,E08000015,Wirral,,185091.995345,108.77254719616222,
2018,E08000015,Wirral,,187480.81497,110.17637881469933,
2019,E08000015,Wirral,,193290.77019,113.59070058046288,
2020,E08000015,Wirral,,198736.959525,116.79124896385642,
2021,E08000015,Wirral,,234519.03297499998,137.81921003727842,
2022,E08000015,Wirral,,234745.8591,137.95250837544208,
2002,E08000016,Barnsley,345.8,,,
2003,E08000016,Barnsley,355.2,,,
2004,E08000016,Barnsley,376.0,,,
2015,E08000016,Barnsley,,127853.265995,100.0,
2016,E08000016,Barnsley,,133289.934005,104.25227151429407,
2017,E08000016,Barnsley,,138654.039895,108.4477888116072,
2018,E08000016,Barnsley,,148577.668645,116.20952150789053,
2019,E08000016,Barnsley,,153492.49493749999,120.05363628607084,
2020,E08000016,Barnsley,,155841.32729749999,121.8907675800746,
2021,E08000016,Barnsley,,170648.5741375,133.47220566440095,
2022,E08000016,Barnsley,,165675.41978,129.5824697872631,
2002,E08000017,Doncaster,345.8,,,
2003,E08000017,Doncaster,346.9,,,
2004,E08000017,Doncaster,382.2,,,
2015,E08000017,Doncaster,,138890.2822375,100.0,
2016,E08000017,Doncaster,,144699.112405,104.18231576314821,
2017,E08000017,Doncaster,,147542.98132999998,106.22988084775002,
2018,E08000017,Doncaster,,148398.7916475,106.84605809479213,
2019,E08000017,Doncaster,,151620.89708999998,109.16595073997391,
2020,E08000017,Doncaster,,158303.49750250002,113.97737476823882,
2021,E08000017,Doncaster,,175783.38902,126.5627704027654,
2022,E08000017,Doncaster,,175029.55046,126.02001208457656,
2002,E08000018,Rotherham,364.3,,,
2003,E08000018,Rotherham,375.6,,,
2015,E08000018,Rotherham,,144217.544615,100.0,
2016,E08000018,Rotherham,,149982.160675,103.99716697118168,
2017,E08000018,Rotherham,,149470.93989749998,103.64268806304,
2018,E08000018,Rotherham,,155209.27465500002,107.6216316602417,
2019,E08000018,Rotherham,,159346.2665525,110.49020906429054,
2020,E08000018,Rotherham,,164439.8115325,114.02205742129705,
2021,E08000018,Rotherham,,184545.129165,127.96302256958931,
2022,E08000018,Rotherham,,185074.95094,128.33039935194574,
2002,E08000019,Sheffield,353.5,,,
2003,E08000019,Sheffield,380.2,,,
2015,E08000019,Sheffield,,168401.80669250002,100.0,
2016,E08000019,Sheffield,,173588.642965,103.08003600102171,
2017,E08000019,Sheffield,,181564.9577175,107.81651413576326,
2018,E08000019,Sheffield,,192232.74375,114.15123597872974,
2019,E08000019,Sheffield,,196738.2923725,116.82671120728658,
2020,E08000019,Sheffield,,206020.49741,122.33865031281483,
2021,E08000019,Sheffield,,228415.6184775,135.6372731170186,
2022,E08000019,Sheffield,,226762.07099,134.65536709120065,
2002,E08000020,Gateshead,337.9,,,
2003,E08000020,Gateshead,333.7,,,
2004,E08000020,Gateshead,348.1,,,
2015,E08000021,Newcastle upon Tyne,,178073.427295,100.0,
2016,E08000021,Newcastle upon Tyne,,189032.40029750002,106.15418772411516,
2017,E08000021,Newcastle upon Tyne,,189183.358575,106.23896077520598,
2018,E08000021,Newcastle upon Tyne,,191563.33242750002,107.57547340859136,
2019,E08000021,Newcastle upon Tyne,,195701.02436749998,109.899060932487,
2020,E08000021,Newcastle upon Tyne,,202921.0962225,113.95360852258818,
2021,E08000021,Newcastle upon Tyne,,225097.22888,126.40697284221942,
2022,E08000021,Newcastle upon Tyne,,216831.9796,121.76548904222066,
2002,E08000021,Newcastle-upon-Tyne,367.8,,,
2003,E08000021,Newcastle-upon-Tyne,374.0,,,
2004,E08000021,Newcastle-upon-Tyne,390.7,,,
2002,E08000022,North Tyneside,345.5,,,
2003,E08000022,North Tyneside,346.2,,,
2004,E08000022,North Tyneside,376.0,,,
2015,E08000022,North Tyneside,,169161.09346,100.0,
2016,E08000022,North Tyneside,,173959.738035,102.83673064346482,
2017,E08000022,North Tyneside,,184356.5417375,108.98282694128667,
2018,E08000022,North Tyneside,,191730.9220575,113.34221015947551,
2019,E08000022,North Tyneside,,195858.3558125,115.7821528617707,
2020,E08000022,North Tyneside,,198382.33109,117.27420710774116,
2021,E08000022,North Tyneside,,207368.7996475,122.58658028628471,
2022,E08000022,North Tyneside,,200864.2532,118.74140151943186,
2002,E08000023,South Tyneside,358.6,,,
2003,E08000023,South Tyneside,343.8,,,
2004,E08000023,South Tyneside,367.0,,,
2015,E08000023,South Tyneside,,144302.3013725,100.0,
2016,E08000023,South Tyneside,,147605.1628625,102.2888487976876,
2017,E08000023,South Tyneside,,148725.8883225,103.06549993168926,
2018,E08000023,South Tyneside,,152041.7638475,105.36336732081733,
2019,E08000023,South Tyneside,,156924.77572,108.74724396454116,
2020,E08000023,South Tyneside,,157976.81301749998,109.4762949134822,
2021,E08000023,South Tyneside,,171984.6643125,119.1835907512945,
2022,E08000023,South Tyneside,,166568.76169,115.4304263381231,
2002,E08000024,Sunderland,315.1,,,
2003,E08000024,Sunderland,327.8,,,
2004,E08000024,Sunderland,352.6,,,
2015,E08000024,Sunderland,,132828.4108225,100.0,
2016,E08000024,Sunderland,,135029.7133575,101.65725278302216,
2017,E08000024,Sunderland,,138101.3033575,103.96970234180263,
2018,E08000024,Sunderland,,142043.1000725,106.9372878836243,
2019,E08000024,Sunderland,,142948.7751475,107.61912625644821,
2020,E08000024,Sunderland,,144425.89739,108.73117919252819,
2021,E08000024,Sunderland,,158124.00306000002,119.04381154668995,
2022,E08000024,Sunderland,,154900.42786,116.61693978029675,
2002,E08000025,Birmingham,372.6,,,
2003,E08000025,Birmingham,377.0,,,
2015,E08000025,Birmingham,,173872.618975,100.0,
2016,E08000025,Birmingham,,182816.4555825,105.14390170242159,
2017,E08000025,Birmingham,,195149.8647425,112.2372607561397,
2018,E08000025,Birmingham,,204659.15305999998,117.70637278398999,
2019,E08000025,Birmingham,,214159.5012875,123.17034306493801,
2020,E08000025,Birmingham,,221154.601955,127.19346108589897,
2021,E08000025,Birmingham,,248928.67576,143.16726648937853,
2022,E08000025,Birmingham,,249484.80263,143.48711378521986,
2002,E08000026,Coventry,374.9,,,
2003,E08000026,Coventry,383.8,,,
2015,E08000026,Coventry,,161393.493105,100.0,
2016,E08000026,Coventry,,172795.6409375,107.06481259754501,
2017,E08000026,Coventry,,183551.7556375,113.72934069782119,
2018,E08000026,Coventry,,195474.829605,121.11692103833904,
2019,E08000026,Coventry,,201704.24204749998,124.97668782487683,
2020,E08000026,Coventry,,206537.845095,127.97160599320432,
2021,E08000026,Coventry,,224012.3981275,138.79890311424214,
2022,E08000026,Coventry,,227278.39559,140.8225271152266,
2002,E08000027,Dudley,350.1,,,
2003,E08000027,Dudley,355.0,,,
2015,E08000027,Dudley,,159241.5575425,100.0,
2016,E08000027,Dudley,,165967.3141825,104.22361897471706,
2017,E08000027,Dudley,,173799.95674,109.14233659992587,
2018,E08000027,Dudley,,179057.27271,112.44380893612609,
2019,E08000027,Dudley,,186605.8557175,117.18414376077473,
2020,E08000027,Dudley,,199065.4545775,125.00848249011342,
2021,E08000027,Dudley,,221897.0309,139.34618219291022,
2022,E08000027,Dudley,,221717.75825,139.23360313203776,
2002,E08000028,Sandwell,327.1,,,
2003,E08000028,Sandwell,345.8,,,
2015,E08000028,Sandwell,,130157.9544775,100.0,
2016,E08000028,Sandwell,,136455.8495075,104.83865550536807,
2017,E08000028,Sandwell,,144392.2373725,110.93616056901128,
2018,E08000028,Sandwell,,155650.93670000002,119.58618843146228,
2019,E08000028,Sandwell,,161978.60804,124.44772099426373,
2020,E08000028,Sandwell,,164836.22337999998,126.64321903468046,
2021,E08000028,Sandwell,,182025.7935075,139.8499186916511,
2022,E08000028,Sandwell,,190574.35902,146.41775816547886,
2002,E08000029,Solihull,423.0,,,
2003,E08000029,Solihull,439.9,,,
2015,E08000029,Solihull,,278541.58934249997,100.0,
2016,E08000029,Solihull,,285660.938645,102.55593763190096,
2017,E08000029,Solihull,,302794.08277,108.70695592882494,
2018,E08000029,Solihull,,320106.9480875,114.92249643692902,
2019,E08000029,Solihull,,322664.475745,115.84068163991329,
2020,E08000029,Solihull,,336052.301065,120.64708249071697,
2021,E08000029,Solihull,,373783.1620225,134.19294508400654,
2022,E08000029,Solihull,,368903.19854,132.44097565853613,
2002,E08000030,Walsall,337.8,,,
2003,E08000030,Walsall,349.4,,,
2015,E08000030,Walsall,,156834.314065,100.0,
2016,E08000030,Walsall,,160058.7379175,102.05594284115887,
2017,E08000030,Walsall,,171642.340685,109.44182828119031,
2018,E08000030,Walsall,,182639.4920275,116.45378316368,
2019,E08000030,Walsall,,184587.14910749998,117.69563963597776,
2020,E08000030,Walsall,,187778.829335,119.73070463213492,
2021,E08000030,Walsall,,215079.20201,137.13784721936577,
2022,E08000030,Walsall,,215604.94997,137.47307230268657,
2002,E08000031,Wolverhampton,346.9,,,
2003,E08000031,Wolverhampton,345.2,,,
2015,E08000031,Wolverhampton,,145303.48820249998,100.0,
2016,E08000031,Wolverhampton,,150882.1100825,103.83928971631119,
2017,E08000031,Wolverhampton,,157322.035825,108.27134143245793,
2018,E08000031,Wolverhampton,,164570.2498025,113.25966901300346,
2019,E08000031,Wolverhampton,,166924.83620000002,114.88013004021471,
2020,E08000031,Wolverhampton,,176078.9271,121.18011018056932,
2021,E08000031,Wolverhampton,,200111.703305,137.71982061856448,
2022,E08000031,Wolverhampton,,199958.29331,137.61424160122792,
2002,E08000032,Bradford,341.0,,,
2003,E08000032,Bradford,350.0,,,
2015,E08000032,Bradford,,152009.70109,100.0,
2016,E08000032,Bradford,,159220.0805325,104.74336795006982,
2017,E08000032,Bradford,,164426.32196,108.16830819412542,
2018,E08000032,Bradford,,167100.2909725,109.92738606437055,
2019,E08000032,Bradford,,170434.30611,112.12067709355695,
2020,E08000032,Bradford,,174882.55459,115.04696959206424,
2021,E08000032,Bradford,,193434.96924,127.2517266022867,
2022,E08000032,Bradford,,189456.44017,124.6344403097201,
2002,E08000033,Calderdale,361.5,,,
2003,E08000033,Calderdale,389.4,,,
2015,E08000033,Calderdale,,150933.5813,100.0,
2016,E08000033,Calderdale,,159560.60159,105.71577260387978,
2017,E08000033,Calderdale,,162591.5332225,107.72389538636091,
2018,E08000033,Calderdale,,165597.98696,109.71580050886926,
2019,E08000033,Calderdale,,172856.5515925,114.52491228504363,
2020,E08000033,Calderdale,,176850.10476000002,117.17081330528268,
2021,E08000033,Calderdale,,196344.849645,130.08692164717093,
2022,E08000033,Calderdale,,196787.96397,130.38050397734784,
2002,E08000034,Kirklees,365.6,,,
2003,E08000034,Kirklees,388.3,,,
2015,E08000034,Kirklees,,156931.7564875,100.0,
2016,E08000034,Kirklees,,163246.20359,104.02368981513499,
2017,E08000034,Kirklees,,166943.55285,106.37971344142667,
2018,E08000034,Kirklees,,176471.9793875,112.45141412889011,
2019,E08000034,Kirklees,,183850.693765,117.15327597167635,
2020,E08000034,Kirklees,,190496.59204249998,121.38817299076972,
2021,E08000034,Kirklees,,212076.97643500002,135.13961812559745,
2022,E08000034,Kirklees,,208025.66262,132.55804132707183,
2002,E08000035,Leeds,364.7,,,
2003,E08000035,Leeds,386.3,,,
2015,E08000035,Leeds,,183445.69689999998,100.0,
2016,E08000035,Leeds,,192307.4687975,104.83073304375779,
2017,E08000035,Leeds,,201595.2016325,109.89366610348657,
2018,E08000035,Leeds,,209471.79356,114.1873574032033,
2019,E08000035,Leeds,,214763.1930225,117.07180743496635,
2020,E08000035,Leeds,,228999.15417,124.83212091632335,
2021,E08000035,Leeds,,256822.931975,139.99943106596797,
2022,E08000035,Leeds,,254950.31348,138.97862843791788,
2002,E08000036,Wakefield,349.8,,,
2003,E08000036,Wakefield,360.5,,,
2015,E08000036,Wakefield,,148999.192285,100.0,
2016,E08000036,Wakefield,,155661.10856999998,104.4711089924953,
2017,E08000036,Wakefield,,163599.68249500002,109.79903983779506,
2018,E08000036,Wakefield,,171883.9252325,115.35896443232187,
2019,E08000036,Wakefield,,174444.62552,117.07756454567146,
2020,E08000036,Wakefield,,179012.311165,120.14314199944927,
2021,E08000036,Wakefield,,197992.7622875,132.8817688546841,
2022,E08000036,Wakefield,,200524.75325,134.58110086022742,
2015,E08000037,Gateshead,,144361.761295,100.0,
2016,E08000037,Gateshead,,144106.03392,99.82285657039232,
2017,E08000037,Gateshead,,147805.1425225,102.38524467740702,
2018,E08000037,Gateshead,,155984.959545,108.05143837657137,
2019,E08000037,Gateshead,,157140.4001025,108.8518169166606,
2020,E08000037,Gateshead,,162319.4284125,112.43935163744914,
2021,E08000037,Gateshead,,173790.374485,120.38532428948639,
2022,E08000037,Gateshead,,164208.55957,113.74796074595095,
2015,E09000001,City of London,,922498.16827,100.0,
2016,E09000001,City of London,,920949.9370975001,99.8321697293553,
2017,E09000001,City of London,,957164.4502575,103.75787000775418,
2018,E09000001,City of London,,1136731.686415,123.22319171069587,
2019,E09000001,City of London,,1207424.63855,130.88639957023813,
2020,E09000001,City of London,,1172473.0256,127.09759931543154,
2021,E09000001,City of London,,966144.71209,104.73134205803922,
2022,E09000001,City of London,,944371.32353,102.37107844897075,
2002,E09000002,Barking and Dagenham,439.5,,,
2003,E09000002,Barking and Dagenham,404.3,,,
2015,E09000002,Barking and Dagenham,,231426.9390125,100.0,
2016,E09000002,Barking and Dagenham,,271165.870795,117.17126448289305,
2017,E09000002,Barking and Dagenham,,301157.5060325,130.1307044536564,
2018,E09000002,Barking and Dagenham,,305611.3869,132.0552344528452,
2019,E09000002,Barking and Dagenham,,315629.14908500004,136.3839276584616,
2020,E09000002,Barking and Dagenham,,323306.51652,139.70133204870214,
2021,E09000002,Barking and Dagenham,,335154.0736775,144.82068297995224,
2022,E09000002,Barking and Dagenham,,347177.76314,150.01614099957828,
2002,E09000003,Barnet,499.1,,,
2003,E09000003,Barnet,529.5,,,
2015,E09000003,Barnet,,554126.822605,100.0,
2016,E09000003,Barnet,,580732.2775325,104.80132955889508,
2017,E09000003,Barnet,,627474.4315025001,113.23661044825198,
2018,E09000003,Barnet,,646099.9410824999,116.59784632787238,
2019,E09000003,Barnet,,619326.1297525,111.7661344818127,
2020,E09000003,Barnet,,666737.4031025,120.32216739989367,
2021,E09000003,Barnet,,709069.97551,127.9616771078863,
2022,E09000003,Barnet,,735800.54221,132.78558485058267,
2002,E09000004,Bexley,464.6,,,
2003,E09000004,Bexley,494.1,,,
2015,E09000004,Bexley,,283445.91750750004,100.0,
2016,E09000004,Bexley,,324446.339115,114.4649892889761,
2017,E09000004,Bexley,,350222.6919475,123.55891205885266,
2018,E09000004,Bexley,,362655.286895,127.94514385108549,
2019,E09000004,Bexley,,369989.44291,130.53264134601974,
2020,E09000004,Bexley,,381723.5360175,134.672440998343,
2021,E09000004,Bexley,,410768.80625,144.9196410596145,
2022,E09000004,Bexley,,415115.32836,146.4530983583547,
2002,E09000005,Brent,428.4,,,
2003,E09000005,Brent,421.0,,,
2015,E09000005,Brent,,493084.58267499995,100.0,
2016,E09000005,Brent,,519358.897695,105.3285614564262,
2017,E09000005,Brent,,544103.7229825,110.34693480593522,
2018,E09000005,Brent,,583148.6516725,118.26544008107078,
2019,E09000005,Brent,,584858.864265,118.61227968072366,
2020,E09000005,Brent,,592765.5506275,120.21579490717953,
2021,E09000005,Brent,,634587.59719,128.697513466623,
2022,E09000005,Brent,,653277.8856,132.4879966954039,
2002,E09000006,Bromley,506.1,,,
2003,E09000006,Bromley,537.4,,,
2015,E09000006,Bromley,,424922.4503275,100.0,
2016,E09000006,Bromley,,465324.62456,109.50812888360237,
2017,E09000006,Bromley,,492699.971875,115.9505626250771,
2018,E09000006,Bromley,,500848.3943525,117.86818841096338,
2019,E09000006,Bromley,,494217.6765975,116.30773479174663,
2020,E09000006,Bromley,,511789.1574375,120.44295542470145,
2021,E09000006,Bromley,,556737.6234525,131.02099524828736,
2022,E09000006,Bromley,,568653.47152,133.82523589462556,
2002,E09000007,Camden,542.7,,,
2003,E09000007,Camden,538.8,,,
2015,E09000007,Camden,,1015763.2617925,100.0,
2016,E09000007,Camden,,1071075.0143249999,105.44533894983483,
2017,E09000007,Camden,,1080327.2925999998,106.35620850212328,
2018,E09000007,Camden,,1109751.1479250002,109.25293222031296,
2019,E09000007,Camden,,1127158.58125,110.9666615881463,
2020,E09000007,Camden,,1143662.8066,112.59147181419003,
2021,E09000007,Camden,,1169044.30815,115.09023333714663,
2022,E09000007,Camden,,1160176.7743,114.21724115643401,
2002,E09000008,Croydon,461.2,,,
2003,E09000008,Croydon,479.8,,,
2015,E09000008,Croydon,,324302.5343775,100.0,
2016,E09000008,Croydon,,361793.8269975,111.56059193060722,
2017,E09000008,Croydon,,389428.29408749996,120.08179178587338,
2018,E09000008,Croydon,,411517.26068,126.89301410175811,
2019,E09000008,Croydon,,416569.6456325,128.45093746556964,
2020,E09000008,Croydon,,421044.50519,129.830778534678,
2021,E09000008,Croydon,,446469.1661525,137.67057572013718,
2022,E09000008,Croydon,,446263.6391,137.60720062105122,
2002,E09000009,Ealing,472.4,,,
2003,E09000009,Ealing,479.8,,,
2015,E09000009,Ealing,,511891.6164175,100.0,
2016,E09000009,Ealing,,545791.13067,106.62240075150038,
2017,E09000009,Ealing,,567861.96541,110.93402337475486,
2018,E09000009,Ealing,,565843.2128325,110.53965227885212,
2019,E09000009,Ealing,,566421.7145825,110.65266482515024,
2020,E09000009,Ealing,,575944.3927275001,112.51295669936474,
2021,E09000009,Ealing,,629888.607735,123.05116699181518,
2022,E09000009,Ealing,,648262.05587,126.64049089275882,
2002,E09000010,Enfield,442.8,,,
2003,E09000010,Enfield,461.6,,,
2015,E09000010,Enfield,,375741.35396,100.0,
2016,E09000010,Enfield,,428133.3743325,113.94363963943066,
2017,E09000010,Enfield,,462687.0410825,123.1397705379419,
2018,E09000010,Enfield,,465044.017385,123.76705744092966,
2019,E09000010,Enfield,,471856.757445,125.58020363529965,
2020,E09000010,Enfield,,493534.4201075,131.34950808742755,
2021,E09000010,Enfield,,525890.7102675,139.9608280337129,
2022,E09000010,Enfield,,530919.13882,141.29909663244564,
2002,E09000011,Greenwich,472.5,,,
2003,E09000011,Greenwich,497.1,,,
2015,E09000011,Greenwich,,382157.91897,100.0,
2016,E09000011,Greenwich,,431195.50114,112.83175874051416,
2017,E09000011,Greenwich,,458849.74114249996,120.06809707861122,
2018,E09000011,Greenwich,,470947.7518,123.2338068695026,
2019,E09000011,Greenwich,,488138.247755,127.73207711373362,
2020,E09000011,Greenwich,,498182.27286,130.36031654210157,
2021,E09000011,Greenwich,,507706.590975,132.85256323966317,
2022,E09000011,Greenwich,,504889.46784,132.11540119351412,
2002,E09000012,Hackney,455.9,,,
2003,E09000012,Hackney,460.7,,,
2015,E09000012,Hackney,,534793.3975525,100.0,
2016,E09000012,Hackney,,598516.832255,111.91552382548709,
2017,E09000012,Hackney,,604482.7893775001,113.03108679799263,
2018,E09000012,Hackney,,617102.02754,115.39073413474965,
2019,E09000012,Hackney,,642318.2172475,120.10586147605615,
2020,E09000012,Hackney,,722607.1627925,135.11893865921607,
2021,E09000012,Hackney,,695657.8033475,130.07972920593286,
2022,E09000012,Hackney,,719360.87656,134.51192177244133,
2002,E09000013,Hammersmith and Fulham,550.5,,,
2003,E09000013,Hammersmith and Fulham,541.8,,,
2015,E09000013,Hammersmith and Fulham,,933977.9976125,100.0,
2016,E09000013,Hammersmith and Fulham,,937841.4327375,100.41365376217384,
2017,E09000013,Hammersmith and Fulham,,955236.5046475,102.27612503606535,
2018,E09000013,Hammersmith and Fulham,,1012425.0962799999,108.3992448288966,
2019,E09000013,Hammersmith and Fulham,,960852.90824,102.87746720974151,
2020,E09000013,Hammersmith and Fulham,,996352.1852175,106.67833586705953,
2021,E09000013,Hammersmith and Fulham,,984070.7467725,105.36337572063267,
2022,E09000013,Hammersmith and Fulham,,1027597.2174,110.02370719940042,
2002,E09000014,Haringey,448.3,,,
2003,E09000014,Haringey,484.1,,,
2015,E09000014,Haringey,,553525.76078,100.0,
2016,E09000014,Haringey,,603001.59881,108.93830812142893,
2017,E09000014,Haringey,,655125.5185575001,118.35501885844137,
2018,E09000014,Haringey,,680479.4520749999,122.93546213930556,
2019,E09000014,Haringey,,655266.5064325,118.38048973712301,
2020,E09000014,Haringey,,667355.28367,120.56444902033057,
2021,E09000014,Haringey,,700055.9895825,126.47216068065505,
2022,E09000014,Haringey,,727809.98031,131.48619845342117,
2002,E09000015,Harrow,447.1,,,
2003,E09000015,Harrow,492.4,,,
2015,E09000015,Harrow,,448881.744065,100.0,
2016,E09000015,Harrow,,487243.3683925,108.54604243427308,
2017,E09000015,Harrow,,521398.592565,116.15500061180907,
2018,E09000015,Harrow,,514833.2909575,114.69241014242495,
2019,E09000015,Harrow,,499303.33311,111.23271100053888,
2020,E09000015,Harrow,,510420.46493250004,113.70933919259345,
2021,E09000015,Harrow,,575147.5240249999,128.12896305752105,
2022,E09000015,Harrow,,590544.22427,131.5589756273284,
2002,E09000016,Havering,477.1,,,
2003,E09000016,Havering,492.4,,,
2015,E09000016,Havering,,302614.02352,100.0,
2016,E09000016,Havering,,342963.853075,113.33376063860214,
2017,E09000016,Havering,,376786.3371175,124.51053415658973,
2018,E09000016,Havering,,391970.57894,129.5282268748178,
2019,E09000016,Havering,,391222.6028325,129.28105521409975,
2020,E09000016,Havering,,406107.4134075,134.19979969324194,
2021,E09000016,Havering,,430673.2801775,142.3176874514662,
2022,E09000016,Havering,,440898.74672,145.69673328138433,
2002,E09000017,Hillingdon,451.1,,,
2003,E09000017,Hillingdon,475.0,,,
2015,E09000017,Hillingdon,,376432.6992775,100.0,
2016,E09000017,Hillingdon,,425279.5561025,112.97625230718624,
2017,E09000017,Hillingdon,,448915.703745,119.25523595761449,
2018,E09000017,Hillingdon,,445819.3179125,118.43267568629827,
2019,E09000017,Hillingdon,,448225.79414,119.07196027345523,
2020,E09000017,Hillingdon,,460120.943545,122.23192736128547,
2021,E09000017,Hillingdon,,494246.5065575,131.29744241297954,
2022,E09000017,Hillingdon,,501663.56189,133.26779603707644,
2002,E09000018,Hounslow,460.6,,,
2003,E09000018,Hounslow,462.7,,,
2015,E09000018,Hounslow,,448935.23137500003,100.0,
2016,E09000018,Hounslow,,480878.8366425,107.11541510557392,
2017,E09000018,Hounslow,,489232.678505,108.97622737395255,
2018,E09000018,Hounslow,,509305.3756325,113.44740622663944,
2019,E09000018,Hounslow,,505184.2167625,112.5294210515001,
2020,E09000018,Hounslow,,539143.386055,120.09380159443272,
2021,E09000018,Hounslow,,576948.7601574999,128.51492149333427,
2022,E09000018,Hounslow,,585781.97688,130.48251416710278,
2002,E09000019,Islington,516.8,,,
2003,E09000019,Islington,539.2,,,
2015,E09000019,Islington,,716157.7817725,100.0,
2016,E09000019,Islington,,746526.6189349999,104.24052323879476,
2017,E09000019,Islington,,772977.0584125,107.93390480228693,
2018,E09000019,Islington,,754751.7001725,105.3890245113974,
2019,E09000019,Islington,,743367.8606,103.79945307026541,
2020,E09000019,Islington,,792323.9878575001,110.63539460487152,
2021,E09000019,Islington,,825103.6069974999,115.21254505611284,
2022,E09000019,Islington,,841554.16561,117.50960291559527,
2002,E09000020,Kensington and Chelsea,699.9,,,
2003,E09000020,Kensington and Chelsea,710.6,,,
2015,E09000020,Kensington and Chelsea,,1935483.5843,100.0,
2016,E09000020,Kensington and Chelsea,,1927048.6436,99.56419466595216,
2017,E09000020,Kensington and Chelsea,,2057716.82905,106.31538524746557,
2018,E09000020,Kensington and Chelsea,,2305048.764825,119.09420382186602,
2019,E09000020,Kensington and Chelsea,,2171163.349125,112.17678965281628,
2020,E09000020,Kensington and Chelsea,,2151683.6525,111.17033851145746,
2021,E09000020,Kensington and Chelsea,,2212795.351975,114.32777678531923,
2022,E09000020,Kensington and Chelsea,,2219691.5337,114.68407956055016,
2015,E09000021,Kingston upon Thames,,493051.9892925,100.0,
2016,E09000021,Kingston upon Thames,,533938.2532775,108.29248535102136,
2017,E09000021,Kingston upon Thames,,562451.3472875,114.0754645558948,
2018,E09000021,Kingston upon Thames,,568052.75131,115.21153218043428,
2019,E09000021,Kingston upon Thames,,564288.2807425,114.44802840207981,
2020,E09000021,Kingston upon Thames,,604324.958505,122.56820206164669,
2021,E09000021,Kingston upon Thames,,630297.58282,127.83592734803466,
2022,E09000021,Kingston upon Thames,,645331.31983,130.8850453592149,
2002,E09000021,Kingston-upon-Thames,519.5,,,
2003,E09000021,Kingston-upon-Thames,512.7,,,
2002,E09000022,Lambeth,463.7,,,
2003,E09000022,Lambeth,493.9,,,
2015,E09000022,Lambeth,,539799.360285,100.0,
2016,E09000022,Lambeth,,578678.197285,107.20246074013001,
2017,E09000022,Lambeth,,602878.8184825,111.68572303683275,
2018,E09000022,Lambeth,,645137.4308475,119.51430074072047,
2019,E09000022,Lambeth,,636076.0997575,117.83565275469545,
2020,E09000022,Lambeth,,695100.07108,128.77008055604315,
2021,E09000022,Lambeth,,692550.92764,128.29784149324504,
2022,E09000022,Lambeth,,682284.7169,126.39598471175874,
2002,E09000023,Lewisham,454.8,,,
2003,E09000023,Lewisham,492.1,,,
2015,E09000023,Lewisham,,385721.2091975,100.0,
2016,E09000023,Lewisham,,426612.37693,110.60122356703559,
2017,E09000023,Lewisham,,457756.7007225,118.67553295160282,
2018,E09000023,Lewisham,,464523.405305,120.42983228001629,
2019,E09000023,Lewisham,,469620.023705,121.75115407370339,
2020,E09000023,Lewisham,,488029.2530925,126.52383157977071,
2021,E09000023,Lewisham,,523121.11380249995,135.6215580913642,
2022,E09000023,Lewisham,,514580.94873,133.40748096289417,
2002,E09000024,Merton,506.0,,,
2003,E09000024,Merton,507.6,,,
2015,E09000024,Merton,,562310.2730474999,100.0,
2016,E09000024,Merton,,586379.7292475001,104.28045820140422,
2017,E09000024,Merton,,616972.2963575,109.72097184242313,
2018,E09000024,Merton,,642469.1352,114.25527257719669,
2019,E09000024,Merton,,652421.6880699999,116.0252122967862,
2020,E09000024,Merton,,657446.215555,116.9187630152835,
2021,E09000024,Merton,,714164.1039825,127.005345307318,
2022,E09000024,Merton,,724572.12418,128.8562843166825,
2002,E09000025,Newham,384.0,,,
2003,E09000025,Newham,380.7,,,
2015,E09000025,Newham,,298130.71329,100.0,
2016,E09000025,Newham,,349307.16937,117.16577789495284,
2017,E09000025,Newham,,401260.6031575,134.59217224868163,
2018,E09000025,Newham,,427181.518185,143.28665217711693,
2019,E09000025,Newham,,437199.2783525,146.64684276498014,
2020,E09000025,Newham,,435756.5834425,146.1629292177715,
2021,E09000025,Newham,,449260.5167575,150.69246365116763,
2022,E09000025,Newham,,440029.00515,147.59599918240278,
2002,E09000026,Redbridge,484.6,,,
2003,E09000026,Redbridge,503.7,,,
2015,E09000026,Redbridge,,368572.5248575,100.0,
2016,E09000026,Redbridge,,410463.2661775,111.36567120302745,
2017,E09000026,Redbridge,,440477.9077275,119.50915437817851,
2018,E09000026,Redbridge,,464714.95367,126.08507751620152,
2019,E09000026,Redbridge,,466070.3265675,126.4528132550562,
2020,E09000026,Redbridge,,473987.5032725,128.60087806484117,
2021,E09000026,Redbridge,,526889.4533075,142.9540776299616,
2022,E09000026,Redbridge,,533808.28183,144.8312735835056,
2015,E09000027,Richmond upon Thames,,748194.06436,100.0,
2016,E09000027,Richmond upon Thames,,774568.96005,103.52514099568018,
2017,E09000027,Richmond upon Thames,,799326.963845,106.8341760407761,
2018,E09000027,Richmond upon Thames,,792052.4725949999,105.86190272339519,
2019,E09000027,Richmond upon Thames,,820716.32319,109.69297436114186,
2020,E09000027,Richmond upon Thames,,849698.1921225,113.56655079178235,
2021,E09000027,Richmond upon Thames,,910954.7198675,121.75380202283807,
2022,E09000027,Richmond upon Thames,,958036.45221,128.04651865682706,
2002,E09000027,Richmond-upon-Thames,619.2,,,
2003,E09000027,Richmond-upon-Thames,625.9,,,
2002,E09000028,Southwark,461.9,,,
2003,E09000028,Southwark,489.9,,,
2015,E09000028,Southwark,,556137.97514,100.0,
2016,E09000028,Southwark,,624636.071715,112.31674505912972,
2017,E09000028,Southwark,,655239.14344,117.8195290970829,
2018,E09000028,Southwark,,651257.3391,117.10355491118098,
2019,E09000028,Southwark,,720678.9690125,129.5863618791864,
2020,E09000028,Southwark,,648478.8476475,116.60395021294032,
2021,E09000028,Southwark,,678688.988135,122.03608069816659,
2022,E09000028,Southwark,,660042.19927,118.68317374008555,
2002,E09000029,Sutton,472.8,,,
2003,E09000029,Sutton,471.0,,,
2015,E09000029,Sutton,,343632.6948975,100.0,
2016,E09000029,Sutton,,379172.998065,110.34252668480835,
2017,E09000029,Sutton,,395765.28661,115.17102199138832,
2018,E09000029,Sutton,,414594.412465,120.65045573986106,
2019,E09000029,Sutton,,422113.30258,122.83851590603436,
2020,E09000029,Sutton,,431371.988485,125.53287125768729,
2021,E09000029,Sutton,,470412.5775125,136.8940105227229,
2022,E09000029,Sutton,,473072.21797,137.6679882311867,
2002,E09000030,Tower Hamlets,482.0,,,
2003,E09000030,Tower Hamlets,500.1,,,
2015,E09000030,Tower Hamlets,,460720.1545525,100.0,
2016,E09000030,Tower Hamlets,,515576.94379499997,111.90674831574987,
2017,E09000030,Tower Hamlets,,539625.95407,117.12662203678535,
2018,E09000030,Tower Hamlets,,562682.8316275,122.13115186463612,
2019,E09000030,Tower Hamlets,,543479.53391,117.96304731619233,
2020,E09000030,Tower Hamlets,,573279.3447825001,124.43114092530409,
2021,E09000030,Tower Hamlets,,617160.1149625,133.95552785441978,
2022,E09000030,Tower Hamlets,,603047.59933,130.89238518678295,
2002,E09000031,Waltham Forest,455.0,,,
2003,E09000031,Waltham Forest,476.8,,,
2015,E09000031,Waltham Forest,,364623.9775925,100.0,
2016,E09000031,Waltham Forest,,416275.90619999997,114.16580690840514,
2017,E09000031,Waltham Forest,,449993.56000249996,123.41304677044805,
2018,E09000031,Waltham Forest,,464101.937505,127.28234181671824,
2019,E09000031,Waltham Forest,,461147.7063425,126.4721287358326,
2020,E09000031,Waltham Forest,,477074.705055,130.84018999654867,
2021,E09000031,Waltham Forest,,520678.85005249997,142.79885088478886,
2022,E09000031,Waltham Forest,,524637.25639,143.8844641688181,
2002,E09000032,Wandsworth,556.2,,,
2003,E09000032,Wandsworth,553.6,,,
2015,E09000032,Wandsworth,,685420.669,100.0,
2016,E09000032,Wandsworth,,744154.91573,108.5690801848288,
2017,E09000032,Wandsworth,,810336.153535,118.22464512446736,
2018,E09000032,Wandsworth,,784163.9372425,114.40622857004917,
2019,E09000032,Wandsworth,,767057.4897025,111.91046964218407,
2020,E09000032,Wandsworth,,797579.8622399999,116.36355574214525,
2021,E09000032,Wandsworth,,818054.7816525,119.3507605841545,
2022,E09000032,Wandsworth,,835718.52808,121.92782708161955,
2015,E09000033,Westminster,,1432313.719825,100.0,
2016,E09000033,Westminster,,1497181.577875,104.52888617571334,
2017,E09000033,Westminster,,1659876.921325,115.88780435111686,
2018,E09000033,Westminster,,1768073.503725,123.4417767038511,
2019,E09000033,Westminster,,1795920.3631,125.38596385988856,
2020,E09000033,Westminster,,1883625.17115,131.50925981356522,
2021,E09000033,Westminster,,1591430.757575,111.10909122405397,
2022,E09000033,Westminster,,1548332.0777,108.10006608672123,
2002,E09000033,"Westminster, City of",527.0,,,
2003,E09000033,"Westminster, City of",555.2,,,
2002,E10000001,Bedfordshire,433.1,,,
2003,E10000001,Bedfordshire,454.6,,,
2002,E10000002,Buckinghamshire,501.9,,,
2003,E10000002,Buckinghamshire,499.1,,,
2002,E10000003,Cambridgeshire,408.7,,,
2003,E10000003,Cambridgeshire,430.8,,,
2002,E10000004,Cheshire,422.3,,,
2003,E10000004,Cheshire,453.9,,,
2004,E10000004,Cheshire,460.0,,,
2002,E10000005,Cornwall and Isles of Scilly,311.4,,,
2003,E10000005,Cornwall and Isles of Scilly,345.7,,,
2002,E10000006,Cumbria,367.1,,,
2003,E10000006,Cumbria,380.9,,,
2004,E10000006,Cumbria,388.6,,,
2002,E10000007,Derbyshire,369.9,,,
2003,E10000007,Derbyshire,384.0,,,
2002,E10000008,Devon,345.7,,,
2003,E10000008,Devon,349.3,,,
2002,E10000009,Dorset,364.9,,,
2003,E10000009,Dorset,376.4,,,
2002,E10000010,Durham,339.5,,,
2003,E10000010,Durham,349.4,,,
2004,E10000010,Durham,360.3,,,
2002,E10000011,East Sussex,385.7,,,
2003,E10000011,East Sussex,393.4,,,
2002,E10000012,Essex,438.3,,,
2003,E10000012,Essex,463.6,,,
2002,E10000013,Gloucestershire,385.4,,,
2003,E10000013,Gloucestershire,403.1,,,
2002,E10000014,Hampshire,427.4,,,
2003,E10000014,Hampshire,450.4,,,
2002,E10000015,Hertfordshire,480.4,,,
2003,E10000015,Hertfordshire,492.5,,,
2002,E10000016,Kent,411.8,,,
2003,E10000016,Kent,425.6,,,
2002,E10000017,Lancashire,364.9,,,
2003,E10000017,Lancashire,385.1,,,
2004,E10000017,Lancashire,398.7,,,
2002,E10000018,Leicestershire,377.8,,,
2003,E10000018,Leicestershire,398.6,,,
2002,E10000019,Lincolnshire,353.5,,,
2003,E10000019,Lincolnshire,370.3,,,
2002,E10000020,Norfolk,349.6,,,
2003,E10000020,Norfolk,370.7,,,
2002,E10000021,Northamptonshire,394.9,,,
2003,E10000021,Northamptonshire,408.9,,,
2002,E10000022,Northumberland,358.6,,,
2003,E10000022,Northumberland,367.8,,,
2004,E10000022,Northumberland,380.5,,,
2002,E10000023,North Yorkshire,366.1,,,
2003,E10000023,North Yorkshire,378.5,,,
2004,E10000023,North Yorkshire,402.6,,,
2002,E10000024,Nottinghamshire,375.0,,,
2003,E10000024,Nottinghamshire,395.0,,,
2002,E10000025,Oxfordshire,441.2,,,
2003,E10000025,Oxfordshire,451.9,,,
2002,E10000026,Shropshire,367.5,,,
2003,E10000026,Shropshire,383.6,,,
2002,E10000027,Somerset,364.4,,,
2003,E10000027,Somerset,380.3,,,
2002,E10000028,Staffordshire,384.6,,,
2003,E10000028,Staffordshire,388.5,,,
2002,E10000029,Suffolk,371.3,,,
2003,E10000029,Suffolk,381.4,,,
2002,E10000030,Surrey,499.0,,,
2003,E10000030,Surrey,518.2,,,
2002,E10000031,Warwickshire,400.5,,,
2003,E10000031,Warwickshire,421.1,,,
2002,E10000032,West Sussex,407.9,,,
2003,E10000032,West Sussex,433.0,,,
2002,E10000033,Wiltshire,394.2,,,
2003,E10000033,Wiltshire,423.3,,,
2002,E10000034,Worcestershire,375.3,,,
2003,E10000034,Worcestershire,401.6,,,
2002,S12000005,Clackmannanshire,370.2,,,
2003,S12000005,Clackmannanshire,374.2,,,
2002,S12000006,Dumfries and Galloway,345.9,,,
2003,S12000006,Dumfries and Galloway,339.4,,,
2002,S12000008,East Ayrshire,366.0,,,
2003,S12000008,East Ayrshire,402.2,,,
2002,S12000009,East Dunbartonshire,439.7,,,
2003,S12000009,East Dunbartonshire,479.9,,,
2002,S12000010,East Lothian,360.6,,,
2003,S12000010,East Lothian,390.0,,,
2002,S12000011,East Renfrewshire,456.7,,,
2003,S12000011,East Renfrewshire,426.4,,,
2002,S12000013,Eilean Siar,383.0,,,
2003,S12000013,Eilean Siar,355.4,,,
2002,S12000014,Falkirk,354.4,,,
2003,S12000014,Falkirk,378.3,,,
2002,S12000015,Fife,353.6,,,
2003,S12000015,Fife,365.0,,,
2002,S12000017,Highland,339.7,,,
2003,S12000017,Highland,352.5,,,
2002,S12000018,Inverclyde,324.9,,,
2003,S12000018,Inverclyde,344.7,,,
2002,S12000019,Midlothian,320.9,,,
2003,S12000019,Midlothian,341.0,,,
2002,S12000020,Moray,310.9,,,
2003,S12000020,Moray,331.1,,,
2002,S12000021,North Ayrshire,369.0,,,
2003,S12000021,North Ayrshire,371.4,,,
2002,S12000024,Perthshire and Kinross,375.1,,,
2003,S12000024,Perthshire and Kinross,398.4,,,
2002,S12000026,Scottish Borders,329.3,,,
2003,S12000026,Scottish Borders,343.4,,,
2002,S12000027,Shetland Islands,367.3,,,
2003,S12000027,Shetland Islands,422.1,,,
2002,S12000028,South Ayrshire,435.1,,,
2003,S12000028,South Ayrshire,442.7,,,
2002,S12000029,South Lanarkshire,379.8,,,
2003,S12000029,South Lanarkshire,389.6,,,
2002,S12000030,Stirling,425.9,,,
2003,S12000030,Stirling,428.4,,,
2002,S12000033,Aberdeen City,388.8,,,
2003,S12000033,Aberdeen City,408.9,,,
2002,S12000034,Aberdeenshire,421.6,,,
2003,S12000034,Aberdeenshire,421.7,,,
2002,S12000035,Argyll and Bute,349.2,,,
2003,S12000035,Argyll and Bute,380.1,,,
2002,S12000036,"Edinburgh, City of",412.4,,,
2003,S12000036,"Edinburgh, City of",422.0,,,
2002,S12000038,Renfrewshire,372.6,,,
2003,S12000038,Renfrewshire,384.8,,,
2002,S12000039,West Dunbartonshire,341.3,,,
2003,S12000039,West Dunbartonshire,358.2,,,
2002,S12000040,West Lothian,356.3,,,
2003,S12000040,West Lothian,356.1,,,
2002,S12000041,Angus,389.2,,,
2003,S12000041,Angus,376.1,,,
2002,S12000042,Dundee City,335.9,,,
2003,S12000042,Dundee City,348.3,,,
2002,S12000043,Glasgow City,340.8,,,
2003,S12000043,Glasgow City,359.5,,,
2002,S12000044,North Lanarkshire,348.5,,,
2003,S12000044,North Lanarkshire,361.9,,,
2002,W06000001,Anglesey,315.4,,,
2003,W06000001,Anglesey,369.7,,,
2015,W06000001,Isle of Anglesey,,173773.9639325,100.0,
2016,W06000001,Isle of Anglesey,,183547.966675,105.62454957078413,
2017,W06000001,Isle of Anglesey,,186965.160495,107.59100860910553,
2018,W06000001,Isle of Anglesey,,194750.6737975,112.0712616495001,
2019,W06000001,Isle of Anglesey,,194800.4844325,112.09992568746804,
2020,W06000001,Isle of Anglesey,,210492.00598750002,121.12977181625588,
2021,W06000001,Isle of Anglesey,,238815.4038875,137.4287600300494,
2022,W06000001,Isle of Anglesey,,251543.19921,144.75309966900932,
2002,W06000002,Gwynedd,313.3,,,
2003,W06000002,Gwynedd,329.7,,,
2015,W06000002,Gwynedd,,162428.025615,100.0,
2016,W06000002,Gwynedd,,166662.3395975,102.60688632178324,
2017,W06000002,Gwynedd,,174277.68571,107.29532976229548,
2018,W06000002,Gwynedd,,177465.7210275,109.25806698416906,
2019,W06000002,Gwynedd,,182318.6152575,112.24578675212508,
2020,W06000002,Gwynedd,,188015.91382000002,115.75337021312473,
2021,W06000002,Gwynedd,,213009.0681525,131.1405881749688,
2022,W06000002,Gwynedd,,221394.97628,136.303433746568,
2002,W06000003,Conwy,344.5,,,
2003,W06000003,Conwy,372.9,,,
2015,W06000003,Conwy,,164549.0718575,100.0,
2016,W06000003,Conwy,,171153.5343625,104.0136735081189,
2017,W06000003,Conwy,,178113.44595249998,108.24336104839702,
2018,W06000003,Conwy,,180617.29148,109.76500167464643,
2019,W06000003,Conwy,,187224.746175,113.78049360080087,
2020,W06000003,Conwy,,196836.151425,119.62155070401168,
2021,W06000003,Conwy,,221924.0466525,134.8680026859628,
2022,W06000003,Conwy,,228543.91591,138.89103920799974,
2002,W06000004,Denbighshire,370.2,,,
2003,W06000004,Denbighshire,370.6,,,
2015,W06000004,Denbighshire,,154806.3868225,100.0,
2016,W06000004,Denbighshire,,159382.387815,102.95595103433737,
2017,W06000004,Denbighshire,,162968.648285,105.2725611843514,
2018,W06000004,Denbighshire,,169991.0245375,109.80879279380804,
2019,W06000004,Denbighshire,,171428.0160525,110.73704358790974,
2020,W06000004,Denbighshire,,180442.96733,116.56041526044707,
2021,W06000004,Denbighshire,,205433.8383725,132.70372275276284,
2022,W06000004,Denbighshire,,205078.48526,132.47417594930477,
2002,W06000005,Flintshire,404.1,,,
2003,W06000005,Flintshire,411.6,,,
2015,W06000005,Flintshire,,168678.3293125,100.0,
2016,W06000005,Flintshire,,173050.8228575,102.59220823612698,
2017,W06000005,Flintshire,,176081.4281175,104.38888554040912,
2018,W06000005,Flintshire,,180232.40111,106.84976656135507,
2019,W06000005,Flintshire,,185805.03059,110.1534686449084,
2020,W06000005,Flintshire,,190956.98863500002,113.20777803129987,
2021,W06000005,Flintshire,,208842.16859,123.81090649948929,
2022,W06000005,Flintshire,,210537.24512,124.81582309838424,
2002,W06000006,Wrexham,363.6,,,
2003,W06000006,Wrexham,372.6,,,
2015,W06000006,Wrexham,,158613.05976,100.0,
2016,W06000006,Wrexham,,165101.68844250002,104.09085398914696,
2017,W06000006,Wrexham,,169976.06868,107.16398065656986,
2018,W06000006,Wrexham,,177034.599555,111.61413809359327,
2019,W06000006,Wrexham,,177041.5936525,111.61854762803549,
2020,W06000006,Wrexham,,178649.04739249998,112.63199112533151,
2021,W06000006,Wrexham,,199540.0842475,125.80306095187075,
2022,W06000006,Wrexham,,208129.56007,131.21842576199225,
2002,W06000008,Ceredigion,326.8,,,
2003,W06000008,Ceredigion,334.5,,,
2015,W06000008,Ceredigion,,183084.523605,100.0,
2016,W06000008,Ceredigion,,186916.167085,102.09282762111924,
2017,W06000008,Ceredigion,,193114.340445,105.47824395121408,
2018,W06000008,Ceredigion,,196423.5156675,107.28570159828392,
2019,W06000008,Ceredigion,,203731.81433249998,111.27746372055236,
2020,W06000008,Ceredigion,,206758.02532000002,112.93036748757366,
2021,W06000008,Ceredigion,,233696.73875750002,127.6441799426447,
2022,W06000008,Ceredigion,,246082.26168,134.409100689972,
2002,W06000009,Pembrokeshire,288.2,,,
2003,W06000009,Pembrokeshire,324.9,,,
2015,W06000009,Pembrokeshire,,179974.85050499998,100.0,
2016,W06000009,Pembrokeshire,,181207.23338,100.6847528260432,
2017,W06000009,Pembrokeshire,,184596.3490925,102.56785799489892,
2018,W06000009,Pembrokeshire,,191921.2497025,106.63781587481753,
2019,W06000009,Pembrokeshire,,194492.79421,108.06665134837641,
2020,W06000009,Pembrokeshire,,207216.58610000001,115.13641240348925,
2021,W06000009,Pembrokeshire,,225148.4632825,125.0999584946148,
2022,W06000009,Pembrokeshire,,235862.42289,131.05299003065284,
2002,W06000010,Carmarthenshire,344.6,,,
2003,W06000010,Carmarthenshire,338.8,,,
2015,W06000010,Carmarthenshire,,146355.57992,100.0,
2016,W06000010,Carmarthenshire,,147684.3667825,100.90791677585942,
2017,W06000010,Carmarthenshire,,152242.90957999998,104.0226205678103,
2018,W06000010,Carmarthenshire,,154695.844075,105.6986308001095,
2019,W06000010,Carmarthenshire,,161937.3328225,110.64650415858227,
2020,W06000010,Carmarthenshire,,167030.31503,114.12637298919597,
2021,W06000010,Carmarthenshire,,191917.0893625,131.13069516543513,
2022,W06000010,Carmarthenshire,,199639.7295,136.40732359444434,
2002,W06000011,Swansea,358.2,,,
2003,W06000011,Swansea,370.4,,,
2015,W06000011,Swansea,,156623.6686275,100.0,
2016,W06000011,Swansea,,163610.87795,104.46114523030217,
2017,W06000011,Swansea,,166025.21703250002,106.00263580044202,
2018,W06000011,Swansea,,171734.771815,109.64803296967771,
2019,W06000011,Swansea,,177445.395855,113.29411283106934,
2020,W06000011,Swansea,,189922.3666475,121.26032311195232,
2021,W06000011,Swansea,,210410.258095,134.34129077605843,
2022,W06000011,Swansea,,214859.25606,137.18185632019794,
2002,W06000012,Neath Port Talbot,353.9,,,
2003,W06000012,Neath Port Talbot,387.9,,,
2015,W06000012,Neath Port Talbot,,119449.44472,100.0,
2016,W06000012,Neath Port Talbot,,120953.47026500001,101.2591314664757,
2017,W06000012,Neath Port Talbot,,122255.52478,102.34917798619969,
2018,W06000012,Neath Port Talbot,,126582.310795,105.97145184870476,
2019,W06000012,Neath Port Talbot,,131033.2225225,109.69764056220887,
2020,W06000012,Neath Port Talbot,,140952.9909025,118.00221527434154,
2021,W06000012,Neath Port Talbot,,151508.506735,126.83902138695518,
2022,W06000012,Neath Port Talbot,,154360.84068,129.22692193491176,
2002,W06000013,Bridgend,351.5,,,
2003,W06000013,Bridgend,370.2,,,
2015,W06000013,Bridgend,,150596.59379,100.0,
2016,W06000013,Bridgend,,156254.8803375,103.75724736204208,
2017,W06000013,Bridgend,,162240.65437,107.73195481183133,
2018,W06000013,Bridgend,,165813.004605,110.10408697305503,
2019,W06000013,Bridgend,,169066.7995625,112.26469026135865,
2020,W06000013,Bridgend,,179589.65467750002,119.2521358935445,
2021,W06000013,Bridgend,,199041.3001325,132.16852727097793,
2022,W06000013,Bridgend,,205081.20258,136.17917737633314,
2002,W06000014,Vale of Glamorgan,380.5,,,
2003,W06000014,Vale of Glamorgan,403.3,,,
2015,W06000014,Vale of Glamorgan,,221741.7179075,100.0,
2016,W06000014,Vale of Glamorgan,,231156.03076,104.24562095997976,
2017,W06000014,Vale of Glamorgan,,244434.5271325,110.23389258419398,
2018,W06000014,Vale of Glamorgan,,257367.7687475,116.0664628993546,
2019,W06000014,Vale of Glamorgan,,255636.4514175,115.28568184185318,
2020,W06000014,Vale of Glamorgan,,265570.9955225,119.765914158419,
2021,W06000014,Vale of Glamorgan,,300255.36506750004,135.40770221359617,
2022,W06000014,Vale of Glamorgan,,309228.42857,139.45433069071615,
2002,W06000015,Cardiff,381.7,,,
2003,W06000015,Cardiff,386.4,,,
2015,W06000015,Cardiff,,200524.7647875,100.0,
2016,W06000015,Cardiff,,210081.47266,104.76584918707046,
2017,W06000015,Cardiff,,217477.25152,108.45406139758592,
2018,W06000015,Cardiff,,231322.662055,115.35865023960363,
2019,W06000015,Cardiff,,234459.35139,116.92289061576066,
2020,W06000015,Cardiff,,244705.4436325,122.0325299430318,
2021,W06000015,Cardiff,,270955.5460175,135.12323343435256,
2022,W06000015,Cardiff,,276534.67618,137.90549834233653,
2015,W06000016,Rhondda Cynon Taf,,117686.80773,100.0,
2016,W06000016,Rhondda Cynon Taf,,124532.9014,105.81721418232914,
2017,W06000016,Rhondda Cynon Taf,,126006.8765125,107.06966986613158,
2018,W06000016,Rhondda Cynon Taf,,127320.274585,108.18568116581201,
2019,W06000016,Rhondda Cynon Taf,,130220.23694999999,110.64981662919644,
2020,W06000016,Rhondda Cynon Taf,,134878.094935,114.60765869734581,
2021,W06000016,Rhondda Cynon Taf,,154397.6898425,131.19371051063175,
2022,W06000016,Rhondda Cynon Taf,,159085.35013,135.17687597999733,
2002,W06000016,"Rhondda, Cynon, Taff",336.1,,,
2003,W06000016,"Rhondda, Cynon, Taff",347.7,,,
2002,W06000018,Caerphilly,321.8,,,
2003,W06000018,Caerphilly,329.0,,,
2015,W06000018,Caerphilly,,129935.2853075,100.0,
2016,W06000018,Caerphilly,,131713.49747,101.36853677451182,
2017,W06000018,Caerphilly,,137707.373815,105.98150724732459,
2018,W06000018,Caerphilly,,142715.98977749998,109.83620764733277,
2019,W06000018,Caerphilly,,148949.5639825,114.63365292191531,
2020,W06000018,Caerphilly,,157456.3369025,121.18058349575307,
2021,W06000018,Caerphilly,,174414.54278249998,134.23185424169966,
2022,W06000018,Caerphilly,,180409.45312,138.8456204894996,
2002,W06000019,Blaenau Gwent,285.3,,,
2003,W06000019,Blaenau Gwent,312.7,,,
2015,W06000019,Blaenau Gwent,,88158.842315,100.0,
2016,W06000019,Blaenau Gwent,,92181.42003524999,104.56287493644363,
2017,W06000019,Blaenau Gwent,,96937.97283525,109.95830967117435,
2018,W06000019,Blaenau Gwent,,100617.83184975,114.13243323934863,
2019,W06000019,Blaenau Gwent,,106376.8953425,120.66503205929719,
2020,W06000019,Blaenau Gwent,,108605.0713175,123.19248808808499,
2021,W06000019,Blaenau Gwent,,122764.7909375,139.25408695686997,
2022,W06000019,Blaenau Gwent,,128913.25902,146.22839369802583,
2002,W06000020,Torfaen,354.6,,,
2003,W06000020,Torfaen,366.9,,,
2015,W06000020,Torfaen,,140403.394715,100.0,
2016,W06000020,Torfaen,,143855.9517225,102.45902673116147,
2017,W06000020,Torfaen,,150946.8975475,107.5094358323044,
2018,W06000020,Torfaen,,163066.8074175,116.14164155254485,
2019,W06000020,Torfaen,,173869.5820125,123.83573941743494,
2020,W06000020,Torfaen,,178948.0766725,127.45281339937722,
2021,W06000020,Torfaen,,190780.38671,135.88018088683575,
2022,W06000020,Torfaen,,193597.43347,137.88657593570065,
2002,W06000021,Monmouthshire,412.5,,,
2003,W06000021,Monmouthshire,425.4,,,
2015,W06000021,Monmouthshire,,241417.4424,100.0,
2016,W06000021,Monmouthshire,,244284.5191875,101.18760134271889,
2017,W06000021,Monmouthshire,,258014.280025,106.87474668773145,
2018,W06000021,Monmouthshire,,274663.8388175,113.7713315520983,
2019,W06000021,Monmouthshire,,285657.9631375,118.32532077951463,
2020,W06000021,Monmouthshire,,297090.89762249996,123.06107407527567,
2021,W06000021,Monmouthshire,,329046.0257025,136.29753609820366,
2022,W06000021,Monmouthshire,,339812.28161,140.7571376085459,
2002,W06000022,Newport,378.8,,,
2003,W06000022,Newport,404.0,,,
2015,W06000022,Newport,,164337.78195,100.0,
2016,W06000022,Newport,,171255.534605,104.20947184081182,
2017,W06000022,Newport,,179518.4809825,109.23749782452263,
2018,W06000022,Newport,,185203.8307925,112.69704908689135,
2019,W06000022,Newport,,198100.19321,120.54452169147096,
2020,W06000022,Newport,,205464.0494175,125.02544879181387,
2021,W06000022,Newport,,225220.3291725,137.0472002847304,
2022,W06000022,Newport,,227800.17253,138.61704218407215,
2002,W06000023,Powys,342.5,,,
2003,W06000023,Powys,377.0,,,
2015,W06000023,Powys,,183832.48745000002,100.0,
2016,W06000023,Powys,,185605.110515,100.96425995730604,
2017,W06000023,Powys,,195417.94068,106.30217944102567,
2018,W06000023,Powys,,204721.9305225,111.36330327803547,
2019,W06000023,Powys,,204241.2542575,111.10182813201115,
2020,W06000023,Powys,,209707.24277,114.07518098618863,
2021,W06000023,Powys,,238782.2850475,129.89123324159206,
2022,W06000023,Powys,,244393.94111,132.94382538150222,
2002,W06000024,Merthyr Tydfil,310.2,,,
2003,W06000024,Merthyr Tydfil,324.9,,,
2015,W06000024,Merthyr Tydfil,,108640.29446,100.0,
2016,W06000024,Merthyr Tydfil,,113026.43638249999,104.03730673255392,
2017,W06000024,Merthyr Tydfil,,122898.8389625,113.12454515460635,
2018,W06000024,Merthyr Tydfil,,117152.396075,107.8351238436067,
2019,W06000024,Merthyr Tydfil,,120874.88556,111.26155922239755,
2020,W06000024,Merthyr Tydfil,,137955.98471,126.98417782804671,
2021,W06000024,Merthyr Tydfil,,150936.676835,138.93249975548713,
2022,W06000024,Merthyr Tydfil,,155638.32574,143.26022081733595,
