GEOGRAPHY_CODE,City,Year,Forecast_Weekly_Pay,Forecast_City_House_Price_Index,Forecast_Real_Wage_Index
E06000001,Hartlepool,2026,578.7833333331073,133.98002500033908,431.9922565558877
E06000001,Hartlepool,2027,588.7333333330935,137.29614940376723,428.80542235872736
E06000001,Hartlepool,2028,598.6833333330833,140.61227380719447,425.7689013364432
E06000001,Hartlepool,2029,608.6333333330731,143.92839821062262,422.8723037981764
E06000001,Hartlepool,2030,618.5833333330629,147.24452261405077,420.1061760066006
E06000001,Hartlepool,2031,628.5333333330527,150.5606470174789,417.46189710521435
E06000001,Hartlepool,2032,638.4833333330425,153.87677142090706,414.93158937326945
E06000001,Hartlepool,2033,648.4333333330287,157.1928958243343,412.5080398402125
E06000001,Hartlepool,2034,658.3833333330185,160.50902022776245,410.1846316168225
E06000001,Hartlepool,2035,668.3333333330083,163.8251446311906,407.9552835662595
E06000002,Middlesbrough,2026,824.8999999996959,110.49212238910854,746.5690604572983
E06000002,Middlesbrough,2027,846.1999999996842,111.35035117093594,759.9437191721715
E06000002,Middlesbrough,2028,867.4999999996653,112.20857995276356,773.1137853850898
E06000002,Middlesbrough,2029,888.7999999996537,113.06680873459095,786.0839179480085
E06000002,Middlesbrough,2030,910.0999999996347,113.92503751641857,798.8586353271761
E06000002,Middlesbrough,2031,931.3999999996231,114.78326629824596,811.4423208514813
E06000002,Middlesbrough,2032,952.6999999996042,115.64149508007358,823.8392277269734
E06000002,Middlesbrough,2033,973.9999999995925,116.49972386190097,836.0534838298623
E06000002,Middlesbrough,2034,995.2999999995736,117.3579526437286,848.0890962890878
E06000002,Middlesbrough,2035,1016.599999999562,118.21618142555599,859.949955869403
E06000003,Redcar and Cleveland,2026,895.7333333329079,126.01920047772364,710.7911571707252
E06000003,Redcar and Cleveland,2027,919.2333333328861,128.39601032744486,715.9360567268332
E06000003,Redcar and Cleveland,2028,942.7333333328643,130.77282017716607,720.8939380948462
E06000003,Redcar and Cleveland,2029,966.2333333328424,133.14963002688728,725.674816473563
E06000003,Redcar and Cleveland,2030,989.7333333328279,135.52643987660758,730.2880044911885
E06000003,Redcar and Cleveland,2031,1013.2333333328061,137.9032497263288,734.7421727505217
E06000003,Redcar and Cleveland,2032,1036.7333333327842,140.28005957605,739.0454042192221
E06000003,Redcar and Cleveland,2033,1060.2333333327624,142.6568694257703,743.2052431827976
E06000003,Redcar and Cleveland,2034,1083.7333333327406,145.03367927549152,747.2287393841735
E06000003,Redcar and Cleveland,2035,1107.233333332726,147.41048912521273,751.1224878931275
E06000004,Stockton-on-Tees,2026,985.283333332969,129.58086400487446,760.3617562666549
E06000004,Stockton-on-Tees,2027,1011.2333333329516,132.1510764265986,765.2100616029613
E06000004,Stockton-on-Tees,2028,1037.1833333329341,134.72128884832364,769.873375024381
E06000004,Stockton-on-Tees,2029,1063.1333333329094,137.29150127004868,774.3620861438137
E06000004,Stockton-on-Tees,2030,1089.083333332892,139.86171369177373,778.6858208623171
E06000004,Stockton-on-Tees,2031,1115.0333333328745,142.43192611349878,782.8535102757406
E06000004,Stockton-on-Tees,2032,1140.983333332857,145.00213853522382,786.873452253044
E06000004,Stockton-on-Tees,2033,1166.9333333328395,147.57235095694796,790.7533665796752
E06000004,Stockton-on-Tees,2034,1192.883333332822,150.142563378673,794.5004444371069
E06000004,Stockton-on-Tees,2035,1218.8333333328046,152.71277580039805,798.1213928858647
E06000005,Darlington,2026,475.5666666666475,131.39408956399802,361.9391619856794
E06000005,Darlington,2027,481.2666666666464,134.34686442192924,358.2269439167424
E06000005,Darlington,2028,486.9666666666453,137.29963927986137,354.6743962480839
E06000005,Darlington,2029,492.66666666664423,140.25241413779258,351.2714342176087
E06000005,Darlington,2030,498.36666666664314,143.2051889957238,348.0088048216777
E06000005,Darlington,2031,504.06666666664205,146.15796385365502,344.8780027965864
E06000005,Darlington,2032,509.76666666664096,149.11073871158624,341.87119658272536
E06000005,Darlington,2033,515.4666666666399,152.06351356951745,338.981162914527
E06000005,Darlington,2034,521.1666666666388,155.01628842744867,336.2012288860582
E06000005,Darlington,2035,526.8666666666377,157.9690632853799,333.5252205141103
E06000006,Halton,2026,607.5499999998756,142.43963376614556,426.53156564368777
E06000006,Halton,2027,617.999999999869,146.44439328815497,422.00318231633895
E06000006,Halton,2028,628.4499999998625,150.44915281016438,417.71587826276163
E06000006,Halton,2029,638.8999999998559,154.4539123321747,413.6509010052217
E06000006,Halton,2030,649.3499999998494,158.4586718541841,409.7913938073332
E06000006,Halton,2031,659.7999999998428,162.4634313761935,406.12216202182606
E06000006,Halton,2032,670.2499999998363,166.46819089820383,402.6294731644544
E06000006,Halton,2033,680.6999999998297,170.47295042021324,399.30088516794865
E06000006,Halton,2034,691.1499999998232,174.47770994222265,396.12509828831077
E06000006,Halton,2035,701.5999999998166,178.48246946423205,393.0918269485382
E06000007,Warrington,2026,781.0999999998203,158.94929986050738,491.41455840655317
E06000007,Warrington,2027,797.4999999998145,164.48033149885669,484.8604041178978
E06000007,Warrington,2028,813.8999999998086,170.011363137206,478.73270643854477
E06000007,Warrington,2029,830.2999999997955,175.5423947755553,472.9911546788451
E06000007,Warrington,2030,846.6999999997897,181.07342641390278,467.6003634373046
E06000007,Warrington,2031,863.0999999997766,186.60445805225208,462.52914266287013
E06000007,Warrington,2032,879.4999999997708,192.1354896906014,457.74989379423994
E06000007,Warrington,2033,895.8999999997577,197.6665213289507,453.2381072811151
E06000007,Warrington,2034,912.2999999997519,203.1975529673,448.971942170271
E06000007,Warrington,2035,928.6999999997461,208.7285846056493,444.9318725340556
E06000008,Blackburn with Darwen,2026,826.6833333331451,152.96982296149508,540.4224946649996
E06000008,Blackburn with Darwen,2027,846.8333333331393,157.89088125123453,536.3408745471918
E06000008,Blackburn with Darwen,2028,866.9833333331262,162.81193954097216,532.5059917457386
E06000008,Blackburn with Darwen,2029,887.1333333331204,167.7329978307116,528.8961294476356
E06000008,Blackburn with Darwen,2030,907.2833333331073,172.65405612044924,525.4920467667183
E06000008,Blackburn with Darwen,2031,927.4333333331015,177.5751144101887,522.276635672486
E06000008,Blackburn with Darwen,2032,947.5833333330884,182.49617269992632,519.234633424984
E06000008,Blackburn with Darwen,2033,967.7333333330753,187.41723098966577,516.3523803136524
E06000008,Blackburn with Darwen,2034,987.8833333330695,192.3382892794034,513.6176145863523
E06000008,Blackburn with Darwen,2035,1008.0333333330564,197.25934756914285,511.01929807393446
E06000009,Blackpool,2026,323.00000000001944,142.35711659055596,226.89417131777407
E06000009,Blackpool,2027,322.90000000002027,146.27040587344163,220.75552335542494
E06000009,Blackpool,2028,322.8000000000211,150.1836951563264,214.93678102940413
E06000009,Blackpool,2029,322.700000000022,154.09698443921206,209.41357235145648
E06000009,Blackpool,2030,322.6000000000229,158.01027372209683,204.16393972419854
E06000009,Blackpool,2031,322.5000000000237,161.9235630049825,199.168048192035
E06000009,Blackpool,2032,322.40000000002453,165.83685228786726,194.40793499890344
E06000009,Blackpool,2033,322.3000000000254,169.75014157075293,189.86729378702094
E06000009,Blackpool,2034,322.2000000000263,173.6634308536377,185.53128797252322
E06000009,Blackpool,2035,322.10000000002714,177.57672013652336,181.3863887971308
E06000010,"Kingston upon Hull, City of",2026,519.5666666665675,139.69539441080815,371.9282721223119
E06000010,"Kingston upon Hull, City of",2027,527.6666666665624,143.2384864658925,368.3833023411685
E06000010,"Kingston upon Hull, City of",2028,535.7666666665573,146.78157852097684,365.0094733038927
E06000010,"Kingston upon Hull, City of",2029,543.8666666665522,150.32467057606118,361.7946838548812
E06000010,"Kingston upon Hull, City of",2030,551.9666666665471,153.86776263114461,358.7279474451932
E06000010,"Kingston upon Hull, City of",2031,560.066666666542,157.41085468622896,355.79926669157413
E06000010,"Kingston upon Hull, City of",2032,568.1666666665369,160.9539467413133,352.9995245035524
E06000010,"Kingston upon Hull, City of",2033,576.2666666665318,164.49703879639765,350.32038928055863
E06000010,"Kingston upon Hull, City of",2034,584.3666666665267,168.040130851482,347.754232102452
E06000010,"Kingston upon Hull, City of",2035,592.4666666665216,171.58322290656633,345.29405417984395
E06000011,East Riding of Yorkshire,2026,1011.4999999995271,154.49446252025882,654.7160225026767
E06000011,East Riding of Yorkshire,2027,1037.2999999995009,159.40962714465059,650.7135225015237
E06000011,East Riding of Yorkshire,2028,1063.099999999482,164.32479176904235,646.9504622854862
E06000011,East Riding of Yorkshire,2029,1088.8999999994558,169.2399563934341,643.4059800086908
E06000011,East Riding of Yorkshire,2030,1114.6999999994368,174.15512101782406,640.0615689534343
E06000011,East Riding of Yorkshire,2031,1140.4999999994106,179.07028564221582,636.9007543094787
E06000011,East Riding of Yorkshire,2032,1166.2999999993917,183.9854502666076,633.9088217624507
E06000011,East Riding of Yorkshire,2033,1192.0999999993655,188.90061489099935,631.0725884546425
E06000011,East Riding of Yorkshire,2034,1217.8999999993393,193.8157795153911,628.3802087964797
E06000011,East Riding of Yorkshire,2035,1243.6999999993204,198.73094413978288,625.8210090948543
E06000012,North East Lincolnshire,2026,657.9999999998727,145.09357823662504,453.5004291690822
E06000012,North East Lincolnshire,2027,670.9999999998654,149.26412493163662,449.5386954549094
E06000012,North East Lincolnshire,2028,683.9999999998581,153.43467162664638,445.79233151698594
E06000012,North East Lincolnshire,2029,696.9999999998545,157.60521832165796,442.2442400208734
E06000012,North East Lincolnshire,2030,709.9999999998472,161.77576501666772,438.8790866955233
E06000012,North East Lincolnshire,2031,722.9999999998399,165.9463117116793,435.6830787875565
E06000012,North East Lincolnshire,2032,735.9999999998327,170.11685840668906,432.64377610378733
E06000012,North East Lincolnshire,2033,748.9999999998254,174.28740510170064,429.7499291832172
E06000012,North East Lincolnshire,2034,761.9999999998217,178.4579517967104,426.9913401605386
E06000012,North East Lincolnshire,2035,774.9999999998145,182.62849849172198,424.35874269367815
E06000013,North Lincolnshire,2026,475.59999999998854,154.80583118624418,307.22356926452113
E06000013,North Lincolnshire,2027,478.4999999999882,159.96349554379958,299.13074753293955
E06000013,North Lincolnshire,2028,481.3999999999869,165.12115990135317,291.5434946602757
E06000013,North Lincolnshire,2029,484.29999999998654,170.27882425890857,284.4158703278392
E06000013,North Lincolnshire,2030,487.1999999999862,175.43648861646216,277.707336622029
E06000013,North Lincolnshire,2031,490.0999999999849,180.59415297401756,271.38198658651845
E06000013,North Lincolnshire,2032,492.99999999998454,185.75181733157115,265.40790129658245
E06000013,North Lincolnshire,2033,495.8999999999842,190.90948168912655,259.7566111501463
E06000013,North Lincolnshire,2034,498.7999999999829,196.06714604668014,254.402642185258
E06000013,North Lincolnshire,2035,501.69999999998254,201.22481040423554,249.32313216850838
E06000014,York,2026,912.7333333329734,156.03466341687636,584.9554921616566
E06000014,York,2027,935.0333333329545,161.15863480948792,580.1943745914049
E06000014,York,2028,957.3333333329429,166.2826062020995,575.726683144118
E06000014,York,2029,979.6333333329239,171.40657759470923,571.5261030701322
E06000014,York,2030,1001.933333332905,176.5305489873208,567.5693748648956
E06000014,York,2031,1024.233333332886,181.65452037993236,563.835863368933
E06000014,York,2032,1046.5333333328745,186.77849177254393,560.3071977941268
E06000014,York,2033,1068.8333333328555,191.90246316515368,556.9669694197745
E06000014,York,2034,1091.1333333328366,197.02643455776524,553.8004764598898
E06000014,York,2035,1113.4333333328177,202.1504059503768,550.794507732099
E06000015,Derby,2026,1130.7999999998938,155.08067649683653,729.1688594245724
E06000015,Derby,2027,1161.9999999998909,160.2652138927042,725.0481697031504
E06000015,Derby,2028,1193.199999999888,165.44975128857186,721.1857320466737
E06000015,Derby,2029,1224.399999999885,170.63428868443953,717.5580063302602
E06000015,Derby,2030,1255.5999999998749,175.8188260803072,714.1442290294701
E06000015,Derby,2031,1286.799999999872,181.00336347617485,710.9260155650373
E06000015,Derby,2032,1317.999999999869,186.18790087204252,707.8870290855599
E06000015,Derby,2033,1349.1999999998661,191.37243826791018,705.0127030889711
E06000015,Derby,2034,1380.399999999856,196.55697566377785,702.2900079420791
E06000015,Derby,2035,1411.599999999853,201.7415130596455,699.7072534012913
E06000016,Leicester,2026,509.29999999997017,188.97163528520105,269.5113471560539
E06000016,Leicester,2027,517.0999999999694,197.18114970171882,262.24616337930905
E06000016,Leicester,2028,524.8999999999687,205.39066411824024,255.56176190062462
E06000016,Leicester,2029,532.699999999968,213.60017853475802,249.3911773174312
E06000016,Leicester,2030,540.4999999999654,221.80969295127943,243.67735819312747
E06000016,Leicester,2031,548.2999999999647,230.0192073677972,238.37139788210874
E06000016,Leicester,2032,556.099999999964,238.22872178431862,233.43113115614642
E06000016,Leicester,2033,563.8999999999633,246.4382362008364,228.82001133152463
E06000016,Leicester,2034,571.6999999999607,254.64775061735781,224.50620459593856
E06000016,Leicester,2035,579.49999999996,262.8572650338756,220.4618540504396
E06000017,Rutland,2026,960.8999999999141,157.27298693133343,610.9758698863209
E06000017,Rutland,2027,985.4999999999054,162.71835280215964,605.6477238299733
E06000017,Rutland,2028,1010.099999999904,168.16371867298767,600.6646427486249
E06000017,Rutland,2029,1034.6999999999025,173.6090845438157,595.9941570562014
E06000017,Rutland,2030,1059.2999999998938,179.0544504146419,591.6077469992174
E06000017,Rutland,2031,1083.8999999998923,184.49981628546993,587.4802597758758
E06000017,Rutland,2032,1108.4999999998909,189.94518215629614,583.5894269156894
E06000017,Rutland,2033,1133.0999999998894,195.39054802712417,579.9154623603349
E06000017,Rutland,2034,1157.6999999998807,200.8359138979522,576.440725929191
E06000017,Rutland,2035,1182.2999999998792,206.2812797687784,573.1494400874012
E06000018,Nottingham,2026,609.99999999996,177.72738653688612,343.22228660767405
E06000018,Nottingham,2027,621.49999999996,184.86176946686828,336.19714979053464
E06000018,Nottingham,2028,632.9999999999563,191.99615239685045,329.694106937916
E06000018,Nottingham,2029,644.4999999999563,199.13053532683261,323.6570418204017
E06000018,Nottingham,2030,655.9999999999563,206.26491825681478,318.03760210119145
E06000018,Nottingham,2031,667.4999999999527,213.39930118679877,312.79390152063223
E06000018,Nottingham,2032,678.9999999999527,220.53368411678093,307.88947399091944
E06000018,Nottingham,2033,690.4999999999491,227.6680670467631,303.2924243425496
E06000018,Nottingham,2034,701.9999999999491,234.80244997674527,298.9747338962923
E06000018,Nottingham,2035,713.4999999999454,241.93683290672743,294.9116889014651
E06000019,"Herefordshire, County of",2026,483.3999999999796,155.99968493702545,309.8724207007985
E06000019,"Herefordshire, County of",2027,489.09999999997854,161.39396208432845,303.04727245274734
E06000019,"Herefordshire, County of",2028,494.79999999997744,166.78823923163145,296.6636030690457
E06000019,"Herefordshire, County of",2029,500.49999999997635,172.18251637893445,290.6799194980343
E06000019,"Herefordshire, County of",2030,506.1999999999771,177.57679352623563,285.0597704509119
E06000019,"Herefordshire, County of",2031,511.899999999976,182.97107067353863,279.7710032059222
E06000019,"Herefordshire, County of",2032,517.5999999999749,188.36534782084163,274.7851481113583
E06000019,"Herefordshire, County of",2033,523.2999999999738,193.75962496814464,270.07690590132376
E06000019,"Herefordshire, County of",2034,528.9999999999727,199.15390211544764,265.62371833081954
E06000019,"Herefordshire, County of",2035,534.6999999999716,204.54817926275064,261.4054067492467
E06000020,Telford and Wrekin,2026,363.0000000000023,160.76964176864385,225.7888964649052
E06000020,Telford and Wrekin,2027,363.0000000000024,166.56483830644174,217.93315065221884
E06000020,Telford and Wrekin,2028,363.0000000000025,172.36003484423964,210.60566640523288
E06000020,Telford and Wrekin,2029,363.00000000000256,178.15523138203753,203.7548923958244
E06000020,Telford and Wrekin,2030,363.0000000000027,183.95042791983542,197.3357736129845
E06000020,Telford and Wrekin,2031,363.0000000000028,189.7456244576333,191.3087593126839
E06000020,Telford and Wrekin,2032,363.0000000000029,195.5408209954312,185.6389873746538
E06000020,Telford and Wrekin,2033,363.000000000003,201.3360175332291,180.2956095225696
E06000020,Telford and Wrekin,2034,363.0000000000031,207.131214071027,175.25122981972552
E06000020,Telford and Wrekin,2035,363.00000000000324,212.92641060882488,170.4814348591468
E06000021,Stoke-on-Trent,2026,392.89999999998963,159.23267255842984,246.7458428519539
E06000021,Stoke-on-Trent,2027,396.09999999998945,164.4755616558814,240.8260510024685
E06000021,Stoke-on-Trent,2028,399.29999999998927,169.71845075333295,235.27200385556654
E06000021,Stoke-on-Trent,2029,402.4999999999891,174.9613398507845,230.05082170910475
E06000021,Stoke-on-Trent,2030,405.699999999988,180.20422894823605,225.13345128905158
E06000021,Stoke-on-Trent,2031,408.8999999999878,185.4471180456876,220.49412485302108
E06000021,Stoke-on-Trent,2032,412.09999999998763,190.69000714313734,216.1099085232367
E06000021,Stoke-on-Trent,2033,415.29999999998654,195.9328962405889,211.96032313534198
E06000021,Stoke-on-Trent,2034,418.49999999998636,201.17578533804044,208.02702437411682
E06000021,Stoke-on-Trent,2035,421.6999999999862,206.418674435492,204.2935316551371
E06000022,Bath and North East Somerset,2026,977.99999999992,163.1071175191355,599.6059613310144
E06000022,Bath and North East Somerset,2027,1001.5999999999112,168.60939201831206,594.0357105914545
E06000022,Bath and North East Somerset,2028,1025.1999999999098,174.11166651748863,588.8175218269671
E06000022,Bath and North East Somerset,2029,1048.7999999999083,179.6139410166652,583.9190399494643
E06000022,Bath and North East Somerset,2030,1072.3999999998996,185.11621551584358,579.311756677586
E06000022,Bath and North East Somerset,2031,1095.9999999998981,190.61849001502014,574.9704553391105
E06000022,Bath and North East Somerset,2032,1119.5999999998967,196.1207645141967,570.8727491314932
E06000022,Bath and North East Somerset,2033,1143.199999999888,201.62303901337327,566.998694987462
E06000022,Bath and North East Somerset,2034,1166.7999999998865,207.12531351254984,563.3304689864426
E06000022,Bath and North East Somerset,2035,1190.399999999885,212.6275880117264,559.8520921632402
E06000023,"Bristol, City of",2026,593.8999999999651,178.99502264184048,331.79693559877774
E06000023,"Bristol, City of",2027,602.9999999999636,185.90949631785224,324.3513709321258
E06000023,"Bristol, City of",2028,612.0999999999622,192.82396999386583,317.43978719006486
E06000023,"Bristol, City of",2029,621.1999999999607,199.73844366987942,311.006728893241
E06000023,"Bristol, City of",2030,630.2999999999593,206.65291734589118,305.0041625809602
E06000023,"Bristol, City of",2031,639.3999999999578,213.56739102190477,299.3902753320506
E06000023,"Bristol, City of",2032,648.49999999996,220.48186469791654,294.1284993613754
E06000023,"Bristol, City of",2033,657.5999999999585,227.39633837393012,289.1867145717194
E06000023,"Bristol, City of",2034,666.6999999999571,234.3108120499419,284.53659230110736
E06000023,"Bristol, City of",2035,675.7999999999556,241.22528572595547,280.1530519349036
E06000024,North Somerset,2026,1210.999999999869,162.0402948652736,747.3449742897221
E06000024,North Somerset,2027,1244.6999999998661,167.60071964093913,742.657909027157
E06000024,North Somerset,2028,1278.3999999998632,173.16114441660466,738.2718590287138
E06000024,North Somerset,2029,1312.0999999998603,178.72156919226836,734.1587285350574
E06000024,North Somerset,2030,1345.7999999998574,184.2819939679339,730.2938127715474
E06000024,North Somerset,2031,1379.4999999998545,189.8424187435976,726.655301343909
E06000024,North Somerset,2032,1413.199999999837,195.40284351926312,723.2238664226611
E06000024,North Somerset,2033,1446.899999999834,200.96326829492682,719.9823192944957
E06000024,North Somerset,2034,1480.5999999998312,206.52369307059234,716.9153223953554
E06000024,North Somerset,2035,1514.2999999998283,212.08411784625787,714.0091466432018
E06000025,South Gloucestershire,2026,753.4999999999527,161.10434823642572,467.70928795426903
E06000025,South Gloucestershire,2027,768.2999999999483,166.37120461204722,461.7986638922938
E06000025,South Gloucestershire,2028,783.0999999999476,171.63806098766872,456.25078464164733
E06000025,South Gloucestershire,2029,797.8999999999469,176.90491736329022,451.03325102116133
E06000025,South Gloucestershire,2030,812.6999999999425,182.17177373891172,446.11741068333816
E06000025,South Gloucestershire,2031,827.4999999999418,187.4386301145314,441.4778317011339
E06000025,South Gloucestershire,2032,842.2999999999374,192.7054864901529,437.0918624794724
E06000025,South Gloucestershire,2033,857.0999999999367,197.9723428657744,432.93926191551515
E06000025,South Gloucestershire,2034,871.899999999936,203.2391992413959,429.0018870642877
E06000025,South Gloucestershire,2035,886.6999999999316,208.5060556170174,425.26342814168265
E06000026,Plymouth,2026,716.0999999999513,139.73204754740436,512.4808607395615
E06000026,Plymouth,2027,731.5999999999513,143.43105716264927,510.07084133133367
E06000026,Plymouth,2028,747.0999999999476,147.13006677789417,507.78200293197784
E06000026,Plymouth,2029,762.599999999944,150.82907639313908,505.60542982588544
E06000026,Plymouth,2030,778.099999999944,154.52808600838398,503.53305997573017
E06000026,Plymouth,2031,793.5999999999403,158.22709562362888,501.5575852366387
E06000026,Plymouth,2032,809.0999999999367,161.9261052388738,499.67236524731476
E06000026,Plymouth,2033,824.5999999999367,165.6251148541196,497.8713528598808
E06000026,Plymouth,2034,840.0999999999331,169.3241244693645,496.14902934397327
E06000026,Plymouth,2035,855.5999999999294,173.0231340846094,494.5003479023422
E06000027,Torbay,2026,872.5999999999258,154.9051459304428,563.312467612761
E06000027,Torbay,2027,896.8999999999214,160.06009006802196,560.3520525439908
E06000027,Torbay,2028,921.199999999917,165.2150342055993,557.5763757997616
E06000027,Torbay,2029,945.4999999999127,170.36997834317845,554.9686683033908
E06000027,Torbay,2030,969.7999999999083,175.52492248075578,552.5141309241914
E06000027,Torbay,2031,994.099999999904,180.6798666183331,550.1996534565934
E06000027,Torbay,2032,1018.3999999998996,185.83481075591226,548.0135803714049
E06000027,Torbay,2033,1042.6999999999025,190.9897548934896,545.9455145022786
E06000027,Torbay,2034,1066.9999999998981,196.14469903106692,543.9861516884014
E06000027,Torbay,2035,1091.2999999998938,201.29964316864607,542.1271408243966
E06000030,Swindon,2026,830.5999999999403,161.1904811651384,515.2909737573133
E06000030,Swindon,2027,848.7999999999374,166.14372189424284,510.88298150695863
E06000030,Swindon,2028,866.9999999999345,171.0969626233491,506.73021116601495
E06000030,Swindon,2029,885.1999999999316,176.05020335245536,502.81112043236146
E06000030,Swindon,2030,903.3999999999287,181.0034440815598,499.1065250630582
E06000030,Swindon,2031,921.5999999999258,185.95668481066605,495.59928482176565
E06000030,Swindon,2032,939.7999999999229,190.9099255397723,492.2740383155899
E06000030,Swindon,2033,957.99999999992,195.86316626887674,489.1169780666153
E06000030,Swindon,2034,976.199999999917,200.816406997983,486.1156588713003
E06000030,Swindon,2035,994.3999999999141,205.76964772708925,483.2588338386911
E06000031,Peterborough,2026,361.60000000000446,169.9963310408766,212.71047309430205
E06000031,Peterborough,2027,361.2000000000046,176.37333854989993,204.79285756549487
E06000031,Peterborough,2028,360.80000000000484,182.75034605892324,197.42780672145705
E06000031,Peterborough,2029,360.400000000005,189.12735356794656,190.55942633413224
E06000031,Peterborough,2030,360.00000000000523,195.50436107696987,184.13911486008928
E06000031,Peterborough,2031,359.60000000000537,201.8813685859932,178.1244116377339
E06000031,Peterborough,2032,359.2000000000056,208.25837609501468,172.4780566982459
E06000031,Peterborough,2033,358.80000000000575,214.635383604038,167.1672181796103
E06000031,Peterborough,2034,358.400000000006,221.0123911130613,162.16285349207527
E06000031,Peterborough,2035,358.00000000000614,227.38939862208463,157.43917797812244
E06000032,Luton,2026,1066.5999999999112,181.5858300906566,587.3806339775587
E06000032,Luton,2027,1095.1999999999025,188.50930992212488,580.9792632800686
E06000032,Luton,2028,1123.799999999901,195.43278975359317,575.0314475973136
E06000032,Luton,2029,1152.3999999998923,202.35626958506145,569.4906327157189
E06000032,Luton,2030,1180.9999999998909,209.27974941652792,564.316424925259
E06000032,Luton,2031,1209.5999999998894,216.2032292479962,559.4736046298439
E06000032,Luton,2032,1238.1999999998807,223.1267090794645,554.9313236000389
E06000032,Luton,2033,1266.7999999998792,230.05018891093277,550.6624471803146
E06000032,Luton,2034,1295.3999999998705,236.97366874240106,546.6430118056775
E06000032,Luton,2035,1323.999999999869,243.89714857386934,542.8517749148133
E06000033,Southend-on-Sea,2026,275.40000000002146,181.15217971863967,152.02687620307125
E06000033,Southend-on-Sea,2027,269.8000000000211,188.27251577628158,143.30291327312804
E06000033,Southend-on-Sea,2028,264.20000000002256,195.3928518339253,135.21477245471604
E06000033,Southend-on-Sea,2029,258.600000000024,202.5131878915672,127.6953874917458
E06000033,Southend-on-Sea,2030,253.00000000002365,209.63352394921094,120.686803920407
E06000033,Southend-on-Sea,2031,247.4000000000251,216.75386000685285,114.13868246323426
E06000033,Southend-on-Sea,2032,241.80000000002656,223.87419606449475,108.00708802115257
E06000033,Southend-on-Sea,2033,236.2000000000262,230.99453212213848,102.25350263924659
E06000033,Southend-on-Sea,2034,230.60000000002765,238.1148681797804,96.84401556391728
E06000033,Southend-on-Sea,2035,225.0000000000291,245.2352042374223,91.74865439881843
E06000034,Thurrock,2026,133.40000000004875,183.5036815496278,72.6960891866201
E06000034,Thurrock,2027,120.80000000005384,190.38452633727684,63.45053472783281
E06000034,Thurrock,2028,108.2000000000553,197.26537112492406,54.849971580432374
E06000034,Thurrock,2029,95.60000000005675,204.1462159125731,46.829180532544406
E06000034,Thurrock,2030,83.00000000005821,211.02706070022214,39.33144864201335
E06000034,Thurrock,2031,70.40000000005966,217.90790548786936,32.307226230476864
E06000034,Thurrock,2032,57.80000000006112,224.7887502755184,25.71303053609978
E06000034,Thurrock,2033,45.20000000006257,231.66959506316562,19.510544742713698
E06000034,Thurrock,2034,32.60000000006403,238.55043985081466,13.66587293674726
E06000034,Thurrock,2035,20.000000000065484,245.43128463846188,8.148920391109446
E06000035,Medway,2026,653.9999999999636,179.99807953492746,363.33720986898595
E06000035,Medway,2027,664.3999999999614,186.80742766675212,355.6603761951008
E06000035,Medway,2028,674.7999999999593,193.61677579857678,348.52351879982064
E06000035,Medway,2029,685.1999999999571,200.42612393040326,341.87160164704306
E06000035,Medway,2030,695.5999999999549,207.23547206222793,335.65682220227364
E06000035,Medway,2031,705.9999999999563,214.0448201940544,329.8374608457669
E06000035,Medway,2032,716.3999999999542,220.85416832587907,324.3769431342032
E06000035,Medway,2033,726.799999999952,227.66351645770555,319.24307034718674
E06000035,Medway,2034,737.1999999999498,234.47286458953022,314.40738410839015
E06000035,Medway,2035,747.5999999999476,241.28221272135488,309.8446385947706
E06000036,Bracknell Forest,2026,469.6000000000072,148.8603843502815,315.46338003198844
E06000036,Bracknell Forest,2027,468.30000000000746,152.8964970221723,306.2856305544377
E06000036,Bracknell Forest,2028,467.0000000000082,156.9326096940631,297.5799618131726
E06000036,Bracknell Forest,2029,465.70000000000846,160.9687223659539,289.31086310125767
E06000036,Bracknell Forest,2030,464.40000000000873,165.00483503784562,281.4462981605925
E06000036,Bracknell Forest,2031,463.100000000009,169.04094770973643,273.9572903928622
E06000036,Bracknell Forest,2032,461.8000000000093,173.07706038162723,266.81756610712057
E06000036,Bracknell Forest,2033,460.50000000000955,177.11317305351804,260.00324654612837
E06000036,Bracknell Forest,2034,459.2000000000098,181.14928572540884,253.4925810836914
E06000036,Bracknell Forest,2035,457.9000000000101,185.18539839729965,247.26571531175705
E06000037,West Berkshire,2026,830.0999999999513,144.60972300629783,574.0277920066274
E06000037,West Berkshire,2027,845.6999999999498,148.1683102958932,570.7698213680649
E06000037,West Berkshire,2028,861.2999999999483,151.7268975854895,567.6646749563008
E06000037,West Berkshire,2029,876.8999999999469,155.28548487508488,564.7018462191395
E06000037,West Berkshire,2030,892.4999999999454,158.84407216468026,561.8717701184678
E06000037,West Berkshire,2031,908.0999999999403,162.40265945427655,559.1657199773938
E06000037,West Berkshire,2032,923.6999999999389,165.96124674387192,556.5757175983895
E06000037,West Berkshire,2033,939.2999999999374,169.5198340334673,554.0944547022722
E06000037,West Berkshire,2034,954.899999999936,173.0784213230636,551.715224058778
E06000037,West Berkshire,2035,970.4999999999345,176.63700861265897,549.4318589419217
E06000038,Reading,2026,671.0999999999731,153.70638700269046,436.6116549133552
E06000038,Reading,2027,680.1999999999716,158.0117048118118,430.4744390993526
E06000038,Reading,2028,689.2999999999702,162.31702262093313,424.66279190552063
E06000038,Reading,2029,698.3999999999687,166.62234043005628,419.15147644510415
E06000038,Reading,2030,707.4999999999673,170.92765823917762,413.91779849342373
E06000038,Reading,2031,716.5999999999658,175.23297604830077,408.94129413315676
E06000038,Reading,2032,725.6999999999643,179.5382938574221,404.20346234117
E06000038,Reading,2033,734.7999999999629,183.84361166654344,399.68753514957444
E06000038,Reading,2034,743.8999999999614,188.1489294756666,395.378279362557
E06000038,Reading,2035,752.99999999996,192.45424728478793,391.26182488749834
E06000039,Slough,2026,913.1999999999243,164.76160298450122,554.2553504324834
E06000039,Slough,2027,935.3999999999214,169.80104824929003,550.8799914041947
E06000039,Slough,2028,957.5999999999185,174.84049351407884,547.6992090066417
E06000039,Slough,2029,979.7999999999156,179.87993877886947,544.6966496938862
E06000039,Slough,2030,1001.9999999999127,184.91938404365828,541.8577425951986
E06000039,Slough,2031,1024.1999999999098,189.9588293084471,539.1694630507842
E06000039,Slough,2032,1046.3999999999069,194.99827457323772,536.620132813995
E06000039,Slough,2033,1068.599999999904,200.03771983802653,534.1992504539469
E06000039,Slough,2034,1090.799999999901,205.07716510281534,531.8973467636092
E06000039,Slough,2035,1112.9999999998981,210.11661036760597,529.7058609753259
E06000040,Windsor and Maidenhead,2026,1978.7999999997992,141.96427800809215,1393.8717737760796
E06000040,Windsor and Maidenhead,2027,2039.3999999997905,145.41976574707132,1402.4228340093189
E06000040,Windsor and Maidenhead,2028,2099.9999999997817,148.8752534860514,1410.5769433309729
E06000040,Windsor and Maidenhead,2029,2160.599999999773,152.3307412250315,1418.3611151789867
E06000040,Windsor and Maidenhead,2030,2221.1999999997643,155.78622896401066,1425.7999662556183
E06000040,Windsor and Maidenhead,2031,2281.7999999997555,159.24171670299074,1432.9159765689092
E06000040,Windsor and Maidenhead,2032,2342.399999999747,162.69720444197083,1439.729716336466
E06000040,Windsor and Maidenhead,2033,2402.999999999738,166.15269218095,1446.2600445755827
E06000040,Windsor and Maidenhead,2034,2463.5999999997293,169.60817991993008,1452.5242834176775
E06000040,Windsor and Maidenhead,2035,2524.1999999997206,173.06366765891016,1458.5383715400314
E06000041,Wokingham,2026,893.0999999999513,138.2934232205289,645.8007757720871
E06000041,Wokingham,2027,907.7999999999483,141.2919469466715,642.499462720677
E06000041,Wokingham,2028,922.4999999999454,144.290470672815,639.3353599155934
E06000041,Wokingham,2029,937.1999999999425,147.28899439895758,636.3000873380771
E06000041,Wokingham,2030,951.8999999999396,150.2875181251011,633.3859337590278
E06000041,Wokingham,2031,966.5999999999403,153.2860418512446,630.5857913259779
E06000041,Wokingham,2032,981.2999999999374,156.28456557738718,627.893097680224
E06000041,Wokingham,2033,995.9999999999345,159.2830893035307,625.3017846118942
E06000041,Wokingham,2034,1010.6999999999316,162.28161302967328,622.8062324073181
E06000041,Wokingham,2035,1025.3999999999287,165.28013675581678,620.4012291657554
E06000042,Milton Keynes,2026,1052.0999999999112,159.42379670474656,659.9391193451528
E06000042,Milton Keynes,2027,1078.7999999999083,164.40145965372903,656.1985533900571
E06000042,Milton Keynes,2028,1105.4999999999054,169.37912260270969,652.677840699961
E06000042,Milton Keynes,2029,1132.1999999999025,174.35678555169216,649.3581516873257
E06000042,Milton Keynes,2030,1158.8999999998996,179.33444850067463,646.2227473242766
E06000042,Milton Keynes,2031,1185.5999999998967,184.3121114496571,643.25669684693
E06000042,Milton Keynes,2032,1212.2999999998865,189.28977439863957,640.4466400001157
E06000042,Milton Keynes,2033,1238.9999999998836,194.26743734762022,637.7805858337593
E06000042,Milton Keynes,2034,1265.6999999998807,199.2451002966027,635.2477416587503
E06000042,Milton Keynes,2035,1292.3999999998778,204.22276324558516,632.8383670167663
E06000043,Brighton and Hove,2026,652.8999999999651,156.30804641536997,417.7008253720741
E06000043,Brighton and Hove,2027,662.9999999999636,161.21296590900783,411.25724364762044
E06000043,Brighton and Hove,2028,673.0999999999622,166.11788540264752,405.1941778385018
E06000043,Brighton and Hove,2029,683.1999999999607,171.02280489628538,399.47888845249537
E06000043,Brighton and Hove,2030,693.2999999999593,175.92772438992506,394.0822871461315
E06000043,Brighton and Hove,2031,703.3999999999578,180.83264388356292,388.97844155443136
E06000043,Brighton and Hove,2032,713.4999999999563,185.7375633772026,384.1441585787117
E06000043,Brighton and Hove,2033,723.5999999999549,190.64248287084047,379.5586320023911
E06000043,Brighton and Hove,2034,733.6999999999534,195.54740236448015,375.2031431398984
E06000043,Brighton and Hove,2035,743.799999999952,200.452321858118,371.0608054350303
E06000044,Portsmouth,2026,730.799999999952,163.95519738138137,445.7315240211721
E06000044,Portsmouth,2027,745.3999999999505,169.60156204173654,439.50066911324683
E06000044,Portsmouth,2028,759.9999999999491,175.24792670209354,433.67132171091754
E06000044,Portsmouth,2029,774.599999999944,180.89429136245053,428.2058843127943
E06000044,Portsmouth,2030,789.1999999999425,186.5406560228057,423.0713115447917
E06000044,Portsmouth,2031,803.7999999999411,192.1870206831627,418.2384414632643
E06000044,Portsmouth,2032,818.3999999999396,197.83338534351788,413.68144136990327
E06000044,Portsmouth,2033,832.9999999999382,203.47975000387487,409.3773458951445
E06000044,Portsmouth,2034,847.5999999999331,209.12611466423186,405.3056699115844
E06000044,Portsmouth,2035,862.1999999999316,214.77247932458704,401.44808250636396
E06000045,Southampton,2026,457.1999999999889,144.98420233561228,315.3447014466123
E06000045,Southampton,2027,460.09999999998854,148.91386991201762,308.9705480569595
E06000045,Southampton,2028,462.9999999999882,152.84353748842386,302.9241586580362
E06000045,Southampton,2029,465.8999999999878,156.7732050648292,297.18088611336856
E06000045,Southampton,2030,468.79999999998654,160.70287264123453,291.71849407233174
E06000045,Southampton,2031,471.6999999999862,164.63254021763987,286.51686925100665
E06000045,Southampton,2032,474.5999999999858,168.56220779404612,281.5577739583626
E06000045,Southampton,2033,477.49999999998545,172.49187537045145,276.8246324497804
E06000045,Southampton,2034,480.3999999999851,176.4215429468568,272.30234583352177
E06000045,Southampton,2035,483.2999999999847,180.35121052326213,267.97713117520084
E06000046,Isle of Wight,2026,638.2999999999556,167.75577029581655,380.4936181178105
E06000046,Isle of Wight,2027,650.5999999999513,174.13022533687217,373.6284144474637
E06000046,Isle of Wight,2028,662.8999999999505,180.50468037792962,367.24809495909534
E06000046,Isle of Wight,2029,675.1999999999498,186.87913541898524,361.30304139418416
E06000046,Isle of Wight,2030,687.4999999999454,193.2535904600427,355.7501821121888
E06000046,Isle of Wight,2031,699.7999999999447,199.6280455010983,350.551946868655
E06000046,Isle of Wight,2032,712.099999999944,206.00250054215576,345.6754156507056
E06000046,Isle of Wight,2033,724.3999999999432,212.37695558321138,341.0916207978677
E06000046,Isle of Wight,2034,736.6999999999389,218.75141062426883,336.7749711407838
E06000046,Isle of Wight,2035,748.9999999999382,225.12586566532445,332.7027739732995
E08000001,Bolton,2026,525.1666666665842,162.7667824325963,322.6497807585906
E08000001,Bolton,2027,532.1666666665787,168.74582671582357,315.36582386880247
E08000001,Bolton,2028,539.1666666665751,174.72487099905084,308.5803775866025
E08000001,Bolton,2029,546.1666666665715,180.7039152822781,302.2439584739506
E08000001,Bolton,2030,553.166666666566,186.68295956550537,296.31342247521246
E08000001,Bolton,2031,560.1666666665624,192.66200384873264,290.7509812398576
E08000001,Bolton,2032,567.1666666665587,198.6410481319581,285.5233960957493
E08000001,Bolton,2033,574.1666666665533,204.62009241518535,280.6013133361008
E08000001,Bolton,2034,581.1666666665496,210.59913669841262,275.9587127362285
E08000001,Bolton,2035,588.1666666665442,216.5781809816399,271.57244741860916
E08000002,Bury,2026,693.2833333331473,173.74490129729384,399.02369977860496
E08000002,Bury,2027,705.2333333331408,180.68854435956382,390.30329002471314
E08000002,Bury,2028,717.1833333331306,187.6321874218338,382.2283069805941
E08000002,Bury,2029,729.1333333331204,194.5758304841038,374.7296524542848
E08000002,Bury,2030,741.0833333331138,201.51947354637377,367.747751763839
E08000002,Bury,2031,753.0333333331037,208.46311660864194,361.2309676568878
E08000002,Bury,2032,764.9833333330935,215.40675967091192,355.1343209942892
E08000002,Bury,2033,776.9333333330833,222.3504027331819,349.4184511396613
E08000002,Bury,2034,788.8833333330767,229.2940457954519,344.04876524217383
E08000002,Bury,2035,800.8333333330665,236.23768885772188,338.9947375481572
E08000003,Manchester,2026,742.4999999997308,195.00687861461483,380.75579962853885
E08000003,Manchester,2027,759.0999999997148,203.7330392419426,372.5954331335762
E08000003,Manchester,2028,775.699999999706,212.45919986926674,365.1053945778861
E08000003,Manchester,2029,792.29999999969,221.1853604965945,358.20634702986536
E08000003,Manchester,2030,808.8999999996813,229.91152112391865,351.83099830986595
E08000003,Manchester,2031,825.4999999996653,238.63768175124642,345.92189881401816
E08000003,Manchester,2032,842.0999999996493,247.36384237857055,340.42970545019375
E08000003,Manchester,2033,858.6999999996406,256.0900030058983,335.3118005078327
E08000003,Manchester,2034,875.2999999996246,264.81616363322246,330.53118359192706
E08000003,Manchester,2035,891.8999999996086,273.54232426055023,326.05557564469257
E08000004,Oldham,2026,464.9833333332499,170.45038768302766,272.7968763543915
E08000004,Oldham,2027,469.8333333332448,177.2103564710651,265.1274692345417
E08000004,Oldham,2028,474.68333333324154,183.97032525910436,258.0216851085609
E08000004,Oldham,2029,479.53333333323644,190.7302940471418,251.41959526089374
E08000004,Oldham,2030,484.38333333323317,197.49026283517924,245.26947626652773
E08000004,Oldham,2031,489.2333333332281,204.25023162321668,239.52645215880284
E08000004,Oldham,2032,494.0833333332248,211.01020041125412,234.15139759607237
E08000004,Oldham,2033,498.9333333332197,217.77016919929156,229.11004531415995
E08000004,Oldham,2034,503.78333333321643,224.53013798733082,224.372254811353
E08000004,Oldham,2035,508.63333333321316,231.29010677536826,219.9114092792581
E08000005,Rochdale,2026,813.5166666663208,162.66950351587366,500.1039832810063
E08000005,Rochdale,2027,832.8666666663048,168.76297726312987,493.51266502470247
E08000005,Rochdale,2028,852.2166666662888,174.85645101038608,487.38074102605975
E08000005,Rochdale,2029,871.5666666662655,180.9499247576423,481.6618010942033
E08000005,Rochdale,2030,890.9166666662495,187.0433985048985,476.3154828171694
E08000005,Rochdale,2031,910.2666666662335,193.13687225215472,471.3065175239102
E08000005,Rochdale,2032,929.6166666662175,199.23034599941093,466.6039513222379
E08000005,Rochdale,2033,948.9666666662015,205.32381974666896,462.1805048420822
E08000005,Rochdale,2034,968.3166666661855,211.41729349392517,458.0120436997312
E08000005,Rochdale,2035,987.6666666661695,217.51076724118138,454.0771379703791
E08000006,Salford,2026,593.9499999998334,196.8844837290162,301.67435683622585
E08000006,Salford,2027,604.2999999998283,205.5835291729527,293.9437816010273
E08000006,Salford,2028,614.6499999998196,214.28257461688554,286.8408693981526
E08000006,Salford,2029,624.9999999998108,222.9816200608184,280.2921603266411
E08000006,Salford,2030,635.3499999998021,231.68066550475123,274.2352274479169
E08000006,Salford,2031,645.6999999997934,240.37971094868408,268.6166804392391
E08000006,Salford,2032,656.0499999997883,249.07875639261692,263.3905875801276
E08000006,Salford,2033,666.3999999997795,257.77780183654977,258.5172172514399
E08000006,Salford,2034,676.7499999997708,266.4768472804826,253.96202593445256
E08000006,Salford,2035,687.0999999997621,275.1758927244191,249.69483816224897
E08000007,Stockport,2026,650.5499999999447,174.7719522830721,372.22791843983714
E08000007,Stockport,2027,661.3999999999396,181.66498582405075,364.0767630590795
E08000007,Stockport,2028,672.2499999999382,188.55801936502758,356.5215641656355
E08000007,Stockport,2029,683.0999999999331,195.45105290600623,349.49926840682747
E08000007,Stockport,2030,693.9499999999316,202.34408644698306,342.9554143069835
E08000007,Stockport,2031,704.7999999999265,209.2371199879617,336.8427170286403
E08000007,Stockport,2032,715.6499999999251,216.13015352893854,331.1199239508724
E08000007,Stockport,2033,726.49999999992,223.02318706991537,325.75088247311703
E08000007,Stockport,2034,737.3499999999185,229.91622061089402,320.7037755060336
E08000007,Stockport,2035,748.1999999999134,236.80925415187085,315.95049048213156
E08000008,Tameside,2026,500.28333333325463,175.07217836715972,285.7583300780465
E08000008,Tameside,2027,506.83333333325027,182.0343053474371,278.4273724482263
E08000008,Tameside,2028,513.3833333332459,188.9964323277145,271.63652086461275
E08000008,Tameside,2029,519.9333333332434,195.9585593079937,265.32820774419406
E08000008,Tameside,2030,526.483333333239,202.9206862882711,259.45276598626896
E08000008,Tameside,2031,533.0333333332346,209.8828132685485,253.96711861833575
E08000008,Tameside,2032,539.5833333332303,216.84494024882588,248.8337208671171
E08000008,Tameside,2033,546.1333333332277,223.8070672291051,244.01969968810957
E08000008,Tameside,2034,552.6833333332233,230.76919420938248,239.4961490534826
E08000008,Tameside,2035,559.233333333219,237.73132118965987,235.23754906786883
E08000009,Trafford,2026,806.1499999996631,178.12509484877046,452.57519760710335
E08000009,Trafford,2027,822.2999999996464,185.13584111826276,444.1603500612127
E08000009,Trafford,2028,838.4499999996297,192.14658738775506,436.35955829266095
E08000009,Trafford,2029,854.5999999996166,199.15733365724736,429.1079742362867
E08000009,Trafford,2030,870.7499999995962,206.16807992673967,422.3495704616402
E08000009,Trafford,2031,886.8999999995831,213.17882619623197,416.0356897655436
E08000009,Trafford,2032,903.0499999995627,220.18957246572427,410.1238718468994
E08000009,Trafford,2033,919.1999999995496,227.20031873521657,404.57689721412856
E08000009,Trafford,2034,935.3499999995292,234.21106500470887,399.36200280747784
E08000009,Trafford,2035,951.4999999995161,241.22181127420117,394.4502344018672
E08000010,Wigan,2026,586.4499999998225,155.72098414207358,376.60306556036727
E08000010,Wigan,2027,595.8999999998159,160.87261852723532,370.41729379131823
E08000010,Wigan,2028,605.3499999998057,166.02425291239888,364.6154037020199
E08000010,Wigan,2029,614.7999999997955,171.17588729756062,359.1627358887696
E08000010,Wigan,2030,624.249999999789,176.32752168272236,354.0286814233361
E08000010,Wigan,2031,633.6999999997788,181.47915606788592,349.18610695033794
E08000010,Wigan,2032,643.1499999997723,186.63079045304767,344.610875000058
E08000010,Wigan,2033,652.5999999997621,191.78242483821123,340.28144161296285
E08000010,Wigan,2034,662.0499999997555,196.93405922337297,336.1785171191864
E08000010,Wigan,2035,671.4999999997453,202.0856936085347,332.2847788030581
E08000011,Knowsley,2026,710.3166666664911,162.888183068726,436.07624155694174
E08000011,Knowsley,2027,726.2666666664845,168.78317494190378,430.2956541233864
E08000011,Knowsley,2028,742.2166666664743,174.6781668150834,424.90523011510345
E08000011,Knowsley,2029,758.1666666664642,180.573158688263,419.86675770308926
E08000011,Knowsley,2030,774.1166666664576,186.46815056144078,415.14685716335674
E08000011,Knowsley,2031,790.0666666664474,192.36314243462039,410.7162404746908
E08000011,Knowsley,2032,806.0166666664372,198.25813430779817,406.5491030068338
E08000011,Knowsley,2033,821.9666666664307,204.15312618097778,402.62262059987916
E08000011,Knowsley,2034,837.9166666664205,210.04811805415738,398.91653133039625
E08000011,Knowsley,2035,853.866666666414,215.94310992733517,395.4127857812829
E08000012,Liverpool,2026,709.7333333330971,151.74393163665445,467.71777011322524
E08000012,Liverpool,2027,725.1333333330876,156.99922802866968,461.8706362050843
E08000012,Liverpool,2028,740.5333333330746,162.25452442068308,456.4022704310343
E08000012,Liverpool,2029,755.9333333330651,167.5098208126965,451.27702343991086
E08000012,Liverpool,2030,771.333333333052,172.7651172047099,446.4635835132719
E08000012,Liverpool,2031,786.7333333330425,178.02041359672512,441.93433631451546
E08000012,Liverpool,2032,802.1333333330294,183.27570998873853,437.66483479033684
E08000012,Liverpool,2033,817.53333333302,188.53100638075193,433.63335773106337
E08000012,Liverpool,2034,832.9333333330069,193.78630277276716,429.82054015948705
E08000012,Liverpool,2035,848.3333333329974,199.04159916478056,426.2090622728004
E08000013,St. Helens,2026,983.1999999995242,148.26595447019645,663.1326817493771
E08000013,St. Helens,2027,1010.0999999995038,152.83634818228347,660.9029933081016
E08000013,St. Helens,2028,1036.9999999994834,157.40674189436868,658.8027853949137
E08000013,St. Helens,2029,1063.8999999994558,161.97713560645388,656.8210976296986
E08000013,St. Helens,2030,1090.7999999994354,166.5475293185391,654.9481727304219
E08000013,St. Helens,2031,1117.699999999415,171.1179230306243,653.1752958451843
E08000013,St. Helens,2032,1144.5999999993874,175.68831674271132,651.4946589622174
E08000013,St. Helens,2033,1171.499999999367,180.25871045479653,649.8992459469214
E08000013,St. Helens,2034,1198.3999999993466,184.82910416688173,648.3827346354037
E08000013,St. Helens,2035,1225.299999999319,189.39949787896694,646.9394131035815
E08000014,Sefton,2026,712.6999999997206,158.79297127687278,448.82339203606864
E08000014,Sefton,2027,727.1999999997097,164.19013572070799,442.90115043007046
E08000014,Sefton,2028,741.6999999996951,169.58730016454138,437.35586289779
E08000014,Sefton,2029,756.1999999996806,174.98446460837658,432.15264948925125
E08000014,Sefton,2030,770.6999999996697,180.3816290522118,427.2608047999107
E08000014,Sefton,2031,785.1999999996551,185.77879349604518,422.65319158527655
E08000014,Sefton,2032,799.6999999996406,191.1759579398804,418.3057370901859
E08000014,Sefton,2033,814.1999999996297,196.5731223837156,414.19701235161295
E08000014,Sefton,2034,828.6999999996151,201.970286827549,410.3078789540935
E08000014,Sefton,2035,843.1999999996005,207.3674512713842,406.62119094866773
E08000015,Wirral,2026,649.3833333330513,157.73728421234227,411.6866450286202
E08000015,Wirral,2027,660.5333333330418,163.3009155214677,404.48844467513567
E08000015,Wirral,2028,671.6833333330287,168.8645468305931,397.76456689092316
E08000015,Wirral,2029,682.8333333330156,174.4281781397185,391.4696241257878
E08000015,Wirral,2030,693.9833333330025,179.99180944884392,385.5638406314493
E08000015,Wirral,2031,705.1333333329894,185.55544075796752,380.01221114973526
E08000015,Wirral,2032,716.2833333329763,191.11907206709293,374.7838065483715
E08000015,Wirral,2033,727.4333333329632,196.68270337621834,369.85119730712427
E08000015,Wirral,2034,738.5833333329501,202.24633468534375,365.1899721604563
E08000015,Wirral,2035,749.733333332937,207.80996599446917,360.77833406357956
E08000016,Barnsley,2026,706.2999999997483,152.2162621390362,464.01086853295953
E08000016,Barnsley,2027,721.3999999997359,156.9466194050474,459.6467274888852
E08000016,Barnsley,2028,736.4999999997235,161.6769766710604,455.5379591852266
E08000016,Barnsley,2029,751.5999999997111,166.4073339370716,451.6627856581942
E08000016,Barnsley,2030,766.6999999997024,171.13769120308461,448.0018367724031
E08000016,Barnsley,2031,781.79999999969,175.8680484690958,444.53782640174734
E08000016,Barnsley,2032,796.8999999996777,180.59840573510883,441.25527950037605
E08000016,Barnsley,2033,811.9999999996653,185.32876300112002,438.1403009713921
E08000016,Barnsley,2034,827.0999999996529,190.05912026713122,435.18037905108173
E08000016,Barnsley,2035,842.1999999996406,194.78947753314424,432.36421734143045
E08000017,Doncaster,2026,776.8999999996377,140.15918214094017,554.2983257553606
E08000017,Doncaster,2027,795.0999999996202,143.96400038137836,552.2908490270501
E08000017,Doncaster,2028,813.2999999996027,147.76881862181654,550.3867511325745
E08000017,Doncaster,2029,831.4999999995853,151.57363686225472,548.5782469910819
E08000017,Doncaster,2030,849.6999999995678,155.3784551026929,546.8583140680496
E08000017,Doncaster,2031,867.8999999995503,159.18327334313108,545.2206012429014
E08000017,Doncaster,2032,886.0999999995329,162.98809158357017,543.6593504410694
E08000017,Doncaster,2033,904.2999999995154,166.79290982400835,542.1693289922744
E08000017,Doncaster,2034,922.499999999498,170.59772806444653,540.745771040401
E08000017,Doncaster,2035,940.6999999994805,174.4025463048847,539.3843266227204
E08000018,Rotherham,2026,635.4999999999636,143.45025036399238,443.0107290767624
E08000018,Rotherham,2027,646.7999999999593,147.64249749416558,438.08524711898684
E08000018,Rotherham,2028,658.0999999999585,151.83474462433878,433.4317561031196
E08000018,Rotherham,2029,669.3999999999578,156.02699175451198,429.02833187553273
E08000018,Rotherham,2030,680.6999999999571,160.21923888468518,424.8553449251362
E08000018,Rotherham,2031,691.9999999999527,164.41148601485838,420.89516783359926
E08000018,Rotherham,2032,703.299999999952,168.60373314502976,417.1319263702106
E08000018,Rotherham,2033,714.5999999999513,172.79598027520296,413.55128681919905
E08000018,Rotherham,2034,725.8999999999505,176.98822740537616,410.14027353205796
E08000018,Rotherham,2035,737.1999999999462,181.18047453554937,406.8871118092256
E08000019,Sheffield,2026,994.299999999901,157.1360483892422,632.7637802987875
E08000019,Sheffield,2027,1020.9999999998981,162.51242504374386,628.2596544387748
E08000019,Sheffield,2028,1047.6999999998952,167.88880169824552,624.0440037704099
E08000019,Sheffield,2029,1074.3999999998923,173.26517835274717,620.0899743470338
E08000019,Sheffield,2030,1101.0999999998894,178.64155500725064,616.3739449957196
E08000019,Sheffield,2031,1127.7999999998865,184.0179316617523,612.8750550641566
E08000019,Sheffield,2032,1154.4999999998763,189.39430831625396,609.5748126031706
E08000019,Sheffield,2033,1181.1999999998734,194.7706849707556,606.4567674428151
E08000019,Sheffield,2034,1207.8999999998705,200.14706162525727,603.5062369596344
E08000019,Sheffield,2035,1234.5999999998676,205.52343827975892,600.7100748866061
E08000021,Newcastle upon Tyne,2026,640.8499999997985,136.4179584105823,469.76952848906296
E08000021,Newcastle upon Tyne,2027,652.2999999997883,139.74045697787005,466.79395080487643
E08000021,Newcastle upon Tyne,2028,663.7499999997817,143.06295554515782,463.9565829396479
E08000021,Newcastle upon Tyne,2029,675.1999999997715,146.38545411244468,461.2480140828218
E08000021,Newcastle upon Tyne,2030,686.6499999997613,149.70795267973244,458.659668847853
E08000021,Newcastle upon Tyne,2031,698.0999999997512,153.0304512470202,456.1837165812738
E08000021,Newcastle upon Tyne,2032,709.549999999741,156.35294981430707,453.8129922348377
E08000021,Newcastle upon Tyne,2033,720.9999999997308,159.67544838159483,451.5409271165307
E08000021,Newcastle upon Tyne,2034,732.4499999997242,162.9979469488826,449.36148811090624
E08000021,Newcastle upon Tyne,2035,743.899999999714,166.32044551616946,447.26912418437036
E08000022,North Tyneside,2026,706.6499999996959,135.41229423026834,521.8506960660743
E08000022,North Tyneside,2027,721.8999999996813,138.4748316356472,521.3221720313286
E08000022,North Tyneside,2028,737.1499999996668,141.53736904102607,520.816520042842
E08000022,North Tyneside,2029,752.3999999996522,144.59990644640493,520.3322868528443
E08000022,North Tyneside,2030,767.6499999996377,147.66244385178288,519.8681397757247
E08000022,North Tyneside,2031,782.8999999996231,150.72498125716174,519.4228544396806
E08000022,North Tyneside,2032,798.1499999996086,153.7875186625406,518.9953040018852
E08000022,North Tyneside,2033,813.399999999594,156.85005606791947,518.5844496270847
E08000022,North Tyneside,2034,828.6499999995794,159.91259347329833,518.189332060295
E08000022,North Tyneside,2035,843.8999999995649,162.97513087867628,517.8090641496647
E08000023,South Tyneside,2026,453.0666666664947,127.15003004899063,356.3244668459214
E08000023,South Tyneside,2027,457.26666666648634,129.71077952189535,352.5278842297753
E08000023,South Tyneside,2028,461.466666666478,132.27152899480097,348.8783037237108
E08000023,South Tyneside,2029,465.6666666664696,134.8322784677057,345.3673496869695
E08000023,South Tyneside,2030,469.86666666646306,137.39302794061132,341.9872709039972
E08000023,South Tyneside,2031,474.0666666664547,139.95377741351604,338.730883458578
E08000023,South Tyneside,2032,478.2666666664463,142.51452688642166,335.5915197666871
E08000023,South Tyneside,2033,482.4666666664398,145.07527635932638,332.56298300714815
E08000023,South Tyneside,2034,486.6666666664314,147.636025832232,329.6395062946635
E08000023,South Tyneside,2035,490.86666666642304,150.19677530513673,326.8157160293144
E08000024,Sunderland,2026,763.0833333330229,127.55563043782149,598.2357115196079
E08000024,Sunderland,2027,781.8333333330083,130.1534594997911,600.7011541128211
E08000024,Sunderland,2028,800.5833333329938,132.7512885617607,603.0701035045197
E08000024,Sunderland,2029,819.3333333329792,135.3491176237303,605.34811583384
E08000024,Sunderland,2030,838.0833333329647,137.9469466856999,607.5403287051105
E08000024,Sunderland,2031,856.8333333329501,140.54477574766952,609.6514998688294
E08000024,Sunderland,2032,875.5833333329356,143.14260480963912,611.686041690625
E08000024,Sunderland,2033,894.333333332921,145.74043387160873,613.6480519337492
E08000024,Sunderland,2034,913.0833333329065,148.33826293357833,615.5413413070364
E08000024,Sunderland,2035,931.8333333328919,150.93609199554885,617.369458168012
E08000025,Birmingham,2026,478.1999999999862,170.16135707470858,281.0273779081549
E08000025,Birmingham,2027,482.5999999999858,176.64777602353752,273.1990239920607
E08000025,Birmingham,2028,486.99999999998545,183.13419497236464,265.9252140614563
E08000025,Birmingham,2029,491.3999999999851,189.62061392119358,259.14903967361437
E08000025,Birmingham,2030,495.7999999999847,196.10703287002252,252.82112158037452
E08000025,Birmingham,2031,500.19999999998254,202.59345181885146,246.89840441991944
E08000025,Birmingham,2032,504.5999999999822,209.0798707676804,241.3431757668674
E08000025,Birmingham,2033,508.9999999999818,215.56628971650935,236.12226228385077
E08000025,Birmingham,2034,513.3999999999814,222.0527086653383,231.2063667612092
E08000025,Birmingham,2035,517.7999999999811,228.53912761416723,226.569518053889
E08000026,Coventry,2026,588.4999999999709,165.6506984639782,355.26563151072014
E08000026,Coventry,2027,597.3999999999724,171.49611161948815,348.34609039152474
E08000026,Coventry,2028,606.2999999999702,177.3415247749981,341.8827038784135
E08000026,Coventry,2029,615.199999999968,183.18693793050807,335.8318049037666
E08000026,Coventry,2030,624.0999999999658,189.03235108601802,330.1551276352548
E08000026,Coventry,2031,632.9999999999673,194.87776424152798,324.81899741801146
E08000026,Coventry,2032,641.8999999999651,200.72317739703794,319.7936622586752
E08000026,Coventry,2033,650.7999999999629,206.5685905525479,315.0527378141786
E08000026,Coventry,2034,659.6999999999607,212.41400370805604,310.57274402052093
E08000026,Coventry,2035,668.5999999999622,218.259416863566,306.33271618145307
E08000027,Dudley,2026,467.69999999998254,163.19659437783048,286.5868627853655
E08000027,Dudley,2027,472.5999999999822,169.17977069343215,279.3478192238319
E08000027,Dudley,2028,477.4999999999818,175.16294700903381,272.6033148867696
E08000027,Dudley,2029,482.39999999998145,181.14612332463548,266.3043465387681
E08000027,Dudley,2030,487.2999999999811,187.12929964023715,260.4081781617486
E08000027,Dudley,2031,492.1999999999789,193.112475955837,254.87737007345936
E08000027,Dudley,2032,497.09999999997854,199.09565227143867,249.67898310619722
E08000027,Dudley,2033,501.9999999999782,205.07882858704033,244.78392209409242
E08000027,Dudley,2034,506.8999999999778,211.062004902642,240.16639102513926
E08000027,Dudley,2035,511.79999999997744,217.04518121824367,235.80343831054756
E08000028,Sandwell,2026,775.8999999999432,170.8723929462776,454.08154390620996
E08000028,Sandwell,2027,794.5999999999403,177.44338498258185,447.8048026856226
E08000028,Sandwell,2028,813.2999999999374,184.0143770188879,441.97633531452675
E08000028,Sandwell,2029,831.9999999999345,190.58536905519395,436.5497751083849
E08000028,Sandwell,2030,850.6999999999316,197.15636109149818,431.4849367731689
E08000028,Sandwell,2031,869.3999999999287,203.72735312780424,426.74681953705453
E08000028,Sandwell,2032,888.0999999999258,210.2983451641103,422.304797171314
E08000028,Sandwell,2033,906.7999999999229,216.86933720041452,418.13195526204134
E08000028,Sandwell,2034,925.49999999992,223.44032923672057,414.20454542000454
E08000028,Sandwell,2035,944.199999999917,230.0113212730248,410.50153304373487
E08000029,Solihull,2026,828.5999999999476,153.84288719447795,538.6014362513143
E08000029,Solihull,2027,845.4999999999418,158.8668209058942,532.2067850157202
E08000029,Solihull,2028,862.3999999999432,163.89075461731045,526.2041791275363
E08000029,Solihull,2029,879.2999999999374,168.9146883287267,520.5586374399378
E08000029,Solihull,2030,896.1999999999389,173.93862204014476,515.2392202998465
E08000029,Solihull,2031,913.0999999999331,178.962555751561,510.2184622729207
E08000029,Solihull,2032,929.9999999999345,183.98648946297726,505.47189780860185
E08000029,Solihull,2033,946.8999999999287,189.0104231743935,500.9776625526393
E08000029,Solihull,2034,963.7999999999302,194.03435688581158,496.71615659649524
E08000029,Solihull,2035,980.6999999999243,199.05829059722782,492.6697587212085
E08000030,Walsall,2026,616.1999999999607,159.44766596800582,386.4590906734283
E08000030,Walsall,2027,627.7999999999556,165.04087446247104,380.3906165940197
E08000030,Walsall,2028,639.3999999999542,170.63408295693625,374.7199791036604
E08000030,Walsall,2029,650.9999999999527,176.22729145139965,369.4092978666059
E08000030,Walsall,2030,662.5999999999513,181.82049994586487,364.4253536852189
E08000030,Walsall,2031,674.1999999999498,187.41370844033008,359.73889296076
E08000030,Walsall,2032,685.7999999999483,193.0069169347953,355.3240530916497
E08000030,Walsall,2033,697.3999999999469,198.6001254292587,351.1578849673791
E08000030,Walsall,2034,708.9999999999454,204.1933339237239,347.21995394070564
E08000030,Walsall,2035,720.599999999944,209.78654241818913,343.4920046317832
E08000031,Wolverhampton,2026,306.1000000000072,159.3321032709573,192.1144538457884
E08000031,Wolverhampton,2027,304.4000000000078,164.96364033037935,184.52551082794585
E08000031,Wolverhampton,2028,302.700000000008,170.5951773898014,177.43760675505717
E08000031,Wolverhampton,2029,301.0000000000082,176.22671444922344,170.80270771701637
E08000031,Wolverhampton,2030,299.3000000000088,181.8582515086473,164.57872959686804
E08000031,Wolverhampton,2031,297.600000000009,187.48978856806934,158.72864451599904
E08000031,Wolverhampton,2032,295.9000000000092,193.1213256274914,153.2197436189755
E08000031,Wolverhampton,2033,294.20000000000937,198.75286268691343,148.0230251895539
E08000031,Wolverhampton,2034,292.50000000001,204.38439974633548,143.11268392452462
E08000031,Wolverhampton,2035,290.8000000000102,210.01593680575934,138.46568237769824
E08000032,Bradford,2026,556.9999999999673,140.2198372125713,397.23338086291113
E08000032,Bradford,2027,565.9999999999636,143.88426757747766,393.3717073655662
E08000032,Bradford,2028,574.9999999999636,147.54869794238493,389.7018462504431
E08000032,Bradford,2029,583.9999999999636,151.2131283072913,386.2098526347358
E08000032,Bradford,2030,592.99999999996,154.87755867219857,382.88310138917944
E08000032,Bradford,2031,601.99999999996,158.54198903710494,379.7101346187027
E08000032,Bradford,2032,610.99999999996,162.20641940201222,376.6805298165532
E08000032,Bradford,2033,619.9999999999563,165.87084976691858,373.7847854949675
E08000032,Bradford,2034,628.9999999999563,169.53528013182586,371.01422164806263
E08000032,Bradford,2035,637.9999999999563,173.19971049673222,368.3608928503339
E08000033,Calderdale,2026,1031.0999999999112,147.2424291241423,700.2736956550584
E08000033,Calderdale,2027,1058.9999999999054,151.61944267879517,698.4592353656055
E08000033,Calderdale,2028,1086.8999999999069,155.99645623344986,696.7465968415031
E08000033,Calderdale,2029,1114.799999999901,160.37346978810274,695.1274431318703
E08000033,Calderdale,2030,1142.6999999998952,164.75048334275562,693.5943232546164
E08000033,Calderdale,2031,1170.5999999998894,169.1274968974085,692.1405575522512
E08000033,Calderdale,2032,1198.4999999998836,173.5045104520632,690.7601404005068
E08000033,Calderdale,2033,1226.399999999885,177.88152400671606,689.4476572809109
E08000033,Calderdale,2034,1254.2999999998792,182.25853756136894,688.1982138024888
E08000033,Calderdale,2035,1282.1999999998734,186.63555111602182,687.0073747111529
E08000034,Kirklees,2026,910.3999999999141,154.81648816548477,588.0510601860308
E08000034,Kirklees,2027,933.0999999999112,159.97378782420674,583.2830569876132
E08000034,Kirklees,2028,955.7999999999083,165.1310874829287,578.8128780407379
E08000034,Kirklees,2029,978.4999999999054,170.2883871416525,574.613463915159
E08000034,Kirklees,2030,1001.1999999999025,175.44568680037446,570.6609368739213
E08000034,Kirklees,2031,1023.8999999998996,180.60298645909643,566.9341465910896
E08000034,Kirklees,2032,1046.5999999998967,185.76028611782021,563.4142915435008
E08000034,Kirklees,2033,1069.2999999998938,190.91758577654218,560.0846017670926
E08000034,Kirklees,2034,1091.9999999998909,196.07488543526415,556.9300716793861
E08000034,Kirklees,2035,1114.699999999888,201.23218509398794,553.9372339863297
E08000035,Leeds,2026,883.0999999999258,163.04508444773637,541.6293309247241
E08000035,Leeds,2027,904.6999999999243,168.9545333006754,535.4695031413565
E08000035,Leeds,2028,926.2999999999229,174.8639821536126,529.726012522234
E08000035,Leeds,2029,947.8999999999214,180.77343100655162,524.3580291207547
E08000035,Leeds,2030,969.4999999999127,186.68287985948882,519.3298928801769
E08000035,Leeds,2031,991.0999999999112,192.59232871242784,514.6103204763608
E08000035,Leeds,2032,1012.6999999999098,198.50177756536687,510.17175383551745
E08000035,Leeds,2033,1034.2999999999083,204.41122641830407,505.98982165653285
E08000035,Leeds,2034,1055.8999999998996,210.3206752712431,502.0428917119741
E08000035,Leeds,2035,1077.4999999998981,216.2301241241821,498.31169656133767
E08000036,Wakefield,2026,606.5999999999585,154.00979261272914,393.8710582679027
E08000036,Wakefield,2027,617.2999999999556,158.97255346904785,388.3060229765666
E08000036,Wakefield,2028,627.9999999999563,163.93531432536838,383.07792471946703
E08000036,Wakefield,2029,638.6999999999534,168.8980751816889,378.1570626621316
E08000036,Wakefield,2030,649.3999999999542,173.86083603800944,373.517127145289
E08000036,Wakefield,2031,660.0999999999513,178.82359689432997,369.1347291207972
E08000036,Wakefield,2032,670.7999999999483,183.7863577506505,364.9890058271064
E08000036,Wakefield,2033,681.4999999999491,188.74911860697102,361.0612886723061
E08000036,Wakefield,2034,692.1999999999462,193.71187946329155,357.33482216877576
E08000036,Wakefield,2035,702.8999999999432,198.67464031961208,353.79452499280893
E09000002,Barking and Dagenham,2026,1e-06,177.83854083745973,5.623078075713501e-07
E09000002,Barking and Dagenham,2027,1e-06,184.0456914978531,5.433433360278715e-07
E09000002,Barking and Dagenham,2028,1e-06,190.2528421582483,5.256163264926266e-07
E09000002,Barking and Dagenham,2029,1e-06,196.4599928186435,5.090094861823199e-07
E09000002,Barking and Dagenham,2030,1e-06,202.6671434790369,4.934198917662429e-07
E09000002,Barking and Dagenham,2031,1e-06,208.8742941394321,4.787568542697069e-07
E09000002,Barking and Dagenham,2032,1e-06,215.08144479982548,4.649401536848945e-07
E09000002,Barking and Dagenham,2033,1e-06,221.28859546022068,4.5189857069690797e-07
E09000002,Barking and Dagenham,2034,1e-06,227.49574612061588,4.3956865877826585e-07
E09000002,Barking and Dagenham,2035,1e-06,233.70289678100926,4.278937119624356e-07
E09000003,Barnet,2026,1228.6999999998952,148.23086437081838,828.9096911194863
E09000003,Barnet,2027,1259.0999999998894,152.53712378400814,825.438403953892
E09000003,Barnet,2028,1289.4999999998909,156.8433831971979,822.1577306698448
E09000003,Barnet,2029,1319.899999999885,161.14964261038767,819.0523904486801
E09000003,Barnet,2030,1350.2999999998792,165.45590202357744,816.108693304553
E09000003,Barnet,2031,1380.6999999998734,169.7621614367672,813.3143383156998
E09000003,Barnet,2032,1411.0999999998676,174.06842084995696,810.6582418049302
E09000003,Barnet,2033,1441.4999999998618,178.37468026314673,808.1303904081526
E09000003,Barnet,2034,1471.8999999998632,182.6809396763365,805.7217149242227
E09000003,Barnet,2035,1502.2999999998574,186.98719908952808,803.4239815959634
E09000004,Bexley,2026,1172.5999999998967,173.6552361982849,675.2459791428263
E09000004,Bexley,2027,1202.0999999998894,179.76681990870384,668.6995968501788
E09000004,Bexley,2028,1231.5999999998821,185.87840361912095,662.583697740123
E09000004,Bexley,2029,1261.0999999998821,191.98998732953987,656.857171324917
E09000004,Bexley,2030,1290.5999999998749,198.10157103995698,651.4839802757351
E09000004,Bexley,2031,1320.0999999998676,204.2131547503759,646.432401288506
E09000004,Bexley,2032,1349.5999999998676,210.32473846079483,641.6743983026214
E09000004,Bexley,2033,1379.0999999998603,216.43632217121194,637.1851019113711
E09000004,Bexley,2034,1408.5999999998603,222.54790588163087,632.9423745506142
E09000004,Bexley,2035,1438.099999999853,228.65948959204798,628.9264454169697
E09000005,Brent,2026,250.80000000002474,150.1562934243684,167.02596626517632
E09000005,Brent,2027,243.4000000000251,154.61122386272837,157.4271219896221
E09000005,Brent,2028,236.00000000002728,159.06615430108832,148.36594311151495
E09000005,Brent,2029,228.60000000002765,163.52108473944827,139.79848553736971
E09000005,Brent,2030,221.200000000028,167.97601517780822,131.68546697924725
E09000005,Brent,2031,213.8000000000302,172.43094561616817,123.99166474209895
E09000005,Brent,2032,206.40000000003056,176.88587605452813,116.68540451268376
E09000005,Brent,2033,199.00000000003274,181.34080649288808,109.738124500862
E09000005,Brent,2034,191.6000000000331,185.79573693124803,103.12400228587208
E09000005,Brent,2035,184.20000000003347,190.25066736960798,96.81963408947227
E09000006,Bromley,2026,1257.2999999998865,149.92419907643307,838.6237897184967
E09000006,Bromley,2027,1288.5999999998821,154.16536226530843,835.8557208085992
E09000006,Bromley,2028,1319.8999999998778,158.40652545418197,833.2358759940417
E09000006,Bromley,2029,1351.1999999998734,162.64768864305734,830.7526601040018
E09000006,Bromley,2030,1382.499999999869,166.8888518319327,828.3956566446578
E09000006,Bromley,2031,1413.7999999998647,171.13001502080806,826.1554817417375
E09000006,Bromley,2032,1445.0999999998603,175.3711782096816,824.0236592765742
E09000006,Bromley,2033,1476.399999999856,179.61234139855696,821.9925137124891
E09000006,Bromley,2034,1507.6999999998516,183.85350458743233,820.0550777550495
E09000006,Bromley,2035,1538.9999999998472,188.0946677763077,818.2050125047185
E09000007,Camden,2026,449.100000000014,124.254714458134,361.43497810808003
E09000007,Camden,2027,445.20000000001437,126.25667492641514,352.61502036188233
E09000007,Camden,2028,441.30000000001473,128.25863539469674,344.0704001270403
E09000007,Camden,2029,437.4000000000151,130.26059586297833,335.7884225096882
E09000007,Camden,2030,433.50000000001637,132.26255633125993,327.7571612288275
E09000007,Camden,2031,429.60000000001673,134.26451679954107,319.9654013140463
E09000007,Camden,2032,425.7000000000171,136.26647726782267,312.4025868543825
E09000007,Camden,2033,421.8000000000184,138.26843773610426,305.058773286392
E09000007,Camden,2034,417.90000000001874,140.27039820438586,297.92458376791876
E09000007,Camden,2035,414.0000000000191,142.27235867266745,290.99116923514845
E09000008,Croydon,2026,907.5999999999403,161.92304045792662,560.5131903608043
E09000008,Croydon,2027,926.1999999999389,166.97786434965747,554.6843011840442
E09000008,Croydon,2028,944.7999999999374,172.0326882413865,549.1979516557037
E09000008,Croydon,2029,963.3999999999287,177.08751213311552,544.0248092004066
E09000008,Croydon,2030,981.9999999999272,182.14233602484455,539.1387973996231
E09000008,Croydon,2031,1000.5999999999258,187.1971599165754,534.5166563669258
E09000008,Croydon,2032,1019.1999999999243,192.25198380830443,530.1375724768461
E09000008,Croydon,2033,1037.7999999999229,197.30680770003346,525.9828650097545
E09000008,Croydon,2034,1056.3999999999141,202.3616315917625,522.0357197608782
E09000008,Croydon,2035,1074.9999999999127,207.41645548349152,518.280961601657
E09000009,Ealing,2026,649.9999999999764,137.03676590275882,474.32526279933944
E09000009,Ealing,2027,657.399999999976,140.29244542622382,468.59258743599685
E09000009,Ealing,2028,664.7999999999756,143.54812494968883,463.11994687006654
E09000009,Ealing,2029,672.1999999999734,146.80380447315383,457.890040665056
E09000009,Ealing,2030,679.5999999999731,150.05948399661793,452.8870697804679
E09000009,Ealing,2031,686.9999999999709,153.31516352008293,448.09657715949277
E09000009,Ealing,2032,694.3999999999705,156.57084304354794,443.5053082053298
E09000009,Ealing,2033,701.7999999999702,159.82652256701294,439.10108831011803
E09000009,Ealing,2034,709.199999999968,163.08220209047795,434.8727150535434
E09000009,Ealing,2035,716.5999999999676,166.33788161394205,430.80986306122577
E09000010,Enfield,2026,893.9999999999345,164.66768954030522,542.9116073078276
E09000010,Enfield,2027,912.7999999999374,169.9727130788924,537.0273754330577
E09000010,Enfield,2028,931.5999999999331,175.27773661748142,531.4993324183646
E09000010,Enfield,2029,950.3999999999287,180.58276015606862,526.2960867241954
E09000010,Enfield,2030,969.1999999999243,185.8877836946558,521.3898303247071
E09000010,Enfield,2031,987.99999999992,191.19280723324482,516.7558415493181
E09000010,Enfield,2032,1006.7999999999229,196.497830771832,512.3720684575861
E09000010,Enfield,2033,1025.5999999999185,201.80285431042103,508.2187779278387
E09000010,Enfield,2034,1044.3999999999141,207.10787784900822,504.27825867702285
E09000010,Enfield,2035,1063.1999999999098,212.41290138759723,500.53456878301927
E09000011,Greenwich,2026,1062.8999999999141,154.56771326551097,687.6597819456007
E09000011,Greenwich,2027,1087.4999999999127,158.85684135461997,684.5786374237797
E09000011,Greenwich,2028,1112.0999999999112,163.14596944372715,681.6595002572224
E09000011,Greenwich,2029,1136.6999999999098,167.43509753283615,678.8899201835436
E09000011,Greenwich,2030,1161.299999999901,171.72422562194333,676.2586908131076
E09000011,Greenwich,2031,1185.8999999998996,176.01335371105233,673.7556980743069
E09000011,Greenwich,2032,1210.4999999998981,180.3024818001595,671.3717902904801
E09000011,Greenwich,2033,1235.0999999998894,184.5916098892667,669.0986663699421
E09000011,Greenwich,2034,1259.699999999888,188.8807379783757,666.9287792300487
E09000011,Greenwich,2035,1284.2999999998865,193.16986606748287,664.8552520874157
E09000012,Hackney,2026,571.099999999984,156.03557825490498,366.0062701001536
E09000012,Hackney,2027,575.8999999999833,160.83775875769425,358.0626865533421
E09000012,Hackney,2028,580.6999999999844,165.63993926048533,350.5796987082781
E09000012,Hackney,2029,585.4999999999836,170.4421197632746,343.51837492585685
E09000012,Hackney,2030,590.2999999999829,175.24430026606387,336.8440509070838
E09000012,Hackney,2031,595.0999999999822,180.04648076885496,330.52576060288345
E09000012,Hackney,2032,599.8999999999814,184.84866127164423,324.53575583022416
E09000012,Hackney,2033,604.6999999999807,189.6508417744335,318.84909887149223
E09000012,Hackney,2034,609.49999999998,194.45302227722277,313.4433154404994
E09000012,Hackney,2035,614.2999999999793,199.25520278001386,308.2980978309472
E09000013,Hammersmith and Fulham,2026,341.70000000003347,113.6646507620967,300.62116736294837
E09000013,Hammersmith and Fulham,2027,333.0000000000364,114.88607236997677,289.852366897573
E09000013,Hammersmith and Fulham,2028,324.3000000000393,116.10749397785685,279.31013657213833
E09000013,Hammersmith and Fulham,2029,315.60000000003856,117.32891558573738,268.98740044129687
E09000013,Hammersmith and Fulham,2030,306.9000000000415,118.55033719361745,258.87737417297234
E09000013,Hammersmith and Fulham,2031,298.20000000004075,119.77175880149753,248.97355017910306
E09000013,Hammersmith and Fulham,2032,289.50000000004366,120.9931804093776,239.26968364706767
E09000013,Hammersmith and Fulham,2033,280.8000000000429,122.21460201725813,229.75977940867546
E09000013,Hammersmith and Fulham,2034,272.10000000004584,123.4360236251382,220.4380795888111
E09000013,Hammersmith and Fulham,2035,263.40000000004875,124.65744523301828,211.29905198015516
E09000014,Haringey,2026,1307.499999999869,146.0831153454037,895.0384148834539
E09000014,Haringey,2027,1343.299999999872,149.7753292746129,896.8766795611132
E09000014,Haringey,2028,1379.0999999998603,153.46754320382297,898.6264920969335
E09000014,Haringey,2029,1414.8999999998632,157.15975713303214,900.2940866103418
E09000014,Haringey,2030,1450.6999999998516,160.85197106224132,901.8851248260466
E09000014,Haringey,2031,1486.4999999998545,164.5441849914505,903.4047602940761
E09000014,Haringey,2032,1522.2999999998428,168.23639892066058,904.8576941531849
E09000014,Haringey,2033,1558.0999999998312,171.92861284986975,906.2482237092113
E09000014,Haringey,2034,1593.899999999834,175.62082677907893,907.5802848854995
E09000014,Haringey,2035,1629.6999999998225,179.3130407082881,908.8574894288184
E09000015,Harrow,2026,1534.2999999998428,143.00567571438205,1072.894479422077
E09000015,Harrow,2027,1579.5999999998312,146.67270844185896,1076.9556359736714
E09000015,Harrow,2028,1624.8999999998196,150.33974116933587,1080.8186759943972
E09000015,Harrow,2029,1670.1999999998225,154.00677389681186,1084.4977514553325
E09000015,Harrow,2030,1715.4999999998108,157.67380662428877,1088.0056977932743
E09000015,Harrow,2031,1760.7999999997992,161.34083935176568,1091.354183524972
E09000015,Harrow,2032,1806.099999999802,165.0078720792426,1094.553839911619
E09000015,Harrow,2033,1851.3999999997905,168.6749048067186,1097.6143737097555
E09000015,Harrow,2034,1896.6999999997788,172.3419375341955,1100.5446655277633
E09000015,Harrow,2035,1941.9999999997817,176.0089702616724,1103.3528558871812
E09000016,Havering,2026,844.2999999999447,171.43145609084786,492.5000459381964
E09000016,Havering,2027,859.599999999944,177.3078536144585,484.8065003759361
E09000016,Havering,2028,874.8999999999432,183.18425113806916,477.60655982402983
E09000016,Havering,2029,890.1999999999389,189.0606486616798,470.8541974765641
E09000016,Havering,2030,905.4999999999382,194.93704618529046,464.50893645902863
E09000016,Havering,2031,920.7999999999338,200.8134437089011,458.53503779095803
E09000016,Havering,2032,936.0999999999331,206.68984123251175,452.90082687077273
E09000016,Havering,2033,951.3999999999287,212.5662387561224,447.578131676626
E09000016,Havering,2034,966.699999999928,218.44263627973305,442.5418116461441
E09000016,Havering,2035,981.9999999999272,224.3190338033437,437.7693606066565
E09000017,Hillingdon,2026,1024.6999999999098,149.39254353901015,685.911074090746
E09000017,Hillingdon,2027,1048.599999999904,153.36932784361397,683.7090666975664
E09000017,Hillingdon,2028,1072.4999999999054,157.3461121482169,681.6183668965598
E09000017,Hillingdon,2029,1096.3999999998996,161.32289645282071,679.6307431292274
E09000017,Hillingdon,2030,1120.2999999998938,165.29968075742454,677.7387559773463
E09000017,Hillingdon,2031,1144.1999999998952,169.27646506202746,675.9356651148341
E09000017,Hillingdon,2032,1168.0999999998894,173.25324936663128,674.2153490743513
E09000017,Hillingdon,2033,1191.9999999998836,177.2300336712351,672.5722358158916
E09000017,Hillingdon,2034,1215.899999999885,181.20681797583802,671.0012424378051
E09000017,Hillingdon,2035,1239.7999999998792,185.18360228044185,669.4977226559873
E09000018,Hounslow,2026,510.9999999999918,146.64584450110488,348.458561330827
E09000018,Hounslow,2027,513.0999999999922,150.84596198437612,340.1483163686785
E09000018,Hounslow,2028,515.1999999999916,155.04607946764918,332.2883118160299
E09000018,Hounslow,2029,517.2999999999911,159.24619695092224,324.84292240863795
E09000018,Hounslow,2030,519.3999999999905,163.44631443419348,317.7801847646498
E09000018,Hounslow,2031,521.49999999999,167.64643191746654,311.0713386710956
E09000018,Hounslow,2032,523.5999999999904,171.84654940073779,304.6904356391706
E09000018,Hounslow,2033,525.6999999999898,176.04666688401085,298.61400349394273
E09000018,Hounslow,2034,527.7999999999893,180.2467843672821,292.8207578585763
E09000018,Hounslow,2035,529.8999999999887,184.44690185055515,287.2913530579824
E09000019,Islington,2026,1054.3999999999214,124.51346919119987,846.8160166518292
E09000019,Islington,2027,1076.7999999999229,126.70325761337153,849.8597591592496
E09000019,Islington,2028,1099.199999999917,128.89304603554228,852.8000802283875
E09000019,Islington,2029,1121.5999999999112,131.08283445771394,855.6421629421881
E09000019,Islington,2030,1143.9999999999127,133.2726228798856,858.3908497328546
E09000019,Islington,2031,1166.3999999999069,135.46241130205726,861.0506699153914
E09000019,Islington,2032,1188.799999999901,137.65219972422892,863.6258645931786
E09000019,Islington,2033,1211.1999999999025,139.84198814639967,866.1204092235196
E09000019,Islington,2034,1233.5999999998967,142.03177656857133,868.5380340957213
E09000019,Islington,2035,1255.9999999998909,144.221564990743,870.8822429437015
E09000020,Kensington and Chelsea,2026,956.699999999968,126.11783827564341,758.5762752363408
E09000020,Kensington and Chelsea,2027,967.3999999999651,128.3113372416392,753.947406984102
E09000020,Kensington and Chelsea,2028,978.0999999999658,130.50483620763498,749.4741408998784
E09000020,Kensington and Chelsea,2029,988.7999999999629,132.69833517363077,745.1487606880338
E09000020,Kensington and Chelsea,2030,999.4999999999636,134.89183413962655,740.9640519569042
E09000020,Kensington and Chelsea,2031,1010.1999999999607,137.08533310562143,736.9132620640185
E09000020,Kensington and Chelsea,2032,1020.8999999999578,139.27883207161722,732.9900637557117
E09000020,Kensington and Chelsea,2033,1031.5999999999585,141.472331037613,729.188522189324
E09000020,Kensington and Chelsea,2034,1042.2999999999556,143.6658300036088,725.5030649763926
E09000020,Kensington and Chelsea,2035,1052.9999999999563,145.85932896960458,721.9284549289197
E09000021,Kingston upon Thames,2026,356.30000000002656,146.89916032143992,242.54733602314852
E09000021,Kingston upon Thames,2027,349.5000000000273,150.93043694332664,231.56363095355124
E09000021,Kingston upon Thames,2028,342.70000000002983,154.96171356521336,221.1514006366544
E09000021,Kingston upon Thames,2029,335.90000000003056,158.992990187101,211.2671757445077
E09000021,Kingston upon Thames,2030,329.1000000000313,163.0242668089877,201.87178660072198
E09000021,Kingston upon Thames,2031,322.300000000032,167.05554343087442,192.92984439836675
E09000021,Kingston upon Thames,2032,315.50000000003274,171.08682005276205,184.40929576149387
E09000021,Kingston upon Thames,2033,308.7000000000353,175.11809667464968,176.2810388315071
E09000021,Kingston upon Thames,2034,301.900000000036,179.1493732965364,168.5185911872084
E09000021,Kingston upon Thames,2035,295.10000000003674,183.18064991842311,161.09780161357398
E09000022,Lambeth,2026,1188.4999999999054,147.8041145505622,804.1048137352985
E09000022,Lambeth,2027,1218.6999999999025,151.84962909007936,802.5702843679337
E09000022,Lambeth,2028,1248.8999999998923,155.89514362959835,801.1153977748254
E09000022,Lambeth,2029,1279.0999999998894,159.94065816911552,799.734110539557
E09000022,Lambeth,2030,1309.2999999998865,163.9861727086345,798.4209756064065
E09000022,Lambeth,2031,1339.4999999998836,168.0316872481535,797.171070490815
E09000022,Lambeth,2032,1369.6999999998807,172.07720178767067,795.9799356163285
E09000022,Lambeth,2033,1399.8999999998705,176.12271632718966,794.8435211498922
E09000022,Lambeth,2034,1430.0999999998676,180.16823086670684,793.7581409998375
E09000022,Lambeth,2035,1460.2999999998647,184.21374540622583,792.7204328752068
E09000023,Lewisham,2026,1349.999999999869,155.1459924954488,870.1481606361641
E09000023,Lewisham,2027,1387.2999999998574,159.7152812697368,868.6081813655022
E09000023,Lewisham,2028,1424.5999999998603,164.28457004402298,867.1538657696905
E09000023,Lewisham,2029,1461.8999999998487,168.85385881831098,865.778259514266
E09000023,Lewisham,2030,1499.199999999837,173.42314759259716,864.4751411857277
E09000023,Lewisham,2031,1536.49999999984,177.99243636688516,863.2389282164464
E09000023,Lewisham,2032,1573.7999999998283,182.56172514117316,862.0645969371863
E09000023,Lewisham,2033,1611.0999999998312,187.13101391545933,860.9476143423677
E09000023,Lewisham,2034,1648.3999999998196,191.70030268974733,859.8838796137073
E09000023,Lewisham,2035,1685.6999999998225,196.2695914640335,858.8696738122716
E09000024,Merton,2026,544.3999999999969,144.8990151396847,375.70993803870067
E09000024,Merton,2027,545.9999999999968,148.93451203235782,366.60408158545
E09000024,Merton,2028,547.5999999999967,152.97000892503183,357.9786677454969
E09000024,Merton,2029,549.1999999999962,157.00550581770494,349.79665021280096
E09000024,Merton,2030,550.7999999999961,161.04100271037896,342.0246960276145
E09000024,Merton,2031,552.399999999996,165.07649960305207,334.63273169004293
E09000024,Merton,2032,553.9999999999959,169.11199649572518,327.5935542597653
E09000024,Merton,2033,555.5999999999958,173.1474933883983,320.88249683967047
E09000024,Merton,2034,557.1999999999957,177.1829902810714,314.47713977289266
E09000024,Merton,2035,558.7999999999956,181.2184871737445,308.35706042741776
E09000025,Newham,2026,304.8000000000129,183.88195147722035,165.75851928446178
E09000025,Newham,2027,301.50000000001273,190.29716438856667,158.43641231793745
E09000025,Newham,2028,298.20000000001346,196.712377299913,151.5918846048867
E09000025,Newham,2029,294.9000000000142,203.1275902112593,145.17968715786398
E09000025,Newham,2030,291.6000000000149,209.5428031226038,139.16011223224848
E09000025,Newham,2031,288.30000000001473,215.95801603395012,133.4981702900493
E09000025,Newham,2032,285.00000000001546,222.37322894529643,128.16290942563288
E09000025,Newham,2033,281.7000000000162,228.78844185664275,123.12684929098275
E09000025,Newham,2034,278.4000000000169,235.20365476798725,118.36550765958123
E09000025,Newham,2035,275.10000000001673,241.61886767933356,113.85700241138368
E09000026,Redbridge,2026,942.9999999999345,169.56449802688803,556.1305644595498
E09000026,Redbridge,2027,962.0999999999331,175.50978200329337,548.1745740997386
E09000026,Redbridge,2028,981.1999999999316,181.4550659796987,540.7399317854862
E09000026,Redbridge,2029,1000.2999999999302,187.40034995610586,533.7770181508344
E09000026,Redbridge,2030,1019.3999999999214,193.3456339325112,527.2423169150802
E09000026,Redbridge,2031,1038.49999999992,199.29091790891835,521.0975045408462
E09000026,Redbridge,2032,1057.5999999999185,205.23620188532368,515.3086981169412
E09000026,Redbridge,2033,1076.699999999917,211.18148586172902,509.8458302849928
E09000026,Redbridge,2034,1095.7999999999156,217.12676983813617,504.6821268592598
E09000026,Redbridge,2035,1114.8999999999141,223.0720538145415,499.79366798085067
E09000027,Richmond upon Thames,2026,779.9999999999745,138.97237709408728,561.2626165787592
E09000027,Richmond upon Thames,2027,786.6999999999734,142.68067628009157,551.3710899825211
E09000027,Richmond upon Thames,2028,793.3999999999724,146.38897546609678,541.9807041300875
E09000027,Richmond upon Thames,2029,800.0999999999713,150.09727465210108,533.0543155126977
E09000027,Richmond upon Thames,2030,806.7999999999702,153.80557383810628,524.5583627867721
E09000027,Richmond upon Thames,2031,813.4999999999691,157.51387302411058,516.4624451050397
E09000027,Richmond upon Thames,2032,820.199999999968,161.22217221011488,508.73895864089445
E09000027,Richmond upon Thames,2033,826.8999999999669,164.93047139612008,501.3627821471317
E09000027,Richmond upon Thames,2034,833.5999999999658,168.63877058212438,494.31100400131055
E09000027,Richmond upon Thames,2035,840.2999999999647,172.3470697681296,487.5626844891986
E09000028,Southwark,2026,1133.8999999999069,133.5735820114478,848.8954050081004
E09000028,Southwark,2027,1161.8999999999069,135.81423635301144,855.506779848815
E09000028,Southwark,2028,1189.8999999998996,138.05489069457508,861.9035472146857
E09000028,Southwark,2029,1217.8999999998996,140.29554503613872,868.0959895670106
E09000028,Southwark,2030,1245.8999999998923,142.53619937770327,874.0937428101416
E09000028,Southwark,2031,1273.8999999998923,144.7768537192669,879.9058463240809
E09000028,Southwark,2032,1301.899999999885,147.01750806083055,885.5407884217476
E09000028,Southwark,2033,1329.899999999885,149.2581624023942,891.0065477119613
E09000028,Southwark,2034,1357.8999999998778,151.49881674395783,896.3106307917975
E09000028,Southwark,2035,1385.8999999998705,153.73947108552147,901.460106642964
E09000029,Sutton,2026,429.60000000000946,159.50386528929812,269.33516577847683
E09000029,Sutton,2027,427.80000000000973,164.61942415564408,259.87212760235036
E09000029,Sutton,2028,426.00000000001046,169.73498302198823,250.9794930988531
E09000029,Sutton,2029,424.20000000001073,174.8505418883342,242.60719779234083
E09000029,Sutton,2030,422.400000000011,179.96610075467834,234.71086956304487
E09000029,Sutton,2031,420.60000000001173,185.0816596210243,227.25104197857203
E09000029,Sutton,2032,418.800000000012,190.19721848737026,220.19249457521468
E09000029,Sutton,2033,417.0000000000123,195.3127773537144,213.50369681386434
E09000029,Sutton,2034,415.200000000013,200.42833622006037,207.15633718784355
E09000029,Sutton,2035,413.4000000000133,205.54389508640452,201.1249226479007
E09000030,Tower Hamlets,2026,916.399999999936,150.53618919801374,608.7572728405612
E09000030,Tower Hamlets,2027,934.4999999999272,154.63423736608456,604.3292972613632
E09000030,Tower Hamlets,2028,952.5999999999258,158.73228553415538,600.1299589395436
E09000030,Tower Hamlets,2029,970.6999999999243,162.8303337022262,596.1419951242494
E09000030,Tower Hamlets,2030,988.7999999999229,166.92838187029702,592.3498382487277
E09000030,Tower Hamlets,2031,1006.8999999999214,171.02643003836965,588.7394128346268
E09000030,Tower Hamlets,2032,1024.99999999992,175.12447820644047,585.2979609119109
E09000030,Tower Hamlets,2033,1043.0999999999112,179.2225263745113,582.0138913900831
E09000030,Tower Hamlets,2034,1061.1999999999098,183.3205745425821,578.876649632915
E09000030,Tower Hamlets,2035,1079.2999999999083,187.41862271065293,575.876604144184
E09000031,Waltham Forest,2026,978.1999999999243,168.23457559421877,581.4500357877321
E09000031,Waltham Forest,2027,999.99999999992,173.85157185208845,575.2033124271733
E09000031,Waltham Forest,2028,1021.7999999999156,179.46856810995814,569.3476081972591
E09000031,Waltham Forest,2029,1043.5999999999112,185.08556436782965,563.8473230283447
E09000031,Waltham Forest,2030,1065.3999999999069,190.70256062569933,558.6710511407429
E09000031,Waltham Forest,2031,1087.1999999999025,196.31955688356902,553.7909810201368
E09000031,Waltham Forest,2032,1108.9999999999054,201.93655314144053,549.1823955334818
E09000031,Waltham Forest,2033,1130.799999999901,207.5535493993102,544.8232532146999
E09000031,Waltham Forest,2034,1152.5999999998967,213.1705456571799,540.693835748539
E09000031,Waltham Forest,2035,1174.3999999998923,218.7875419150514,536.7764497559356
E09000032,Wandsworth,2026,493.8000000000111,131.64087126735285,375.1114644304806
E09000032,Wandsworth,2027,491.20000000001073,134.01377798750946,366.529477324184
E09000032,Wandsworth,2028,488.6000000000113,136.38668470766515,358.2461154820865
E09000032,Wandsworth,2029,486.0000000000118,138.75959142782176,350.24605866817734
E09000032,Wandsworth,2030,483.40000000001237,141.13249814797837,342.51501698295186
E09000032,Wandsworth,2031,480.8000000000129,143.50540486813497,335.0396456787206
E09000032,Wandsworth,2032,478.20000000001346,145.87831158829158,327.8074682887916
E09000032,Wandsworth,2033,475.600000000014,148.2512183084482,320.80680713900864
E09000032,Wandsworth,2034,473.00000000001455,150.62412502860388,314.0267204275482
E09000032,Wandsworth,2035,470.4000000000151,152.9970317487605,307.4569451598698
E09000033,Westminster,2026,1203.7999999999083,127.35339543687451,945.2437415354176
E09000033,Westminster,2027,1231.9999999999054,129.00113402487568,955.0303641224853
E09000033,Westminster,2028,1260.1999999998952,130.6488726128773,964.5701296894961
E09000033,Westminster,2029,1288.3999999998923,132.29661120087894,973.8722619611079
E09000033,Westminster,2030,1316.5999999998894,133.94434978888012,982.9455307932607
E09000033,Westminster,2031,1344.7999999998865,135.59208837688175,991.7982797506444
E09000033,Westminster,2032,1372.9999999998836,137.23982696488292,1000.4384516975588
E09000033,Westminster,2033,1401.1999999998807,138.88756555288455,1008.8736125670964
E09000033,Westminster,2034,1429.3999999998705,140.53530414088618,1017.1109734582434
E09000033,Westminster,2035,1457.5999999998676,142.18304272888736,1025.1574111964946
W06000001,Isle of Anglesey,2026,1618.599999999802,163.38530638248994,990.664360117311
W06000001,Isle of Anglesey,2027,1672.8999999997905,169.49170761628739,987.0099390272662
W06000001,Isle of Anglesey,2028,1727.1999999997788,175.598108850083,983.6096819666645
W06000001,Isle of Anglesey,2029,1781.4999999997672,181.70451008387863,980.437964460755
W06000001,Isle of Anglesey,2030,1835.79999999977,187.81091131767607,977.4724946063297
W06000001,Isle of Anglesey,2031,1890.0999999997584,193.9173125514717,974.6937883630513
W06000001,Isle of Anglesey,2032,1944.3999999997468,200.02371378526914,972.0847409558212
W06000001,Isle of Anglesey,2033,1998.6999999997352,206.13011501906476,969.6302744578963
W06000001,Isle of Anglesey,2034,2052.999999999738,212.23651625286038,967.3170462116784
W06000001,Isle of Anglesey,2035,2107.2999999997264,218.34291748665783,965.1332061771576
W06000002,Gwynedd,2026,706.8999999999469,152.28564583477055,464.1934544290085
W06000002,Gwynedd,2027,723.2999999999411,157.34700758015606,459.6846238918627
W06000002,Gwynedd,2028,739.6999999999425,162.4083693255434,455.4568234825589
W06000002,Gwynedd,2029,756.0999999999367,167.4697310709289,451.4845728627245
W06000002,Gwynedd,2030,772.4999999999382,172.5310928163144,447.7453816526752
W06000002,Gwynedd,2031,788.8999999999323,177.59245456169992,444.219323364242
W06000002,Gwynedd,2032,805.2999999999338,182.65381630708544,440.88868017190987
W06000002,Gwynedd,2033,821.699999999928,187.71517805247277,437.7376451520798
W06000002,Gwynedd,2034,838.0999999999294,192.77653979785828,434.75207142878736
W06000002,Gwynedd,2035,854.4999999999236,197.8379015432438,431.9192598255221
W06000003,Conwy,2026,1026.0999999998894,157.63529934286998,650.9328838638077
W06000003,Conwy,2027,1054.4999999998909,163.16695388142216,646.2705682219358
W06000003,Conwy,2028,1082.899999999885,168.69860841997252,641.9140087415674
W06000003,Conwy,2029,1111.2999999998792,174.2302629585247,637.8340829712361
W06000003,Conwy,2030,1139.6999999998734,179.76191749707505,634.0052530972906
W06000003,Conwy,2031,1168.0999999998676,185.2935720356254,630.4050308746183
W06000003,Conwy,2032,1196.499999999869,190.82522657417758,627.0135356211752
W06000003,Conwy,2033,1224.8999999998632,196.35688111272793,623.813126924058
W06000003,Conwy,2034,1253.2999999998574,201.8885356512801,620.7880977276832
W06000003,Conwy,2035,1281.6999999998516,207.42019018983046,617.9244165318925
W06000004,Denbighshire,2026,379.8000000000012,150.49710989712366,252.36365021203642
W06000004,Denbighshire,2027,380.2000000000012,155.38818017402446,244.67755499433898
W06000004,Denbighshire,2028,380.6000000000013,160.27925045092707,237.46055645333212
W06000004,Denbighshire,2029,381.00000000000136,165.17032072782786,230.6709815184191
W06000004,Denbighshire,2030,381.40000000000134,170.06139100472865,224.27195129163465
W06000004,Denbighshire,2031,381.80000000000143,174.95246128163126,218.2307109046014
W06000004,Denbighshire,2032,382.2000000000015,179.84353155853205,212.51806872776538
W06000004,Denbighshire,2033,382.6000000000015,184.73460183543284,207.10792466526283
W06000004,Denbighshire,2034,383.0000000000016,189.62567211233363,201.97687145077782
W06000004,Denbighshire,2035,383.40000000000157,194.51674238923624,197.10385609522595
W06000005,Flintshire,2026,584.0999999999749,138.36705391236592,422.1380621212848
W06000005,Flintshire,2027,591.5999999999749,142.0523471571496,416.4661914002026
W06000005,Flintshire,2028,599.0999999999731,145.73764040193237,411.0811718562925
W06000005,Flintshire,2029,606.5999999999731,149.42293364671514,405.9617792233785
W06000005,Flintshire,2030,614.0999999999713,153.1082268914979,401.0888326955553
W06000005,Flintshire,2031,621.5999999999713,156.7935201362816,396.4449547785456
W06000005,Flintshire,2032,629.0999999999694,160.47881338106436,392.014364230213
W06000005,Flintshire,2033,636.5999999999694,164.16410662584713,387.78269689053866
W06000005,Flintshire,2034,644.0999999999676,167.8493998706308,383.7368501146891
W06000005,Flintshire,2035,651.5999999999658,171.53469311541357,379.864847259528
W06000006,Wrexham,2026,579.5999999999731,143.6871297837033,403.3764199148963
W06000006,Wrexham,2027,588.5999999999694,147.77639711808752,398.3044731626672
W06000006,Wrexham,2028,597.5999999999694,151.86566445247354,393.5056697341806
W06000006,Wrexham,2029,606.5999999999694,155.95493178685774,388.95852349767586
W06000006,Wrexham,2030,615.5999999999658,160.04419912124376,384.64374427817233
W06000006,Wrexham,2031,624.5999999999658,164.13346645562797,380.5439643040872
W06000006,Wrexham,2032,633.5999999999658,168.222733790014,376.643504552045
W06000006,Wrexham,2033,642.5999999999622,172.3120011243982,372.9281743620668
W06000006,Wrexham,2034,651.5999999999622,176.40126845878422,369.3850989241651
W06000006,Wrexham,2035,660.5999999999622,180.49053579316842,366.0025702161863
W06000008,Ceredigion,2026,511.5999999999749,147.90478912363324,345.8981977739272
W06000008,Ceredigion,2027,519.2999999999738,152.60679625659577,340.28628654703795
W06000008,Ceredigion,2028,526.9999999999727,157.3088033895583,335.00985872666894
W06000008,Ceredigion,2029,534.6999999999716,162.01081052252084,330.0397043107465
W06000008,Ceredigion,2030,542.3999999999705,166.71281765548338,325.3499086800003
W06000008,Ceredigion,2031,550.0999999999694,171.4148247884459,320.9174006267447
W06000008,Ceredigion,2032,557.7999999999683,176.11683192140845,316.72157278464147
W06000008,Ceredigion,2033,565.4999999999673,180.81883905437098,312.7439612804534
W06000008,Ceredigion,2034,573.1999999999662,185.52084618733352,308.967974100962
W06000008,Ceredigion,2035,580.8999999999651,190.22285332029605,305.3786597459188
W06000009,Pembrokeshire,2026,1168.9999999998836,144.95772069810846,806.4420400445339
W06000009,Pembrokeshire,2027,1205.6999999998807,149.46464280830878,806.6790762991443
W06000009,Pembrokeshire,2028,1242.3999999998778,153.9715649185091,806.9022359144233
W06000009,Pembrokeshire,2029,1279.0999999998603,158.47848702870942,807.1127027911006
W06000009,Pembrokeshire,2030,1315.7999999998574,162.98540913890974,807.3115298795999
W06000009,Pembrokeshire,2031,1352.4999999998545,167.49233124911007,807.4996567981918
W06000009,Pembrokeshire,2032,1389.1999999998516,171.9992533593104,807.6779246813246
W06000009,Pembrokeshire,2033,1425.8999999998487,176.5061754695107,807.847088753082
W06000009,Pembrokeshire,2034,1462.5999999998457,181.01309757971103,808.0078290223028
W06000009,Pembrokeshire,2035,1499.2999999998283,185.52001968991135,808.1607594187641
W06000010,Carmarthenshire,2026,205.40000000002328,152.26253369675578,134.89858273939893
W06000010,Carmarthenshire,2027,199.600000000024,157.51520378880014,126.71792639626844
W06000010,Carmarthenshire,2028,193.80000000002474,162.7678738808445,119.06526477202593
W06000010,Carmarthenshire,2029,188.00000000002728,168.02054397288885,111.89107924228733
W06000010,Carmarthenshire,2030,182.200000000028,173.27321406493138,105.15185568829553
W06000010,Carmarthenshire,2031,176.40000000002874,178.52588415697574,98.80920116038875
W06000010,Carmarthenshire,2032,170.60000000002947,183.7785542490201,92.82911202406476
W06000010,Carmarthenshire,2033,164.8000000000302,189.03122434106444,87.18136412357228
W06000010,Carmarthenshire,2034,159.00000000003092,194.2838944331088,81.83900187093172
W06000010,Carmarthenshire,2035,153.20000000003165,199.53656452515133,76.77790803134779
W06000011,Swansea,2026,650.99999999996,156.76410889479484,415.2736264630887
W06000011,Swansea,2027,663.1999999999607,162.22950013010632,408.80357731983486
W06000011,Swansea,2028,675.3999999999578,167.6948913654178,402.7552625489458
W06000011,Swansea,2029,687.5999999999549,173.16028260072926,397.08874903225586
W06000011,Swansea,2030,699.799999999952,178.62567383604073,391.76899096951405
W06000011,Swansea,2031,711.9999999999527,184.0910650713522,386.7651043922133
W06000011,Swansea,2032,724.1999999999498,189.55645630666368,382.0497671829979
W06000011,Swansea,2033,736.3999999999469,195.02184754197515,377.5987199800521
W06000011,Swansea,2034,748.5999999999476,200.48723877728662,373.3903487151808
W06000011,Swansea,2035,760.7999999999447,205.9526300125981,369.40533362133164
W06000012,Neath Port Talbot,2026,1169.8999999998923,145.88008824718054,801.9600303624736
W06000012,Neath Port Talbot,2027,1203.8999999998778,150.44167400580773,800.2436877652677
W06000012,Neath Port Talbot,2028,1237.8999999998778,155.00325976443673,798.6283655460878
W06000012,Neath Port Talbot,2029,1271.8999999998778,159.56484552306574,797.1053998958809
W06000012,Neath Port Talbot,2030,1305.8999999998632,164.12643128169293,795.6670901827661
W06000012,Neath Port Talbot,2031,1339.8999999998632,168.68801704032194,794.3065687230074
W06000012,Neath Port Talbot,2032,1373.8999999998632,173.24960279894913,793.0176911252329
W06000012,Neath Port Talbot,2033,1407.8999999998487,177.81118855757813,791.7949435133256
W06000012,Neath Port Talbot,2034,1441.8999999998487,182.37277431620714,790.6333636729183
W06000012,Neath Port Talbot,2035,1475.8999999998487,186.93436007483433,789.5284737428744
W06000013,Bridgend,2026,800.2999999999374,153.75649425368647,520.4983398486594
W06000013,Bridgend,2027,818.9999999999345,158.89972982169274,515.4193785722384
W06000013,Bridgend,2028,837.6999999999316,164.04296538969902,510.65889842328744
W06000013,Bridgend,2029,856.3999999999287,169.1862009577053,506.18785406383074
W06000013,Bridgend,2030,875.0999999999258,174.32943652571157,501.98062785045414
W06000013,Bridgend,2031,893.7999999999229,179.47267209371785,498.0145386887617
W06000013,Bridgend,2032,912.49999999992,184.6159076617223,494.26943298511594
W06000013,Bridgend,2033,931.199999999917,189.75914322972858,490.7273421194657
W06000013,Bridgend,2034,949.8999999999141,194.90237879773485,487.372194151462
W06000013,Bridgend,2035,968.5999999999112,200.04561436574113,484.18956999928565
W06000014,Vale of Glamorgan,2026,927.699999999917,158.61155823711306,584.8880184463425
W06000014,Vale of Glamorgan,2027,950.4999999999127,164.08543924625883,579.2713871298512
W06000014,Vale of Glamorgan,2028,973.2999999999083,169.55932025540642,574.0173990635437
W06000014,Vale of Glamorgan,2029,996.099999999904,175.033201264554,569.0920309995063
W06000014,Vale of Glamorgan,2030,1018.8999999998996,180.50708227369978,564.4653867126161
W06000014,Vale of Glamorgan,2031,1041.6999999999025,185.98096328284737,560.1110896579469
W06000014,Vale of Glamorgan,2032,1064.4999999998981,191.45484429199314,556.0057798153174
W06000014,Vale of Glamorgan,2033,1087.2999999998938,196.92872530114073,552.1286944488212
W06000014,Vale of Glamorgan,2034,1110.0999999998894,202.40260631028832,548.4613168953358
W06000014,Vale of Glamorgan,2035,1132.899999999885,207.8764873194341,544.9870808423901
W06000015,Cardiff,2026,494.49999999998545,158.5904333990111,311.809476398763
W06000015,Cardiff,2027,499.19999999998436,164.05977929955043,304.2793316748978
W06000015,Cardiff,2028,503.89999999998327,169.52912520008977,297.2350617660808
W06000015,Cardiff,2029,508.5999999999822,174.9984711006291,290.6311105469731
W06000015,Cardiff,2030,513.2999999999829,180.46781700116844,284.42744447707236
W06000015,Cardiff,2031,517.9999999999818,185.93716290170778,278.58874036591214
W06000015,Cardiff,2032,522.6999999999807,191.40650880224712,273.08371239350674
W06000015,Cardiff,2033,527.3999999999796,196.87585470278827,267.8845513057779
W06000015,Cardiff,2034,532.0999999999804,202.3452006033276,262.96645456053864
W06000015,Cardiff,2035,536.7999999999793,207.81454650386695,258.3072306682779
W06000016,Rhondda Cynon Taf,2026,614.49999999996,149.64103511629946,410.64939140682696
W06000016,Rhondda Cynon Taf,2027,626.0999999999585,154.38149601461737,405.5537847234472
W06000016,Rhondda Cynon Taf,2028,637.6999999999571,159.12195691293346,400.7617882357282
W06000016,Rhondda Cynon Taf,2029,649.299999999952,163.86241781124954,396.2470520530645
W06000016,Rhondda Cynon Taf,2030,660.8999999999505,168.60287870956563,391.9861897129367
W06000016,Rhondda Cynon Taf,2031,672.4999999999491,173.34333960788172,387.9583729730861
W06000016,Rhondda Cynon Taf,2032,684.0999999999476,178.08380050619962,384.14499132173006
W06000016,Rhondda Cynon Taf,2033,695.6999999999462,182.8242614045157,380.5293644592635
W06000016,Rhondda Cynon Taf,2034,707.2999999999447,187.5647223028318,377.09649837989076
W06000016,Rhondda Cynon Taf,2035,718.8999999999432,192.30518320114788,373.83287752987206
W06000018,Caerphilly,2026,494.5999999999767,159.20890649353532,310.6610119328091
W06000018,Caerphilly,2027,501.7999999999756,165.00212797903987,304.11728996835666
W06000018,Caerphilly,2028,508.99999999997453,170.79534946454442,298.0174820893694
W06000018,Caerphilly,2029,516.1999999999734,176.58857095004896,292.317898730824
W06000018,Caerphilly,2030,523.3999999999724,182.3817924355535,286.9804013933689
W06000018,Caerphilly,2031,530.5999999999713,188.17501392105805,281.9715481581232
W06000018,Caerphilly,2032,537.7999999999702,193.9682354065626,277.26189232619816
W06000018,Caerphilly,2033,544.9999999999691,199.76145689206714,272.8254030978745
W06000018,Caerphilly,2034,552.199999999968,205.5546783775717,268.6389842150239
W06000018,Caerphilly,2035,559.3999999999669,211.34789986307624,264.68207176999607
W06000019,Blaenau Gwent,2026,942.8999999998996,168.25723358642244,560.3919545697244
W06000019,Blaenau Gwent,2027,970.2999999998938,174.7249710871256,555.3298958716435
W06000019,Blaenau Gwent,2028,997.699999999888,181.19270858782875,550.6292211070277
W06000019,Blaenau Gwent,2029,1025.0999999998894,187.66044608853372,546.2525648672239
W06000019,Blaenau Gwent,2030,1052.4999999998836,194.12818358923687,542.1675413328484
W06000019,Blaenau Gwent,2031,1079.8999999998778,200.59592108994002,538.345941498825
W06000019,Blaenau Gwent,2032,1107.299999999872,207.06365859064317,534.7630808499144
W06000019,Blaenau Gwent,2033,1134.6999999998734,213.53139609134632,531.3972655873339
W06000019,Blaenau Gwent,2034,1162.0999999998676,219.99913359204947,528.229353009536
W06000019,Blaenau Gwent,2035,1189.4999999998618,226.46687109275263,525.2423872243484
W06000020,Torfaen,2026,649.799999999952,163.52389394213242,397.37312042599854
W06000020,Torfaen,2027,662.0999999999513,169.47432290516008,390.6786518748746
W06000020,Torfaen,2028,674.3999999999505,175.42475186818956,384.43833770201394
W06000020,Torfaen,2029,686.6999999999498,181.37518083121904,378.6074791781832
W06000020,Torfaen,2030,698.9999999999454,187.32560979424852,373.14705702423765
W06000020,Torfaen,2031,711.2999999999447,193.276038757278,368.02285713917036
W06000020,Torfaen,2032,723.599999999944,199.22646772030748,363.20475300289945
W06000020,Torfaen,2033,735.8999999999396,205.17689668333696,358.66611294725965
W06000020,Torfaen,2034,748.1999999999389,211.12732564636644,354.38330766011654
W06000020,Torfaen,2035,760.4999999999382,217.07775460939592,350.3352986897999
W06000021,Monmouthshire,2026,722.0999999999585,163.42386212759448,441.8571379962696
W06000021,Monmouthshire,2027,734.9999999999563,169.54246460887225,433.51970946958465
W06000021,Monmouthshire,2028,747.8999999999542,175.66106709015003,425.7630973038144
W06000021,Monmouthshire,2029,760.799999999952,181.77966957142962,418.5286516328486
W06000021,Monmouthshire,2030,773.6999999999498,187.8982720527074,411.7653619416569
W06000021,Monmouthshire,2031,786.5999999999476,194.01687453398517,405.4286524763917
W06000021,Monmouthshire,2032,799.4999999999454,200.13547701526295,399.47939861705436
W06000021,Monmouthshire,2033,812.3999999999432,206.25407949654254,393.88311832812093
W06000021,Monmouthshire,2034,825.2999999999411,212.37268197782032,388.60930337835697
W06000021,Monmouthshire,2035,838.1999999999389,218.4912844590981,383.6308629312174
W06000022,Newport,2026,983.5999999999112,162.14721316076975,606.6092539158642
W06000022,Newport,2027,1008.799999999901,167.9772043871344,600.5576790496737
W06000022,Newport,2028,1033.9999999998981,173.80719561349906,594.9120784960129
W06000022,Newport,2029,1059.1999999998952,179.63718683986372,589.632925472225
W06000022,Newport,2030,1084.3999999998923,185.46717806622837,584.6856631487996
W06000022,Newport,2031,1109.5999999998894,191.29716929259303,580.0399473254793
W06000022,Newport,2032,1134.7999999998865,197.12716051895768,575.6690234934689
W06000022,Newport,2033,1159.9999999998836,202.95715174532234,571.549211261839
W06000022,Newport,2034,1185.1999999998807,208.787142971687,567.6594751625114
W06000022,Newport,2035,1210.3999999998778,214.61713419805164,563.9810654087404
W06000023,Powys,2026,1170.4999999998836,148.89265251483266,786.1368443840964
W06000023,Powys,2027,1204.999999999869,153.6343093431842,784.3300140128025
W06000023,Powys,2028,1239.499999999869,158.37596617153395,782.6313739152761
W06000023,Powys,2029,1273.999999999869,163.1176229998855,781.0314891609004
W06000023,Powys,2030,1308.4999999998545,167.85927982823705,779.5219908835451
W06000023,Powys,2031,1342.9999999998545,172.60093665658678,778.0954298480646
W06000023,Powys,2032,1377.4999999998545,177.34259348493833,776.7451535081138
W06000023,Powys,2033,1411.99999999984,182.08425031328807,775.4652022733433
W06000023,Powys,2034,1446.49999999984,186.82590714163962,774.2502215729614
W06000023,Powys,2035,1480.99999999984,191.56756396999117,773.0953869788922
W06000024,Merthyr Tydfil,2026,662.9999999999454,164.81361169024967,402.2725994537309
W06000024,Merthyr Tydfil,2027,677.6999999999425,171.03150269304933,396.24279114018685
W06000024,Merthyr Tydfil,2028,692.3999999999396,177.2493936958508,390.6360329717437
W06000024,Merthyr Tydfil,2029,707.0999999999367,183.46728469865047,385.40931216231047
W06000024,Merthyr Tydfil,2030,721.7999999999374,189.68517570145013,380.52525577222497
W06000024,Merthyr Tydfil,2031,736.4999999999345,195.9030667042498,375.95123567504487
W06000024,Merthyr Tydfil,2032,751.1999999999316,202.12095770705128,371.6586387289441
W06000024,Merthyr Tydfil,2033,765.8999999999287,208.33884870985094,367.6222676388988
W06000024,Merthyr Tydfil,2034,780.5999999999258,214.5567397126506,363.8198459975482
W06000024,Merthyr Tydfil,2035,795.2999999999265,220.77463071545208,360.23160696618174
